{
  "experiment": "cross_cell",
  "model_type": "lamar",
  "variant": "tapt_512",
  "pair_name": "SRSF7_train_K562_test_HepG2_fixlen_101",
  "pretrain_path": "/gpfs/bwfor/work/ws/fr_ml642-thesis_work/Thesis/LAMAR/src/pretrain/saving_model/tapt_lamar/checkpoint-98000/model.safetensors",
  "max_length": 1024,
  "n_folds": 5,
  "hyperparameters": {
    "learning_rate": 5e-05,
    "per_device_train_batch_size": 16,
    "weight_decay": 0.01,
    "warmup_ratio": 0.1,
    "num_train_epochs": 10,
    "gradient_accumulation_steps": 1,
    "early_stopping_patience": 3
  },
  "cv_metrics": {
    "epoch_mean": 8.6,
    "epoch_std": 1.3564659966250536,
    "eval_accuracy_mean": 0.7416666666666667,
    "eval_accuracy_std": 0.07959193767719114,
    "eval_auc_mean": 0.8265805150766722,
    "eval_auc_std": 0.08151560794915927,
    "eval_auprc_mean": 0.8112562863138818,
    "eval_auprc_std": 0.078228529340895,
    "eval_f1_mean": 0.730014928348863,
    "eval_f1_std": 0.07772086640796555,
    "eval_loss_mean": 0.5430190563201904,
    "eval_loss_std": 0.1144705280232261,
    "eval_matthews_correlation_mean": 0.48965571788859047,
    "eval_matthews_correlation_std": 0.16627278673141244,
    "eval_precision_mean": 0.7434459168282699,
    "eval_precision_std": 0.10371625081757391,
    "eval_recall_mean": 0.7282668731914075,
    "eval_recall_std": 0.10920636223633445,
    "eval_runtime_mean": 3.09692,
    "eval_runtime_std": 0.004064185035157841,
    "eval_samples_per_second_mean": 51.017999999999994,
    "eval_samples_per_second_std": 0.06681915892915707,
    "eval_steps_per_second_mean": 3.229,
    "eval_steps_per_second_std": 0.004335896677735835
  },
  "cv_fold_metrics": [
    {
      "eval_loss": 0.6200828552246094,
      "eval_accuracy": 0.7013888888888888,
      "eval_f1": 0.6861313868613138,
      "eval_precision": 0.6911764705882353,
      "eval_recall": 0.6811594202898551,
      "eval_auc": 0.7748792270531402,
      "eval_auprc": 0.745775669575228,
      "eval_matthews_correlation": 0.40143101139809967,
      "eval_runtime": 3.1004,
      "eval_samples_per_second": 50.961,
      "eval_steps_per_second": 3.225,
      "epoch": 10.0
    },
    {
      "eval_loss": 0.5608084797859192,
      "eval_accuracy": 0.7083333333333334,
      "eval_f1": 0.671875,
      "eval_precision": 0.7166666666666667,
      "eval_recall": 0.6323529411764706,
      "eval_auc": 0.7923761609907121,
      "eval_auprc": 0.764711831600025,
      "eval_matthews_correlation": 0.4138256378695744,
      "eval_runtime": 3.099,
      "eval_samples_per_second": 50.983,
      "eval_steps_per_second": 3.227,
      "epoch": 7.0
    },
    {
      "eval_loss": 0.6997972130775452,
      "eval_accuracy": 0.6319444444444444,
      "eval_f1": 0.6490066225165563,
      "eval_precision": 0.6125,
      "eval_recall": 0.6901408450704225,
      "eval_auc": 0.7219756897549682,
      "eval_auprc": 0.7367976002908074,
      "eval_matthews_correlation": 0.2671116616396763,
      "eval_runtime": 3.1009,
      "eval_samples_per_second": 50.953,
      "eval_steps_per_second": 3.225,
      "epoch": 10.0
    },
    {
      "eval_loss": 0.45608556270599365,
      "eval_accuracy": 0.8263888888888888,
      "eval_f1": 0.7933884297520661,
      "eval_precision": 0.9230769230769231,
      "eval_recall": 0.6956521739130435,
      "eval_auc": 0.9097584541062802,
      "eval_auprc": 0.8798788153880222,
      "eval_matthews_correlation": 0.668051975453863,
      "eval_runtime": 3.0937,
      "eval_samples_per_second": 51.071,
      "eval_steps_per_second": 3.232,
      "epoch": 9.0
    },
    {
      "eval_loss": 0.37832117080688477,
      "eval_accuracy": 0.8402777777777778,
      "eval_f1": 0.849673202614379,
      "eval_precision": 0.7738095238095238,
      "eval_recall": 0.9420289855072463,
      "eval_auc": 0.9339130434782609,
      "eval_auprc": 0.9291175147153269,
      "eval_matthews_correlation": 0.697858303081739,
      "eval_runtime": 3.0906,
      "eval_samples_per_second": 51.122,
      "eval_steps_per_second": 3.236,
      "epoch": 7.0
    }
  ],
  "test_metrics": {
    "eval_loss": 0.4978391230106354,
    "eval_accuracy": 0.7378048780487805,
    "eval_f1": 0.744047619047619,
    "eval_precision": 0.6906077348066298,
    "eval_recall": 0.8064516129032258,
    "eval_auc": 0.8507551743427185,
    "eval_auprc": 0.8239135403189219,
    "eval_matthews_correlation": 0.48463547307550203,
    "eval_runtime": 14.105,
    "eval_samples_per_second": 46.792,
    "eval_steps_per_second": 2.978,
    "epoch": 8.0
  }
}