{
  "experiment": "cross_length",
  "model_type": "lamar",
  "variant": "pretrained",
  "pair_name": "HNRNPL_HepG2_ENCSR724RDN",
  "pretrain_path": "/gpfs/bwfor/work/ws/fr_ml642-thesis_work/Thesis/LAMAR/weights",
  "max_length": 1024,
  "n_folds": 5,
  "hyperparameters": {
    "learning_rate": 5e-05,
    "per_device_train_batch_size": 16,
    "weight_decay": 0.01,
    "warmup_ratio": 0.1,
    "num_train_epochs": 10,
    "gradient_accumulation_steps": 1,
    "early_stopping_patience": 3
  },
  "cv_metrics": {
    "epoch_mean": 8.2,
    "epoch_std": 1.1661903789690602,
    "eval_accuracy_mean": 0.8665322580645161,
    "eval_accuracy_std": 0.007693058075943104,
    "eval_auc_mean": 0.9217068709527275,
    "eval_auc_std": 0.007792046385403308,
    "eval_auprc_mean": 0.8844873573052983,
    "eval_auprc_std": 0.00839253124588255,
    "eval_f1_mean": 0.7853549530059283,
    "eval_f1_std": 0.02000999985067592,
    "eval_loss_mean": 0.341995096206665,
    "eval_loss_std": 0.022046568925387023,
    "eval_matthews_correlation_mean": 0.6939137996988669,
    "eval_matthews_correlation_std": 0.018935576649118328,
    "eval_precision_mean": 0.8406860904240239,
    "eval_precision_std": 0.03330877655793,
    "eval_recall_mean": 0.7406701222155438,
    "eval_recall_std": 0.05110403038722547,
    "eval_runtime_mean": 17.07056,
    "eval_runtime_std": 0.00455613871606213,
    "eval_samples_per_second_mean": 58.6626,
    "eval_samples_per_second_std": 0.03621380952067904,
    "eval_steps_per_second_mean": 3.6903999999999995,
    "eval_steps_per_second_std": 0.001019803902718584
  },
  "cv_fold_metrics": [
    {
      "eval_loss": 0.3598096966743469,
      "eval_accuracy": 0.8719758064516129,
      "eval_f1": 0.7934959349593497,
      "eval_precision": 0.856140350877193,
      "eval_recall": 0.7393939393939394,
      "eval_auc": 0.9261191980225212,
      "eval_auprc": 0.8836885738206517,
      "eval_matthews_correlation": 0.7054037189069863,
      "eval_runtime": 17.0673,
      "eval_samples_per_second": 58.709,
      "eval_steps_per_second": 3.691,
      "epoch": 10.0
    },
    {
      "eval_loss": 0.31241336464881897,
      "eval_accuracy": 0.8790322580645161,
      "eval_f1": 0.8153846153846153,
      "eval_precision": 0.8255451713395638,
      "eval_recall": 0.8054711246200608,
      "eval_auc": 0.9337083442214856,
      "eval_auprc": 0.9000251858813479,
      "eval_matthews_correlation": 0.7255714051108467,
      "eval_runtime": 17.0709,
      "eval_samples_per_second": 58.697,
      "eval_steps_per_second": 3.69,
      "epoch": 7.0
    },
    {
      "eval_loss": 0.3256809115409851,
      "eval_accuracy": 0.8598790322580645,
      "eval_f1": 0.7783094098883573,
      "eval_precision": 0.8133333333333334,
      "eval_recall": 0.746177370030581,
      "eval_auc": 0.921905681635281,
      "eval_auprc": 0.8843480880341344,
      "eval_matthews_correlation": 0.6774968208695357,
      "eval_runtime": 17.0749,
      "eval_samples_per_second": 58.624,
      "eval_steps_per_second": 3.69,
      "epoch": 7.0
    },
    {
      "eval_loss": 0.33904480934143066,
      "eval_accuracy": 0.8618951612903226,
      "eval_f1": 0.7856025039123631,
      "eval_precision": 0.8096774193548387,
      "eval_recall": 0.7629179331306991,
      "eval_auc": 0.9144122460768268,
      "eval_auprc": 0.8785131029646505,
      "eval_matthews_correlation": 0.6845347442037613,
      "eval_runtime": 17.0638,
      "eval_samples_per_second": 58.662,
      "eval_steps_per_second": 3.692,
      "epoch": 9.0
    },
    {
      "eval_loss": 0.37302669882774353,
      "eval_accuracy": 0.8598790322580645,
      "eval_f1": 0.7539823008849558,
      "eval_precision": 0.8987341772151899,
      "eval_recall": 0.649390243902439,
      "eval_auc": 0.9123888848075228,
      "eval_auprc": 0.8758618358257073,
      "eval_matthews_correlation": 0.6765623094032044,
      "eval_runtime": 17.0759,
      "eval_samples_per_second": 58.621,
      "eval_steps_per_second": 3.689,
      "epoch": 8.0
    }
  ],
  "test_metrics": {
    "eval_loss": 0.4893988072872162,
    "eval_accuracy": 0.846441947565543,
    "eval_f1": 0.8274138384635622,
    "eval_precision": 0.8884180790960452,
    "eval_recall": 0.7742491383554899,
    "eval_auc": 0.9149635359645266,
    "eval_auprc": 0.903958734846132,
    "eval_matthews_correlation": 0.6955765759851188,
    "eval_runtime": 146.8955,
    "eval_samples_per_second": 58.239,
    "eval_steps_per_second": 3.642,
    "epoch": 4.0
  }
}