{
  "experiment": "cross_cell",
  "model_type": "dnabert2",
  "variant": "pretrained",
  "pair_name": "HNRNPC_train_K562_test_HepG2_fixlen_101",
  "max_length": 128,
  "n_folds": 5,
  "hyperparameters": {
    "learning_rate": 5e-05,
    "per_device_train_batch_size": 16,
    "weight_decay": 0.01,
    "warmup_ratio": 0.1,
    "num_train_epochs": 10,
    "gradient_accumulation_steps": 1,
    "early_stopping_patience": 3
  },
  "cv_metrics": {
    "epoch_mean": 6.8,
    "epoch_std": 2.3151673805580453,
    "eval_accuracy_mean": 0.9185414516683867,
    "eval_accuracy_std": 0.008784256163418746,
    "eval_auc_mean": 0.9691024118163508,
    "eval_auc_std": 0.006907511165187023,
    "eval_auprc_mean": 0.9674754893984838,
    "eval_auprc_std": 0.007160843787862898,
    "eval_f1_mean": 0.9172924832453606,
    "eval_f1_std": 0.009213298781274571,
    "eval_loss_mean": 0.270289221405983,
    "eval_loss_std": 0.04735021163730408,
    "eval_matthews_correlation_mean": 0.8353999905372371,
    "eval_matthews_correlation_std": 0.01851522029578702,
    "eval_precision_mean": 0.9182895149441119,
    "eval_precision_std": 0.0076497987422342005,
    "eval_recall_mean": 0.9171202809482002,
    "eval_recall_std": 0.010966739985584967,
    "eval_runtime_mean": 0.1234,
    "eval_runtime_std": 0.0006164414002968969,
    "eval_samples_per_second_mean": 1233.4172,
    "eval_samples_per_second_std": 5.598089724182666,
    "eval_steps_per_second_mean": 81.0396,
    "eval_steps_per_second_std": 0.4057139879274525
  },
  "cv_fold_metrics": [
    {
      "eval_loss": 0.26209649443626404,
      "eval_accuracy": 0.9084967320261438,
      "eval_f1": 0.9070635196112461,
      "eval_matthews_correlation": 0.8144463665659878,
      "eval_precision": 0.9085684430512017,
      "eval_recall": 0.9058823529411765,
      "eval_auc": 0.9624567474048443,
      "eval_auprc": 0.9664959196587045,
      "eval_runtime": 0.1239,
      "eval_samples_per_second": 1234.568,
      "eval_steps_per_second": 80.691,
      "epoch": 5.0
    },
    {
      "eval_loss": 0.18361206352710724,
      "eval_accuracy": 0.9276315789473685,
      "eval_f1": 0.9267148805610343,
      "eval_matthews_correlation": 0.8535119498558226,
      "eval_precision": 0.9261204481792717,
      "eval_recall": 0.9273924495171203,
      "eval_auc": 0.9780509218612818,
      "eval_auprc": 0.9786957437386756,
      "eval_runtime": 0.1235,
      "eval_samples_per_second": 1230.371,
      "eval_steps_per_second": 80.945,
      "epoch": 6.0
    },
    {
      "eval_loss": 0.3052341341972351,
      "eval_accuracy": 0.9276315789473685,
      "eval_f1": 0.9270983213429256,
      "eval_matthews_correlation": 0.8562337761308981,
      "eval_precision": 0.9256944444444444,
      "eval_recall": 0.9305531167690957,
      "eval_auc": 0.9769973661106233,
      "eval_auprc": 0.9718930994997447,
      "eval_runtime": 0.1242,
      "eval_samples_per_second": 1224.255,
      "eval_steps_per_second": 80.543,
      "epoch": 9.0
    },
    {
      "eval_loss": 0.28273722529411316,
      "eval_accuracy": 0.9078947368421053,
      "eval_f1": 0.9059239610963749,
      "eval_matthews_correlation": 0.8131550687009337,
      "eval_precision": 0.9097556625646512,
      "eval_recall": 0.9034240561896401,
      "eval_auc": 0.9640035118525022,
      "eval_auprc": 0.9590090923719224,
      "eval_runtime": 0.1226,
      "eval_samples_per_second": 1239.656,
      "eval_steps_per_second": 81.556,
      "epoch": 4.0
    },
    {
      "eval_loss": 0.3177661895751953,
      "eval_accuracy": 0.9210526315789473,
      "eval_f1": 0.919661733615222,
      "eval_matthews_correlation": 0.8396527914325439,
      "eval_precision": 0.9213085764809903,
      "eval_recall": 0.9183494293239685,
      "eval_auc": 0.9640035118525022,
      "eval_auprc": 0.9612835917233716,
      "eval_runtime": 0.1228,
      "eval_samples_per_second": 1238.236,
      "eval_steps_per_second": 81.463,
      "epoch": 10.0
    }
  ],
  "test_metrics": {
    "eval_loss": 0.2706521153450012,
    "eval_accuracy": 0.9268633269331471,
    "eval_f1": 0.9267611362034218,
    "eval_matthews_correlation": 0.854407455334476,
    "eval_precision": 0.9279019596092767,
    "eval_recall": 0.9265066350699346,
    "eval_auc": 0.9766222581423755,
    "eval_auprc": 0.9770211293320517,
    "eval_runtime": 4.5245,
    "eval_samples_per_second": 1266.206,
    "eval_steps_per_second": 79.345,
    "epoch": 8.0
  }
}