{
  "experiment": "cross_length",
  "model_type": "lamar",
  "variant": "tapt_512",
  "pair_name": "GTF2F1_K562_ENCSR736AAG",
  "pretrain_path": "/gpfs/bwfor/work/ws/fr_ml642-thesis_work/Thesis/LAMAR/src/pretrain/saving_model/tapt_lamar/checkpoint-98000/model.safetensors",
  "max_length": 1024,
  "n_folds": 5,
  "hyperparameters": {
    "learning_rate": 5e-05,
    "per_device_train_batch_size": 16,
    "weight_decay": 0.01,
    "warmup_ratio": 0.1,
    "num_train_epochs": 10,
    "gradient_accumulation_steps": 1,
    "early_stopping_patience": 3
  },
  "cv_metrics": {
    "epoch_mean": 8.4,
    "epoch_std": 1.624807680927192,
    "eval_accuracy_mean": 0.9134615384615385,
    "eval_accuracy_std": 0.005428648937805868,
    "eval_auc_mean": 0.9570368867152613,
    "eval_auc_std": 0.006799075122006939,
    "eval_auprc_mean": 0.9346142332746974,
    "eval_auprc_std": 0.013541939596849325,
    "eval_f1_mean": 0.8654777088134677,
    "eval_f1_std": 0.007490858199853609,
    "eval_loss_mean": 0.2580339848995209,
    "eval_loss_std": 0.030202761591364195,
    "eval_matthews_correlation_mean": 0.8026300680330676,
    "eval_matthews_correlation_std": 0.012050656508895197,
    "eval_precision_mean": 0.8819358260928288,
    "eval_precision_std": 0.02668726963832629,
    "eval_recall_mean": 0.8508376427494074,
    "eval_recall_std": 0.022540051670536188,
    "eval_runtime_mean": 14.31918,
    "eval_runtime_std": 0.0012383860464329085,
    "eval_samples_per_second_mean": 58.17379999999999,
    "eval_samples_per_second_std": 0.005268775948926791,
    "eval_steps_per_second_mean": 3.7013999999999996,
    "eval_steps_per_second_std": 0.0004898979485565817
  },
  "cv_fold_metrics": [
    {
      "eval_loss": 0.24125486612319946,
      "eval_accuracy": 0.9170673076923077,
      "eval_f1": 0.873394495412844,
      "eval_precision": 0.8717948717948718,
      "eval_recall": 0.875,
      "eval_auc": 0.963688287815126,
      "eval_auprc": 0.9435953043579979,
      "eval_matthews_correlation": 0.8117356273332904,
      "eval_runtime": 14.3191,
      "eval_samples_per_second": 58.174,
      "eval_steps_per_second": 3.701,
      "epoch": 10.0
    },
    {
      "eval_loss": 0.26619985699653625,
      "eval_accuracy": 0.9110576923076923,
      "eval_f1": 0.8634686346863468,
      "eval_precision": 0.8666666666666667,
      "eval_recall": 0.8602941176470589,
      "eval_auc": 0.9577008928571429,
      "eval_auprc": 0.9303926891486024,
      "eval_matthews_correlation": 0.7975282548750751,
      "eval_runtime": 14.3208,
      "eval_samples_per_second": 58.167,
      "eval_steps_per_second": 3.701,
      "epoch": 10.0
    },
    {
      "eval_loss": 0.31351232528686523,
      "eval_accuracy": 0.9038461538461539,
      "eval_f1": 0.8523985239852399,
      "eval_precision": 0.8555555555555555,
      "eval_recall": 0.8492647058823529,
      "eval_auc": 0.9484440651260505,
      "eval_auprc": 0.9109783650481114,
      "eval_matthews_correlation": 0.7811104127319618,
      "eval_runtime": 14.3182,
      "eval_samples_per_second": 58.178,
      "eval_steps_per_second": 3.702,
      "epoch": 7.0
    },
    {
      "eval_loss": 0.23031197488307953,
      "eval_accuracy": 0.9182692307692307,
      "eval_f1": 0.8661417322834646,
      "eval_precision": 0.9322033898305084,
      "eval_recall": 0.8088235294117647,
      "eval_auc": 0.9651523109243698,
      "eval_auprc": 0.9504409550333953,
      "eval_matthews_correlation": 0.8119593380676386,
      "eval_runtime": 14.3175,
      "eval_samples_per_second": 58.181,
      "eval_steps_per_second": 3.702,
      "epoch": 6.0
    },
    {
      "eval_loss": 0.2388909012079239,
      "eval_accuracy": 0.9170673076923077,
      "eval_f1": 0.8719851576994435,
      "eval_precision": 0.8834586466165414,
      "eval_recall": 0.8608058608058609,
      "eval_auc": 0.9501988768536175,
      "eval_auprc": 0.9376638527853796,
      "eval_matthews_correlation": 0.8108167071573722,
      "eval_runtime": 14.3203,
      "eval_samples_per_second": 58.169,
      "eval_steps_per_second": 3.701,
      "epoch": 9.0
    }
  ],
  "test_metrics": {
    "eval_loss": 0.39254191517829895,
    "eval_accuracy": 0.8405283505154639,
    "eval_f1": 0.8008048289738431,
    "eval_precision": 0.9707317073170731,
    "eval_recall": 0.6815068493150684,
    "eval_auc": 0.9566685518948106,
    "eval_auprc": 0.9527434939740329,
    "eval_matthews_correlation": 0.7039164193537607,
    "eval_runtime": 106.7127,
    "eval_samples_per_second": 58.278,
    "eval_steps_per_second": 3.645,
    "epoch": 5.0
  }
}