{
  "experiment": "cross_cell",
  "model_type": "dnabert2",
  "variant": "tapt_v3",
  "pair_name": "SNRNP200_train_K562_test_HepG2_fixlen_101",
  "max_length": 128,
  "n_folds": 5,
  "hyperparameters": {
    "learning_rate": 5e-05,
    "per_device_train_batch_size": 16,
    "weight_decay": 0.01,
    "warmup_ratio": 0.1,
    "num_train_epochs": 10,
    "gradient_accumulation_steps": 1,
    "early_stopping_patience": 3
  },
  "cv_metrics": {
    "epoch_mean": 6.6,
    "epoch_std": 0.48989794855663565,
    "eval_accuracy_mean": 0.8780221690936753,
    "eval_accuracy_std": 0.005509067758084463,
    "eval_auc_mean": 0.952011932923916,
    "eval_auc_std": 0.007197457512240561,
    "eval_auprc_mean": 0.9353144408976904,
    "eval_auprc_std": 0.01173134291598631,
    "eval_f1_mean": 0.8732137781509488,
    "eval_f1_std": 0.0067848572572596876,
    "eval_loss_mean": 0.38492488861083984,
    "eval_loss_std": 0.04524471057418914,
    "eval_matthews_correlation_mean": 0.7547158806340463,
    "eval_matthews_correlation_std": 0.00919051291005846,
    "eval_precision_mean": 0.8858757354302812,
    "eval_precision_std": 0.010927467109507795,
    "eval_recall_mean": 0.8692570861446789,
    "eval_recall_std": 0.009934453968170682,
    "eval_runtime_mean": 0.19544,
    "eval_runtime_std": 0.009793589740233153,
    "eval_samples_per_second_mean": 1102.0819999999999,
    "eval_samples_per_second_std": 59.980815302895024,
    "eval_steps_per_second_mean": 71.8292,
    "eval_steps_per_second_std": 3.883965107979219
  },
  "cv_fold_metrics": [
    {
      "eval_loss": 0.4122012257575989,
      "eval_accuracy": 0.8883720930232558,
      "eval_f1": 0.8845740873299928,
      "eval_matthews_correlation": 0.7717599917970641,
      "eval_precision": 0.8913122500908761,
      "eval_recall": 0.8805231530576175,
      "eval_auc": 0.9539589961117002,
      "eval_auprc": 0.9287658975687157,
      "eval_runtime": 0.2016,
      "eval_samples_per_second": 1066.327,
      "eval_steps_per_second": 69.435,
      "epoch": 7.0
    },
    {
      "eval_loss": 0.4189233183860779,
      "eval_accuracy": 0.8790697674418605,
      "eval_f1": 0.8765022976316721,
      "eval_matthews_correlation": 0.753004595263344,
      "eval_precision": 0.876502297631672,
      "eval_recall": 0.876502297631672,
      "eval_auc": 0.9449452103216684,
      "eval_auprc": 0.9188909253938943,
      "eval_runtime": 0.2004,
      "eval_samples_per_second": 1072.988,
      "eval_steps_per_second": 69.869,
      "epoch": 7.0
    },
    {
      "eval_loss": 0.3057776987552643,
      "eval_accuracy": 0.8744186046511628,
      "eval_f1": 0.8672384219554031,
      "eval_matthews_correlation": 0.7496360606263256,
      "eval_precision": 0.8916168242330696,
      "eval_recall": 0.858739837398374,
      "eval_auc": 0.9607635206786851,
      "eval_auprc": 0.9328049794252347,
      "eval_runtime": 0.176,
      "eval_samples_per_second": 1221.688,
      "eval_steps_per_second": 79.552,
      "epoch": 6.0
    },
    {
      "eval_loss": 0.4247766137123108,
      "eval_accuracy": 0.8744186046511628,
      "eval_f1": 0.8659631947170334,
      "eval_matthews_correlation": 0.7546158466649672,
      "eval_precision": 0.8998908080206471,
      "eval_recall": 0.8560003534817957,
      "eval_auc": 0.942382467302934,
      "eval_auprc": 0.9433352743340897,
      "eval_runtime": 0.2011,
      "eval_samples_per_second": 1069.279,
      "eval_steps_per_second": 69.627,
      "epoch": 6.0
    },
    {
      "eval_loss": 0.3629455864429474,
      "eval_accuracy": 0.8738317757009346,
      "eval_f1": 0.8717908891206425,
      "eval_matthews_correlation": 0.7445629088185305,
      "eval_precision": 0.8700564971751412,
      "eval_recall": 0.8745197891539355,
      "eval_auc": 0.9580094702045922,
      "eval_auprc": 0.9527751277665172,
      "eval_runtime": 0.1981,
      "eval_samples_per_second": 1080.128,
      "eval_steps_per_second": 70.663,
      "epoch": 7.0
    }
  ],
  "test_metrics": {
    "eval_loss": 0.4686121344566345,
    "eval_accuracy": 0.8707138842046094,
    "eval_f1": 0.8688335718352337,
    "eval_matthews_correlation": 0.7395662943547466,
    "eval_precision": 0.8727269198421428,
    "eval_recall": 0.8668626242352306,
    "eval_auc": 0.9201920774728606,
    "eval_auprc": 0.9103708863959372,
    "eval_runtime": 1.3794,
    "eval_samples_per_second": 1289.729,
    "eval_steps_per_second": 81.197,
    "epoch": 6.0
  }
}