{
  "experiment": "cross_cell",
  "model_type": "dnabert2",
  "variant": "pretrained",
  "pair_name": "HNRNPU_train_K562_test_HepG2_fixlen_101",
  "max_length": 128,
  "n_folds": 5,
  "hyperparameters": {
    "learning_rate": 5e-05,
    "per_device_train_batch_size": 16,
    "weight_decay": 0.01,
    "warmup_ratio": 0.1,
    "num_train_epochs": 10,
    "gradient_accumulation_steps": 1,
    "early_stopping_patience": 3
  },
  "cv_metrics": {
    "epoch_mean": 5.6,
    "epoch_std": 1.4966629547095764,
    "eval_accuracy_mean": 0.6743685300207038,
    "eval_accuracy_std": 0.04619704140437676,
    "eval_auc_mean": 0.8157072121778004,
    "eval_auc_std": 0.04709926759215197,
    "eval_auprc_mean": 0.8056935991385842,
    "eval_auprc_std": 0.054836805349948586,
    "eval_f1_mean": 0.6562352247699603,
    "eval_f1_std": 0.06322384125468243,
    "eval_loss_mean": 0.6216086089611054,
    "eval_loss_std": 0.07621035542009276,
    "eval_matthews_correlation_mean": 0.3979210062469164,
    "eval_matthews_correlation_std": 0.05439177035578509,
    "eval_precision_mean": 0.7263948473638924,
    "eval_precision_std": 0.03351167693086863,
    "eval_recall_mean": 0.6783715304303539,
    "eval_recall_std": 0.04147026311542355,
    "eval_runtime_mean": 0.07483999999999999,
    "eval_runtime_std": 0.0030650285479910323,
    "eval_samples_per_second_mean": 928.835,
    "eval_samples_per_second_std": 40.616975096626796,
    "eval_steps_per_second_mean": 66.9148,
    "eval_steps_per_second_std": 2.7836604246926386
  },
  "cv_fold_metrics": [
    {
      "eval_loss": 0.6571868062019348,
      "eval_accuracy": 0.6714285714285714,
      "eval_f1": 0.6631094371207366,
      "eval_matthews_correlation": 0.3755607441654265,
      "eval_precision": 0.6998149861239593,
      "eval_recall": 0.6764705882352942,
      "eval_auc": 0.763888888888889,
      "eval_auprc": 0.7997399435103285,
      "eval_runtime": 0.0777,
      "eval_samples_per_second": 900.512,
      "eval_steps_per_second": 64.322,
      "epoch": 4.0
    },
    {
      "eval_loss": 0.6221604943275452,
      "eval_accuracy": 0.6714285714285714,
      "eval_f1": 0.6681096681096681,
      "eval_matthews_correlation": 0.3590351347840977,
      "eval_precision": 0.6843238587424634,
      "eval_recall": 0.6748366013071896,
      "eval_auc": 0.7655228758169934,
      "eval_auprc": 0.7187756801757774,
      "eval_runtime": 0.0705,
      "eval_samples_per_second": 993.003,
      "eval_steps_per_second": 70.929,
      "epoch": 6.0
    },
    {
      "eval_loss": 0.47901496291160583,
      "eval_accuracy": 0.7536231884057971,
      "eval_f1": 0.7527924130663857,
      "eval_matthews_correlation": 0.5059029115727206,
      "eval_precision": 0.7533783783783784,
      "eval_recall": 0.7525252525252526,
      "eval_auc": 0.888047138047138,
      "eval_auprc": 0.8905654878203021,
      "eval_runtime": 0.0718,
      "eval_samples_per_second": 960.381,
      "eval_steps_per_second": 69.593,
      "epoch": 8.0
    },
    {
      "eval_loss": 0.7046211361885071,
      "eval_accuracy": 0.6086956521739131,
      "eval_f1": 0.5548387096774194,
      "eval_matthews_correlation": 0.37080992435478316,
      "eval_precision": 0.775,
      "eval_recall": 0.625,
      "eval_auc": 0.8409090909090909,
      "eval_auprc": 0.8199396725476685,
      "eval_runtime": 0.0776,
      "eval_samples_per_second": 889.525,
      "eval_steps_per_second": 64.458,
      "epoch": 6.0
    },
    {
      "eval_loss": 0.6450596451759338,
      "eval_accuracy": 0.6666666666666666,
      "eval_f1": 0.6423258958755916,
      "eval_matthews_correlation": 0.3782963163575541,
      "eval_precision": 0.7194570135746606,
      "eval_recall": 0.6630252100840336,
      "eval_auc": 0.8201680672268907,
      "eval_auprc": 0.7994472116388441,
      "eval_runtime": 0.0766,
      "eval_samples_per_second": 900.754,
      "eval_steps_per_second": 65.272,
      "epoch": 4.0
    }
  ],
  "test_metrics": {
    "eval_loss": 0.408998966217041,
    "eval_accuracy": 0.8237347294938918,
    "eval_f1": 0.8235971872113829,
    "eval_matthews_correlation": 0.6508649681623934,
    "eval_precision": 0.8262925753491792,
    "eval_recall": 0.8245746599717252,
    "eval_auc": 0.9059620728318628,
    "eval_auprc": 0.8968760637745541,
    "eval_runtime": 0.4907,
    "eval_samples_per_second": 1167.628,
    "eval_steps_per_second": 73.359,
    "epoch": 6.0
  }
}