{
  "experiment": "cross_length",
  "model_type": "dnabert2",
  "variant": "random",
  "pair_name": "DDX52_K562_ENCSR154CSN",
  "max_length": 256,
  "n_folds": 5,
  "hyperparameters": {
    "learning_rate": 5e-05,
    "per_device_train_batch_size": 16,
    "weight_decay": 0.01,
    "warmup_ratio": 0.1,
    "num_train_epochs": 10,
    "gradient_accumulation_steps": 1,
    "early_stopping_patience": 3
  },
  "cv_metrics": {
    "epoch_mean": 5.0,
    "epoch_std": 0.0,
    "eval_accuracy_mean": 0.6682944654840209,
    "eval_accuracy_std": 0.15678215432117396,
    "eval_auc_mean": 0.832313522938523,
    "eval_auc_std": 0.01450531487956038,
    "eval_auprc_mean": 0.7497750932086227,
    "eval_auprc_std": 0.03543165100712378,
    "eval_f1_mean": 0.6391791833810865,
    "eval_f1_std": 0.1883238219034663,
    "eval_loss_mean": 0.6898989617824555,
    "eval_loss_std": 0.3479507737944798,
    "eval_matthews_correlation_mean": 0.3930803720287962,
    "eval_matthews_correlation_std": 0.19903000930031034,
    "eval_precision_mean": 0.6326963047969476,
    "eval_precision_std": 0.22698517098618567,
    "eval_recall_mean": 0.6968014971139972,
    "eval_recall_std": 0.09878995004418674,
    "eval_runtime_mean": 0.09104,
    "eval_runtime_std": 0.0003261901286060057,
    "eval_samples_per_second_mean": 1906.779,
    "eval_samples_per_second_std": 5.748154068916402,
    "eval_steps_per_second_mean": 120.822,
    "eval_steps_per_second_std": 0.43927212522535036
  },
  "cv_fold_metrics": [
    {
      "eval_loss": 1.3793636560440063,
      "eval_accuracy": 0.3620689655172414,
      "eval_f1": 0.2658227848101266,
      "eval_matthews_correlation": 0.0,
      "eval_precision": 0.1810344827586207,
      "eval_recall": 0.5,
      "eval_auc": 0.8123838123838123,
      "eval_auprc": 0.7001114602532984,
      "eval_runtime": 0.0911,
      "eval_samples_per_second": 1908.945,
      "eval_steps_per_second": 120.68,
      "epoch": 5.0
    },
    {
      "eval_loss": 0.4668736159801483,
      "eval_accuracy": 0.7931034482758621,
      "eval_f1": 0.7691967575534268,
      "eval_matthews_correlation": 0.544550163024955,
      "eval_precision": 0.7837962962962963,
      "eval_recall": 0.7612215909090909,
      "eval_auc": 0.8457386363636363,
      "eval_auprc": 0.770121663378093,
      "eval_runtime": 0.0912,
      "eval_samples_per_second": 1908.791,
      "eval_steps_per_second": 120.671,
      "epoch": 5.0
    },
    {
      "eval_loss": 0.4626591205596924,
      "eval_accuracy": 0.7701149425287356,
      "eval_f1": 0.7494239631336406,
      "eval_matthews_correlation": 0.4997637001432389,
      "eval_precision": 0.7535087719298246,
      "eval_recall": 0.7463068181818182,
      "eval_auc": 0.8465909090909091,
      "eval_auprc": 0.7855461116405184,
      "eval_runtime": 0.0913,
      "eval_samples_per_second": 1905.815,
      "eval_steps_per_second": 120.483,
      "epoch": 5.0
    },
    {
      "eval_loss": 0.56971275806427,
      "eval_accuracy": 0.7109826589595376,
      "eval_f1": 0.7087934284944788,
      "eval_matthews_correlation": 0.4684633502319494,
      "eval_precision": 0.7265182186234818,
      "eval_recall": 0.7422077922077922,
      "eval_auc": 0.8393939393939395,
      "eval_auprc": 0.778922160375958,
      "eval_runtime": 0.0912,
      "eval_samples_per_second": 1896.501,
      "eval_steps_per_second": 120.587,
      "epoch": 5.0
    },
    {
      "eval_loss": 0.5708856582641602,
      "eval_accuracy": 0.7052023121387283,
      "eval_f1": 0.7026589829137599,
      "eval_matthews_correlation": 0.4526246467438377,
      "eval_precision": 0.7186237543765149,
      "eval_recall": 0.7342712842712843,
      "eval_auc": 0.8174603174603174,
      "eval_auprc": 0.7141740703952462,
      "eval_runtime": 0.0904,
      "eval_samples_per_second": 1913.843,
      "eval_steps_per_second": 121.689,
      "epoch": 5.0
    }
  ],
  "test_metrics": {
    "eval_loss": 1.3632854223251343,
    "eval_accuracy": 0.6593406593406593,
    "eval_f1": 0.6112718754306187,
    "eval_matthews_correlation": 0.39665756599331375,
    "eval_precision": 0.7663099646886573,
    "eval_recall": 0.6477012180558872,
    "eval_auc": 0.8756448531167902,
    "eval_auprc": 0.8688106557152857,
    "eval_runtime": 0.9421,
    "eval_samples_per_second": 1738.754,
    "eval_steps_per_second": 109.336,
    "epoch": 7.0
  }
}