{
  "experiment": "cross_length",
  "model_type": "lamar",
  "variant": "tapt_512",
  "pair_name": "FTO_HepG2_ENCSR903PRV",
  "pretrain_path": "/gpfs/bwfor/work/ws/fr_ml642-thesis_work/Thesis/LAMAR/src/pretrain/saving_model/tapt_lamar/checkpoint-98000/model.safetensors",
  "max_length": 1024,
  "n_folds": 5,
  "hyperparameters": {
    "learning_rate": 5e-05,
    "per_device_train_batch_size": 16,
    "weight_decay": 0.01,
    "warmup_ratio": 0.1,
    "num_train_epochs": 10,
    "gradient_accumulation_steps": 1,
    "early_stopping_patience": 3
  },
  "cv_metrics": {
    "epoch_mean": 5.8,
    "epoch_std": 2.4,
    "eval_accuracy_mean": 0.8916666666666668,
    "eval_accuracy_std": 0.027638539919628342,
    "eval_auc_mean": 0.9664979970482817,
    "eval_auc_std": 0.025251864464412563,
    "eval_auprc_mean": 0.950395903744621,
    "eval_auprc_std": 0.03823250066839813,
    "eval_f1_mean": 0.8460095193715883,
    "eval_f1_std": 0.03928973978289188,
    "eval_loss_mean": 0.3315111190080643,
    "eval_loss_std": 0.11429415160782772,
    "eval_matthews_correlation_mean": 0.7719792692514058,
    "eval_matthews_correlation_std": 0.056042838044970816,
    "eval_precision_mean": 0.8819131161236424,
    "eval_precision_std": 0.08385214014319266,
    "eval_recall_mean": 0.8281045751633986,
    "eval_recall_std": 0.09546959287064162,
    "eval_runtime_mean": 0.83116,
    "eval_runtime_std": 0.000755248303539971,
    "eval_samples_per_second_mean": 67.1378,
    "eval_samples_per_second_std": 0.471096338342804,
    "eval_steps_per_second_mean": 4.8128,
    "eval_steps_per_second_std": 0.004489988864128821
  },
  "cv_fold_metrics": [
    {
      "eval_loss": 0.18651072680950165,
      "eval_accuracy": 0.9375,
      "eval_f1": 0.9142857142857143,
      "eval_precision": 0.8888888888888888,
      "eval_recall": 0.9411764705882353,
      "eval_auc": 0.9810246679316887,
      "eval_auprc": 0.9740397923875432,
      "eval_matthews_correlation": 0.8660436626137549,
      "eval_runtime": 0.8325,
      "eval_samples_per_second": 67.271,
      "eval_steps_per_second": 4.805,
      "epoch": 4.0
    },
    {
      "eval_loss": 0.2933832108974457,
      "eval_accuracy": 0.8958333333333334,
      "eval_f1": 0.8275862068965517,
      "eval_precision": 1.0,
      "eval_recall": 0.7058823529411765,
      "eval_auc": 0.9886148007590133,
      "eval_auprc": 0.9796740626074991,
      "eval_matthews_correlation": 0.7796429549831781,
      "eval_runtime": 0.8314,
      "eval_samples_per_second": 67.36,
      "eval_steps_per_second": 4.811,
      "epoch": 4.0
    },
    {
      "eval_loss": 0.41543856263160706,
      "eval_accuracy": 0.8958333333333334,
      "eval_f1": 0.8648648648648649,
      "eval_precision": 0.8421052631578947,
      "eval_recall": 0.8888888888888888,
      "eval_auc": 0.9648148148148149,
      "eval_auprc": 0.9522901254518901,
      "eval_matthews_correlation": 0.7809746187373298,
      "eval_runtime": 0.8303,
      "eval_samples_per_second": 67.448,
      "eval_steps_per_second": 4.818,
      "epoch": 10.0
    },
    {
      "eval_loss": 0.505354642868042,
      "eval_accuracy": 0.8541666666666666,
      "eval_f1": 0.8108108108108107,
      "eval_precision": 0.75,
      "eval_recall": 0.8823529411764706,
      "eval_auc": 0.9184060721062618,
      "eval_auprc": 0.8761562801635707,
      "eval_matthews_correlation": 0.6994944540094827,
      "eval_runtime": 0.8308,
      "eval_samples_per_second": 67.407,
      "eval_steps_per_second": 4.815,
      "epoch": 4.0
    },
    {
      "eval_loss": 0.256868451833725,
      "eval_accuracy": 0.875,
      "eval_f1": 0.8125000000000001,
      "eval_precision": 0.9285714285714286,
      "eval_recall": 0.7222222222222222,
      "eval_auc": 0.9796296296296296,
      "eval_auprc": 0.9698192581126017,
      "eval_matthews_correlation": 0.7337406559132839,
      "eval_runtime": 0.8308,
      "eval_samples_per_second": 66.203,
      "eval_steps_per_second": 4.815,
      "epoch": 7.0
    }
  ],
  "test_metrics": {
    "eval_loss": 0.35826846957206726,
    "eval_accuracy": 0.8413461538461539,
    "eval_f1": 0.8266199649737304,
    "eval_precision": 0.8740740740740741,
    "eval_recall": 0.7840531561461794,
    "eval_auc": 0.9255731668432366,
    "eval_auprc": 0.9300248545025855,
    "eval_matthews_correlation": 0.6845992679024211,
    "eval_runtime": 10.7353,
    "eval_samples_per_second": 58.964,
    "eval_steps_per_second": 3.726,
    "epoch": 7.0
  }
}