{
  "experiment": "cross_length",
  "model_type": "lamar",
  "variant": "tapt_512",
  "pair_name": "CACTIN_HepG2_ENCSR150QBS",
  "pretrain_path": "/gpfs/bwfor/work/ws/fr_ml642-thesis_work/Thesis/LAMAR/src/pretrain/saving_model/tapt_lamar/checkpoint-98000/model.safetensors",
  "max_length": 1024,
  "n_folds": 5,
  "hyperparameters": {
    "learning_rate": 5e-05,
    "per_device_train_batch_size": 16,
    "weight_decay": 0.01,
    "warmup_ratio": 0.1,
    "num_train_epochs": 10,
    "gradient_accumulation_steps": 1,
    "early_stopping_patience": 3
  },
  "cv_metrics": {
    "epoch_mean": 5.8,
    "epoch_std": 2.1354156504062622,
    "eval_accuracy_mean": 0.7,
    "eval_accuracy_std": 0.04238956239453293,
    "eval_auc_mean": 0.7903171828171829,
    "eval_auc_std": 0.05205034308466754,
    "eval_auprc_mean": 0.7145282571264512,
    "eval_auprc_std": 0.08351111247957047,
    "eval_f1_mean": 0.5002359405300582,
    "eval_f1_std": 0.13366772877192357,
    "eval_loss_mean": 0.6486113607883454,
    "eval_loss_std": 0.11466433759684294,
    "eval_matthews_correlation_mean": 0.36595856474409844,
    "eval_matthews_correlation_std": 0.06488189934867865,
    "eval_precision_mean": 0.7352813852813853,
    "eval_precision_std": 0.18215234186528625,
    "eval_recall_mean": 0.4679020979020979,
    "eval_recall_std": 0.24078624045986685,
    "eval_runtime_mean": 0.55614,
    "eval_runtime_std": 0.0006499230723708818,
    "eval_samples_per_second_mean": 74.079,
    "eval_samples_per_second_std": 0.6383306353293746,
    "eval_steps_per_second_mean": 5.394,
    "eval_steps_per_second_std": 0.005727128425310469
  },
  "cv_fold_metrics": [
    {
      "eval_loss": 0.7621223330497742,
      "eval_accuracy": 0.71875,
      "eval_f1": 0.5714285714285713,
      "eval_precision": 0.5454545454545454,
      "eval_recall": 0.6,
      "eval_auc": 0.7545454545454546,
      "eval_auprc": 0.595058275058275,
      "eval_matthews_correlation": 0.36374457264445326,
      "eval_runtime": 0.5574,
      "eval_samples_per_second": 75.355,
      "eval_steps_per_second": 5.383,
      "epoch": 10.0
    },
    {
      "eval_loss": 0.8014092445373535,
      "eval_accuracy": 0.625,
      "eval_f1": 0.6470588235294118,
      "eval_precision": 0.5238095238095238,
      "eval_recall": 0.8461538461538461,
      "eval_auc": 0.7530364372469636,
      "eval_auprc": 0.7507563291929028,
      "eval_matthews_correlation": 0.3307292642388204,
      "eval_runtime": 0.556,
      "eval_samples_per_second": 73.737,
      "eval_steps_per_second": 5.395,
      "epoch": 5.0
    },
    {
      "eval_loss": 0.5794371366500854,
      "eval_accuracy": 0.71875,
      "eval_f1": 0.3076923076923077,
      "eval_precision": 1.0,
      "eval_recall": 0.18181818181818182,
      "eval_auc": 0.8441558441558441,
      "eval_auprc": 0.7814213564213565,
      "eval_matthews_correlation": 0.3567530340063379,
      "eval_runtime": 0.5556,
      "eval_samples_per_second": 73.789,
      "eval_steps_per_second": 5.399,
      "epoch": 4.0
    },
    {
      "eval_loss": 0.4986071288585663,
      "eval_accuracy": 0.75,
      "eval_f1": 0.6,
      "eval_precision": 0.8571428571428571,
      "eval_recall": 0.46153846153846156,
      "eval_auc": 0.8623481781376519,
      "eval_auprc": 0.8083666898712147,
      "eval_matthews_correlation": 0.4857959309463206,
      "eval_runtime": 0.556,
      "eval_samples_per_second": 73.738,
      "eval_steps_per_second": 5.395,
      "epoch": 5.0
    },
    {
      "eval_loss": 0.6014809608459473,
      "eval_accuracy": 0.6875,
      "eval_f1": 0.375,
      "eval_precision": 0.75,
      "eval_recall": 0.25,
      "eval_auc": 0.7374999999999999,
      "eval_auprc": 0.6370386350885071,
      "eval_matthews_correlation": 0.29277002188455997,
      "eval_runtime": 0.5557,
      "eval_samples_per_second": 73.776,
      "eval_steps_per_second": 5.398,
      "epoch": 5.0
    }
  ],
  "test_metrics": {
    "eval_loss": 0.6574403643608093,
    "eval_accuracy": 0.6941964285714286,
    "eval_f1": 0.6806526806526807,
    "eval_precision": 0.6886792452830188,
    "eval_recall": 0.6728110599078341,
    "eval_auc": 0.7641191373910268,
    "eval_auprc": 0.7527184547494903,
    "eval_matthews_correlation": 0.38746410663610664,
    "eval_runtime": 7.702,
    "eval_samples_per_second": 59.076,
    "eval_steps_per_second": 3.765,
    "epoch": 6.0
  }
}