{
  "experiment": "cross_cell",
  "model_type": "lamar",
  "variant": "random",
  "pair_name": "FASTKD2_train_K562_test_HepG2_fixlen_101",
  "pretrain_path": "",
  "max_length": 1024,
  "n_folds": 5,
  "hyperparameters": {
    "learning_rate": 5e-05,
    "per_device_train_batch_size": 16,
    "weight_decay": 0.01,
    "warmup_ratio": 0.1,
    "num_train_epochs": 10,
    "gradient_accumulation_steps": 1,
    "early_stopping_patience": 3
  },
  "cv_metrics": {
    "epoch_mean": 5.8,
    "epoch_std": 1.32664991614216,
    "eval_accuracy_mean": 0.85875,
    "eval_accuracy_std": 0.0317706625678471,
    "eval_auc_mean": 0.9205056714385359,
    "eval_auc_std": 0.02488049340278909,
    "eval_auprc_mean": 0.9306452560446468,
    "eval_auprc_std": 0.025754838540727448,
    "eval_f1_mean": 0.8424671570084612,
    "eval_f1_std": 0.028085056816967324,
    "eval_loss_mean": 0.4315903127193451,
    "eval_loss_std": 0.10728889995774553,
    "eval_matthews_correlation_mean": 0.7213025455920479,
    "eval_matthews_correlation_std": 0.06068739625563532,
    "eval_precision_mean": 0.8472179855028692,
    "eval_precision_std": 0.07781247970388404,
    "eval_recall_mean": 0.847889822595705,
    "eval_recall_std": 0.06348699072117307,
    "eval_runtime_mean": 3.4608199999999996,
    "eval_runtime_std": 0.005457252055751111,
    "eval_samples_per_second_mean": 49.237,
    "eval_samples_per_second_std": 0.09254836573381459,
    "eval_steps_per_second_mean": 3.1784,
    "eval_steps_per_second_std": 0.005161395160225517
  },
  "cv_fold_metrics": [
    {
      "eval_loss": 0.5159481763839722,
      "eval_accuracy": 0.86875,
      "eval_f1": 0.8346456692913387,
      "eval_precision": 0.9636363636363636,
      "eval_recall": 0.7361111111111112,
      "eval_auc": 0.9264520202020202,
      "eval_auprc": 0.9397037279678895,
      "eval_matthews_correlation": 0.7472309574747618,
      "eval_runtime": 3.4666,
      "eval_samples_per_second": 49.328,
      "eval_steps_per_second": 3.173,
      "epoch": 6.0
    },
    {
      "eval_loss": 0.3364122807979584,
      "eval_accuracy": 0.88125,
      "eval_f1": 0.8707482993197279,
      "eval_precision": 0.8311688311688312,
      "eval_recall": 0.9142857142857143,
      "eval_auc": 0.9541269841269842,
      "eval_auprc": 0.9603496232548033,
      "eval_matthews_correlation": 0.7643408220855361,
      "eval_runtime": 3.4657,
      "eval_samples_per_second": 49.341,
      "eval_steps_per_second": 3.174,
      "epoch": 6.0
    },
    {
      "eval_loss": 0.5700172781944275,
      "eval_accuracy": 0.825,
      "eval_f1": 0.8227848101265824,
      "eval_precision": 0.7558139534883721,
      "eval_recall": 0.9027777777777778,
      "eval_auc": 0.9160353535353536,
      "eval_auprc": 0.923722577506389,
      "eval_matthews_correlation": 0.662678775934006,
      "eval_runtime": 3.463,
      "eval_samples_per_second": 49.09,
      "eval_steps_per_second": 3.176,
      "epoch": 5.0
    },
    {
      "eval_loss": 0.45167869329452515,
      "eval_accuracy": 0.81875,
      "eval_f1": 0.8053691275167787,
      "eval_precision": 0.7792207792207793,
      "eval_recall": 0.8333333333333334,
      "eval_auc": 0.8775252525252525,
      "eval_auprc": 0.8847474189526755,
      "eval_matthews_correlation": 0.6373910386636763,
      "eval_runtime": 3.4559,
      "eval_samples_per_second": 49.191,
      "eval_steps_per_second": 3.183,
      "epoch": 4.0
    },
    {
      "eval_loss": 0.2838951349258423,
      "eval_accuracy": 0.9,
      "eval_f1": 0.8787878787878787,
      "eval_precision": 0.90625,
      "eval_recall": 0.8529411764705882,
      "eval_auc": 0.9283887468030692,
      "eval_auprc": 0.9447029325414762,
      "eval_matthews_correlation": 0.7948711338022589,
      "eval_runtime": 3.4529,
      "eval_samples_per_second": 49.235,
      "eval_steps_per_second": 3.186,
      "epoch": 8.0
    }
  ],
  "test_metrics": {
    "eval_loss": 0.8665636777877808,
    "eval_accuracy": 0.7026098901098901,
    "eval_f1": 0.5522233712512926,
    "eval_precision": 0.9468085106382979,
    "eval_recall": 0.3897810218978102,
    "eval_auc": 0.8708076533462088,
    "eval_auprc": 0.871747166896836,
    "eval_matthews_correlation": 0.4677327777903808,
    "eval_runtime": 31.4166,
    "eval_samples_per_second": 46.759,
    "eval_steps_per_second": 2.928,
    "epoch": 6.0
  }
}