{
  "experiment": "rbp",
  "model_type": "lamar",
  "variant": "lamar_tapt_standard_1gpu",
  "rbp_name": "SF3B4_K562_200",
  "weights_path": "/gpfs/bwfor/work/ws/fr_ml642-thesis_work/Thesis/LAMAR/src/pretrain/saving_model/tapt_1024_standard_collator_1gpu/checkpoint-232000",
  "max_length": 1024,
  "n_folds": 5,
  "hyperparameters": {
    "learning_rate": 5e-05,
    "per_device_train_batch_size": 16,
    "weight_decay": 0.01,
    "warmup_ratio": 0.1,
    "num_train_epochs": 10,
    "gradient_accumulation_steps": 1,
    "early_stopping_patience": 3
  },
  "cv_metrics": {
    "epoch_mean": 10.0,
    "epoch_std": 0.0,
    "eval_accuracy_mean": 0.9205432287681713,
    "eval_accuracy_std": 0.005047123204429072,
    "eval_auc_mean": 0.975158016913201,
    "eval_auc_std": 0.0021260493412848507,
    "eval_auprc_mean": 0.9749098945137303,
    "eval_auprc_std": 0.002343260671620587,
    "eval_f1_mean": 0.9216315988626651,
    "eval_f1_std": 0.00403968455897858,
    "eval_loss_mean": 0.38566782474517824,
    "eval_loss_std": 0.025456564042434533,
    "eval_matthews_correlation_mean": 0.8421859800645548,
    "eval_matthews_correlation_std": 0.008796252051972604,
    "eval_precision_mean": 0.9098168232936523,
    "eval_precision_std": 0.01978533974070448,
    "eval_recall_mean": 0.9345412471158168,
    "eval_recall_std": 0.018386927326169377,
    "eval_runtime_mean": 93.61596,
    "eval_runtime_std": 0.09461523344578272,
    "eval_samples_per_second_mean": 55.8454,
    "eval_samples_per_second_std": 0.05628712108466656,
    "eval_steps_per_second_mean": 3.4928,
    "eval_steps_per_second_std": 0.0033704599092704937
  },
  "cv_fold_metrics": [
    {
      "eval_loss": 0.34983524680137634,
      "eval_accuracy": 0.9135424636572304,
      "eval_f1": 0.9180268407689518,
      "eval_precision": 0.8724577731816615,
      "eval_recall": 0.9686184462303865,
      "eval_matthews_correlation": 0.832157860182466,
      "eval_auc": 0.9780514254730174,
      "eval_auprc": 0.9776292916578091,
      "eval_runtime": 93.4956,
      "eval_samples_per_second": 55.917,
      "eval_steps_per_second": 3.497,
      "epoch": 10.0
    },
    {
      "eval_loss": 0.41068604588508606,
      "eval_accuracy": 0.9250191277735271,
      "eval_f1": 0.9248177982355198,
      "eval_precision": 0.9269511726259131,
      "eval_recall": 0.9226942212016839,
      "eval_matthews_correlation": 0.8500469273548126,
      "eval_auc": 0.9747756291348084,
      "eval_auprc": 0.9748287564603618,
      "eval_runtime": 93.6211,
      "eval_samples_per_second": 55.842,
      "eval_steps_per_second": 3.493,
      "epoch": 10.0
    },
    {
      "eval_loss": 0.36001721024513245,
      "eval_accuracy": 0.9183244070390206,
      "eval_f1": 0.9179950067217207,
      "eval_precision": 0.9210019267822736,
      "eval_recall": 0.9150076569678407,
      "eval_matthews_correlation": 0.8366655993099675,
      "eval_auc": 0.9728542781844324,
      "eval_auprc": 0.972206493149643,
      "eval_runtime": 93.63,
      "eval_samples_per_second": 55.837,
      "eval_steps_per_second": 3.492,
      "epoch": 10.0
    },
    {
      "eval_loss": 0.4019641876220703,
      "eval_accuracy": 0.9183244070390206,
      "eval_f1": 0.9193578847969783,
      "eval_precision": 0.9071934401789042,
      "eval_recall": 0.9318529862174579,
      "eval_matthews_correlation": 0.8369608888856895,
      "eval_auc": 0.9729622835794334,
      "eval_auprc": 0.972418367002223,
      "eval_runtime": 93.7782,
      "eval_samples_per_second": 55.749,
      "eval_steps_per_second": 3.487,
      "epoch": 10.0
    },
    {
      "eval_loss": 0.40583643317222595,
      "eval_accuracy": 0.9275057383320582,
      "eval_f1": 0.927960463790154,
      "eval_precision": 0.9214798036995092,
      "eval_recall": 0.9345329249617151,
      "eval_matthews_correlation": 0.8550986245898382,
      "eval_auc": 0.9771464681943138,
      "eval_auprc": 0.9774665642986152,
      "eval_runtime": 93.5549,
      "eval_samples_per_second": 55.882,
      "eval_steps_per_second": 3.495,
      "epoch": 10.0
    }
  ],
  "test_metrics": {
    "eval_loss": 0.2981754541397095,
    "eval_accuracy": 0.9244186046511628,
    "eval_f1": 0.9253550921728619,
    "eval_precision": 0.9162178336325554,
    "eval_recall": 0.9346764346764347,
    "eval_matthews_correlation": 0.8490020085247543,
    "eval_auc": 0.9804890746608537,
    "eval_auprc": 0.9805390462472642,
    "eval_runtime": 116.9781,
    "eval_samples_per_second": 55.874,
    "eval_steps_per_second": 3.496,
    "epoch": 10.0
  }
}