{
  "experiment": "cross_cell",
  "model_type": "lamar",
  "variant": "pretrained_custom",
  "pair_name": "ZNF800_train_K562_test_HepG2_fixlen_101",
  "pretrain_path": "/gpfs/bwfor/work/ws/fr_ml642-thesis_work/Thesis/LAMAR/src/pretrain/saving_model/tapt_512_standard_collator_1gpu/checkpoint-265000/model.safetensors",
  "max_length": 512,
  "n_folds": 5,
  "hyperparameters": {
    "learning_rate": 5e-05,
    "per_device_train_batch_size": 16,
    "weight_decay": 0.01,
    "warmup_ratio": 0.1,
    "num_train_epochs": 10,
    "gradient_accumulation_steps": 1,
    "early_stopping_patience": 3
  },
  "cv_metrics": {
    "epoch_mean": 8.4,
    "epoch_std": 1.0198039027185568,
    "eval_accuracy_mean": 0.8516304347826088,
    "eval_accuracy_std": 0.03950417831027187,
    "eval_auc_mean": 0.9407965295075303,
    "eval_auc_std": 0.01812688445862944,
    "eval_auprc_mean": 0.9317721791726296,
    "eval_auprc_std": 0.019827358192816554,
    "eval_f1_mean": 0.847871711731789,
    "eval_f1_std": 0.03040653062743226,
    "eval_loss_mean": 0.4660169005393982,
    "eval_loss_std": 0.1057603099908271,
    "eval_matthews_correlation_mean": 0.7143027711244347,
    "eval_matthews_correlation_std": 0.06361319650666226,
    "eval_precision_mean": 0.8063460590437869,
    "eval_precision_std": 0.0669186029073546,
    "eval_recall_mean": 0.9010840924041389,
    "eval_recall_std": 0.04381458724855788,
    "eval_runtime_mean": 2.48632,
    "eval_runtime_std": 0.009702453298006527,
    "eval_samples_per_second_mean": 297.07079999999996,
    "eval_samples_per_second_std": 1.2363344854852183,
    "eval_steps_per_second_mean": 18.9036,
    "eval_steps_per_second_std": 0.07441397718171017
  },
  "cv_fold_metrics": [
    {
      "eval_loss": 0.5579714775085449,
      "eval_accuracy": 0.7758152173913043,
      "eval_f1": 0.7919293820933165,
      "eval_precision": 0.6855895196506551,
      "eval_recall": 0.9373134328358209,
      "eval_auc": 0.9077157851639558,
      "eval_auprc": 0.8946257237411243,
      "eval_matthews_correlation": 0.5939172563212523,
      "eval_runtime": 2.4911,
      "eval_samples_per_second": 296.657,
      "eval_steps_per_second": 18.867,
      "epoch": 9.0
    },
    {
      "eval_loss": 0.37199822068214417,
      "eval_accuracy": 0.8641304347826086,
      "eval_f1": 0.8538011695906432,
      "eval_precision": 0.8342857142857143,
      "eval_recall": 0.874251497005988,
      "eval_auc": 0.9405964191020943,
      "eval_auprc": 0.9357244996962356,
      "eval_matthews_correlation": 0.7277216857781148,
      "eval_runtime": 2.4935,
      "eval_samples_per_second": 296.371,
      "eval_steps_per_second": 18.849,
      "epoch": 8.0
    },
    {
      "eval_loss": 0.32813262939453125,
      "eval_accuracy": 0.8586956521739131,
      "eval_f1": 0.8586956521739131,
      "eval_precision": 0.7860696517412935,
      "eval_recall": 0.9461077844311377,
      "eval_auc": 0.9548142520928292,
      "eval_auprc": 0.9432286038674957,
      "eval_matthews_correlation": 0.7321774361724313,
      "eval_runtime": 2.4679,
      "eval_samples_per_second": 299.45,
      "eval_steps_per_second": 19.045,
      "epoch": 7.0
    },
    {
      "eval_loss": 0.4658975303173065,
      "eval_accuracy": 0.8913043478260869,
      "eval_f1": 0.8843930635838152,
      "eval_precision": 0.8523676880222841,
      "eval_recall": 0.918918918918919,
      "eval_auc": 0.9595526047138951,
      "eval_auprc": 0.9527064946869734,
      "eval_matthews_correlation": 0.7840703990430398,
      "eval_runtime": 2.4938,
      "eval_samples_per_second": 295.928,
      "eval_steps_per_second": 18.846,
      "epoch": 8.0
    },
    {
      "eval_loss": 0.6060846447944641,
      "eval_accuracy": 0.8682065217391305,
      "eval_f1": 0.8505392912172572,
      "eval_precision": 0.8734177215189873,
      "eval_recall": 0.8288288288288288,
      "eval_auc": 0.9413035864648769,
      "eval_auprc": 0.9325755738713193,
      "eval_matthews_correlation": 0.7336270783073361,
      "eval_runtime": 2.4853,
      "eval_samples_per_second": 296.948,
      "eval_steps_per_second": 18.911,
      "epoch": 10.0
    }
  ],
  "test_metrics": {
    "eval_loss": 0.5310976505279541,
    "eval_accuracy": 0.8431513409961686,
    "eval_f1": 0.8318356867779204,
    "eval_precision": 0.819838056680162,
    "eval_recall": 0.8441896821261073,
    "eval_auc": 0.9243734333090982,
    "eval_auprc": 0.9092143466442191,
    "eval_matthews_correlation": 0.6851924059583429,
    "eval_runtime": 14.1495,
    "eval_samples_per_second": 295.841,
    "eval_steps_per_second": 18.517,
    "epoch": 9.0
  }
}