{
  "experiment": "cross_length",
  "model_type": "lamar",
  "variant": "tapt_512",
  "pair_name": "ADAR_K562_ENCSR202LKI",
  "pretrain_path": "/gpfs/bwfor/work/ws/fr_ml642-thesis_work/Thesis/LAMAR/src/pretrain/saving_model/tapt_lamar/checkpoint-98000/model.safetensors",
  "max_length": 1024,
  "n_folds": 5,
  "hyperparameters": {
    "learning_rate": 5e-05,
    "per_device_train_batch_size": 16,
    "weight_decay": 0.01,
    "warmup_ratio": 0.1,
    "num_train_epochs": 10,
    "gradient_accumulation_steps": 1,
    "early_stopping_patience": 3
  },
  "cv_metrics": {
    "epoch_mean": 6.2,
    "epoch_std": 2.227105745132009,
    "eval_accuracy_mean": 0.68,
    "eval_accuracy_std": 0.04782781617427247,
    "eval_auc_mean": 0.773211933442839,
    "eval_auc_std": 0.04653544793245163,
    "eval_auprc_mean": 0.6451995265902931,
    "eval_auprc_std": 0.06260099235663587,
    "eval_f1_mean": 0.4819047619047619,
    "eval_f1_std": 0.245806553366676,
    "eval_loss_mean": 0.6600958466529846,
    "eval_loss_std": 0.12249657805652579,
    "eval_matthews_correlation_mean": 0.29508485087822545,
    "eval_matthews_correlation_std": 0.1680773764512588,
    "eval_precision_mean": 0.4690983477576712,
    "eval_precision_std": 0.24492648743833959,
    "eval_recall_mean": 0.5080009534403305,
    "eval_recall_std": 0.27188486818805163,
    "eval_runtime_mean": 1.7221799999999998,
    "eval_runtime_std": 0.0005192301994298998,
    "eval_samples_per_second_mean": 54.5818,
    "eval_samples_per_second_std": 0.016117071694324886,
    "eval_steps_per_second_mean": 3.4838,
    "eval_steps_per_second_std": 0.0011661903789689316
  },
  "cv_fold_metrics": [
    {
      "eval_loss": 0.6147323846817017,
      "eval_accuracy": 0.7125,
      "eval_f1": 0.6666666666666667,
      "eval_precision": 0.5609756097560976,
      "eval_recall": 0.8214285714285714,
      "eval_auc": 0.7836538461538461,
      "eval_auprc": 0.7115633674795658,
      "eval_matthews_correlation": 0.4535249405778557,
      "eval_runtime": 1.7216,
      "eval_samples_per_second": 54.6,
      "eval_steps_per_second": 3.485,
      "epoch": 6.0
    },
    {
      "eval_loss": 0.8028842210769653,
      "eval_accuracy": 0.65,
      "eval_f1": 0.5333333333333333,
      "eval_precision": 0.5161290322580645,
      "eval_recall": 0.5517241379310345,
      "eval_auc": 0.7045300878972279,
      "eval_auprc": 0.5827350096048799,
      "eval_matthews_correlation": 0.2541920723120126,
      "eval_runtime": 1.7217,
      "eval_samples_per_second": 54.597,
      "eval_steps_per_second": 3.485,
      "epoch": 10.0
    },
    {
      "eval_loss": 0.5827009677886963,
      "eval_accuracy": 0.675,
      "eval_f1": 0.5666666666666665,
      "eval_precision": 0.5483870967741935,
      "eval_recall": 0.5862068965517241,
      "eval_auc": 0.7498309668695065,
      "eval_auprc": 0.6062576661292896,
      "eval_matthews_correlation": 0.3075657357896005,
      "eval_runtime": 1.723,
      "eval_samples_per_second": 54.557,
      "eval_steps_per_second": 3.482,
      "epoch": 4.0
    },
    {
      "eval_loss": 0.49778157472610474,
      "eval_accuracy": 0.75,
      "eval_f1": 0.6428571428571428,
      "eval_precision": 0.72,
      "eval_recall": 0.5806451612903226,
      "eval_auc": 0.8466096115865701,
      "eval_auprc": 0.7303890584051661,
      "eval_matthews_correlation": 0.4601415057116587,
      "eval_runtime": 1.7225,
      "eval_samples_per_second": 54.571,
      "eval_steps_per_second": 3.483,
      "epoch": 7.0
    },
    {
      "eval_loss": 0.8023800849914551,
      "eval_accuracy": 0.6125,
      "eval_f1": 0.0,
      "eval_precision": 0.0,
      "eval_recall": 0.0,
      "eval_auc": 0.7814351547070442,
      "eval_auprc": 0.5950525313325641,
      "eval_matthews_correlation": 0.0,
      "eval_runtime": 1.7221,
      "eval_samples_per_second": 54.584,
      "eval_steps_per_second": 3.484,
      "epoch": 4.0
    }
  ],
  "test_metrics": {
    "eval_loss": 0.5848186016082764,
    "eval_accuracy": 0.738013698630137,
    "eval_f1": 0.7479406919275123,
    "eval_precision": 0.703875968992248,
    "eval_recall": 0.7978910369068541,
    "eval_auc": 0.7650624503052832,
    "eval_auprc": 0.6695471420153614,
    "eval_matthews_correlation": 0.4815020789637403,
    "eval_runtime": 25.1553,
    "eval_samples_per_second": 46.591,
    "eval_steps_per_second": 2.942,
    "epoch": 4.0
  }
}