{
  "experiment": "cross_cell",
  "model_type": "dnabert2",
  "variant": "pretrained",
  "pair_name": "TARDBP_train_K562_test_HepG2_fixlen_101",
  "max_length": 128,
  "n_folds": 5,
  "hyperparameters": {
    "learning_rate": 5e-05,
    "per_device_train_batch_size": 16,
    "weight_decay": 0.01,
    "warmup_ratio": 0.1,
    "num_train_epochs": 10,
    "gradient_accumulation_steps": 1,
    "early_stopping_patience": 3
  },
  "cv_metrics": {
    "epoch_mean": 6.0,
    "epoch_std": 1.6733200530681511,
    "eval_accuracy_mean": 0.9651479613282892,
    "eval_accuracy_std": 0.0045520198463489875,
    "eval_auc_mean": 0.9885300325439006,
    "eval_auc_std": 0.0007480596042387503,
    "eval_auprc_mean": 0.976755875620601,
    "eval_auprc_std": 0.002683641114513474,
    "eval_f1_mean": 0.9536135436784123,
    "eval_f1_std": 0.006452661574860215,
    "eval_loss_mean": 0.15733837634325026,
    "eval_loss_std": 0.047018733876078106,
    "eval_matthews_correlation_mean": 0.9079356326798591,
    "eval_matthews_correlation_std": 0.012434106746140832,
    "eval_precision_mean": 0.9606038091449631,
    "eval_precision_std": 0.005743864175994128,
    "eval_recall_mean": 0.9475066592942374,
    "eval_recall_std": 0.010699329423425056,
    "eval_runtime_mean": 0.7572,
    "eval_runtime_std": 0.004178516483155259,
    "eval_samples_per_second_mean": 1288.4864000000002,
    "eval_samples_per_second_std": 7.105415866787777,
    "eval_steps_per_second_mean": 80.5636,
    "eval_steps_per_second_std": 0.4438912479425509
  },
  "cv_fold_metrics": [
    {
      "eval_loss": 0.10857940465211868,
      "eval_accuracy": 0.9702868852459017,
      "eval_f1": 0.960962530704906,
      "eval_matthews_correlation": 0.9219285102281906,
      "eval_precision": 0.9615711815625638,
      "eval_recall": 0.9603581267217631,
      "eval_auc": 0.9881046831955923,
      "eval_auprc": 0.9794144964866138,
      "eval_runtime": 0.7524,
      "eval_samples_per_second": 1297.118,
      "eval_steps_per_second": 81.07,
      "epoch": 5.0
    },
    {
      "eval_loss": 0.231967493891716,
      "eval_accuracy": 0.9651639344262295,
      "eval_f1": 0.9535519125683061,
      "eval_matthews_correlation": 0.9076103112661248,
      "eval_precision": 0.9613081004759627,
      "eval_recall": 0.9464242424242424,
      "eval_auc": 0.9898181818181819,
      "eval_auprc": 0.9753844247012712,
      "eval_runtime": 0.7587,
      "eval_samples_per_second": 1286.459,
      "eval_steps_per_second": 80.404,
      "epoch": 9.0
    },
    {
      "eval_loss": 0.10594542324542999,
      "eval_accuracy": 0.9682377049180327,
      "eval_f1": 0.9573575071843636,
      "eval_matthews_correlation": 0.9160093741372094,
      "eval_precision": 0.9702678902484242,
      "eval_recall": 0.9460612721527683,
      "eval_auc": 0.9885204011540046,
      "eval_auprc": 0.9803928087525219,
      "eval_runtime": 0.7608,
      "eval_samples_per_second": 1282.882,
      "eval_steps_per_second": 80.18,
      "epoch": 4.0
    },
    {
      "eval_loss": 0.16173551976680756,
      "eval_accuracy": 0.9651282051282051,
      "eval_f1": 0.9543951266756179,
      "eval_matthews_correlation": 0.9088038357263003,
      "eval_precision": 0.9532207073700849,
      "eval_recall": 0.9555862068965517,
      "eval_auc": 0.988648275862069,
      "eval_auprc": 0.975218439529413,
      "eval_runtime": 0.7521,
      "eval_samples_per_second": 1296.41,
      "eval_steps_per_second": 81.109,
      "epoch": 6.0
    },
    {
      "eval_loss": 0.17846404016017914,
      "eval_accuracy": 0.9569230769230769,
      "eval_f1": 0.9418006412588684,
      "eval_matthews_correlation": 0.8853261320414703,
      "eval_precision": 0.9566511660677799,
      "eval_recall": 0.929103448275862,
      "eval_auc": 0.9875586206896552,
      "eval_auprc": 0.9733692086331848,
      "eval_runtime": 0.762,
      "eval_samples_per_second": 1279.563,
      "eval_steps_per_second": 80.055,
      "epoch": 6.0
    }
  ],
  "test_metrics": {
    "eval_loss": 0.1302901655435562,
    "eval_accuracy": 0.9630925396668967,
    "eval_f1": 0.9624369698734372,
    "eval_matthews_correlation": 0.9254633971772577,
    "eval_precision": 0.964877212635352,
    "eval_recall": 0.9605960865771088,
    "eval_auc": 0.9902658610648349,
    "eval_auprc": 0.9898281235152728,
    "eval_runtime": 19.9699,
    "eval_samples_per_second": 1016.227,
    "eval_steps_per_second": 63.546,
    "epoch": 5.0
  }
}