{
  "experiment": "cross_cell",
  "model_type": "dnabert2",
  "variant": "pretrained",
  "pair_name": "XRN2_train_K562_test_HepG2_fixlen_101",
  "max_length": 128,
  "n_folds": 5,
  "hyperparameters": {
    "learning_rate": 5e-05,
    "per_device_train_batch_size": 16,
    "weight_decay": 0.01,
    "warmup_ratio": 0.1,
    "num_train_epochs": 10,
    "gradient_accumulation_steps": 1,
    "early_stopping_patience": 3
  },
  "cv_metrics": {
    "epoch_mean": 5.6,
    "epoch_std": 1.624807680927192,
    "eval_accuracy_mean": 0.910924182609576,
    "eval_accuracy_std": 0.012820962318083507,
    "eval_auc_mean": 0.9695058708446108,
    "eval_auc_std": 0.00347149066955271,
    "eval_auprc_mean": 0.9637511004094671,
    "eval_auprc_std": 0.003463402566945914,
    "eval_f1_mean": 0.9089255429007006,
    "eval_f1_std": 0.013565241454198091,
    "eval_loss_mean": 0.29742810428142546,
    "eval_loss_std": 0.05459299937186816,
    "eval_matthews_correlation_mean": 0.8200205029674066,
    "eval_matthews_correlation_std": 0.025133126591048972,
    "eval_precision_mean": 0.9123300085738497,
    "eval_precision_std": 0.01120929856359988,
    "eval_recall_mean": 0.9077480178343537,
    "eval_recall_std": 0.014961415864993135,
    "eval_runtime_mean": 0.34165999999999996,
    "eval_runtime_std": 0.0011620671237067143,
    "eval_samples_per_second_mean": 1301.3700000000001,
    "eval_samples_per_second_std": 3.983919979116024,
    "eval_steps_per_second_mean": 81.9576,
    "eval_steps_per_second_std": 0.27865290237138785
  },
  "cv_fold_metrics": [
    {
      "eval_loss": 0.22576673328876495,
      "eval_accuracy": 0.9146067415730337,
      "eval_f1": 0.912245194503259,
      "eval_matthews_correlation": 0.8269784113313654,
      "eval_precision": 0.9185393258426966,
      "eval_recall": 0.9085000205364111,
      "eval_auc": 0.9738982215468025,
      "eval_auprc": 0.9678771986060006,
      "eval_runtime": 0.3405,
      "eval_samples_per_second": 1307.081,
      "eval_steps_per_second": 82.243,
      "epoch": 4.0
    },
    {
      "eval_loss": 0.3595583438873291,
      "eval_accuracy": 0.9303370786516854,
      "eval_f1": 0.9290471904333291,
      "eval_matthews_correlation": 0.8581818679394992,
      "eval_precision": 0.9298862184111802,
      "eval_recall": 0.9282971207951698,
      "eval_auc": 0.972429868156241,
      "eval_auprc": 0.967931125241677,
      "eval_runtime": 0.3421,
      "eval_samples_per_second": 1300.734,
      "eval_steps_per_second": 81.844,
      "epoch": 8.0
    },
    {
      "eval_loss": 0.25203976035118103,
      "eval_accuracy": 0.903370786516854,
      "eval_f1": 0.9023271008478426,
      "eval_matthews_correlation": 0.8062273724092596,
      "eval_precision": 0.9006580818133809,
      "eval_recall": 0.9055843408175014,
      "eval_auc": 0.9642857142857143,
      "eval_auprc": 0.9604806804072592,
      "eval_runtime": 0.3437,
      "eval_samples_per_second": 1294.855,
      "eval_steps_per_second": 81.474,
      "epoch": 4.0
    },
    {
      "eval_loss": 0.35908055305480957,
      "eval_accuracy": 0.9144144144144144,
      "eval_f1": 0.9131294408402841,
      "eval_matthews_correlation": 0.8264113873983189,
      "eval_precision": 0.9122875521486262,
      "eval_recall": 0.9141258799000888,
      "eval_auc": 0.9696757013397188,
      "eval_auprc": 0.9622588446503191,
      "eval_runtime": 0.3407,
      "eval_samples_per_second": 1303.285,
      "eval_steps_per_second": 82.189,
      "epoch": 7.0
    },
    {
      "eval_loss": 0.2906951308250427,
      "eval_accuracy": 0.8918918918918919,
      "eval_f1": 0.8878787878787878,
      "eval_matthews_correlation": 0.7823034757585903,
      "eval_precision": 0.9002788646533648,
      "eval_recall": 0.8822327271225977,
      "eval_auc": 0.9672398488945771,
      "eval_auprc": 0.9602076531420795,
      "eval_runtime": 0.3413,
      "eval_samples_per_second": 1300.895,
      "eval_steps_per_second": 82.038,
      "epoch": 5.0
    }
  ],
  "test_metrics": {
    "eval_loss": 0.18775992095470428,
    "eval_accuracy": 0.9379032258064516,
    "eval_f1": 0.9366412846928449,
    "eval_matthews_correlation": 0.8750182537946358,
    "eval_precision": 0.9412885487346047,
    "eval_recall": 0.9337620739702718,
    "eval_auc": 0.9867215960425562,
    "eval_auprc": 0.9832328811442518,
    "eval_runtime": 1.8821,
    "eval_samples_per_second": 1317.664,
    "eval_steps_per_second": 82.354,
    "epoch": 5.0
  }
}