{
  "experiment": "cross_cell",
  "model_type": "lamar",
  "variant": "pretrained",
  "pair_name": "HNRNPC_train_K562_test_HepG2_fixlen_101",
  "pretrain_path": "/gpfs/bwfor/work/ws/fr_ml642-thesis_work/Thesis/LAMAR/weights",
  "max_length": 1024,
  "n_folds": 5,
  "hyperparameters": {
    "learning_rate": 5e-05,
    "per_device_train_batch_size": 16,
    "weight_decay": 0.01,
    "warmup_ratio": 0.1,
    "num_train_epochs": 10,
    "gradient_accumulation_steps": 1,
    "early_stopping_patience": 3
  },
  "cv_metrics": {
    "epoch_mean": 8.2,
    "epoch_std": 2.4,
    "eval_accuracy_mean": 0.8388888888888889,
    "eval_accuracy_std": 0.036851386559504436,
    "eval_auc_mean": 0.9333034899238069,
    "eval_auc_std": 0.015014801208328855,
    "eval_auprc_mean": 0.9225115234681877,
    "eval_auprc_std": 0.009690892556016585,
    "eval_f1_mean": 0.8251295754903962,
    "eval_f1_std": 0.0328184808981422,
    "eval_loss_mean": 0.4206277906894684,
    "eval_loss_std": 0.0675110852144907,
    "eval_matthews_correlation_mean": 0.6817360240407659,
    "eval_matthews_correlation_std": 0.06659497725929023,
    "eval_precision_mean": 0.7942721719149073,
    "eval_precision_std": 0.06472927811568949,
    "eval_recall_mean": 0.8631224398361494,
    "eval_recall_std": 0.032423070387568274,
    "eval_runtime_mean": 2.4872799999999997,
    "eval_runtime_std": 0.0013212115651931007,
    "eval_samples_per_second_mean": 61.19160000000001,
    "eval_samples_per_second_std": 0.16878341150717482,
    "eval_steps_per_second_mean": 4.0204,
    "eval_steps_per_second_std": 0.0020591260281974492
  },
  "cv_fold_metrics": [
    {
      "eval_loss": 0.5081992149353027,
      "eval_accuracy": 0.7986111111111112,
      "eval_f1": 0.7972027972027972,
      "eval_precision": 0.7215189873417721,
      "eval_recall": 0.890625,
      "eval_auc": 0.9146484375,
      "eval_auprc": 0.9127552663013984,
      "eval_matthews_correlation": 0.6147251822230821,
      "eval_runtime": 2.4869,
      "eval_samples_per_second": 61.523,
      "eval_steps_per_second": 4.021,
      "epoch": 4.0
    },
    {
      "eval_loss": 0.3804517984390259,
      "eval_accuracy": 0.8541666666666666,
      "eval_f1": 0.8292682926829269,
      "eval_precision": 0.85,
      "eval_recall": 0.8095238095238095,
      "eval_auc": 0.950225357632765,
      "eval_auprc": 0.9375187452123642,
      "eval_matthews_correlation": 0.7027642214999339,
      "eval_runtime": 2.488,
      "eval_samples_per_second": 61.093,
      "eval_steps_per_second": 4.019,
      "epoch": 10.0
    },
    {
      "eval_loss": 0.33725324273109436,
      "eval_accuracy": 0.9027777777777778,
      "eval_f1": 0.8870967741935484,
      "eval_precision": 0.8870967741935484,
      "eval_recall": 0.8870967741935484,
      "eval_auc": 0.9494492525570417,
      "eval_auprc": 0.9183891333560879,
      "eval_matthews_correlation": 0.8017309205350118,
      "eval_runtime": 2.4873,
      "eval_samples_per_second": 61.11,
      "eval_steps_per_second": 4.02,
      "epoch": 10.0
    },
    {
      "eval_loss": 0.3842698335647583,
      "eval_accuracy": 0.8125,
      "eval_f1": 0.8029197080291971,
      "eval_precision": 0.7333333333333333,
      "eval_recall": 0.8870967741935484,
      "eval_auc": 0.9341070023603462,
      "eval_auprc": 0.9300569462759736,
      "eval_matthews_correlation": 0.6375141148011206,
      "eval_runtime": 2.4891,
      "eval_samples_per_second": 61.067,
      "eval_steps_per_second": 4.018,
      "epoch": 7.0
    },
    {
      "eval_loss": 0.49296486377716064,
      "eval_accuracy": 0.8263888888888888,
      "eval_f1": 0.8091603053435115,
      "eval_precision": 0.7794117647058824,
      "eval_recall": 0.8412698412698413,
      "eval_auc": 0.918087399568881,
      "eval_auprc": 0.9138375261951145,
      "eval_matthews_correlation": 0.6519456811446811,
      "eval_runtime": 2.4851,
      "eval_samples_per_second": 61.165,
      "eval_steps_per_second": 4.024,
      "epoch": 10.0
    }
  ],
  "test_metrics": {
    "eval_loss": 0.385341614484787,
    "eval_accuracy": 0.8718575418994413,
    "eval_f1": 0.8703638290356766,
    "eval_precision": 0.8666901160745691,
    "eval_recall": 0.8740688187300462,
    "eval_auc": 0.9479267715232456,
    "eval_auprc": 0.9461660355766845,
    "eval_matthews_correlation": 0.7437116732436161,
    "eval_runtime": 98.674,
    "eval_samples_per_second": 58.06,
    "eval_steps_per_second": 3.638,
    "epoch": 10.0
  }
}