{
  "experiment": "cross_length",
  "model_type": "lamar",
  "variant": "tapt_512",
  "pair_name": "DDX47_K562_ENCSR631HUN",
  "pretrain_path": "/gpfs/bwfor/work/ws/fr_ml642-thesis_work/Thesis/LAMAR/src/pretrain/saving_model/tapt_lamar/checkpoint-98000/model.safetensors",
  "max_length": 1024,
  "n_folds": 5,
  "hyperparameters": {
    "learning_rate": 5e-05,
    "per_device_train_batch_size": 16,
    "weight_decay": 0.01,
    "warmup_ratio": 0.1,
    "num_train_epochs": 10,
    "gradient_accumulation_steps": 1,
    "early_stopping_patience": 3
  },
  "cv_metrics": {
    "epoch_mean": 5.8,
    "epoch_std": 1.16619037896906,
    "eval_accuracy_mean": 0.76875,
    "eval_accuracy_std": 0.06123724356957945,
    "eval_auc_mean": 0.8499701988832424,
    "eval_auc_std": 0.07158058658468654,
    "eval_auprc_mean": 0.7289442991671512,
    "eval_auprc_std": 0.11713527208723593,
    "eval_f1_mean": 0.5883116883116882,
    "eval_f1_std": 0.09602586434687284,
    "eval_loss_mean": 0.5150505185127259,
    "eval_loss_std": 0.14448865948793163,
    "eval_matthews_correlation_mean": 0.44160431679823714,
    "eval_matthews_correlation_std": 0.14173429062332968,
    "eval_precision_mean": 0.6768831168831169,
    "eval_precision_std": 0.1501770473665765,
    "eval_recall_mean": 0.5343434343434343,
    "eval_recall_std": 0.10293122588167271,
    "eval_runtime_mean": 0.69484,
    "eval_runtime_std": 0.0011341957503006276,
    "eval_samples_per_second_mean": 57.2792,
    "eval_samples_per_second_std": 0.5849538101423042,
    "eval_steps_per_second_mean": 4.317400000000001,
    "eval_steps_per_second_std": 0.006945502141674188
  },
  "cv_fold_metrics": [
    {
      "eval_loss": 0.48645347356796265,
      "eval_accuracy": 0.75,
      "eval_f1": 0.5,
      "eval_precision": 0.5,
      "eval_recall": 0.5,
      "eval_auc": 0.7916666666666666,
      "eval_auprc": 0.6125738217414419,
      "eval_matthews_correlation": 0.3333333333333333,
      "eval_runtime": 0.6964,
      "eval_samples_per_second": 57.439,
      "eval_steps_per_second": 4.308,
      "epoch": 7.0
    },
    {
      "eval_loss": 0.7814298272132874,
      "eval_accuracy": 0.65625,
      "eval_f1": 0.47619047619047616,
      "eval_precision": 0.5,
      "eval_recall": 0.45454545454545453,
      "eval_auc": 0.748917748917749,
      "eval_auprc": 0.5793180962647366,
      "eval_matthews_correlation": 0.22179547112466663,
      "eval_runtime": 0.6957,
      "eval_samples_per_second": 57.498,
      "eval_steps_per_second": 4.312,
      "epoch": 4.0
    },
    {
      "eval_loss": 0.3631364107131958,
      "eval_accuracy": 0.8125,
      "eval_f1": 0.5714285714285714,
      "eval_precision": 0.8,
      "eval_recall": 0.4444444444444444,
      "eval_auc": 0.9516908212560387,
      "eval_auprc": 0.8730870980870981,
      "eval_matthews_correlation": 0.49650775412030823,
      "eval_runtime": 0.6939,
      "eval_samples_per_second": 57.641,
      "eval_steps_per_second": 4.323,
      "epoch": 7.0
    },
    {
      "eval_loss": 0.5261746048927307,
      "eval_accuracy": 0.8125,
      "eval_f1": 0.6666666666666665,
      "eval_precision": 0.8571428571428571,
      "eval_recall": 0.5454545454545454,
      "eval_auc": 0.8787878787878788,
      "eval_auprc": 0.8371572871572872,
      "eval_matthews_correlation": 0.5719694409972929,
      "eval_runtime": 0.6933,
      "eval_samples_per_second": 57.694,
      "eval_steps_per_second": 4.327,
      "epoch": 5.0
    },
    {
      "eval_loss": 0.41805827617645264,
      "eval_accuracy": 0.8125,
      "eval_f1": 0.7272727272727273,
      "eval_precision": 0.7272727272727273,
      "eval_recall": 0.7272727272727273,
      "eval_auc": 0.8787878787878788,
      "eval_auprc": 0.7425851925851925,
      "eval_matthews_correlation": 0.5844155844155844,
      "eval_runtime": 0.6949,
      "eval_samples_per_second": 56.124,
      "eval_steps_per_second": 4.317,
      "epoch": 6.0
    }
  ],
  "test_metrics": {
    "eval_loss": 0.4237469434738159,
    "eval_accuracy": 0.8382352941176471,
    "eval_f1": 0.8370370370370371,
    "eval_precision": 0.795774647887324,
    "eval_recall": 0.8828125,
    "eval_auc": 0.908203125,
    "eval_auprc": 0.8946519682393371,
    "eval_matthews_correlation": 0.6809066256925408,
    "eval_runtime": 5.9065,
    "eval_samples_per_second": 47.067,
    "eval_steps_per_second": 3.047,
    "epoch": 4.0
  }
}