{
  "experiment": "cross_length",
  "model_type": "lamar",
  "variant": "random",
  "pair_name": "NSUN2_HepG2_ENCSR379GZS",
  "pretrain_path": "",
  "max_length": 1024,
  "n_folds": 5,
  "hyperparameters": {
    "learning_rate": 5e-05,
    "per_device_train_batch_size": 16,
    "weight_decay": 0.01,
    "warmup_ratio": 0.1,
    "num_train_epochs": 10,
    "gradient_accumulation_steps": 1,
    "early_stopping_patience": 3
  },
  "cv_metrics": {
    "epoch_mean": 6.6,
    "epoch_std": 2.1540659228538015,
    "eval_accuracy_mean": 0.76875,
    "eval_accuracy_std": 0.0318688719599549,
    "eval_auc_mean": 0.8099999999999999,
    "eval_auc_std": 0.08766254743174091,
    "eval_auprc_mean": 0.7870517916757166,
    "eval_auprc_std": 0.053496879824796006,
    "eval_f1_mean": 0.6090294246815986,
    "eval_f1_std": 0.11946529706801513,
    "eval_loss_mean": 0.5466980934143066,
    "eval_loss_std": 0.09120792799284613,
    "eval_matthews_correlation_mean": 0.5017913452307219,
    "eval_matthews_correlation_std": 0.06128621215980752,
    "eval_precision_mean": 0.8276767676767678,
    "eval_precision_std": 0.09280536312604264,
    "eval_recall_mean": 0.5166666666666667,
    "eval_recall_std": 0.16158932858054428,
    "eval_runtime_mean": 0.68816,
    "eval_runtime_std": 0.0010947145746722877,
    "eval_samples_per_second_mean": 46.7918,
    "eval_samples_per_second_std": 0.6552161170178878,
    "eval_steps_per_second_mean": 3.1978,
    "eval_steps_per_second_std": 0.5876006807347998
  },
  "cv_fold_metrics": [
    {
      "eval_loss": 0.4954223036766052,
      "eval_accuracy": 0.78125,
      "eval_f1": 0.6666666666666666,
      "eval_precision": 0.7777777777777778,
      "eval_recall": 0.5833333333333334,
      "eval_auc": 0.825,
      "eval_auprc": 0.7957287974402579,
      "eval_matthews_correlation": 0.5204358386562267,
      "eval_runtime": 0.686,
      "eval_samples_per_second": 48.102,
      "eval_steps_per_second": 4.373,
      "epoch": 10.0
    },
    {
      "eval_loss": 0.684211254119873,
      "eval_accuracy": 0.71875,
      "eval_f1": 0.4,
      "eval_precision": 1.0,
      "eval_recall": 0.25,
      "eval_auc": 0.8166666666666667,
      "eval_auprc": 0.7337478425713719,
      "eval_matthews_correlation": 0.4152273992686999,
      "eval_runtime": 0.6889,
      "eval_samples_per_second": 46.449,
      "eval_steps_per_second": 2.903,
      "epoch": 4.0
    },
    {
      "eval_loss": 0.45700985193252563,
      "eval_accuracy": 0.78125,
      "eval_f1": 0.6956521739130435,
      "eval_precision": 0.7272727272727273,
      "eval_recall": 0.6666666666666666,
      "eval_auc": 0.8583333333333333,
      "eval_auprc": 0.8332083385962696,
      "eval_matthews_correlation": 0.5266354311522131,
      "eval_runtime": 0.6889,
      "eval_samples_per_second": 46.452,
      "eval_steps_per_second": 2.903,
      "epoch": 6.0
    },
    {
      "eval_loss": 0.6259006857872009,
      "eval_accuracy": 0.75,
      "eval_f1": 0.5555555555555556,
      "eval_precision": 0.8333333333333334,
      "eval_recall": 0.4166666666666667,
      "eval_auc": 0.6458333333333333,
      "eval_auprc": 0.7182378066845108,
      "eval_matthews_correlation": 0.4547940268270977,
      "eval_runtime": 0.6885,
      "eval_samples_per_second": 46.478,
      "eval_steps_per_second": 2.905,
      "epoch": 5.0
    },
    {
      "eval_loss": 0.47094637155532837,
      "eval_accuracy": 0.8125,
      "eval_f1": 0.7272727272727272,
      "eval_precision": 0.8,
      "eval_recall": 0.6666666666666666,
      "eval_auc": 0.9041666666666667,
      "eval_auprc": 0.8543361730861729,
      "eval_matthews_correlation": 0.5918640302493726,
      "eval_runtime": 0.6885,
      "eval_samples_per_second": 46.478,
      "eval_steps_per_second": 2.905,
      "epoch": 8.0
    }
  ],
  "test_metrics": {
    "eval_loss": 0.9138001799583435,
    "eval_accuracy": 0.5649038461538461,
    "eval_f1": 0.2026431718061674,
    "eval_precision": 0.9583333333333334,
    "eval_recall": 0.11330049261083744,
    "eval_auc": 0.7980295566502462,
    "eval_auprc": 0.7953756550821444,
    "eval_matthews_correlation": 0.2328314341233866,
    "eval_runtime": 8.9246,
    "eval_samples_per_second": 47.509,
    "eval_steps_per_second": 3.025,
    "epoch": 6.0
  }
}