{
  "experiment": "cross_length",
  "model_type": "dnabert2",
  "variant": "tapt_v3",
  "pair_name": "GEMIN5_K562_ENCSR238CLX",
  "max_length": 256,
  "n_folds": 5,
  "hyperparameters": {
    "learning_rate": 5e-05,
    "per_device_train_batch_size": 16,
    "weight_decay": 0.01,
    "warmup_ratio": 0.1,
    "num_train_epochs": 10,
    "gradient_accumulation_steps": 1,
    "early_stopping_patience": 3
  },
  "cv_metrics": {
    "epoch_mean": 5.6,
    "epoch_std": 0.7999999999999999,
    "eval_accuracy_mean": 0.9100697716023616,
    "eval_accuracy_std": 0.014693722879072372,
    "eval_auc_mean": 0.9579753145472258,
    "eval_auc_std": 0.008110137779492502,
    "eval_auprc_mean": 0.9268477059632725,
    "eval_auprc_std": 0.012424788398336587,
    "eval_f1_mean": 0.8921969358983798,
    "eval_f1_std": 0.01605994644231027,
    "eval_loss_mean": 0.27224738597869874,
    "eval_loss_std": 0.013815577568862068,
    "eval_matthews_correlation_mean": 0.7889920434055675,
    "eval_matthews_correlation_std": 0.0319499551462213,
    "eval_precision_mean": 0.9073366178486066,
    "eval_precision_std": 0.02368590611979652,
    "eval_recall_mean": 0.8823927551872345,
    "eval_recall_std": 0.014877373258204209,
    "eval_runtime_mean": 0.2193,
    "eval_runtime_std": 0.006980257874892586,
    "eval_samples_per_second_mean": 1867.8852,
    "eval_samples_per_second_std": 59.420650011254516,
    "eval_steps_per_second_mean": 118.68500000000002,
    "eval_steps_per_second_std": 3.836018717368307
  },
  "cv_fold_metrics": [
    {
      "eval_loss": 0.2663270831108093,
      "eval_accuracy": 0.9073170731707317,
      "eval_f1": 0.8851879145173176,
      "eval_matthews_correlation": 0.7795176563809798,
      "eval_precision": 0.915530818127194,
      "eval_recall": 0.8655852647394341,
      "eval_auc": 0.9713419214824296,
      "eval_auprc": 0.9280465251861855,
      "eval_runtime": 0.2269,
      "eval_samples_per_second": 1806.953,
      "eval_steps_per_second": 114.587,
      "epoch": 5.0
    },
    {
      "eval_loss": 0.25917160511016846,
      "eval_accuracy": 0.9290953545232273,
      "eval_f1": 0.9138615946607405,
      "eval_matthews_correlation": 0.8323214372967954,
      "eval_precision": 0.9342657342657343,
      "eval_recall": 0.8988105210252973,
      "eval_auc": 0.9625006980510415,
      "eval_auprc": 0.9458158872484571,
      "eval_runtime": 0.2237,
      "eval_samples_per_second": 1828.6,
      "eval_steps_per_second": 116.244,
      "epoch": 7.0
    },
    {
      "eval_loss": 0.2948494553565979,
      "eval_accuracy": 0.8997555012224939,
      "eval_f1": 0.8782181165893229,
      "eval_matthews_correlation": 0.7608197637293959,
      "eval_precision": 0.8969595621769535,
      "eval_recall": 0.8645501759088625,
      "eval_auc": 0.9486234433461774,
      "eval_auprc": 0.9093333149689308,
      "eval_runtime": 0.2088,
      "eval_samples_per_second": 1959.096,
      "eval_steps_per_second": 124.539,
      "epoch": 6.0
    },
    {
      "eval_loss": 0.2596980035305023,
      "eval_accuracy": 0.9242053789731052,
      "eval_f1": 0.9088215623808942,
      "eval_matthews_correlation": 0.8202606032083846,
      "eval_precision": 0.9232381801962533,
      "eval_recall": 0.8974283799631428,
      "eval_auc": 0.9520020103869995,
      "eval_auprc": 0.9326057397217897,
      "eval_runtime": 0.2133,
      "eval_samples_per_second": 1917.322,
      "eval_steps_per_second": 121.884,
      "epoch": 5.0
    },
    {
      "eval_loss": 0.28119078278541565,
      "eval_accuracy": 0.8899755501222494,
      "eval_f1": 0.8748954913436244,
      "eval_matthews_correlation": 0.7520407564122823,
      "eval_precision": 0.8666887944768986,
      "eval_recall": 0.8855894342994359,
      "eval_auc": 0.9554084994694811,
      "eval_auprc": 0.9184370626909989,
      "eval_runtime": 0.2238,
      "eval_samples_per_second": 1827.455,
      "eval_steps_per_second": 116.171,
      "epoch": 5.0
    }
  ],
  "test_metrics": {
    "eval_loss": 0.3255084455013275,
    "eval_accuracy": 0.9126891734575088,
    "eval_f1": 0.9121138611480856,
    "eval_matthews_correlation": 0.8253323812592475,
    "eval_precision": 0.9143137007012903,
    "eval_recall": 0.9110252318485171,
    "eval_auc": 0.9655604896477535,
    "eval_auprc": 0.9655178618546599,
    "eval_runtime": 2.0932,
    "eval_samples_per_second": 1641.536,
    "eval_steps_per_second": 102.715,
    "epoch": 8.0
  }
}