{
  "experiment": "cross_length",
  "model_type": "lamar",
  "variant": "pretrained",
  "pair_name": "HLTF_HepG2_ENCSR647HOX",
  "pretrain_path": "/gpfs/bwfor/work/ws/fr_ml642-thesis_work/Thesis/LAMAR/weights",
  "max_length": 1024,
  "n_folds": 5,
  "hyperparameters": {
    "learning_rate": 5e-05,
    "per_device_train_batch_size": 16,
    "weight_decay": 0.01,
    "warmup_ratio": 0.1,
    "num_train_epochs": 10,
    "gradient_accumulation_steps": 1,
    "early_stopping_patience": 3
  },
  "cv_metrics": {
    "epoch_mean": 9.0,
    "epoch_std": 1.5491933384829668,
    "eval_accuracy_mean": 0.7160714285714286,
    "eval_accuracy_std": 0.01605157503874586,
    "eval_auc_mean": 0.7678679340845328,
    "eval_auc_std": 0.02135898922904998,
    "eval_auprc_mean": 0.5395072279594058,
    "eval_auprc_std": 0.03175818111966824,
    "eval_f1_mean": 0.5309334532523394,
    "eval_f1_std": 0.07499736332245505,
    "eval_loss_mean": 0.5252652168273926,
    "eval_loss_std": 0.014004675146887186,
    "eval_matthews_correlation_mean": 0.33618062037787616,
    "eval_matthews_correlation_std": 0.06455650629821809,
    "eval_precision_mean": 0.5547302580836483,
    "eval_precision_std": 0.0307882117585563,
    "eval_recall_mean": 0.5259533727400124,
    "eval_recall_std": 0.12915989280421433,
    "eval_runtime_mean": 9.311860000000001,
    "eval_runtime_std": 0.005278105720805661,
    "eval_samples_per_second_mean": 61.6206,
    "eval_samples_per_second_std": 0.07114942023657041,
    "eval_steps_per_second_mean": 3.8658,
    "eval_steps_per_second_std": 0.0021354156504063515
  },
  "cv_fold_metrics": [
    {
      "eval_loss": 0.5154097676277161,
      "eval_accuracy": 0.7321428571428571,
      "eval_f1": 0.512987012987013,
      "eval_precision": 0.6030534351145038,
      "eval_recall": 0.4463276836158192,
      "eval_auc": 0.7852369783599592,
      "eval_auprc": 0.5770667884893957,
      "eval_matthews_correlation": 0.3410858290855286,
      "eval_runtime": 9.3039,
      "eval_samples_per_second": 61.695,
      "eval_steps_per_second": 3.869,
      "epoch": 9.0
    },
    {
      "eval_loss": 0.5350160598754883,
      "eval_accuracy": 0.7071428571428572,
      "eval_f1": 0.5900000000000001,
      "eval_precision": 0.5244444444444445,
      "eval_recall": 0.6742857142857143,
      "eval_auc": 0.7576549165120593,
      "eval_auprc": 0.5075755439182458,
      "eval_matthews_correlation": 0.37473954973713786,
      "eval_runtime": 9.3094,
      "eval_samples_per_second": 61.658,
      "eval_steps_per_second": 3.867,
      "epoch": 10.0
    },
    {
      "eval_loss": 0.5482028722763062,
      "eval_accuracy": 0.6892857142857143,
      "eval_f1": 0.39160839160839156,
      "eval_precision": 0.5185185185185185,
      "eval_recall": 0.3146067415730337,
      "eval_auc": 0.7309694687922819,
      "eval_auprc": 0.49622275304989805,
      "eval_matthews_correlation": 0.21064579307880077,
      "eval_runtime": 9.3161,
      "eval_samples_per_second": 61.614,
      "eval_steps_per_second": 3.864,
      "epoch": 6.0
    },
    {
      "eval_loss": 0.5147530436515808,
      "eval_accuracy": 0.7214285714285714,
      "eval_f1": 0.5737704918032788,
      "eval_precision": 0.5614973262032086,
      "eval_recall": 0.5865921787709497,
      "eval_auc": 0.7767709203947272,
      "eval_auprc": 0.55446242526443,
      "eval_matthews_correlation": 0.36721425161995047,
      "eval_runtime": 9.3109,
      "eval_samples_per_second": 61.648,
      "eval_steps_per_second": 3.866,
      "epoch": 10.0
    },
    {
      "eval_loss": 0.5129443407058716,
      "eval_accuracy": 0.7303571428571428,
      "eval_f1": 0.5863013698630137,
      "eval_precision": 0.5661375661375662,
      "eval_recall": 0.6079545454545454,
      "eval_auc": 0.7887073863636364,
      "eval_auprc": 0.5622086290750594,
      "eval_matthews_correlation": 0.3872176783679628,
      "eval_runtime": 9.319,
      "eval_samples_per_second": 61.488,
      "eval_steps_per_second": 3.863,
      "epoch": 10.0
    }
  ],
  "test_metrics": {
    "eval_loss": 0.6554670929908752,
    "eval_accuracy": 0.6595659163987139,
    "eval_f1": 0.576076076076076,
    "eval_precision": 0.7014015843997562,
    "eval_recall": 0.48874734607218684,
    "eval_auc": 0.7577588657997507,
    "eval_auprc": 0.6910454092037864,
    "eval_matthews_correlation": 0.3205087934846833,
    "eval_runtime": 82.6544,
    "eval_samples_per_second": 60.36,
    "eval_steps_per_second": 3.775,
    "epoch": 5.0
  }
}