{
  "experiment": "cross_cell",
  "model_type": "lamar",
  "variant": "pretrained_custom",
  "pair_name": "DDX55_train_K562_test_HepG2_fixlen_101",
  "pretrain_path": "/gpfs/bwfor/work/ws/fr_ml642-thesis_work/Thesis/LAMAR/src/pretrain/saving_model/tapt_512_standard_collator_1gpu/checkpoint-265000/model.safetensors",
  "max_length": 512,
  "n_folds": 5,
  "hyperparameters": {
    "learning_rate": 5e-05,
    "per_device_train_batch_size": 16,
    "weight_decay": 0.01,
    "warmup_ratio": 0.1,
    "num_train_epochs": 10,
    "gradient_accumulation_steps": 1,
    "early_stopping_patience": 3
  },
  "cv_metrics": {
    "epoch_mean": 8.8,
    "epoch_std": 1.1661903789690602,
    "eval_accuracy_mean": 0.7581249999999999,
    "eval_accuracy_std": 0.029882582719704794,
    "eval_auc_mean": 0.83317557961443,
    "eval_auc_std": 0.02463374153260149,
    "eval_auprc_mean": 0.7797263371412477,
    "eval_auprc_std": 0.026030000084634394,
    "eval_f1_mean": 0.7241342136876485,
    "eval_f1_std": 0.044201787430268466,
    "eval_loss_mean": 0.5786962687969208,
    "eval_loss_std": 0.08878909608235931,
    "eval_matthews_correlation_mean": 0.5170319832064234,
    "eval_matthews_correlation_std": 0.05940123703760268,
    "eval_precision_mean": 0.7370962285500131,
    "eval_precision_std": 0.0549461827497049,
    "eval_recall_mean": 0.7253088036726034,
    "eval_recall_std": 0.10179569956668692,
    "eval_runtime_mean": 2.46762,
    "eval_runtime_std": 0.0007782030583338182,
    "eval_samples_per_second_mean": 130.247,
    "eval_samples_per_second_std": 0.2301347431397514,
    "eval_steps_per_second_mean": 8.5102,
    "eval_steps_per_second_std": 0.00256124969497283
  },
  "cv_fold_metrics": [
    {
      "eval_loss": 0.6495830416679382,
      "eval_accuracy": 0.71875,
      "eval_f1": 0.7133757961783439,
      "eval_precision": 0.6511627906976745,
      "eval_recall": 0.7887323943661971,
      "eval_auc": 0.8112834309226143,
      "eval_auprc": 0.7716259786244744,
      "eval_matthews_correlation": 0.4500540825121928,
      "eval_runtime": 2.4673,
      "eval_samples_per_second": 130.506,
      "eval_steps_per_second": 8.511,
      "epoch": 10.0
    },
    {
      "eval_loss": 0.47581496834754944,
      "eval_accuracy": 0.796875,
      "eval_f1": 0.7766323024054984,
      "eval_precision": 0.7533333333333333,
      "eval_recall": 0.8014184397163121,
      "eval_auc": 0.8561353460913665,
      "eval_auprc": 0.7889253474436703,
      "eval_matthews_correlation": 0.5916631620493109,
      "eval_runtime": 2.4665,
      "eval_samples_per_second": 130.548,
      "eval_steps_per_second": 8.514,
      "epoch": 7.0
    },
    {
      "eval_loss": 0.48243850469589233,
      "eval_accuracy": 0.778125,
      "eval_f1": 0.7702265372168285,
      "eval_precision": 0.7168674698795181,
      "eval_recall": 0.8321678321678322,
      "eval_auc": 0.8556358895341946,
      "eval_auprc": 0.8061967822455752,
      "eval_matthews_correlation": 0.5638202396233672,
      "eval_runtime": 2.4678,
      "eval_samples_per_second": 130.077,
      "eval_steps_per_second": 8.51,
      "epoch": 9.0
    },
    {
      "eval_loss": 0.5866168141365051,
      "eval_accuracy": 0.76875,
      "eval_f1": 0.7016129032258064,
      "eval_precision": 0.8207547169811321,
      "eval_recall": 0.6126760563380281,
      "eval_auc": 0.8463760088621617,
      "eval_auprc": 0.7987812079032148,
      "eval_matthews_correlation": 0.534058258139096,
      "eval_runtime": 2.4689,
      "eval_samples_per_second": 130.019,
      "eval_steps_per_second": 8.506,
      "epoch": 8.0
    },
    {
      "eval_loss": 0.6990280151367188,
      "eval_accuracy": 0.728125,
      "eval_f1": 0.6588235294117648,
      "eval_precision": 0.7433628318584071,
      "eval_recall": 0.5915492957746479,
      "eval_auc": 0.7964472226618136,
      "eval_auprc": 0.7331023694893039,
      "eval_matthews_correlation": 0.44556417370815077,
      "eval_runtime": 2.4676,
      "eval_samples_per_second": 130.085,
      "eval_steps_per_second": 8.51,
      "epoch": 10.0
    }
  ],
  "test_metrics": {
    "eval_loss": 0.8003125786781311,
    "eval_accuracy": 0.689625850340136,
    "eval_f1": 0.6324269889224572,
    "eval_precision": 0.6977777777777778,
    "eval_recall": 0.578268876611418,
    "eval_auc": 0.7600052659294366,
    "eval_auprc": 0.7006679772960926,
    "eval_matthews_correlation": 0.37276469968887793,
    "eval_runtime": 18.0733,
    "eval_samples_per_second": 130.358,
    "eval_steps_per_second": 8.189,
    "epoch": 10.0
  }
}