{
  "task_id": "data/GTF2F1_K562_IDR",
  "model_variant": "dnabert2_tapt_v3",
  "best_layer": 1,
  "best_auroc": 0.95306396484375,
  "layer_aurocs": {
    "0": 0.918243408203125,
    "1": 0.95306396484375,
    "2": 0.950958251953125,
    "3": 0.9495849609375,
    "4": 0.94183349609375,
    "5": 0.943817138671875,
    "6": 0.9407958984375,
    "7": 0.93896484375,
    "8": 0.93280029296875,
    "9": 0.938140869140625,
    "10": 0.936126708984375,
    "11": 0.932403564453125,
    "12": 0.920135498046875
  }
}