{
  "task_id": "data/HNRNPL_K562_IDR",
  "model_variant": "dnabert2_tapt_v3",
  "best_layer": 3,
  "best_auroc": 0.90142822265625,
  "layer_aurocs": {
    "0": 0.87017822265625,
    "1": 0.899139404296875,
    "2": 0.895782470703125,
    "3": 0.90142822265625,
    "4": 0.87811279296875,
    "5": 0.881439208984375,
    "6": 0.882720947265625,
    "7": 0.8829345703125,
    "8": 0.877838134765625,
    "9": 0.878936767578125,
    "10": 0.884979248046875,
    "11": 0.882110595703125,
    "12": 0.884307861328125
  }
}