{
  "task_id": "data/HNRNPM_HepG2_IDR",
  "model_variant": "dnabert2_tapt_v3",
  "best_layer": 3,
  "best_auroc": 0.93743896484375,
  "layer_aurocs": {
    "0": 0.900299072265625,
    "1": 0.928863525390625,
    "2": 0.93585205078125,
    "3": 0.93743896484375,
    "4": 0.91473388671875,
    "5": 0.888702392578125,
    "6": 0.908203125,
    "7": 0.899658203125,
    "8": 0.9031982421875,
    "9": 0.89617919921875,
    "10": 0.889007568359375,
    "11": 0.8988037109375,
    "12": 0.89361572265625
  }
}