{
  "task_id": "data/ILF3_HepG2_IDR",
  "model_variant": "dnabert2_tapt_v3",
  "best_layer": 9,
  "best_auroc": 0.8748779296875,
  "layer_aurocs": {
    "0": 0.843414306640625,
    "1": 0.858673095703125,
    "2": 0.862762451171875,
    "3": 0.870941162109375,
    "4": 0.86083984375,
    "5": 0.870361328125,
    "6": 0.867279052734375,
    "7": 0.87176513671875,
    "8": 0.874267578125,
    "9": 0.8748779296875,
    "10": 0.872100830078125,
    "11": 0.867706298828125,
    "12": 0.847442626953125
  }
}