{
  "task_id": "data/KHSRP_K562_IDR",
  "model_variant": "dnabert2_tapt_v3",
  "best_layer": 3,
  "best_auroc": 0.922454833984375,
  "layer_aurocs": {
    "0": 0.882171630859375,
    "1": 0.898284912109375,
    "2": 0.919525146484375,
    "3": 0.922454833984375,
    "4": 0.92022705078125,
    "5": 0.90423583984375,
    "6": 0.89202880859375,
    "7": 0.877685546875,
    "8": 0.869049072265625,
    "9": 0.887603759765625,
    "10": 0.897125244140625,
    "11": 0.8917236328125,
    "12": 0.886932373046875
  }
}