{
  "task_id": "finetune_data_koo/SF3B4_K562_200",
  "model_variant": "dnabert2_tapt_v3",
  "best_layer": 4,
  "best_auroc": 0.93377685546875,
  "layer_aurocs": {
    "0": 0.79290771484375,
    "1": 0.876129150390625,
    "2": 0.879241943359375,
    "3": 0.89288330078125,
    "4": 0.93377685546875,
    "5": 0.900054931640625,
    "6": 0.894439697265625,
    "7": 0.8883056640625,
    "8": 0.8876953125,
    "9": 0.881103515625,
    "10": 0.876495361328125,
    "11": 0.871734619140625,
    "12": 0.861907958984375
  }
}