{
  "task_id": "finetune_data_koo/PUM2_K562_200",
  "model_variant": "dnabert2_tapt_v3",
  "best_layer": 4,
  "best_auroc": 0.8796654732492332,
  "layer_aurocs": {
    "0": 0.7914373871317162,
    "1": 0.8321184159372997,
    "2": 0.8514058140399203,
    "3": 0.8673672096593792,
    "4": 0.8796654732492332,
    "5": 0.8402967207933719,
    "6": 0.8489944634038523,
    "7": 0.8437147174847546,
    "8": 0.8568072484059552,
    "9": 0.8471019339490153,
    "10": 0.8337957576278335,
    "11": 0.8356575347969313,
    "12": 0.7889341261115752
  }
}