{
  "task_id": "finetune_data_koo/QKI_K562_200",
  "model_variant": "dnabert2_tapt_v3",
  "best_layer": 1,
  "best_auroc": 0.9595631751532171,
  "layer_aurocs": {
    "0": 0.9490952174218082,
    "1": 0.9595631751532171,
    "2": 0.9589221253249843,
    "3": 0.9548325556389674,
    "4": 0.947019752009276,
    "5": 0.925107644735468,
    "6": 0.9302346462921979,
    "7": 0.9164706671812054,
    "8": 0.9182713812526705,
    "9": 0.9134795123649038,
    "10": 0.9327674190006886,
    "11": 0.9455244800935755,
    "12": 0.931608008092659
  }
}