{
  "task_id": "finetune_data_koo/RBFOX2_K562_200",
  "model_variant": "dnabert2_tapt_v3",
  "best_layer": 1,
  "best_auroc": 0.9238539949948117,
  "layer_aurocs": {
    "0": 0.8851553439540987,
    "1": 0.9238539949948117,
    "2": 0.9193981566257706,
    "3": 0.9205273759384728,
    "4": 0.9223890618323872,
    "5": 0.909204663370567,
    "6": 0.9149117988158457,
    "7": 0.9130501129219313,
    "8": 0.9180553012268815,
    "9": 0.9130806323628151,
    "10": 0.903375450161753,
    "11": 0.9062442776048343,
    "12": 0.8895501434413722
  }
}