{
  "experiment": "cross_length",
  "model_type": "lamar",
  "variant": "tapt_1024",
  "pair_name": "DDX6_HepG2_ENCSR141OIM",
  "pretrain_path": "/gpfs/bwfor/work/ws/fr_ml642-thesis_work/Thesis/LAMAR/src/pretrain/saving_model/tapt_1024_standard_collator/checkpoint-134000/model.safetensors",
  "max_length": 1024,
  "n_folds": 5,
  "hyperparameters": {
    "learning_rate": 5e-05,
    "per_device_train_batch_size": 16,
    "weight_decay": 0.01,
    "warmup_ratio": 0.1,
    "num_train_epochs": 10,
    "gradient_accumulation_steps": 1,
    "early_stopping_patience": 3
  },
  "cv_metrics": {
    "epoch_mean": 6.8,
    "epoch_std": 2.1354156504062622,
    "eval_accuracy_mean": 0.71875,
    "eval_accuracy_std": 0.055021302692684404,
    "eval_auc_mean": 0.7473774287727777,
    "eval_auc_std": 0.09091646337422331,
    "eval_auprc_mean": 0.6284476616571467,
    "eval_auprc_std": 0.10895502477958681,
    "eval_f1_mean": 0.4107268170426065,
    "eval_f1_std": 0.23426141179293591,
    "eval_loss_mean": 0.5988174617290497,
    "eval_loss_std": 0.11910873019986674,
    "eval_matthews_correlation_mean": 0.2788972984601415,
    "eval_matthews_correlation_std": 0.2155956770613259,
    "eval_precision_mean": 0.5392857142857143,
    "eval_precision_std": 0.2785714285714286,
    "eval_recall_mean": 0.3398268398268398,
    "eval_recall_std": 0.2070785001374299,
    "eval_runtime_mean": 1.1251399999999998,
    "eval_runtime_std": 0.020167161426437763,
    "eval_samples_per_second_mean": 57.07620000000001,
    "eval_samples_per_second_std": 0.9363920973609283,
    "eval_steps_per_second_mean": 3.7316000000000003,
    "eval_steps_per_second_std": 0.33239290004451066
  },
  "cv_fold_metrics": [
    {
      "eval_loss": 0.6717166900634766,
      "eval_accuracy": 0.6875,
      "eval_f1": 0.3333333333333333,
      "eval_precision": 0.625,
      "eval_recall": 0.22727272727272727,
      "eval_auc": 0.6298701298701299,
      "eval_auprc": 0.5163347211623239,
      "eval_matthews_correlation": 0.22381412908589723,
      "eval_runtime": 1.1399,
      "eval_samples_per_second": 57.024,
      "eval_steps_per_second": 4.386,
      "epoch": 5.0
    },
    {
      "eval_loss": 0.6215460896492004,
      "eval_accuracy": 0.703125,
      "eval_f1": 0.4571428571428571,
      "eval_precision": 0.5714285714285714,
      "eval_recall": 0.38095238095238093,
      "eval_auc": 0.6611295681063123,
      "eval_auprc": 0.566833107004237,
      "eval_matthews_correlation": 0.27419756796997996,
      "eval_runtime": 1.1068,
      "eval_samples_per_second": 57.827,
      "eval_steps_per_second": 3.614,
      "epoch": 7.0
    },
    {
      "eval_loss": 0.4667280614376068,
      "eval_accuracy": 0.78125,
      "eval_f1": 0.631578947368421,
      "eval_precision": 0.75,
      "eval_recall": 0.5454545454545454,
      "eval_auc": 0.8419913419913421,
      "eval_auprc": 0.7703920473446432,
      "eval_matthews_correlation": 0.49382916465843113,
      "eval_runtime": 1.1574,
      "eval_samples_per_second": 55.298,
      "eval_steps_per_second": 3.456,
      "epoch": 8.0
    },
    {
      "eval_loss": 0.7703310251235962,
      "eval_accuracy": 0.640625,
      "eval_f1": 0.0,
      "eval_precision": 0.0,
      "eval_recall": 0.0,
      "eval_auc": 0.751082251082251,
      "eval_auprc": 0.5386580196197026,
      "eval_matthews_correlation": -0.0911835340720322,
      "eval_runtime": 1.1145,
      "eval_samples_per_second": 57.425,
      "eval_steps_per_second": 3.589,
      "epoch": 4.0
    },
    {
      "eval_loss": 0.4637654423713684,
      "eval_accuracy": 0.78125,
      "eval_f1": 0.631578947368421,
      "eval_precision": 0.75,
      "eval_recall": 0.5454545454545454,
      "eval_auc": 0.8528138528138528,
      "eval_auprc": 0.7500204131548269,
      "eval_matthews_correlation": 0.49382916465843113,
      "eval_runtime": 1.1071,
      "eval_samples_per_second": 57.807,
      "eval_steps_per_second": 3.613,
      "epoch": 10.0
    }
  ],
  "test_metrics": {
    "eval_loss": 0.6144737005233765,
    "eval_accuracy": 0.654296875,
    "eval_f1": 0.5378590078328982,
    "eval_precision": 0.7357142857142858,
    "eval_recall": 0.42386831275720166,
    "eval_auc": 0.7506234032462864,
    "eval_auprc": 0.7370041217820094,
    "eval_matthews_correlation": 0.32077334425185383,
    "eval_runtime": 8.8102,
    "eval_samples_per_second": 58.114,
    "eval_steps_per_second": 3.632,
    "epoch": 10.0
  }
}