{
  "experiment": "cross_length",
  "model_type": "lamar",
  "variant": "random",
  "pair_name": "TIAL1_K562_ENCSR539DEW",
  "pretrain_path": "",
  "max_length": 1024,
  "n_folds": 5,
  "hyperparameters": {
    "learning_rate": 5e-05,
    "per_device_train_batch_size": 16,
    "weight_decay": 0.01,
    "warmup_ratio": 0.1,
    "num_train_epochs": 10,
    "gradient_accumulation_steps": 1,
    "early_stopping_patience": 3
  },
  "cv_metrics": {
    "epoch_mean": 9.6,
    "epoch_std": 0.48989794855663565,
    "eval_accuracy_mean": 0.8166666666666667,
    "eval_accuracy_std": 0.005196746370519345,
    "eval_auc_mean": 0.8887252900787856,
    "eval_auc_std": 0.010081622842942424,
    "eval_auprc_mean": 0.7456534356573667,
    "eval_auprc_std": 0.01713812852949413,
    "eval_f1_mean": 0.6660846967410077,
    "eval_f1_std": 0.02651610402391295,
    "eval_loss_mean": 0.396954333782196,
    "eval_loss_std": 0.018107447028575797,
    "eval_matthews_correlation_mean": 0.5459696585845725,
    "eval_matthews_correlation_std": 0.023651023796542346,
    "eval_precision_mean": 0.7039844023649945,
    "eval_precision_std": 0.034190867615281686,
    "eval_recall_mean": 0.6411424453319767,
    "eval_recall_std": 0.08406499507122187,
    "eval_runtime_mean": 15.2875,
    "eval_runtime_std": 0.010126598639227226,
    "eval_samples_per_second_mean": 47.214999999999996,
    "eval_samples_per_second_std": 0.041429458118589835,
    "eval_steps_per_second_mean": 3.0090000000000003,
    "eval_steps_per_second_std": 0.0017888543819998333
  },
  "cv_fold_metrics": [
    {
      "eval_loss": 0.3944774270057678,
      "eval_accuracy": 0.8111111111111111,
      "eval_f1": 0.6458333333333334,
      "eval_precision": 0.7045454545454546,
      "eval_recall": 0.5961538461538461,
      "eval_auc": 0.8817138671875,
      "eval_auprc": 0.7408300950184508,
      "eval_matthews_correlation": 0.5216237745946176,
      "eval_runtime": 15.2998,
      "eval_samples_per_second": 47.19,
      "eval_steps_per_second": 3.007,
      "epoch": 9.0
    },
    {
      "eval_loss": 0.40706896781921387,
      "eval_accuracy": 0.8222222222222222,
      "eval_f1": 0.6577540106951871,
      "eval_precision": 0.7409638554216867,
      "eval_recall": 0.5913461538461539,
      "eval_auc": 0.9005972055288461,
      "eval_auprc": 0.7678047711746881,
      "eval_matthews_correlation": 0.5459784093702724,
      "eval_runtime": 15.2753,
      "eval_samples_per_second": 47.266,
      "eval_steps_per_second": 3.011,
      "epoch": 10.0
    },
    {
      "eval_loss": 0.4180600345134735,
      "eval_accuracy": 0.8125,
      "eval_f1": 0.7121535181236673,
      "eval_precision": 0.6398467432950191,
      "eval_recall": 0.8028846153846154,
      "eval_auc": 0.8783710186298077,
      "eval_auprc": 0.7205662970372707,
      "eval_matthews_correlation": 0.5838949588164764,
      "eval_runtime": 15.2975,
      "eval_samples_per_second": 47.197,
      "eval_steps_per_second": 3.007,
      "epoch": 9.0
    },
    {
      "eval_loss": 0.364246666431427,
      "eval_accuracy": 0.8236111111111111,
      "eval_f1": 0.6768447837150128,
      "eval_precision": 0.7150537634408602,
      "eval_recall": 0.642512077294686,
      "eval_auc": 0.9013664058159355,
      "eval_auprc": 0.7616813466616352,
      "eval_matthews_correlation": 0.5575261193409979,
      "eval_runtime": 15.2769,
      "eval_samples_per_second": 47.261,
      "eval_steps_per_second": 3.011,
      "epoch": 10.0
    },
    {
      "eval_loss": 0.400918573141098,
      "eval_accuracy": 0.8138888888888889,
      "eval_f1": 0.6378378378378378,
      "eval_precision": 0.7195121951219512,
      "eval_recall": 0.5728155339805825,
      "eval_auc": 0.8815779532318387,
      "eval_auprc": 0.7373846683947891,
      "eval_matthews_correlation": 0.5208250308004986,
      "eval_runtime": 15.288,
      "eval_samples_per_second": 47.161,
      "eval_steps_per_second": 3.009,
      "epoch": 10.0
    }
  ],
  "test_metrics": {
    "eval_loss": 1.274707555770874,
    "eval_accuracy": 0.6091666666666666,
    "eval_f1": 0.36478555304740407,
    "eval_precision": 0.7929342492639843,
    "eval_recall": 0.23688068015244795,
    "eval_auc": 0.7991044606821007,
    "eval_auprc": 0.7420798960291621,
    "eval_matthews_correlation": 0.2595544663076332,
    "eval_runtime": 153.2493,
    "eval_samples_per_second": 47.067,
    "eval_steps_per_second": 2.943,
    "epoch": 4.0
  }
}