{
  "experiment": "cross_length",
  "model_type": "lamar",
  "variant": "pretrained",
  "pair_name": "DEK_HepG2_ENCSR332LFL",
  "pretrain_path": "/gpfs/bwfor/work/ws/fr_ml642-thesis_work/Thesis/LAMAR/weights",
  "max_length": 1024,
  "n_folds": 5,
  "hyperparameters": {
    "learning_rate": 5e-05,
    "per_device_train_batch_size": 16,
    "weight_decay": 0.01,
    "warmup_ratio": 0.1,
    "num_train_epochs": 10,
    "gradient_accumulation_steps": 1,
    "early_stopping_patience": 3
  },
  "cv_metrics": {
    "epoch_mean": 5.8,
    "epoch_std": 1.9390719429665317,
    "eval_accuracy_mean": 0.625,
    "eval_accuracy_std": 0.06846531968814576,
    "eval_auc_mean": 0.7532611832611831,
    "eval_auc_std": 0.09361646215571708,
    "eval_auprc_mean": 0.6398134828134829,
    "eval_auprc_std": 0.15612562029880278,
    "eval_f1_mean": 0.1727272727272727,
    "eval_f1_std": 0.21589712885523482,
    "eval_loss_mean": 0.6357630074024201,
    "eval_loss_std": 0.09572511337887052,
    "eval_matthews_correlation_mean": 0.08037480414310809,
    "eval_matthews_correlation_std": 0.14397465765810386,
    "eval_precision_mean": 0.21333333333333332,
    "eval_precision_std": 0.2745501370929867,
    "eval_recall_mean": 0.14666666666666667,
    "eval_recall_std": 0.1808621328833405,
    "eval_runtime_mean": 0.29059999999999997,
    "eval_runtime_std": 0.014877768649901769,
    "eval_samples_per_second_mean": 86.8654,
    "eval_samples_per_second_std": 2.937809088419465,
    "eval_steps_per_second_mean": 6.8992,
    "eval_steps_per_second_std": 0.33088451157465804
  },
  "cv_fold_metrics": [
    {
      "eval_loss": 0.6411037445068359,
      "eval_accuracy": 0.625,
      "eval_f1": 0.0,
      "eval_precision": 0.0,
      "eval_recall": 0.0,
      "eval_auc": 0.6833333333333332,
      "eval_auprc": 0.5057239057239058,
      "eval_matthews_correlation": 0.0,
      "eval_runtime": 0.3196,
      "eval_samples_per_second": 81.357,
      "eval_steps_per_second": 6.258,
      "epoch": 5.0
    },
    {
      "eval_loss": 0.7185148000717163,
      "eval_accuracy": 0.5625,
      "eval_f1": 0.3636363636363636,
      "eval_precision": 0.4,
      "eval_recall": 0.3333333333333333,
      "eval_auc": 0.6333333333333333,
      "eval_auprc": 0.4750712250712251,
      "eval_matthews_correlation": 0.034815531191139566,
      "eval_runtime": 0.2812,
      "eval_samples_per_second": 88.895,
      "eval_steps_per_second": 7.112,
      "epoch": 9.0
    },
    {
      "eval_loss": 0.4525454342365265,
      "eval_accuracy": 0.75,
      "eval_f1": 0.5,
      "eval_precision": 0.6666666666666666,
      "eval_recall": 0.4,
      "eval_auc": 0.8909090909090909,
      "eval_auprc": 0.7683333333333333,
      "eval_matthews_correlation": 0.3670584895244009,
      "eval_runtime": 0.2898,
      "eval_samples_per_second": 86.263,
      "eval_steps_per_second": 6.901,
      "epoch": 7.0
    },
    {
      "eval_loss": 0.7039051055908203,
      "eval_accuracy": 0.5625,
      "eval_f1": 0.0,
      "eval_precision": 0.0,
      "eval_recall": 0.0,
      "eval_auc": 0.8253968253968254,
      "eval_auprc": 0.8761904761904762,
      "eval_matthews_correlation": 0.0,
      "eval_runtime": 0.2811,
      "eval_samples_per_second": 88.927,
      "eval_steps_per_second": 7.114,
      "epoch": 4.0
    },
    {
      "eval_loss": 0.6627459526062012,
      "eval_accuracy": 0.625,
      "eval_f1": 0.0,
      "eval_precision": 0.0,
      "eval_recall": 0.0,
      "eval_auc": 0.7333333333333334,
      "eval_auprc": 0.5737484737484737,
      "eval_matthews_correlation": 0.0,
      "eval_runtime": 0.2813,
      "eval_samples_per_second": 88.885,
      "eval_steps_per_second": 7.111,
      "epoch": 4.0
    }
  ],
  "test_metrics": {
    "eval_loss": 0.6491461992263794,
    "eval_accuracy": 0.6413043478260869,
    "eval_f1": 0.6393442622950819,
    "eval_precision": 0.6190476190476191,
    "eval_recall": 0.6610169491525424,
    "eval_auc": 0.6830833850977609,
    "eval_auprc": 0.6456581074540404,
    "eval_matthews_correlation": 0.28395282546882283,
    "eval_runtime": 6.3712,
    "eval_samples_per_second": 59.486,
    "eval_steps_per_second": 3.767,
    "epoch": 7.0
  }
}