{
  "experiment": "cross_cell",
  "model_type": "lamar",
  "variant": "pretrained",
  "pair_name": "WDR43_train_K562_test_HepG2_fixlen_101",
  "pretrain_path": "/gpfs/bwfor/work/ws/fr_ml642-thesis_work/Thesis/LAMAR/weights",
  "max_length": 1024,
  "n_folds": 5,
  "hyperparameters": {
    "learning_rate": 5e-05,
    "per_device_train_batch_size": 16,
    "weight_decay": 0.01,
    "warmup_ratio": 0.1,
    "num_train_epochs": 10,
    "gradient_accumulation_steps": 1,
    "early_stopping_patience": 3
  },
  "cv_metrics": {
    "epoch_mean": 6.0,
    "epoch_std": 1.8973665961010275,
    "eval_accuracy_mean": 0.71875,
    "eval_accuracy_std": 0.06846531968814576,
    "eval_auc_mean": 0.8238865546218488,
    "eval_auc_std": 0.07276157850655687,
    "eval_auprc_mean": 0.8337169287087163,
    "eval_auprc_std": 0.07614104533049294,
    "eval_f1_mean": 0.6906612173405342,
    "eval_f1_std": 0.07476507010293125,
    "eval_loss_mean": 0.5722264289855957,
    "eval_loss_std": 0.09321245635080107,
    "eval_matthews_correlation_mean": 0.46297170640708557,
    "eval_matthews_correlation_std": 0.12127936434970187,
    "eval_precision_mean": 0.716267942583732,
    "eval_precision_std": 0.09916376160230464,
    "eval_recall_mean": 0.7019047619047619,
    "eval_recall_std": 0.15841047172147557,
    "eval_runtime_mean": 0.55662,
    "eval_runtime_std": 0.0005741080037762824,
    "eval_samples_per_second_mean": 74.37879999999998,
    "eval_samples_per_second_std": 0.854493393772005,
    "eval_steps_per_second_mean": 5.3898,
    "eval_steps_per_second_std": 0.0052687759489275805
  },
  "cv_fold_metrics": [
    {
      "eval_loss": 0.6035175919532776,
      "eval_accuracy": 0.75,
      "eval_f1": 0.6923076923076924,
      "eval_precision": 0.75,
      "eval_recall": 0.6428571428571429,
      "eval_auc": 0.7619047619047619,
      "eval_auprc": 0.7946224205460658,
      "eval_matthews_correlation": 0.4879500364742666,
      "eval_runtime": 0.5574,
      "eval_samples_per_second": 75.356,
      "eval_steps_per_second": 5.383,
      "epoch": 4.0
    },
    {
      "eval_loss": 0.6899241209030151,
      "eval_accuracy": 0.65625,
      "eval_f1": 0.6451612903225806,
      "eval_precision": 0.5263157894736842,
      "eval_recall": 0.8333333333333334,
      "eval_auc": 0.7875000000000001,
      "eval_auprc": 0.7310108573343868,
      "eval_matthews_correlation": 0.3778624445357772,
      "eval_runtime": 0.5564,
      "eval_samples_per_second": 75.488,
      "eval_steps_per_second": 5.392,
      "epoch": 9.0
    },
    {
      "eval_loss": 0.5231166481971741,
      "eval_accuracy": 0.75,
      "eval_f1": 0.6923076923076923,
      "eval_precision": 0.8181818181818182,
      "eval_recall": 0.6,
      "eval_auc": 0.8196078431372549,
      "eval_auprc": 0.8376839826839826,
      "eval_matthews_correlation": 0.5067911605056783,
      "eval_runtime": 0.5561,
      "eval_samples_per_second": 73.729,
      "eval_steps_per_second": 5.395,
      "epoch": 6.0
    },
    {
      "eval_loss": 0.419303297996521,
      "eval_accuracy": 0.8125,
      "eval_f1": 0.8235294117647058,
      "eval_precision": 0.7368421052631579,
      "eval_recall": 0.9333333333333333,
      "eval_auc": 0.9647058823529411,
      "eval_auprc": 0.9634432234432234,
      "eval_matthews_correlation": 0.6494848686351458,
      "eval_runtime": 0.556,
      "eval_samples_per_second": 73.736,
      "eval_steps_per_second": 5.395,
      "epoch": 7.0
    },
    {
      "eval_loss": 0.6252704858779907,
      "eval_accuracy": 0.625,
      "eval_f1": 0.6,
      "eval_precision": 0.75,
      "eval_recall": 0.5,
      "eval_auc": 0.7857142857142857,
      "eval_auprc": 0.8418241595359228,
      "eval_matthews_correlation": 0.29277002188455997,
      "eval_runtime": 0.5572,
      "eval_samples_per_second": 73.585,
      "eval_steps_per_second": 5.384,
      "epoch": 4.0
    }
  ],
  "test_metrics": {
    "eval_loss": 0.6208859086036682,
    "eval_accuracy": 0.653125,
    "eval_f1": 0.5236051502145923,
    "eval_precision": 0.7721518987341772,
    "eval_recall": 0.3961038961038961,
    "eval_auc": 0.7905257393209201,
    "eval_auprc": 0.727917919860362,
    "eval_matthews_correlation": 0.33333978745095016,
    "eval_runtime": 5.5137,
    "eval_samples_per_second": 58.944,
    "eval_steps_per_second": 3.809,
    "epoch": 4.0
  }
}