{
  "experiment": "cross_cell",
  "model_type": "dnabert2",
  "variant": "pretrained",
  "pair_name": "RBM22_train_K562_test_HepG2_fixlen_101",
  "max_length": 128,
  "n_folds": 5,
  "hyperparameters": {
    "learning_rate": 5e-05,
    "per_device_train_batch_size": 16,
    "weight_decay": 0.01,
    "warmup_ratio": 0.1,
    "num_train_epochs": 10,
    "gradient_accumulation_steps": 1,
    "early_stopping_patience": 3
  },
  "cv_metrics": {
    "epoch_mean": 5.8,
    "epoch_std": 1.16619037896906,
    "eval_accuracy_mean": 0.7253020611229567,
    "eval_accuracy_std": 0.06095517774854672,
    "eval_auc_mean": 0.8105809819345217,
    "eval_auc_std": 0.04516345074747342,
    "eval_auprc_mean": 0.7501673233783352,
    "eval_auprc_std": 0.06458390251028277,
    "eval_f1_mean": 0.7114730896167651,
    "eval_f1_std": 0.08072972966494665,
    "eval_loss_mean": 0.614368486404419,
    "eval_loss_std": 0.07840738643100459,
    "eval_matthews_correlation_mean": 0.443956411440874,
    "eval_matthews_correlation_std": 0.1315988137529974,
    "eval_precision_mean": 0.7276092159073223,
    "eval_precision_std": 0.05708976741437075,
    "eval_recall_mean": 0.7172298477303889,
    "eval_recall_std": 0.07295424234430414,
    "eval_runtime_mean": 0.27452,
    "eval_runtime_std": 0.018552994367486884,
    "eval_samples_per_second_mean": 1227.7004000000002,
    "eval_samples_per_second_std": 76.53405065616222,
    "eval_steps_per_second_mean": 76.82419999999999,
    "eval_steps_per_second_std": 4.806214743433758
  },
  "cv_fold_metrics": [
    {
      "eval_loss": 0.7505590915679932,
      "eval_accuracy": 0.7232142857142857,
      "eval_f1": 0.7144084449115753,
      "eval_matthews_correlation": 0.43589392316919073,
      "eval_precision": 0.7234487435482049,
      "eval_recall": 0.7125806451612903,
      "eval_auc": 0.7959856630824372,
      "eval_auprc": 0.7546345518661888,
      "eval_runtime": 0.3101,
      "eval_samples_per_second": 1083.355,
      "eval_steps_per_second": 67.71,
      "epoch": 7.0
    },
    {
      "eval_loss": 0.6137828230857849,
      "eval_accuracy": 0.6101190476190477,
      "eval_f1": 0.5563216305301038,
      "eval_matthews_correlation": 0.19557503250139285,
      "eval_precision": 0.6203387070509689,
      "eval_recall": 0.5794623655913979,
      "eval_auc": 0.7447311827956989,
      "eval_auprc": 0.6526529970793605,
      "eval_runtime": 0.2622,
      "eval_samples_per_second": 1281.382,
      "eval_steps_per_second": 80.086,
      "epoch": 4.0
    },
    {
      "eval_loss": 0.6256054639816284,
      "eval_accuracy": 0.7857142857142857,
      "eval_f1": 0.7849523538614707,
      "eval_matthews_correlation": 0.5734947117087699,
      "eval_precision": 0.7851169383416017,
      "eval_recall": 0.7883870967741935,
      "eval_auc": 0.8829032258064515,
      "eval_auprc": 0.8537739477067721,
      "eval_runtime": 0.2617,
      "eval_samples_per_second": 1284.006,
      "eval_steps_per_second": 80.25,
      "epoch": 7.0
    },
    {
      "eval_loss": 0.5156214237213135,
      "eval_accuracy": 0.7582089552238805,
      "eval_f1": 0.7526999316473,
      "eval_matthews_correlation": 0.5077578265802594,
      "eval_precision": 0.7569095477386935,
      "eval_recall": 0.7508840297322653,
      "eval_auc": 0.8285343147867504,
      "eval_auprc": 0.7612631203927517,
      "eval_runtime": 0.2758,
      "eval_samples_per_second": 1214.801,
      "eval_steps_per_second": 76.152,
      "epoch": 5.0
    },
    {
      "eval_loss": 0.5662736296653748,
      "eval_accuracy": 0.7492537313432835,
      "eval_f1": 0.7489830871333762,
      "eval_matthews_correlation": 0.5070605632447575,
      "eval_precision": 0.7522321428571428,
      "eval_recall": 0.7548351013927979,
      "eval_auc": 0.8007505232012702,
      "eval_auprc": 0.7285119998466034,
      "eval_runtime": 0.2628,
      "eval_samples_per_second": 1274.958,
      "eval_steps_per_second": 79.923,
      "epoch": 6.0
    }
  ],
  "test_metrics": {
    "eval_loss": 0.7657657265663147,
    "eval_accuracy": 0.7560903149138444,
    "eval_f1": 0.7560825431094405,
    "eval_matthews_correlation": 0.5175768382878554,
    "eval_precision": 0.7589635685006572,
    "eval_recall": 0.7586133882490241,
    "eval_auc": 0.810293717743169,
    "eval_auprc": 0.7184707004684764,
    "eval_runtime": 2.6954,
    "eval_samples_per_second": 1248.776,
    "eval_steps_per_second": 78.28,
    "epoch": 7.0
  }
}