{
  "experiment": "cross_cell",
  "model_type": "lamar",
  "variant": "tapt_512",
  "pair_name": "EIF4E_train_K562_test_HepG2_fixlen_101",
  "pretrain_path": "/gpfs/bwfor/work/ws/fr_ml642-thesis_work/Thesis/LAMAR/src/pretrain/saving_model/tapt_lamar/checkpoint-98000/model.safetensors",
  "max_length": 1024,
  "n_folds": 5,
  "hyperparameters": {
    "learning_rate": 5e-05,
    "per_device_train_batch_size": 16,
    "weight_decay": 0.01,
    "warmup_ratio": 0.1,
    "num_train_epochs": 10,
    "gradient_accumulation_steps": 1,
    "early_stopping_patience": 3
  },
  "cv_metrics": {
    "epoch_mean": 6.6,
    "epoch_std": 1.0198039027185568,
    "eval_accuracy_mean": 0.9145833333333334,
    "eval_accuracy_std": 0.008947290782447987,
    "eval_auc_mean": 0.95434633153923,
    "eval_auc_std": 0.008373064437703864,
    "eval_auprc_mean": 0.9389050808294938,
    "eval_auprc_std": 0.007932426704592346,
    "eval_f1_mean": 0.8755157065262191,
    "eval_f1_std": 0.0159155498615908,
    "eval_loss_mean": 0.2645305275917053,
    "eval_loss_std": 0.02337303540813797,
    "eval_matthews_correlation_mean": 0.8128438568437308,
    "eval_matthews_correlation_std": 0.019712786224225558,
    "eval_precision_mean": 0.9065624591805633,
    "eval_precision_std": 0.02502245096048778,
    "eval_recall_mean": 0.8486374663692058,
    "eval_recall_std": 0.041055783917714576,
    "eval_runtime_mean": 12.33148,
    "eval_runtime_std": 0.005297697613114578,
    "eval_samples_per_second_mean": 47.2286,
    "eval_samples_per_second_std": 0.047919098489015065,
    "eval_steps_per_second_mean": 3.0005999999999995,
    "eval_steps_per_second_std": 0.0013564659966249042
  },
  "cv_fold_metrics": [
    {
      "eval_loss": 0.2511211633682251,
      "eval_accuracy": 0.9149305555555556,
      "eval_f1": 0.8765743073047859,
      "eval_precision": 0.9015544041450777,
      "eval_recall": 0.8529411764705882,
      "eval_auc": 0.9540375289900905,
      "eval_auprc": 0.9456271770566906,
      "eval_matthews_correlation": 0.8124754768936903,
      "eval_runtime": 12.3303,
      "eval_samples_per_second": 47.282,
      "eval_steps_per_second": 3.001,
      "epoch": 8.0
    },
    {
      "eval_loss": 0.26764607429504395,
      "eval_accuracy": 0.9079861111111112,
      "eval_f1": 0.8664987405541561,
      "eval_precision": 0.8911917098445595,
      "eval_recall": 0.8431372549019608,
      "eval_auc": 0.9453273244781784,
      "eval_auprc": 0.9334621050173966,
      "eval_matthews_correlation": 0.7970943596028611,
      "eval_runtime": 12.3303,
      "eval_samples_per_second": 47.282,
      "eval_steps_per_second": 3.001,
      "epoch": 7.0
    },
    {
      "eval_loss": 0.27504444122314453,
      "eval_accuracy": 0.9027777777777778,
      "eval_f1": 0.851063829787234,
      "eval_precision": 0.9411764705882353,
      "eval_recall": 0.7766990291262136,
      "eval_auc": 0.9448045132511153,
      "eval_auprc": 0.9264109304480155,
      "eval_matthews_correlation": 0.7878041900752609,
      "eval_runtime": 12.3417,
      "eval_samples_per_second": 47.157,
      "eval_steps_per_second": 2.998,
      "epoch": 5.0
    },
    {
      "eval_loss": 0.22955352067947388,
      "eval_accuracy": 0.9288194444444444,
      "eval_f1": 0.8972431077694234,
      "eval_precision": 0.927461139896373,
      "eval_recall": 0.8689320388349514,
      "eval_auc": 0.9638939910784571,
      "eval_auprc": 0.9477384415476414,
      "eval_matthews_correlation": 0.8439304999737098,
      "eval_runtime": 12.3265,
      "eval_samples_per_second": 47.215,
      "eval_steps_per_second": 3.002,
      "epoch": 6.0
    },
    {
      "eval_loss": 0.29928743839263916,
      "eval_accuracy": 0.9184027777777778,
      "eval_f1": 0.8861985472154963,
      "eval_precision": 0.8714285714285714,
      "eval_recall": 0.9014778325123153,
      "eval_auc": 0.9636682998983083,
      "eval_auprc": 0.9412867500777252,
      "eval_matthews_correlation": 0.8229147576731325,
      "eval_runtime": 12.3286,
      "eval_samples_per_second": 47.207,
      "eval_steps_per_second": 3.001,
      "epoch": 7.0
    }
  ],
  "test_metrics": {
    "eval_loss": 0.34391483664512634,
    "eval_accuracy": 0.878932119205298,
    "eval_f1": 0.8355355636772561,
    "eval_precision": 0.9543994861913937,
    "eval_recall": 0.743,
    "eval_auc": 0.9344160487288135,
    "eval_auprc": 0.9308405503806609,
    "eval_matthews_correlation": 0.7566471305707383,
    "eval_runtime": 103.5653,
    "eval_samples_per_second": 46.714,
    "eval_steps_per_second": 2.926,
    "epoch": 7.0
  }
}