{
  "experiment": "cross_length",
  "model_type": "lamar",
  "variant": "pretrained_custom",
  "pair_name": "HLTF_K562_ENCSR589YHM",
  "pretrain_path": "/gpfs/bwfor/work/ws/fr_ml642-thesis_work/Thesis/LAMAR/src/pretrain/saving_model/tapt_512_standard_collator_1gpu/checkpoint-265000/model.safetensors",
  "max_length": 512,
  "n_folds": 5,
  "hyperparameters": {
    "learning_rate": 5e-05,
    "per_device_train_batch_size": 16,
    "weight_decay": 0.01,
    "warmup_ratio": 0.1,
    "num_train_epochs": 10,
    "gradient_accumulation_steps": 1,
    "early_stopping_patience": 3
  },
  "cv_metrics": {
    "epoch_mean": 5.8,
    "epoch_std": 1.7204650534085253,
    "eval_accuracy_mean": 0.675,
    "eval_accuracy_std": 0.09185586535436918,
    "eval_auc_mean": 0.7609722222222223,
    "eval_auc_std": 0.09740919015954513,
    "eval_auprc_mean": 0.8065614478114478,
    "eval_auprc_std": 0.08733299454465555,
    "eval_f1_mean": 0.466060606060606,
    "eval_f1_std": 0.27590339135111225,
    "eval_loss_mean": 0.6271709442138672,
    "eval_loss_std": 0.11834013800325553,
    "eval_matthews_correlation_mean": 0.3489216415999793,
    "eval_matthews_correlation_std": 0.21225038237824784,
    "eval_precision_mean": 0.6599999999999999,
    "eval_precision_std": 0.34263683398023626,
    "eval_recall_mean": 0.40515873015873016,
    "eval_recall_std": 0.2934158219067702,
    "eval_runtime_mean": 0.12636,
    "eval_runtime_std": 0.0008616263691415258,
    "eval_samples_per_second_mean": 199.395,
    "eval_samples_per_second_std": 2.0152887634282077,
    "eval_steps_per_second_mean": 15.8266,
    "eval_steps_per_second_std": 0.10913221339274715
  },
  "cv_fold_metrics": [
    {
      "eval_loss": 0.6887788772583008,
      "eval_accuracy": 0.5625,
      "eval_f1": 0.3636363636363636,
      "eval_precision": 1.0,
      "eval_recall": 0.2222222222222222,
      "eval_auc": 0.7301587301587301,
      "eval_auprc": 0.8662037037037037,
      "eval_matthews_correlation": 0.3333333333333333,
      "eval_runtime": 0.1279,
      "eval_samples_per_second": 203.225,
      "eval_steps_per_second": 15.633,
      "epoch": 5.0
    },
    {
      "eval_loss": 0.48801273107528687,
      "eval_accuracy": 0.75,
      "eval_f1": 0.6666666666666666,
      "eval_precision": 0.8,
      "eval_recall": 0.5714285714285714,
      "eval_auc": 0.8571428571428572,
      "eval_auprc": 0.8670995670995671,
      "eval_matthews_correlation": 0.49265895172303803,
      "eval_runtime": 0.1259,
      "eval_samples_per_second": 198.586,
      "eval_steps_per_second": 15.887,
      "epoch": 9.0
    },
    {
      "eval_loss": 0.6217262148857117,
      "eval_accuracy": 0.625,
      "eval_f1": 0.0,
      "eval_precision": 0.0,
      "eval_recall": 0.0,
      "eval_auc": 0.7666666666666666,
      "eval_auprc": 0.736111111111111,
      "eval_matthews_correlation": 0.0,
      "eval_runtime": 0.1256,
      "eval_samples_per_second": 199.034,
      "eval_steps_per_second": 15.923,
      "epoch": 4.0
    },
    {
      "eval_loss": 0.815956711769104,
      "eval_accuracy": 0.625,
      "eval_f1": 0.5,
      "eval_precision": 0.75,
      "eval_recall": 0.375,
      "eval_auc": 0.59375,
      "eval_auprc": 0.6705357142857142,
      "eval_matthews_correlation": 0.2886751345948129,
      "eval_runtime": 0.1267,
      "eval_samples_per_second": 197.254,
      "eval_steps_per_second": 15.78,
      "epoch": 6.0
    },
    {
      "eval_loss": 0.5213801860809326,
      "eval_accuracy": 0.8125,
      "eval_f1": 0.7999999999999999,
      "eval_precision": 0.75,
      "eval_recall": 0.8571428571428571,
      "eval_auc": 0.8571428571428571,
      "eval_auprc": 0.8928571428571428,
      "eval_matthews_correlation": 0.629940788348712,
      "eval_runtime": 0.1257,
      "eval_samples_per_second": 198.876,
      "eval_steps_per_second": 15.91,
      "epoch": 5.0
    }
  ],
  "test_metrics": {
    "eval_loss": 0.6433863043785095,
    "eval_accuracy": 0.6190476190476191,
    "eval_f1": 0.40740740740740744,
    "eval_precision": 0.8627450980392157,
    "eval_recall": 0.26666666666666666,
    "eval_auc": 0.7742335637072479,
    "eval_auprc": 0.7793839175089168,
    "eval_matthews_correlation": 0.3145022114192106,
    "eval_runtime": 2.5198,
    "eval_samples_per_second": 136.123,
    "eval_steps_per_second": 8.731,
    "epoch": 10.0
  }
}