{
  "experiment": "cross_cell",
  "model_type": "lamar",
  "variant": "tapt_512",
  "pair_name": "HNRNPUL1_train_K562_test_HepG2_fixlen_101",
  "pretrain_path": "/gpfs/bwfor/work/ws/fr_ml642-thesis_work/Thesis/LAMAR/src/pretrain/saving_model/tapt_lamar/checkpoint-98000/model.safetensors",
  "max_length": 1024,
  "n_folds": 5,
  "hyperparameters": {
    "learning_rate": 5e-05,
    "per_device_train_batch_size": 16,
    "weight_decay": 0.01,
    "warmup_ratio": 0.1,
    "num_train_epochs": 10,
    "gradient_accumulation_steps": 1,
    "early_stopping_patience": 3
  },
  "cv_metrics": {
    "epoch_mean": 7.0,
    "epoch_std": 1.7888543819998317,
    "eval_accuracy_mean": 0.7666666666666666,
    "eval_accuracy_std": 0.03333333333333335,
    "eval_auc_mean": 0.8621020723104056,
    "eval_auc_std": 0.05133707247612771,
    "eval_auprc_mean": 0.863225044536167,
    "eval_auprc_std": 0.06485980425164756,
    "eval_f1_mean": 0.7480348716063001,
    "eval_f1_std": 0.04049804898549292,
    "eval_loss_mean": 0.534798514842987,
    "eval_loss_std": 0.10829353934102458,
    "eval_matthews_correlation_mean": 0.5455666630332097,
    "eval_matthews_correlation_std": 0.07113420877276974,
    "eval_precision_mean": 0.7958424908424908,
    "eval_precision_std": 0.10572515612780245,
    "eval_recall_mean": 0.72427950310559,
    "eval_recall_std": 0.08328031480866298,
    "eval_runtime_mean": 1.03068,
    "eval_runtime_std": 0.0009987992791346684,
    "eval_samples_per_second_mean": 56.2746,
    "eval_samples_per_second_std": 0.054360279616646,
    "eval_steps_per_second_mean": 3.8811999999999998,
    "eval_steps_per_second_std": 0.0036551333764994576
  },
  "cv_fold_metrics": [
    {
      "eval_loss": 0.4541238844394684,
      "eval_accuracy": 0.8125,
      "eval_f1": 0.7999999999999999,
      "eval_precision": 0.9,
      "eval_recall": 0.72,
      "eval_auc": 0.8991304347826087,
      "eval_auprc": 0.9263833243632275,
      "eval_matthews_correlation": 0.6414657129337197,
      "eval_runtime": 1.031,
      "eval_samples_per_second": 56.254,
      "eval_steps_per_second": 3.88,
      "epoch": 6.0
    },
    {
      "eval_loss": 0.4900963604450226,
      "eval_accuracy": 0.7708333333333334,
      "eval_f1": 0.7027027027027025,
      "eval_precision": 0.9285714285714286,
      "eval_recall": 0.5652173913043478,
      "eval_auc": 0.9078260869565218,
      "eval_auprc": 0.9168022545281027,
      "eval_matthews_correlation": 0.5772574469240125,
      "eval_runtime": 1.0303,
      "eval_samples_per_second": 56.297,
      "eval_steps_per_second": 3.883,
      "epoch": 6.0
    },
    {
      "eval_loss": 0.7231398224830627,
      "eval_accuracy": 0.7291666666666666,
      "eval_f1": 0.7346938775510203,
      "eval_precision": 0.6923076923076923,
      "eval_recall": 0.782608695652174,
      "eval_auc": 0.7930434782608696,
      "eval_auprc": 0.801975307264533,
      "eval_matthews_correlation": 0.46382024385259374,
      "eval_runtime": 1.0324,
      "eval_samples_per_second": 56.182,
      "eval_steps_per_second": 3.875,
      "epoch": 10.0
    },
    {
      "eval_loss": 0.5829280018806458,
      "eval_accuracy": 0.7291666666666666,
      "eval_f1": 0.7111111111111111,
      "eval_precision": 0.6666666666666666,
      "eval_recall": 0.7619047619047619,
      "eval_auc": 0.8059964726631393,
      "eval_auprc": 0.7688352605590554,
      "eval_matthews_correlation": 0.46195657812238883,
      "eval_runtime": 1.0303,
      "eval_samples_per_second": 56.296,
      "eval_steps_per_second": 3.882,
      "epoch": 5.0
    },
    {
      "eval_loss": 0.42370450496673584,
      "eval_accuracy": 0.7916666666666666,
      "eval_f1": 0.7916666666666666,
      "eval_precision": 0.7916666666666666,
      "eval_recall": 0.7916666666666666,
      "eval_auc": 0.904513888888889,
      "eval_auprc": 0.9021290759659167,
      "eval_matthews_correlation": 0.5833333333333334,
      "eval_runtime": 1.0294,
      "eval_samples_per_second": 56.344,
      "eval_steps_per_second": 3.886,
      "epoch": 8.0
    }
  ],
  "test_metrics": {
    "eval_loss": 0.5389799475669861,
    "eval_accuracy": 0.7222222222222222,
    "eval_f1": 0.7601918465227818,
    "eval_precision": 0.6645702306079665,
    "eval_recall": 0.8879551820728291,
    "eval_auc": 0.8719741340062197,
    "eval_auprc": 0.881572035925782,
    "eval_matthews_correlation": 0.4728367108596457,
    "eval_runtime": 15.4299,
    "eval_samples_per_second": 46.727,
    "eval_steps_per_second": 2.981,
    "epoch": 6.0
  }
}