{
  "experiment": "cross_length",
  "model_type": "lamar",
  "variant": "tapt_512",
  "pair_name": "HLTF_K562_ENCSR589YHM",
  "pretrain_path": "/gpfs/bwfor/work/ws/fr_ml642-thesis_work/Thesis/LAMAR/src/pretrain/saving_model/tapt_lamar/checkpoint-98000/model.safetensors",
  "max_length": 1024,
  "n_folds": 5,
  "hyperparameters": {
    "learning_rate": 5e-05,
    "per_device_train_batch_size": 16,
    "weight_decay": 0.01,
    "warmup_ratio": 0.1,
    "num_train_epochs": 10,
    "gradient_accumulation_steps": 1,
    "early_stopping_patience": 3
  },
  "cv_metrics": {
    "epoch_mean": 6.6,
    "epoch_std": 2.0591260281974,
    "eval_accuracy_mean": 0.6625,
    "eval_accuracy_std": 0.049999999999999996,
    "eval_auc_mean": 0.786438492063492,
    "eval_auc_std": 0.08722518527326933,
    "eval_auprc_mean": 0.8041947085101846,
    "eval_auprc_std": 0.0709475674196905,
    "eval_f1_mean": 0.5945098039215686,
    "eval_f1_std": 0.12288596815251622,
    "eval_loss_mean": 0.7266599655151367,
    "eval_loss_std": 0.1982651581956044,
    "eval_matthews_correlation_mean": 0.34287211452658684,
    "eval_matthews_correlation_std": 0.11434419843590568,
    "eval_precision_mean": 0.7072727272727273,
    "eval_precision_std": 0.17537680802599992,
    "eval_recall_mean": 0.5912698412698413,
    "eval_recall_std": 0.21478483904807627,
    "eval_runtime_mean": 0.3506,
    "eval_runtime_std": 0.000946572765295941,
    "eval_samples_per_second_mean": 71.88380000000001,
    "eval_samples_per_second_std": 1.3065977804971207,
    "eval_steps_per_second_mean": 5.7048000000000005,
    "eval_steps_per_second_std": 0.01596746692496973
  },
  "cv_fold_metrics": [
    {
      "eval_loss": 0.6298720836639404,
      "eval_accuracy": 0.625,
      "eval_f1": 0.7000000000000001,
      "eval_precision": 0.6363636363636364,
      "eval_recall": 0.7777777777777778,
      "eval_auc": 0.7142857142857143,
      "eval_auprc": 0.8063831230497898,
      "eval_matthews_correlation": 0.22084711628963774,
      "eval_runtime": 0.3491,
      "eval_samples_per_second": 74.486,
      "eval_steps_per_second": 5.73,
      "epoch": 4.0
    },
    {
      "eval_loss": 0.3973804712295532,
      "eval_accuracy": 0.75,
      "eval_f1": 0.6666666666666666,
      "eval_precision": 0.8,
      "eval_recall": 0.5714285714285714,
      "eval_auc": 0.9206349206349207,
      "eval_auprc": 0.9087301587301587,
      "eval_matthews_correlation": 0.49265895172303803,
      "eval_runtime": 0.3499,
      "eval_samples_per_second": 71.458,
      "eval_steps_per_second": 5.717,
      "epoch": 7.0
    },
    {
      "eval_loss": 0.7697091102600098,
      "eval_accuracy": 0.625,
      "eval_f1": 0.5,
      "eval_precision": 0.5,
      "eval_recall": 0.5,
      "eval_auc": 0.7999999999999999,
      "eval_auprc": 0.7271825396825397,
      "eval_matthews_correlation": 0.2,
      "eval_runtime": 0.3511,
      "eval_samples_per_second": 71.206,
      "eval_steps_per_second": 5.696,
      "epoch": 7.0
    },
    {
      "eval_loss": 0.9602866172790527,
      "eval_accuracy": 0.625,
      "eval_f1": 0.4,
      "eval_precision": 1.0,
      "eval_recall": 0.25,
      "eval_auc": 0.671875,
      "eval_auprc": 0.7266369047619047,
      "eval_matthews_correlation": 0.3779644730092272,
      "eval_runtime": 0.3513,
      "eval_samples_per_second": 71.156,
      "eval_steps_per_second": 5.692,
      "epoch": 5.0
    },
    {
      "eval_loss": 0.8760515451431274,
      "eval_accuracy": 0.6875,
      "eval_f1": 0.7058823529411764,
      "eval_precision": 0.6,
      "eval_recall": 0.8571428571428571,
      "eval_auc": 0.8253968253968254,
      "eval_auprc": 0.8520408163265306,
      "eval_matthews_correlation": 0.42289003161103106,
      "eval_runtime": 0.3516,
      "eval_samples_per_second": 71.113,
      "eval_steps_per_second": 5.689,
      "epoch": 10.0
    }
  ],
  "test_metrics": {
    "eval_loss": 0.6751025915145874,
    "eval_accuracy": 0.6160714285714286,
    "eval_f1": 0.7164835164835165,
    "eval_precision": 0.5620689655172414,
    "eval_recall": 0.9878787878787879,
    "eval_auc": 0.8242424242424242,
    "eval_auprc": 0.8152958838784645,
    "eval_matthews_correlation": 0.356584626632765,
    "eval_runtime": 7.3237,
    "eval_samples_per_second": 46.834,
    "eval_steps_per_second": 3.004,
    "epoch": 4.0
  }
}