{
  "experiment": "cross_length",
  "model_type": "lamar",
  "variant": "pretrained",
  "pair_name": "GRSF1_HepG2_ENCSR668MJX",
  "pretrain_path": "/gpfs/bwfor/work/ws/fr_ml642-thesis_work/Thesis/LAMAR/weights",
  "max_length": 1024,
  "n_folds": 5,
  "hyperparameters": {
    "learning_rate": 5e-05,
    "per_device_train_batch_size": 16,
    "weight_decay": 0.01,
    "warmup_ratio": 0.1,
    "num_train_epochs": 10,
    "gradient_accumulation_steps": 1,
    "early_stopping_patience": 3
  },
  "cv_metrics": {
    "epoch_mean": 7.6,
    "epoch_std": 2.244994432064365,
    "eval_accuracy_mean": 0.8734375,
    "eval_accuracy_std": 0.024407030237208294,
    "eval_auc_mean": 0.9355201615529932,
    "eval_auc_std": 0.012324273986357442,
    "eval_auprc_mean": 0.8871150483932884,
    "eval_auprc_std": 0.03791254365453828,
    "eval_f1_mean": 0.8055742647833218,
    "eval_f1_std": 0.032651872687214645,
    "eval_loss_mean": 0.3620997369289398,
    "eval_loss_std": 0.05601125011200061,
    "eval_matthews_correlation_mean": 0.7148797807849584,
    "eval_matthews_correlation_std": 0.053682165497449356,
    "eval_precision_mean": 0.8293328550932568,
    "eval_precision_std": 0.06947580825959197,
    "eval_recall_mean": 0.7878183831672204,
    "eval_recall_std": 0.04179889652123304,
    "eval_runtime_mean": 2.2077199999999997,
    "eval_runtime_std": 0.0013166624472506967,
    "eval_samples_per_second_mean": 58.25019999999999,
    "eval_samples_per_second_std": 0.20605183813788397,
    "eval_steps_per_second_mean": 3.8952,
    "eval_steps_per_second_std": 0.22062674361917234
  },
  "cv_fold_metrics": [
    {
      "eval_loss": 0.3351828455924988,
      "eval_accuracy": 0.859375,
      "eval_f1": 0.7804878048780488,
      "eval_precision": 0.8,
      "eval_recall": 0.7619047619047619,
      "eval_auc": 0.9318936877076411,
      "eval_auprc": 0.8923773434849799,
      "eval_matthews_correlation": 0.6775661907274249,
      "eval_runtime": 2.2069,
      "eval_samples_per_second": 58.453,
      "eval_steps_per_second": 4.078,
      "epoch": 5.0
    },
    {
      "eval_loss": 0.28021642565727234,
      "eval_accuracy": 0.8984375,
      "eval_f1": 0.8433734939759036,
      "eval_precision": 0.875,
      "eval_recall": 0.813953488372093,
      "eval_auc": 0.9477428180574555,
      "eval_auprc": 0.9190096419244047,
      "eval_matthews_correlation": 0.7694741945010143,
      "eval_runtime": 2.2101,
      "eval_samples_per_second": 58.368,
      "eval_steps_per_second": 4.072,
      "epoch": 8.0
    },
    {
      "eval_loss": 0.34501469135284424,
      "eval_accuracy": 0.90625,
      "eval_f1": 0.8421052631578947,
      "eval_precision": 0.9411764705882353,
      "eval_recall": 0.7619047619047619,
      "eval_auc": 0.9521040974529347,
      "eval_auprc": 0.9254569897120359,
      "eval_matthews_correlation": 0.7852511283166217,
      "eval_runtime": 2.2078,
      "eval_samples_per_second": 58.429,
      "eval_steps_per_second": 4.076,
      "epoch": 5.0
    },
    {
      "eval_loss": 0.42048943042755127,
      "eval_accuracy": 0.859375,
      "eval_f1": 0.7999999999999999,
      "eval_precision": 0.75,
      "eval_recall": 0.8571428571428571,
      "eval_auc": 0.9213732004429679,
      "eval_auprc": 0.819185285012685,
      "eval_matthews_correlation": 0.6959780040057305,
      "eval_runtime": 2.2076,
      "eval_samples_per_second": 57.983,
      "eval_steps_per_second": 3.624,
      "epoch": 10.0
    },
    {
      "eval_loss": 0.42959529161453247,
      "eval_accuracy": 0.84375,
      "eval_f1": 0.761904761904762,
      "eval_precision": 0.7804878048780488,
      "eval_recall": 0.7441860465116279,
      "eval_auc": 0.9244870041039671,
      "eval_auprc": 0.8795459818323357,
      "eval_matthews_correlation": 0.6461293863740004,
      "eval_runtime": 2.2062,
      "eval_samples_per_second": 58.018,
      "eval_steps_per_second": 3.626,
      "epoch": 10.0
    }
  ],
  "test_metrics": {
    "eval_loss": 0.5036427974700928,
    "eval_accuracy": 0.8229166666666666,
    "eval_f1": 0.7964071856287426,
    "eval_precision": 0.8866666666666667,
    "eval_recall": 0.7228260869565217,
    "eval_auc": 0.9197463768115942,
    "eval_auprc": 0.9124472808672446,
    "eval_matthews_correlation": 0.6530893909017059,
    "eval_runtime": 19.8037,
    "eval_samples_per_second": 58.575,
    "eval_steps_per_second": 3.686,
    "epoch": 6.0
  }
}