{
  "experiment": "cross_length",
  "model_type": "lamar",
  "variant": "random",
  "pair_name": "ILF3_HepG2_ENCSR786TSC",
  "pretrain_path": "",
  "max_length": 1024,
  "n_folds": 5,
  "hyperparameters": {
    "learning_rate": 5e-05,
    "per_device_train_batch_size": 16,
    "weight_decay": 0.01,
    "warmup_ratio": 0.1,
    "num_train_epochs": 10,
    "gradient_accumulation_steps": 1,
    "early_stopping_patience": 3
  },
  "cv_metrics": {
    "epoch_mean": 9.4,
    "epoch_std": 1.2,
    "eval_accuracy_mean": 0.7753787878787878,
    "eval_accuracy_std": 0.013636363636363611,
    "eval_auc_mean": 0.838511399009168,
    "eval_auc_std": 0.011094975889018605,
    "eval_auprc_mean": 0.6491972382828848,
    "eval_auprc_std": 0.029627464729359447,
    "eval_f1_mean": 0.6239534664747862,
    "eval_f1_std": 0.014409490076314554,
    "eval_loss_mean": 0.4605355739593506,
    "eval_loss_std": 0.019909358495967,
    "eval_matthews_correlation_mean": 0.46876645909359443,
    "eval_matthews_correlation_std": 0.017951613199162123,
    "eval_precision_mean": 0.614786435076884,
    "eval_precision_std": 0.04014026358574541,
    "eval_recall_mean": 0.6425454326403093,
    "eval_recall_std": 0.07116425079059849,
    "eval_runtime_mean": 11.457040000000001,
    "eval_runtime_std": 0.00964004149368667,
    "eval_samples_per_second_mean": 46.2774,
    "eval_samples_per_second_std": 0.03896973184408687,
    "eval_steps_per_second_mean": 2.9674,
    "eval_steps_per_second_std": 0.0025768197453450653
  },
  "cv_fold_metrics": [
    {
      "eval_loss": 0.4506074786186218,
      "eval_accuracy": 0.7840909090909091,
      "eval_f1": 0.62,
      "eval_precision": 0.636986301369863,
      "eval_recall": 0.6038961038961039,
      "eval_auc": 0.8447288006111535,
      "eval_auprc": 0.6578791962252643,
      "eval_matthews_correlation": 0.46968185247031324,
      "eval_runtime": 11.4656,
      "eval_samples_per_second": 46.313,
      "eval_steps_per_second": 2.965,
      "epoch": 10.0
    },
    {
      "eval_loss": 0.4992852210998535,
      "eval_accuracy": 0.759469696969697,
      "eval_f1": 0.652054794520548,
      "eval_precision": 0.5613207547169812,
      "eval_recall": 0.7777777777777778,
      "eval_auc": 0.8194161220043573,
      "eval_auprc": 0.5993389851059971,
      "eval_matthews_correlation": 0.4902793648367698,
      "eval_runtime": 11.4565,
      "eval_samples_per_second": 46.262,
      "eval_steps_per_second": 2.968,
      "epoch": 7.0
    },
    {
      "eval_loss": 0.4451986253261566,
      "eval_accuracy": 0.7765151515151515,
      "eval_f1": 0.6168831168831169,
      "eval_precision": 0.6129032258064516,
      "eval_recall": 0.6209150326797386,
      "eval_auc": 0.8371241830065359,
      "eval_auprc": 0.6537992115266623,
      "eval_matthews_correlation": 0.4591577902160719,
      "eval_runtime": 11.4692,
      "eval_samples_per_second": 46.211,
      "eval_steps_per_second": 2.964,
      "epoch": 10.0
    },
    {
      "eval_loss": 0.45906922221183777,
      "eval_accuracy": 0.7613636363636364,
      "eval_f1": 0.611111111111111,
      "eval_precision": 0.5857988165680473,
      "eval_recall": 0.6387096774193548,
      "eval_auc": 0.8382772636858946,
      "eval_auprc": 0.6436338976524347,
      "eval_matthews_correlation": 0.4402980736839773,
      "eval_runtime": 11.4514,
      "eval_samples_per_second": 46.283,
      "eval_steps_per_second": 2.969,
      "epoch": 10.0
    },
    {
      "eval_loss": 0.4485173225402832,
      "eval_accuracy": 0.7954545454545454,
      "eval_f1": 0.619718309859155,
      "eval_precision": 0.676923076923077,
      "eval_recall": 0.5714285714285714,
      "eval_auc": 0.8530106257378985,
      "eval_auprc": 0.6913349009040656,
      "eval_matthews_correlation": 0.48441521426084005,
      "eval_runtime": 11.4425,
      "eval_samples_per_second": 46.318,
      "eval_steps_per_second": 2.971,
      "epoch": 10.0
    }
  ],
  "test_metrics": {
    "eval_loss": 0.9073458313941956,
    "eval_accuracy": 0.5289115646258503,
    "eval_f1": 0.0,
    "eval_precision": 0.0,
    "eval_recall": 0.0,
    "eval_auc": 0.7312790927136174,
    "eval_auprc": 0.6349683311410833,
    "eval_matthews_correlation": 0.0,
    "eval_runtime": 102.2678,
    "eval_samples_per_second": 46.065,
    "eval_steps_per_second": 2.885,
    "epoch": 4.0
  }
}