{
  "experiment": "cross_cell",
  "model_type": "dnabert2",
  "variant": "pretrained",
  "pair_name": "APEX1_train_K562_test_HepG2_fixlen_101",
  "max_length": 128,
  "n_folds": 5,
  "hyperparameters": {
    "learning_rate": 5e-05,
    "per_device_train_batch_size": 16,
    "weight_decay": 0.01,
    "warmup_ratio": 0.1,
    "num_train_epochs": 10,
    "gradient_accumulation_steps": 1,
    "early_stopping_patience": 3
  },
  "cv_metrics": {
    "epoch_mean": 6.4,
    "epoch_std": 1.019803902718557,
    "eval_accuracy_mean": 0.868421052631579,
    "eval_accuracy_std": 0.07806524723258591,
    "eval_auc_mean": 0.9323202614379085,
    "eval_auc_std": 0.06809994935565718,
    "eval_auprc_mean": 0.9257252661515013,
    "eval_auprc_std": 0.07985159199183464,
    "eval_f1_mean": 0.8622259483182072,
    "eval_f1_std": 0.0832081721726728,
    "eval_loss_mean": 0.40818625390529634,
    "eval_loss_std": 0.12598658374140023,
    "eval_matthews_correlation_mean": 0.7444852719711008,
    "eval_matthews_correlation_std": 0.14978328032870772,
    "eval_precision_mean": 0.8847509093161268,
    "eval_precision_std": 0.06569644370023722,
    "eval_recall_mean": 0.860592903828198,
    "eval_recall_std": 0.08376457139232751,
    "eval_runtime_mean": 0.04124,
    "eval_runtime_std": 0.0005642694391866361,
    "eval_samples_per_second_mean": 921.7370000000001,
    "eval_samples_per_second_std": 12.386386769352887,
    "eval_steps_per_second_mean": 72.7686,
    "eval_steps_per_second_std": 0.977770647953804
  },
  "cv_fold_metrics": [
    {
      "eval_loss": 0.3441445827484131,
      "eval_accuracy": 0.8421052631578947,
      "eval_f1": 0.8380681818181819,
      "eval_matthews_correlation": 0.681011185761096,
      "eval_precision": 0.846376811594203,
      "eval_recall": 0.8347338935574229,
      "eval_auc": 0.9327731092436975,
      "eval_auprc": 0.9392511008980251,
      "eval_runtime": 0.0415,
      "eval_samples_per_second": 915.703,
      "eval_steps_per_second": 72.292,
      "epoch": 6.0
    },
    {
      "eval_loss": 0.36363568902015686,
      "eval_accuracy": 0.9736842105263158,
      "eval_f1": 0.9735191637630662,
      "eval_matthews_correlation": 0.9484043965898195,
      "eval_precision": 0.9722222222222222,
      "eval_recall": 0.9761904761904762,
      "eval_auc": 0.9971988795518206,
      "eval_auprc": 0.9967320261437909,
      "eval_runtime": 0.0422,
      "eval_samples_per_second": 900.991,
      "eval_steps_per_second": 71.131,
      "epoch": 6.0
    },
    {
      "eval_loss": 0.5905992388725281,
      "eval_accuracy": 0.7894736842105263,
      "eval_f1": 0.7738095238095238,
      "eval_matthews_correlation": 0.5927137145266497,
      "eval_precision": 0.8249158249158248,
      "eval_recall": 0.7703081232492996,
      "eval_auc": 0.8067226890756303,
      "eval_auprc": 0.7751601838307096,
      "eval_runtime": 0.0411,
      "eval_samples_per_second": 924.348,
      "eval_steps_per_second": 72.975,
      "epoch": 7.0
    },
    {
      "eval_loss": 0.2347515970468521,
      "eval_accuracy": 0.9473684210526315,
      "eval_f1": 0.9460227272727273,
      "eval_matthews_correlation": 0.8975670439947498,
      "eval_precision": 0.9565217391304348,
      "eval_recall": 0.9411764705882353,
      "eval_auc": 0.988795518207283,
      "eval_auprc": 0.988795518207283,
      "eval_runtime": 0.0407,
      "eval_samples_per_second": 934.664,
      "eval_steps_per_second": 73.789,
      "epoch": 8.0
    },
    {
      "eval_loss": 0.5078001618385315,
      "eval_accuracy": 0.7894736842105263,
      "eval_f1": 0.7797101449275363,
      "eval_matthews_correlation": 0.6027300189831893,
      "eval_precision": 0.8237179487179487,
      "eval_recall": 0.7805555555555556,
      "eval_auc": 0.9361111111111111,
      "eval_auprc": 0.9286875016776979,
      "eval_runtime": 0.0407,
      "eval_samples_per_second": 932.979,
      "eval_steps_per_second": 73.656,
      "epoch": 5.0
    }
  ],
  "test_metrics": {
    "eval_loss": 0.6701376438140869,
    "eval_accuracy": 0.7122093023255814,
    "eval_f1": 0.7111327876500275,
    "eval_matthews_correlation": 0.4240087756735717,
    "eval_precision": 0.7129137632519382,
    "eval_recall": 0.7110988964525813,
    "eval_auc": 0.7766014122024439,
    "eval_auprc": 0.787151967129381,
    "eval_runtime": 0.5095,
    "eval_samples_per_second": 1350.339,
    "eval_steps_per_second": 84.396,
    "epoch": 7.0
  }
}