{
  "experiment": "cross_cell",
  "model_type": "dnabert2",
  "variant": "pretrained",
  "pair_name": "NONO_train_K562_test_HepG2_fixlen_101",
  "max_length": 128,
  "n_folds": 5,
  "hyperparameters": {
    "learning_rate": 5e-05,
    "per_device_train_batch_size": 16,
    "weight_decay": 0.01,
    "warmup_ratio": 0.1,
    "num_train_epochs": 10,
    "gradient_accumulation_steps": 1,
    "early_stopping_patience": 3
  },
  "cv_metrics": {
    "epoch_mean": 5.6,
    "epoch_std": 1.019803902718557,
    "eval_accuracy_mean": 0.9188093120415175,
    "eval_accuracy_std": 0.010257606626830942,
    "eval_auc_mean": 0.9764149876459911,
    "eval_auc_std": 0.003304327365952895,
    "eval_auprc_mean": 0.9645317515052643,
    "eval_auprc_std": 0.006638520939561434,
    "eval_f1_mean": 0.9176465558032305,
    "eval_f1_std": 0.009887155405934512,
    "eval_loss_mean": 0.2432197779417038,
    "eval_loss_std": 0.020726694323346118,
    "eval_matthews_correlation_mean": 0.8386376673903755,
    "eval_matthews_correlation_std": 0.016021393373522874,
    "eval_precision_mean": 0.919536944912245,
    "eval_precision_std": 0.009612448522940303,
    "eval_recall_mean": 0.9191145017115723,
    "eval_recall_std": 0.006894359187481416,
    "eval_runtime_mean": 0.65038,
    "eval_runtime_std": 0.0004445222154178444,
    "eval_samples_per_second_mean": 1318.0377999999998,
    "eval_samples_per_second_std": 0.5943162121295481,
    "eval_steps_per_second_mean": 83.031,
    "eval_steps_per_second_std": 0.05836094584565658
  },
  "cv_fold_metrics": [
    {
      "eval_loss": 0.24388976395130157,
      "eval_accuracy": 0.9020979020979021,
      "eval_f1": 0.9019439244198701,
      "eval_matthews_correlation": 0.8181963812155646,
      "eval_precision": 0.9062091503267974,
      "eval_recall": 0.9120077783179388,
      "eval_auc": 0.9711738188889381,
      "eval_auprc": 0.9539716231896975,
      "eval_runtime": 0.6511,
      "eval_samples_per_second": 1317.835,
      "eval_steps_per_second": 82.941,
      "epoch": 5.0
    },
    {
      "eval_loss": 0.26582109928131104,
      "eval_accuracy": 0.9136522753792299,
      "eval_f1": 0.9118361786131346,
      "eval_matthews_correlation": 0.8241788578707279,
      "eval_precision": 0.9140677397719651,
      "eval_recall": 0.9101205699671173,
      "eval_auc": 0.975443141683551,
      "eval_auprc": 0.9633517612622428,
      "eval_runtime": 0.6501,
      "eval_samples_per_second": 1318.347,
      "eval_steps_per_second": 83.07,
      "epoch": 6.0
    },
    {
      "eval_loss": 0.2065974920988083,
      "eval_accuracy": 0.9218203033838973,
      "eval_f1": 0.9206517668486649,
      "eval_matthews_correlation": 0.841368018056953,
      "eval_precision": 0.9200798180633908,
      "eval_recall": 0.9212890689872787,
      "eval_auc": 0.9755593937179614,
      "eval_auprc": 0.9624160041927637,
      "eval_runtime": 0.6507,
      "eval_samples_per_second": 1316.962,
      "eval_steps_per_second": 82.982,
      "epoch": 4.0
    },
    {
      "eval_loss": 0.2397366613149643,
      "eval_accuracy": 0.9323220536756126,
      "eval_f1": 0.9306518220882862,
      "eval_matthews_correlation": 0.8628349012312643,
      "eval_precision": 0.935280360664976,
      "eval_recall": 0.9275888220901009,
      "eval_auc": 0.980430907540882,
      "eval_auprc": 0.9695925719507643,
      "eval_runtime": 0.65,
      "eval_samples_per_second": 1318.555,
      "eval_steps_per_second": 83.083,
      "epoch": 6.0
    },
    {
      "eval_loss": 0.2600538730621338,
      "eval_accuracy": 0.9241540256709452,
      "eval_f1": 0.923149087046196,
      "eval_matthews_correlation": 0.8466101785773674,
      "eval_precision": 0.9220476557340964,
      "eval_recall": 0.9245662691954253,
      "eval_auc": 0.9794676763986228,
      "eval_auprc": 0.9733267969308532,
      "eval_runtime": 0.65,
      "eval_samples_per_second": 1318.49,
      "eval_steps_per_second": 83.079,
      "epoch": 7.0
    }
  ],
  "test_metrics": {
    "eval_loss": 0.7822806239128113,
    "eval_accuracy": 0.8023510971786834,
    "eval_f1": 0.7947599052023718,
    "eval_matthews_correlation": 0.6105434107258859,
    "eval_precision": 0.8192372473532242,
    "eval_recall": 0.7919171082567544,
    "eval_auc": 0.8987872353118264,
    "eval_auprc": 0.8751147366903942,
    "eval_runtime": 5.1318,
    "eval_samples_per_second": 1243.231,
    "eval_steps_per_second": 77.751,
    "epoch": 5.0
  }
}