{
  "experiment": "cross_length",
  "model_type": "dnabert2",
  "variant": "pretrained",
  "pair_name": "CSTF2_HepG2_ENCSR384MWO",
  "max_length": 256,
  "n_folds": 5,
  "hyperparameters": {
    "learning_rate": 5e-05,
    "per_device_train_batch_size": 16,
    "weight_decay": 0.01,
    "warmup_ratio": 0.1,
    "num_train_epochs": 10,
    "gradient_accumulation_steps": 1,
    "early_stopping_patience": 3
  },
  "cv_metrics": {
    "epoch_mean": 7.4,
    "epoch_std": 1.8547236990991407,
    "eval_accuracy_mean": 0.7704167838159885,
    "eval_accuracy_std": 0.018539221919917855,
    "eval_auc_mean": 0.8163654178000058,
    "eval_auc_std": 0.027309359620930552,
    "eval_auprc_mean": 0.6695474122064294,
    "eval_auprc_std": 0.038927295449968286,
    "eval_f1_mean": 0.7216034234545464,
    "eval_f1_std": 0.03944840852882324,
    "eval_loss_mean": 0.8447846412658692,
    "eval_loss_std": 0.3946522542692267,
    "eval_matthews_correlation_mean": 0.45993354775046313,
    "eval_matthews_correlation_std": 0.0690758118207769,
    "eval_precision_mean": 0.7441895137929173,
    "eval_precision_std": 0.019263658513117784,
    "eval_recall_mean": 0.7179710099148899,
    "eval_recall_std": 0.04959059900300735,
    "eval_runtime_mean": 0.32039999999999996,
    "eval_runtime_std": 0.012360258896964904,
    "eval_samples_per_second_mean": 1208.9732,
    "eval_samples_per_second_std": 44.53833191937035,
    "eval_steps_per_second_mean": 78.14,
    "eval_steps_per_second_std": 2.8866816935713544
  },
  "cv_fold_metrics": [
    {
      "eval_loss": 1.2706959247589111,
      "eval_accuracy": 0.7648578811369509,
      "eval_f1": 0.7245767019903806,
      "eval_matthews_correlation": 0.45067246838001324,
      "eval_precision": 0.7311548101021785,
      "eval_recall": 0.7196641221374045,
      "eval_auc": 0.8142748091603054,
      "eval_auprc": 0.6547018588085405,
      "eval_runtime": 0.3129,
      "eval_samples_per_second": 1236.622,
      "eval_steps_per_second": 79.885,
      "epoch": 10.0
    },
    {
      "eval_loss": 1.3716061115264893,
      "eval_accuracy": 0.7467700258397932,
      "eval_f1": 0.6696341463414635,
      "eval_matthews_correlation": 0.3743087737853696,
      "eval_precision": 0.7214102564102565,
      "eval_recall": 0.6581984732824427,
      "eval_auc": 0.7909007633587786,
      "eval_auprc": 0.6330000407265323,
      "eval_runtime": 0.3089,
      "eval_samples_per_second": 1252.929,
      "eval_steps_per_second": 80.939,
      "epoch": 9.0
    },
    {
      "eval_loss": 0.5008040070533752,
      "eval_accuracy": 0.7906976744186046,
      "eval_f1": 0.7500896893162088,
      "eval_matthews_correlation": 0.5050770359802876,
      "eval_precision": 0.7648056133754113,
      "eval_recall": 0.7408396946564886,
      "eval_auc": 0.8145648854961833,
      "eval_auprc": 0.695544341194531,
      "eval_runtime": 0.3441,
      "eval_samples_per_second": 1124.57,
      "eval_steps_per_second": 72.647,
      "epoch": 5.0
    },
    {
      "eval_loss": 0.4504128098487854,
      "eval_accuracy": 0.7932816537467701,
      "eval_f1": 0.7768552153606643,
      "eval_matthews_correlation": 0.5659369785561171,
      "eval_precision": 0.7694821379119358,
      "eval_recall": 0.7971297709923664,
      "eval_auc": 0.8673893129770992,
      "eval_auprc": 0.732356547720876,
      "eval_runtime": 0.3192,
      "eval_samples_per_second": 1212.549,
      "eval_steps_per_second": 78.33,
      "epoch": 6.0
    },
    {
      "eval_loss": 0.6304043531417847,
      "eval_accuracy": 0.7564766839378239,
      "eval_f1": 0.6868613642640156,
      "eval_matthews_correlation": 0.40367248205052814,
      "eval_precision": 0.7340947511648044,
      "eval_recall": 0.6740229885057472,
      "eval_auc": 0.7946973180076629,
      "eval_auprc": 0.6321342725816675,
      "eval_runtime": 0.3169,
      "eval_samples_per_second": 1218.196,
      "eval_steps_per_second": 78.899,
      "epoch": 7.0
    }
  ],
  "test_metrics": {
    "eval_loss": 1.8382331132888794,
    "eval_accuracy": 0.6549630411826821,
    "eval_f1": 0.6445284781604599,
    "eval_matthews_correlation": 0.31078275010234246,
    "eval_precision": 0.6625799972907411,
    "eval_recall": 0.6485206042728167,
    "eval_auc": 0.730940209618307,
    "eval_auprc": 0.6943908119716651,
    "eval_runtime": 4.1057,
    "eval_samples_per_second": 922.623,
    "eval_steps_per_second": 57.725,
    "epoch": 10.0
  }
}