{
  "experiment": "cross_length",
  "model_type": "lamar",
  "variant": "tapt_512",
  "pair_name": "DDX6_K562_ENCSR893EFU",
  "pretrain_path": "/gpfs/bwfor/work/ws/fr_ml642-thesis_work/Thesis/LAMAR/src/pretrain/saving_model/tapt_lamar/checkpoint-98000/model.safetensors",
  "max_length": 1024,
  "n_folds": 5,
  "hyperparameters": {
    "learning_rate": 5e-05,
    "per_device_train_batch_size": 16,
    "weight_decay": 0.01,
    "warmup_ratio": 0.1,
    "num_train_epochs": 10,
    "gradient_accumulation_steps": 1,
    "early_stopping_patience": 3
  },
  "cv_metrics": {
    "epoch_mean": 7.2,
    "epoch_std": 1.9390719429665317,
    "eval_accuracy_mean": 0.74140625,
    "eval_accuracy_std": 0.020728904939721248,
    "eval_auc_mean": 0.7960779002525378,
    "eval_auc_std": 0.021028345045069355,
    "eval_auprc_mean": 0.693527032527423,
    "eval_auprc_std": 0.0350125671767394,
    "eval_f1_mean": 0.5745018224193432,
    "eval_f1_std": 0.03250299929307105,
    "eval_loss_mean": 0.5557182312011719,
    "eval_loss_std": 0.04655670906216588,
    "eval_matthews_correlation_mean": 0.40461246222518454,
    "eval_matthews_correlation_std": 0.038960856476122206,
    "eval_precision_mean": 0.657229314318328,
    "eval_precision_std": 0.08241838661375367,
    "eval_recall_mean": 0.5262980958221299,
    "eval_recall_std": 0.0806006974605493,
    "eval_runtime_mean": 4.40974,
    "eval_runtime_std": 0.0015435025105260806,
    "eval_samples_per_second_mean": 59.32339999999999,
    "eval_samples_per_second_std": 0.11958361091721519,
    "eval_steps_per_second_mean": 3.8549999999999995,
    "eval_steps_per_second_std": 0.0014142135623730649
  },
  "cv_fold_metrics": [
    {
      "eval_loss": 0.6141148805618286,
      "eval_accuracy": 0.734375,
      "eval_f1": 0.6136363636363636,
      "eval_precision": 0.6,
      "eval_recall": 0.627906976744186,
      "eval_auc": 0.7744186046511629,
      "eval_auprc": 0.6395240420226289,
      "eval_matthews_correlation": 0.41166146980796897,
      "eval_runtime": 4.4098,
      "eval_samples_per_second": 59.413,
      "eval_steps_per_second": 3.855,
      "epoch": 5.0
    },
    {
      "eval_loss": 0.5492721796035767,
      "eval_accuracy": 0.7265625,
      "eval_f1": 0.5977011494252874,
      "eval_precision": 0.5977011494252874,
      "eval_recall": 0.5977011494252874,
      "eval_auc": 0.7869822485207101,
      "eval_auprc": 0.7194371207178798,
      "eval_matthews_correlation": 0.390600557709311,
      "eval_runtime": 4.4072,
      "eval_samples_per_second": 59.449,
      "eval_steps_per_second": 3.857,
      "epoch": 9.0
    },
    {
      "eval_loss": 0.4974914789199829,
      "eval_accuracy": 0.765625,
      "eval_f1": 0.5890410958904109,
      "eval_precision": 0.7166666666666667,
      "eval_recall": 0.5,
      "eval_auc": 0.8117647058823529,
      "eval_auprc": 0.7153595214627934,
      "eval_matthews_correlation": 0.44599502757973697,
      "eval_runtime": 4.411,
      "eval_samples_per_second": 59.397,
      "eval_steps_per_second": 3.854,
      "epoch": 6.0
    },
    {
      "eval_loss": 0.5142700672149658,
      "eval_accuracy": 0.765625,
      "eval_f1": 0.53125,
      "eval_precision": 0.7906976744186046,
      "eval_recall": 0.4,
      "eval_auc": 0.8291021671826625,
      "eval_auprc": 0.7286376213837871,
      "eval_matthews_correlation": 0.43759648325717815,
      "eval_runtime": 4.4116,
      "eval_samples_per_second": 59.162,
      "eval_steps_per_second": 3.853,
      "epoch": 6.0
    },
    {
      "eval_loss": 0.6034425497055054,
      "eval_accuracy": 0.71484375,
      "eval_f1": 0.540880503144654,
      "eval_precision": 0.581081081081081,
      "eval_recall": 0.5058823529411764,
      "eval_auc": 0.7781217750257998,
      "eval_auprc": 0.6646768570500258,
      "eval_matthews_correlation": 0.3372087727717276,
      "eval_runtime": 4.4091,
      "eval_samples_per_second": 59.196,
      "eval_steps_per_second": 3.856,
      "epoch": 10.0
    }
  ],
  "test_metrics": {
    "eval_loss": 0.7201776504516602,
    "eval_accuracy": 0.6482843137254902,
    "eval_f1": 0.44271844660194176,
    "eval_precision": 0.9095744680851063,
    "eval_recall": 0.2925577416595381,
    "eval_auc": 0.8021537623959051,
    "eval_auprc": 0.8027376814958553,
    "eval_matthews_correlation": 0.368462833612795,
    "eval_runtime": 42.1606,
    "eval_samples_per_second": 58.301,
    "eval_steps_per_second": 3.653,
    "epoch": 6.0
  }
}