{
  "experiment": "cross_cell",
  "model_type": "lamar",
  "variant": "tapt_1024",
  "pair_name": "AKAP1_train_K562_test_HepG2_fixlen_101",
  "pretrain_path": "/gpfs/bwfor/work/ws/fr_ml642-thesis_work/Thesis/LAMAR/src/pretrain/saving_model/tapt_1024_standard_collator/checkpoint-134000/model.safetensors",
  "max_length": 1024,
  "n_folds": 5,
  "hyperparameters": {
    "learning_rate": 5e-05,
    "per_device_train_batch_size": 16,
    "weight_decay": 0.01,
    "warmup_ratio": 0.1,
    "num_train_epochs": 10,
    "gradient_accumulation_steps": 1,
    "early_stopping_patience": 3
  },
  "cv_metrics": {
    "epoch_mean": 8.0,
    "epoch_std": 2.0976176963403033,
    "eval_accuracy_mean": 0.717391304347826,
    "eval_accuracy_std": 0.024244247851299434,
    "eval_auc_mean": 0.770496972647405,
    "eval_auc_std": 0.033327695339426484,
    "eval_auprc_mean": 0.6356473943985819,
    "eval_auprc_std": 0.049988354016675264,
    "eval_f1_mean": 0.5554178339942022,
    "eval_f1_std": 0.026521236029584026,
    "eval_loss_mean": 0.5671556890010834,
    "eval_loss_std": 0.04158127713397155,
    "eval_matthews_correlation_mean": 0.36579002159831986,
    "eval_matthews_correlation_std": 0.049946049991140815,
    "eval_precision_mean": 0.6567813898963463,
    "eval_precision_std": 0.06221301393889286,
    "eval_recall_mean": 0.48561260682234764,
    "eval_recall_std": 0.038751174134230605,
    "eval_runtime_mean": 7.907300000000001,
    "eval_runtime_std": 0.003152776554086804,
    "eval_samples_per_second_mean": 47.879599999999996,
    "eval_samples_per_second_std": 0.06495413766651094,
    "eval_steps_per_second_mean": 3.0354,
    "eval_steps_per_second_std": 0.0012000000000000751
  },
  "cv_fold_metrics": [
    {
      "eval_loss": 0.603699803352356,
      "eval_accuracy": 0.7092391304347826,
      "eval_f1": 0.5114155251141553,
      "eval_precision": 0.6511627906976745,
      "eval_recall": 0.42105263157894735,
      "eval_auc": 0.7541193409054552,
      "eval_auprc": 0.6359127781225967,
      "eval_matthews_correlation": 0.3330702202773485,
      "eval_runtime": 7.9112,
      "eval_samples_per_second": 47.907,
      "eval_steps_per_second": 3.034,
      "epoch": 9.0
    },
    {
      "eval_loss": 0.562530517578125,
      "eval_accuracy": 0.6956521739130435,
      "eval_f1": 0.5447154471544716,
      "eval_precision": 0.5982142857142857,
      "eval_recall": 0.5,
      "eval_auc": 0.7503189182293659,
      "eval_auprc": 0.6180455953827528,
      "eval_matthews_correlation": 0.32177179477401047,
      "eval_runtime": 7.9045,
      "eval_samples_per_second": 47.947,
      "eval_steps_per_second": 3.036,
      "epoch": 10.0
    },
    {
      "eval_loss": 0.608883798122406,
      "eval_accuracy": 0.75,
      "eval_f1": 0.5740740740740741,
      "eval_precision": 0.7380952380952381,
      "eval_recall": 0.4696969696969697,
      "eval_auc": 0.776932460195172,
      "eval_auprc": 0.6540415572362688,
      "eval_matthews_correlation": 0.43021166028448926,
      "eval_runtime": 7.9061,
      "eval_samples_per_second": 47.937,
      "eval_steps_per_second": 3.036,
      "epoch": 10.0
    },
    {
      "eval_loss": 0.5679816603660583,
      "eval_accuracy": 0.6902173913043478,
      "eval_f1": 0.5581395348837209,
      "eval_precision": 0.5806451612903226,
      "eval_recall": 0.5373134328358209,
      "eval_auc": 0.7387421865033805,
      "eval_auprc": 0.5581595078723202,
      "eval_matthews_correlation": 0.3207678704826105,
      "eval_runtime": 7.9109,
      "eval_samples_per_second": 47.782,
      "eval_steps_per_second": 3.034,
      "epoch": 6.0
    },
    {
      "eval_loss": 0.49268266558647156,
      "eval_accuracy": 0.7418478260869565,
      "eval_f1": 0.5887445887445888,
      "eval_precision": 0.7157894736842105,
      "eval_recall": 0.5,
      "eval_auc": 0.8323719574036511,
      "eval_auprc": 0.7120775333789704,
      "eval_matthews_correlation": 0.42312856217314065,
      "eval_runtime": 7.9038,
      "eval_samples_per_second": 47.825,
      "eval_steps_per_second": 3.037,
      "epoch": 5.0
    }
  ],
  "test_metrics": {
    "eval_loss": 0.6479931473731995,
    "eval_accuracy": 0.6577102803738317,
    "eval_f1": 0.679606342263532,
    "eval_precision": 0.599180525427814,
    "eval_recall": 0.7849700031575624,
    "eval_auc": 0.7317768721123765,
    "eval_auprc": 0.6827287580485912,
    "eval_matthews_correlation": 0.3399589782249235,
    "eval_runtime": 147.0267,
    "eval_samples_per_second": 46.617,
    "eval_steps_per_second": 2.918,
    "epoch": 9.0
  }
}