{
  "experiment": "cross_length",
  "model_type": "dnabert2",
  "variant": "pretrained",
  "pair_name": "DEK_HepG2_ENCSR332LFL",
  "max_length": 256,
  "n_folds": 5,
  "hyperparameters": {
    "learning_rate": 5e-05,
    "per_device_train_batch_size": 16,
    "weight_decay": 0.01,
    "warmup_ratio": 0.1,
    "num_train_epochs": 10,
    "gradient_accumulation_steps": 1,
    "early_stopping_patience": 3
  },
  "cv_metrics": {
    "epoch_mean": 7.8,
    "epoch_std": 2.039607805437114,
    "eval_accuracy_mean": 0.731076923076923,
    "eval_accuracy_std": 0.0725684333218852,
    "eval_auc_mean": 0.7942222222222222,
    "eval_auc_std": 0.10142052778796867,
    "eval_auprc_mean": 0.7410734922876305,
    "eval_auprc_std": 0.1374211640827411,
    "eval_f1_mean": 0.6383409466818969,
    "eval_f1_std": 0.16782108485712852,
    "eval_loss_mean": 0.5446335136890411,
    "eval_loss_std": 0.07809205691566651,
    "eval_matthews_correlation_mean": 0.3937238246247029,
    "eval_matthews_correlation_std": 0.2307519657575507,
    "eval_precision_mean": 0.705147885739991,
    "eval_precision_std": 0.19937878443564658,
    "eval_recall_mean": 0.6744444444444444,
    "eval_recall_std": 0.12524543805299423,
    "eval_runtime_mean": 0.03502,
    "eval_runtime_std": 0.002904754722863878,
    "eval_samples_per_second_mean": 724.0958,
    "eval_samples_per_second_std": 55.65250513462982,
    "eval_steps_per_second_mean": 57.459,
    "eval_steps_per_second_std": 4.229110402909813
  },
  "cv_fold_metrics": [
    {
      "eval_loss": 0.6535848379135132,
      "eval_accuracy": 0.6153846153846154,
      "eval_f1": 0.380952380952381,
      "eval_matthews_correlation": 0.0,
      "eval_precision": 0.3076923076923077,
      "eval_recall": 0.5,
      "eval_auc": 0.6499999999999999,
      "eval_auprc": 0.5300341763499657,
      "eval_runtime": 0.0341,
      "eval_samples_per_second": 761.626,
      "eval_steps_per_second": 58.587,
      "epoch": 5.0
    },
    {
      "eval_loss": 0.6217838525772095,
      "eval_accuracy": 0.68,
      "eval_f1": 0.5,
      "eval_matthews_correlation": 0.2721655269759087,
      "eval_precision": 0.8333333333333333,
      "eval_recall": 0.5555555555555556,
      "eval_auc": 0.6944444444444444,
      "eval_auprc": 0.6290530457197123,
      "eval_runtime": 0.0335,
      "eval_samples_per_second": 746.503,
      "eval_steps_per_second": 59.72,
      "epoch": 6.0
    },
    {
      "eval_loss": 0.5090601444244385,
      "eval_accuracy": 0.8,
      "eval_f1": 0.7987117552334944,
      "eval_matthews_correlation": 0.6210344279375828,
      "eval_precision": 0.8044871794871795,
      "eval_recall": 0.8166666666666667,
      "eval_auc": 0.88,
      "eval_auprc": 0.8120526695526694,
      "eval_runtime": 0.0332,
      "eval_samples_per_second": 752.331,
      "eval_steps_per_second": 60.186,
      "epoch": 8.0
    },
    {
      "eval_loss": 0.4754698872566223,
      "eval_accuracy": 0.76,
      "eval_f1": 0.7242647058823529,
      "eval_matthews_correlation": 0.4970674233862172,
      "eval_precision": 0.7850877192982456,
      "eval_recall": 0.7166666666666667,
      "eval_auc": 0.8533333333333333,
      "eval_auprc": 0.8508910533910534,
      "eval_runtime": 0.0335,
      "eval_samples_per_second": 746.684,
      "eval_steps_per_second": 59.735,
      "epoch": 10.0
    },
    {
      "eval_loss": 0.46326884627342224,
      "eval_accuracy": 0.8,
      "eval_f1": 0.7877758913412563,
      "eval_matthews_correlation": 0.5783517448238059,
      "eval_precision": 0.7951388888888888,
      "eval_recall": 0.7833333333333333,
      "eval_auc": 0.8933333333333333,
      "eval_auprc": 0.8833365164247517,
      "eval_runtime": 0.0408,
      "eval_samples_per_second": 613.335,
      "eval_steps_per_second": 49.067,
      "epoch": 10.0
    }
  ],
  "test_metrics": {
    "eval_loss": 0.5569756031036377,
    "eval_accuracy": 0.7203166226912929,
    "eval_f1": 0.7159483002432263,
    "eval_matthews_correlation": 0.44844294458953443,
    "eval_precision": 0.7303339408548415,
    "eval_recall": 0.7182712128809404,
    "eval_auc": 0.806395899493008,
    "eval_auprc": 0.8136030416191983,
    "eval_runtime": 0.4469,
    "eval_samples_per_second": 848.123,
    "eval_steps_per_second": 53.707,
    "epoch": 9.0
  }
}