{
  "experiment": "cross_length",
  "model_type": "lamar",
  "variant": "random",
  "pair_name": "APOBEC3C_K562_ENCSR739VVT",
  "pretrain_path": "",
  "max_length": 1024,
  "n_folds": 5,
  "hyperparameters": {
    "learning_rate": 5e-05,
    "per_device_train_batch_size": 16,
    "weight_decay": 0.01,
    "warmup_ratio": 0.1,
    "num_train_epochs": 10,
    "gradient_accumulation_steps": 1,
    "early_stopping_patience": 3
  },
  "cv_metrics": {
    "epoch_mean": 5.8,
    "epoch_std": 2.2271057451320084,
    "eval_accuracy_mean": 0.6609375,
    "eval_accuracy_std": 0.04463392767839281,
    "eval_auc_mean": 0.6809800252892358,
    "eval_auc_std": 0.02037679986850313,
    "eval_auprc_mean": 0.5110379782016256,
    "eval_auprc_std": 0.04253975246984442,
    "eval_f1_mean": 0.35739538295984985,
    "eval_f1_std": 0.19496736488341235,
    "eval_loss_mean": 0.6532783269882202,
    "eval_loss_std": 0.04644132922190566,
    "eval_matthews_correlation_mean": 0.20667570221192472,
    "eval_matthews_correlation_std": 0.07356951615817517,
    "eval_precision_mean": 0.551058971213015,
    "eval_precision_std": 0.2267596939557605,
    "eval_recall_mean": 0.41965149359886206,
    "eval_recall_std": 0.29244433170179185,
    "eval_runtime_mean": 2.76288,
    "eval_runtime_std": 0.0008953211714240378,
    "eval_samples_per_second_mean": 50.5274,
    "eval_samples_per_second_std": 0.17947657228730443,
    "eval_steps_per_second_mean": 3.2573999999999996,
    "eval_steps_per_second_std": 0.0010198039027185667
  },
  "cv_fold_metrics": [
    {
      "eval_loss": 0.6963151097297668,
      "eval_accuracy": 0.5859375,
      "eval_f1": 0.5225225225225225,
      "eval_precision": 0.3918918918918919,
      "eval_recall": 0.7837837837837838,
      "eval_auc": 0.6979506979506979,
      "eval_auprc": 0.5444948088773629,
      "eval_matthews_correlation": 0.26553676433306916,
      "eval_runtime": 2.7615,
      "eval_samples_per_second": 50.698,
      "eval_steps_per_second": 3.259,
      "epoch": 4.0
    },
    {
      "eval_loss": 0.7163791060447693,
      "eval_accuracy": 0.6953125,
      "eval_f1": 0.04878048780487806,
      "eval_precision": 1.0,
      "eval_recall": 0.025,
      "eval_auc": 0.6423295454545455,
      "eval_auprc": 0.5021568341354887,
      "eval_matthews_correlation": 0.13161624005292544,
      "eval_runtime": 2.7629,
      "eval_samples_per_second": 50.672,
      "eval_steps_per_second": 3.257,
      "epoch": 4.0
    },
    {
      "eval_loss": 0.5968067646026611,
      "eval_accuracy": 0.6953125,
      "eval_f1": 0.2040816326530612,
      "eval_precision": 0.45454545454545453,
      "eval_recall": 0.13157894736842105,
      "eval_auc": 0.684795321637427,
      "eval_auprc": 0.4331706628045437,
      "eval_matthews_correlation": 0.1058158312558124,
      "eval_runtime": 2.7641,
      "eval_samples_per_second": 50.65,
      "eval_steps_per_second": 3.256,
      "epoch": 10.0
    },
    {
      "eval_loss": 0.6122015714645386,
      "eval_accuracy": 0.6953125,
      "eval_f1": 0.5063291139240507,
      "eval_precision": 0.4878048780487805,
      "eval_recall": 0.5263157894736842,
      "eval_auc": 0.6976608187134502,
      "eval_auprc": 0.5241449446822353,
      "eval_matthews_correlation": 0.2868818770798688,
      "eval_runtime": 2.7635,
      "eval_samples_per_second": 50.299,
      "eval_steps_per_second": 3.257,
      "epoch": 6.0
    },
    {
      "eval_loss": 0.6446890830993652,
      "eval_accuracy": 0.6328125,
      "eval_f1": 0.5052631578947367,
      "eval_precision": 0.42105263157894735,
      "eval_recall": 0.631578947368421,
      "eval_auc": 0.6821637426900584,
      "eval_auprc": 0.5512226405084969,
      "eval_matthews_correlation": 0.243527798337948,
      "eval_runtime": 2.7624,
      "eval_samples_per_second": 50.318,
      "eval_steps_per_second": 3.258,
      "epoch": 5.0
    }
  ],
  "test_metrics": {
    "eval_loss": 0.706428050994873,
    "eval_accuracy": 0.5877976190476191,
    "eval_f1": 0.2987341772151899,
    "eval_precision": 0.7763157894736842,
    "eval_recall": 0.18495297805642633,
    "eval_auc": 0.6652317351496799,
    "eval_auprc": 0.6568264125672487,
    "eval_matthews_correlation": 0.21568547028746565,
    "eval_runtime": 29.0713,
    "eval_samples_per_second": 46.472,
    "eval_steps_per_second": 2.924,
    "epoch": 6.0
  }
}