{
  "experiment": "cross_length",
  "model_type": "lamar",
  "variant": "tapt_1024",
  "pair_name": "IGF2BP2_K562_ENCSR062NNB",
  "pretrain_path": "/gpfs/bwfor/work/ws/fr_ml642-thesis_work/Thesis/LAMAR/src/pretrain/saving_model/tapt_1024_standard_collator/checkpoint-134000/model.safetensors",
  "max_length": 1024,
  "n_folds": 5,
  "hyperparameters": {
    "learning_rate": 5e-05,
    "per_device_train_batch_size": 16,
    "weight_decay": 0.01,
    "warmup_ratio": 0.1,
    "num_train_epochs": 10,
    "gradient_accumulation_steps": 1,
    "early_stopping_patience": 3
  },
  "cv_metrics": {
    "epoch_mean": 9.2,
    "epoch_std": 0.7483314773547882,
    "eval_accuracy_mean": 0.8258333333333333,
    "eval_accuracy_std": 0.01925703334715222,
    "eval_auc_mean": 0.8892700434367621,
    "eval_auc_std": 0.01239992237255151,
    "eval_auprc_mean": 0.7788158176573554,
    "eval_auprc_std": 0.039247285033908674,
    "eval_f1_mean": 0.7119535444344938,
    "eval_f1_std": 0.022466378810859333,
    "eval_loss_mean": 0.4187372803688049,
    "eval_loss_std": 0.041970822459450774,
    "eval_matthews_correlation_mean": 0.5936022121387033,
    "eval_matthews_correlation_std": 0.034382599569531457,
    "eval_precision_mean": 0.7455026575058336,
    "eval_precision_std": 0.06565618250303742,
    "eval_recall_mean": 0.69122438034283,
    "eval_recall_std": 0.06781534452180044,
    "eval_runtime_mean": 10.35294,
    "eval_runtime_std": 0.04424579528045568,
    "eval_samples_per_second_mean": 47.233799999999995,
    "eval_samples_per_second_std": 0.20161289641290248,
    "eval_steps_per_second_mean": 2.9943999999999997,
    "eval_steps_per_second_std": 0.012986146464598244
  },
  "cv_fold_metrics": [
    {
      "eval_loss": 0.36813393235206604,
      "eval_accuracy": 0.8520833333333333,
      "eval_f1": 0.7320754716981132,
      "eval_precision": 0.8362068965517241,
      "eval_recall": 0.6510067114093959,
      "eval_auc": 0.9035057482917335,
      "eval_auprc": 0.8278903340565202,
      "eval_matthews_correlation": 0.6415417447990481,
      "eval_runtime": 10.3321,
      "eval_samples_per_second": 47.328,
      "eval_steps_per_second": 3.0,
      "epoch": 9.0
    },
    {
      "eval_loss": 0.4433978796005249,
      "eval_accuracy": 0.7979166666666667,
      "eval_f1": 0.7138643067846608,
      "eval_precision": 0.6368421052631579,
      "eval_recall": 0.8120805369127517,
      "eval_auc": 0.8805125813580973,
      "eval_auprc": 0.7350747796829723,
      "eval_matthews_correlation": 0.5710786236070152,
      "eval_runtime": 10.321,
      "eval_samples_per_second": 47.379,
      "eval_steps_per_second": 3.004,
      "epoch": 8.0
    },
    {
      "eval_loss": 0.4455210566520691,
      "eval_accuracy": 0.8333333333333334,
      "eval_f1": 0.727891156462585,
      "eval_precision": 0.7430555555555556,
      "eval_recall": 0.7133333333333334,
      "eval_auc": 0.8824444444444445,
      "eval_auprc": 0.7716942502455655,
      "eval_matthews_correlation": 0.6081062158810497,
      "eval_runtime": 10.4093,
      "eval_samples_per_second": 46.977,
      "eval_steps_per_second": 2.978,
      "epoch": 10.0
    },
    {
      "eval_loss": 0.46792110800743103,
      "eval_accuracy": 0.8104166666666667,
      "eval_f1": 0.669090909090909,
      "eval_precision": 0.7301587301587301,
      "eval_recall": 0.6174496644295302,
      "eval_auc": 0.8750785701251039,
      "eval_auprc": 0.738918656013613,
      "eval_matthews_correlation": 0.5412529059301612,
      "eval_runtime": 10.4019,
      "eval_samples_per_second": 47.011,
      "eval_steps_per_second": 2.98,
      "epoch": 10.0
    },
    {
      "eval_loss": 0.3687124252319336,
      "eval_accuracy": 0.8354166666666667,
      "eval_f1": 0.7168458781362008,
      "eval_precision": 0.78125,
      "eval_recall": 0.6622516556291391,
      "eval_auc": 0.9048088729644317,
      "eval_auprc": 0.8205010682881055,
      "eval_matthews_correlation": 0.6060315704762426,
      "eval_runtime": 10.3004,
      "eval_samples_per_second": 47.474,
      "eval_steps_per_second": 3.01,
      "epoch": 9.0
    }
  ],
  "test_metrics": {
    "eval_loss": 0.6924794316291809,
    "eval_accuracy": 0.7049019607843138,
    "eval_f1": 0.5825242718446602,
    "eval_precision": 0.8786610878661087,
    "eval_recall": 0.43568464730290457,
    "eval_auc": 0.8098516867451294,
    "eval_auprc": 0.8064001530753864,
    "eval_matthews_correlation": 0.44999205269166165,
    "eval_runtime": 88.515,
    "eval_samples_per_second": 46.139,
    "eval_steps_per_second": 2.892,
    "epoch": 8.0
  }
}