{
  "experiment": "cross_length",
  "model_type": "lamar",
  "variant": "pretrained",
  "pair_name": "HNRNPU_HepG2_ENCSR240MVJ",
  "pretrain_path": "/gpfs/bwfor/work/ws/fr_ml642-thesis_work/Thesis/LAMAR/weights",
  "max_length": 1024,
  "n_folds": 5,
  "hyperparameters": {
    "learning_rate": 5e-05,
    "per_device_train_batch_size": 16,
    "weight_decay": 0.01,
    "warmup_ratio": 0.1,
    "num_train_epochs": 10,
    "gradient_accumulation_steps": 1,
    "early_stopping_patience": 3
  },
  "cv_metrics": {
    "epoch_mean": 6.6,
    "epoch_std": 2.8000000000000003,
    "eval_accuracy_mean": 0.79375,
    "eval_accuracy_std": 0.06434768838116875,
    "eval_auc_mean": 0.91682954726433,
    "eval_auc_std": 0.06444311132033752,
    "eval_auprc_mean": 0.862693252875071,
    "eval_auprc_std": 0.08427546564237143,
    "eval_f1_mean": 0.4133408387278357,
    "eval_f1_std": 0.3480998329125423,
    "eval_loss_mean": 0.46989001631736754,
    "eval_loss_std": 0.14468961214657566,
    "eval_matthews_correlation_mean": 0.3383481470700201,
    "eval_matthews_correlation_std": 0.30451988408559433,
    "eval_precision_mean": 0.4416666666666667,
    "eval_precision_std": 0.38873012632302006,
    "eval_recall_mean": 0.39656565656565657,
    "eval_recall_std": 0.32901246034355636,
    "eval_runtime_mean": 0.5590200000000001,
    "eval_runtime_std": 0.0005599999999999915,
    "eval_samples_per_second_mean": 83.00480000000002,
    "eval_samples_per_second_std": 0.8926883890809819,
    "eval_steps_per_second_mean": 5.3666,
    "eval_steps_per_second_std": 0.005314132102234385
  },
  "cv_fold_metrics": [
    {
      "eval_loss": 0.36506471037864685,
      "eval_accuracy": 0.8125,
      "eval_f1": 0.0,
      "eval_precision": 0.0,
      "eval_recall": 0.0,
      "eval_auc": 0.9807692307692308,
      "eval_auprc": 0.9305555555555556,
      "eval_matthews_correlation": 0.0,
      "eval_runtime": 0.5594,
      "eval_samples_per_second": 84.026,
      "eval_steps_per_second": 5.363,
      "epoch": 4.0
    },
    {
      "eval_loss": 0.25432753562927246,
      "eval_accuracy": 0.90625,
      "eval_f1": 0.8421052631578948,
      "eval_precision": 1.0,
      "eval_recall": 0.7272727272727273,
      "eval_auc": 0.9653679653679654,
      "eval_auprc": 0.9440771349862259,
      "eval_matthews_correlation": 0.7977240352174656,
      "eval_runtime": 0.5585,
      "eval_samples_per_second": 84.161,
      "eval_steps_per_second": 5.372,
      "epoch": 10.0
    },
    {
      "eval_loss": 0.5506925582885742,
      "eval_accuracy": 0.71875,
      "eval_f1": 0.0,
      "eval_precision": 0.0,
      "eval_recall": 0.0,
      "eval_auc": 0.961352657004831,
      "eval_auprc": 0.9182098765432098,
      "eval_matthews_correlation": 0.0,
      "eval_runtime": 0.5596,
      "eval_samples_per_second": 82.204,
      "eval_steps_per_second": 5.361,
      "epoch": 4.0
    },
    {
      "eval_loss": 0.6671109795570374,
      "eval_accuracy": 0.75,
      "eval_f1": 0.6363636363636365,
      "eval_precision": 0.5833333333333334,
      "eval_recall": 0.7,
      "eval_auc": 0.8409090909090909,
      "eval_auprc": 0.7494227994227994,
      "eval_matthews_correlation": 0.4526019054848144,
      "eval_runtime": 0.5594,
      "eval_samples_per_second": 82.227,
      "eval_steps_per_second": 5.363,
      "epoch": 5.0
    },
    {
      "eval_loss": 0.5122542977333069,
      "eval_accuracy": 0.78125,
      "eval_f1": 0.5882352941176471,
      "eval_precision": 0.625,
      "eval_recall": 0.5555555555555556,
      "eval_auc": 0.8357487922705313,
      "eval_auprc": 0.7712008978675645,
      "eval_matthews_correlation": 0.4414147946478204,
      "eval_runtime": 0.5582,
      "eval_samples_per_second": 82.406,
      "eval_steps_per_second": 5.374,
      "epoch": 10.0
    }
  ],
  "test_metrics": {
    "eval_loss": 0.4047170877456665,
    "eval_accuracy": 0.8189655172413793,
    "eval_f1": 0.7846153846153846,
    "eval_precision": 0.9,
    "eval_recall": 0.6954545454545454,
    "eval_auc": 0.9041728763040238,
    "eval_auprc": 0.904545954304074,
    "eval_matthews_correlation": 0.6485321077525247,
    "eval_runtime": 8.016,
    "eval_samples_per_second": 59.755,
    "eval_steps_per_second": 3.742,
    "epoch": 9.0
  }
}