{
  "best_layer": 4,
  "best_auroc": 0.8884571022979326,
  "variant": "lamar_pretrained",
  "task_id": "data/KHSRP_K562_IDR",
  "layer_aurocs": {
    "0": 0.8162023482092685,
    "1": 0.8867610090793482,
    "2": 0.8829680891964629,
    "3": 0.8835580989560228,
    "4": 0.8884571022979326,
    "5": 0.8788069677343033,
    "6": 0.8866530624316091,
    "7": 0.8799071363085205,
    "8": 0.8809555496406709,
    "9": 0.8845429272764914,
    "10": 0.8861192440777215,
    "11": 0.8802354124153433,
    "12": 0.8882293792328394
  }
}