{
  "best_layer": 3,
  "best_auroc": 0.9635746606334841,
  "variant": "lamar_pretrained",
  "task_id": "data/PTBP1_HepG2_IDR",
  "layer_aurocs": {
    "0": 0.94426256173661,
    "1": 0.9561145121698754,
    "2": 0.9570387129210658,
    "3": 0.9635746606334841,
    "4": 0.9568878833584715,
    "5": 0.9595998580427647,
    "6": 0.9586830508975839,
    "7": 0.95868009345518,
    "8": 0.9593573477656523,
    "9": 0.9597255493449264,
    "10": 0.9607991009375093,
    "11": 0.9585263064501819,
    "12": 0.9613166533581758
  }
}