{
  "best_layer": 1,
  "best_auroc": 0.9433782864578714,
  "variant": "lamar_pretrained",
  "task_id": "data/GTF2F1_K562_IDR",
  "layer_aurocs": {
    "0": 0.8906751841007896,
    "1": 0.9433782864578714,
    "2": 0.9406263863011267,
    "3": 0.9406899713128087,
    "4": 0.9410093750924201,
    "5": 0.9404711205749269,
    "6": 0.9397983024280603,
    "7": 0.9384275278738947,
    "8": 0.9422914263744714,
    "9": 0.9387572827019193,
    "10": 0.9374234761778014,
    "11": 0.9326826960044953,
    "12": 0.9353059474166742
  }
}