{
  "best_layer": 3,
  "best_auroc": 0.8372884985064916,
  "variant": "lamar_pretrained",
  "task_id": "finetune_data_koo/SRSF1_K562_200",
  "layer_aurocs": {
    "0": 0.7995243841126194,
    "1": 0.8328840091089227,
    "2": 0.8338524531984739,
    "3": 0.8372884985064916,
    "4": 0.828984443852956,
    "5": 0.8283942566468518,
    "6": 0.8293839351728625,
    "7": 0.8195441694023009,
    "8": 0.8277543252595155,
    "9": 0.8229622926093516,
    "10": 0.8253898796320941,
    "11": 0.824195560878952,
    "12": 0.8285565610859728
  }
}