{
  "best_layer": 0,
  "best_auroc": 0.9851506816904742,
  "variant": "lamar_pretrained",
  "task_id": "finetune_data_koo/HNRNPK_K562_200",
  "layer_aurocs": {
    "0": 0.9851506816904742,
    "1": 0.9754103451335286,
    "2": 0.975262473013338,
    "3": 0.9747316121018542,
    "4": 0.9751027711235324,
    "5": 0.9758761423121284,
    "6": 0.9757785467128027,
    "7": 0.9762606098246238,
    "8": 0.9738310708898943,
    "9": 0.9742820808564753,
    "10": 0.9742791234140716,
    "11": 0.9731981782154792,
    "12": 0.9739819004524886
  }
}