{
  "best_layer": 9,
  "best_auroc": 0.8565241179428031,
  "variant": "lamar_pretrained",
  "task_id": "finetune_data_koo/TIA1_K562_200",
  "layer_aurocs": {
    "0": 0.7468798982639813,
    "1": 0.8495844793422649,
    "2": 0.8413361724780412,
    "3": 0.8430012125513855,
    "4": 0.8471253659834975,
    "5": 0.8425930854996599,
    "6": 0.847582290834886,
    "7": 0.8240617513973915,
    "8": 0.8511652323071008,
    "9": 0.8565241179428031,
    "10": 0.8508547008547008,
    "11": 0.8364238606453138,
    "12": 0.8454558897465472
  }
}