{
  "best_layer": 12,
  "best_auroc": 0.7955002513826044,
  "variant": "lamar_pretrained",
  "task_id": "finetune_data_koo/PUM2_K562_200",
  "layer_aurocs": {
    "0": 0.6956969213024575,
    "1": 0.7927675746014846,
    "2": 0.7953730813592406,
    "3": 0.7927853192559076,
    "4": 0.7943867743175702,
    "5": 0.7698266938751368,
    "6": 0.7069632981397687,
    "7": 0.773544938337326,
    "8": 0.7783396918345014,
    "9": 0.7648848076183715,
    "10": 0.7737837518114334,
    "11": 0.7741859639783515,
    "12": 0.7955002513826044
  }
}