{
  "best_layer": 0,
  "best_auroc": 0.8725919025226985,
  "variant": "lamar_pretrained",
  "task_id": "finetune_data_koo/QKI_K562_200",
  "layer_aurocs": {
    "0": 0.8725919025226985,
    "1": 0.8586150297222963,
    "2": 0.8620619288439357,
    "3": 0.8601913465235265,
    "4": 0.8616981634282673,
    "5": 0.8638216070742022,
    "6": 0.8595924644367552,
    "7": 0.8572058084168811,
    "8": 0.8535311862301482,
    "9": 0.8576183716322126,
    "10": 0.8610046431845738,
    "11": 0.8626652470943128,
    "12": 0.862369502853932
  }
}