{
  "best_layer": 0,
  "best_auroc": 0.8803368794326241,
  "variant": "lamar_pretrained",
  "task_id": "finetune_data_koo/U2AF1_K562_200",
  "layer_aurocs": {
    "0": 0.8803368794326241,
    "1": 0.7849113475177305,
    "2": 0.7999306898774984,
    "3": 0.7991747259832367,
    "4": 0.7948404255319149,
    "5": 0.7829787234042553,
    "6": 0.8031173436492585,
    "7": 0.6840699548678272,
    "8": 0.7425709219858156,
    "9": 0.7879255319148936,
    "10": 0.7988249516441005,
    "11": 0.7881092843326887,
    "12": 0.8028336557059962
  }
}