{
  "best_layer": 6,
  "best_auroc": 0.9588400961996806,
  "pilot_rbp": "GTF2F1_K562_IDR",
  "model": "lamar_tapt",
  "layer_aurocs": {
    "0": 0.9070578431389151,
    "1": 0.9539058735598358,
    "2": 0.95767997132732,
    "3": 0.9582275247153944,
    "4": 0.9581650202150429,
    "5": 0.9588288189298583,
    "6": 0.9588400961996806,
    "7": 0.9569974319500067,
    "8": 0.9556785713385798,
    "9": 0.9493892420646957,
    "10": 0.9446712879343387,
    "11": 0.9400234260758176,
    "12": 0.9353179741801145
  }
}