{
  "experiment": "cross_cell",
  "model_type": "lamar",
  "variant": "tapt_512",
  "pair_name": "NONO_train_K562_test_HepG2_fixlen_101",
  "pretrain_path": "/gpfs/bwfor/work/ws/fr_ml642-thesis_work/Thesis/LAMAR/src/pretrain/saving_model/tapt_lamar/checkpoint-98000/model.safetensors",
  "max_length": 1024,
  "n_folds": 5,
  "hyperparameters": {
    "learning_rate": 5e-05,
    "per_device_train_batch_size": 16,
    "weight_decay": 0.01,
    "warmup_ratio": 0.1,
    "num_train_epochs": 10,
    "gradient_accumulation_steps": 1,
    "early_stopping_patience": 3
  },
  "cv_metrics": {
    "epoch_mean": 6.6,
    "epoch_std": 1.0198039027185568,
    "eval_accuracy_mean": 0.9245283018867925,
    "eval_accuracy_std": 0.005326221599356717,
    "eval_auc_mean": 0.9759131196108702,
    "eval_auc_std": 0.003688226877271683,
    "eval_auprc_mean": 0.9626972632623969,
    "eval_auprc_std": 0.007817705311591113,
    "eval_f1_mean": 0.915798471675522,
    "eval_f1_std": 0.006283276939240252,
    "eval_loss_mean": 0.21731602549552917,
    "eval_loss_std": 0.0346865007865293,
    "eval_matthews_correlation_mean": 0.8487491657081249,
    "eval_matthews_correlation_std": 0.011235451824414081,
    "eval_precision_mean": 0.8926484638000657,
    "eval_precision_std": 0.012538417637557055,
    "eval_recall_mean": 0.9405511538604536,
    "eval_recall_std": 0.016002511031328263,
    "eval_runtime_mean": 18.3765,
    "eval_runtime_std": 0.017922388233715097,
    "eval_samples_per_second_mean": 46.64659999999999,
    "eval_samples_per_second_std": 0.04410260763265441,
    "eval_steps_per_second_mean": 2.9384,
    "eval_steps_per_second_std": 0.003072458299147446
  },
  "cv_fold_metrics": [
    {
      "eval_loss": 0.21887265145778656,
      "eval_accuracy": 0.9209905660377359,
      "eval_f1": 0.9103078982597055,
      "eval_precision": 0.8970976253298153,
      "eval_recall": 0.9239130434782609,
      "eval_auc": 0.9716202445652175,
      "eval_auprc": 0.957156998903896,
      "eval_matthews_correlation": 0.8400254602426379,
      "eval_runtime": 18.3873,
      "eval_samples_per_second": 46.663,
      "eval_steps_per_second": 2.937,
      "epoch": 8.0
    },
    {
      "eval_loss": 0.2821465730667114,
      "eval_accuracy": 0.9198113207547169,
      "eval_f1": 0.9107611548556429,
      "eval_precision": 0.8829516539440203,
      "eval_recall": 0.940379403794038,
      "eval_auc": 0.9765772187993278,
      "eval_auprc": 0.9656910938064358,
      "eval_matthews_correlation": 0.839458859652496,
      "eval_runtime": 18.3707,
      "eval_samples_per_second": 46.65,
      "eval_steps_per_second": 2.939,
      "epoch": 7.0
    },
    {
      "eval_loss": 0.20619653165340424,
      "eval_accuracy": 0.9198113207547169,
      "eval_f1": 0.9109947643979058,
      "eval_precision": 0.8854961832061069,
      "eval_recall": 0.9380053908355795,
      "eval_auc": 0.9725033480818457,
      "eval_auprc": 0.9528235303698268,
      "eval_matthews_correlation": 0.8392949282629479,
      "eval_runtime": 18.3958,
      "eval_samples_per_second": 46.587,
      "eval_steps_per_second": 2.935,
      "epoch": 5.0
    },
    {
      "eval_loss": 0.19861085712909698,
      "eval_accuracy": 0.9316037735849056,
      "eval_f1": 0.9226666666666665,
      "eval_precision": 0.9153439153439153,
      "eval_recall": 0.9301075268817204,
      "eval_auc": 0.9769076985632963,
      "eval_auprc": 0.9621507143387779,
      "eval_matthews_correlation": 0.8614515178009318,
      "eval_runtime": 18.3842,
      "eval_samples_per_second": 46.616,
      "eval_steps_per_second": 2.937,
      "epoch": 6.0
    },
    {
      "eval_loss": 0.18075351417064667,
      "eval_accuracy": 0.9304245283018868,
      "eval_f1": 0.9242618741976893,
      "eval_precision": 0.8823529411764706,
      "eval_recall": 0.9703504043126685,
      "eval_auc": 0.9819570880446638,
      "eval_auprc": 0.9756639788930481,
      "eval_matthews_correlation": 0.8635150625816103,
      "eval_runtime": 18.3445,
      "eval_samples_per_second": 46.717,
      "eval_steps_per_second": 2.944,
      "epoch": 7.0
    }
  ],
  "test_metrics": {
    "eval_loss": 0.9008421897888184,
    "eval_accuracy": 0.7749685929648241,
    "eval_f1": 0.7160689518525857,
    "eval_precision": 0.8523584905660377,
    "eval_recall": 0.6173556542535019,
    "eval_auc": 0.874527182659477,
    "eval_auprc": 0.848944531637861,
    "eval_matthews_correlation": 0.5566782024565636,
    "eval_runtime": 137.8986,
    "eval_samples_per_second": 46.266,
    "eval_steps_per_second": 2.893,
    "epoch": 4.0
  }
}