{
  "experiment": "cross_length",
  "model_type": "lamar",
  "variant": "pretrained_custom",
  "pair_name": "FAM120A_K562_ENCSR006OEQ",
  "pretrain_path": "/gpfs/bwfor/work/ws/fr_ml642-thesis_work/Thesis/LAMAR/src/pretrain/saving_model/tapt_512_standard_collator_1gpu/checkpoint-265000/model.safetensors",
  "max_length": 512,
  "n_folds": 5,
  "hyperparameters": {
    "learning_rate": 5e-05,
    "per_device_train_batch_size": 16,
    "weight_decay": 0.01,
    "warmup_ratio": 0.1,
    "num_train_epochs": 10,
    "gradient_accumulation_steps": 1,
    "early_stopping_patience": 3
  },
  "cv_metrics": {
    "epoch_mean": 8.6,
    "epoch_std": 0.7999999999999999,
    "eval_accuracy_mean": 0.7583333333333333,
    "eval_accuracy_std": 0.01015357046271357,
    "eval_auc_mean": 0.8257231251040474,
    "eval_auc_std": 0.011772273256353197,
    "eval_auprc_mean": 0.7229001951059295,
    "eval_auprc_std": 0.018955347443616828,
    "eval_f1_mean": 0.6344688803746127,
    "eval_f1_std": 0.025523560132542762,
    "eval_loss_mean": 0.5407926619052887,
    "eval_loss_std": 0.0408700163909579,
    "eval_matthews_correlation_mean": 0.46225919408484345,
    "eval_matthews_correlation_std": 0.018395343207704997,
    "eval_precision_mean": 0.6766695085049029,
    "eval_precision_std": 0.04838632217622706,
    "eval_recall_mean": 0.608742319359104,
    "eval_recall_std": 0.08256235019943918,
    "eval_runtime_mean": 6.51026,
    "eval_runtime_std": 0.03225638541436395,
    "eval_samples_per_second_mean": 134.0994,
    "eval_samples_per_second_std": 0.6688535265661664,
    "eval_steps_per_second_mean": 8.448400000000001,
    "eval_steps_per_second_std": 0.04228758683112543
  },
  "cv_fold_metrics": [
    {
      "eval_loss": 0.5225024223327637,
      "eval_accuracy": 0.7511574074074074,
      "eval_f1": 0.6776611694152924,
      "eval_precision": 0.6174863387978142,
      "eval_recall": 0.7508305647840532,
      "eval_auc": 0.828930208954167,
      "eval_auprc": 0.7375353801736035,
      "eval_matthews_correlation": 0.48420212823002345,
      "eval_runtime": 6.5383,
      "eval_samples_per_second": 133.521,
      "eval_steps_per_second": 8.412,
      "epoch": 8.0
    },
    {
      "eval_loss": 0.549457311630249,
      "eval_accuracy": 0.7534722222222222,
      "eval_f1": 0.6243386243386244,
      "eval_precision": 0.6654135338345865,
      "eval_recall": 0.5880398671096345,
      "eval_auc": 0.818225807403386,
      "eval_auprc": 0.725845262014595,
      "eval_matthews_correlation": 0.4437846051836086,
      "eval_runtime": 6.5306,
      "eval_samples_per_second": 133.678,
      "eval_steps_per_second": 8.422,
      "epoch": 9.0
    },
    {
      "eval_loss": 0.5992924571037292,
      "eval_accuracy": 0.7465277777777778,
      "eval_f1": 0.6331658291457287,
      "eval_precision": 0.6385135135135135,
      "eval_recall": 0.627906976744186,
      "eval_auc": 0.8087901193770911,
      "eval_auprc": 0.6899735240163863,
      "eval_matthews_correlation": 0.4395886156685078,
      "eval_runtime": 6.508,
      "eval_samples_per_second": 134.143,
      "eval_steps_per_second": 8.451,
      "epoch": 10.0
    },
    {
      "eval_loss": 0.5571330785751343,
      "eval_accuracy": 0.7731481481481481,
      "eval_f1": 0.6383763837638375,
      "eval_precision": 0.7119341563786008,
      "eval_recall": 0.5785953177257525,
      "eval_auc": 0.8287684612424897,
      "eval_auprc": 0.7169399538220149,
      "eval_matthews_correlation": 0.4811021302846837,
      "eval_runtime": 6.5255,
      "eval_samples_per_second": 133.782,
      "eval_steps_per_second": 8.428,
      "epoch": 8.0
    },
    {
      "eval_loss": 0.47557803988456726,
      "eval_accuracy": 0.7673611111111112,
      "eval_f1": 0.5988023952095809,
      "eval_precision": 0.75,
      "eval_recall": 0.4983388704318937,
      "eval_auc": 0.8439010285431038,
      "eval_auprc": 0.7442068555030479,
      "eval_matthews_correlation": 0.4626184910573938,
      "eval_runtime": 6.4489,
      "eval_samples_per_second": 135.373,
      "eval_steps_per_second": 8.529,
      "epoch": 8.0
    }
  ],
  "test_metrics": {
    "eval_loss": 1.0559271574020386,
    "eval_accuracy": 0.636728791773779,
    "eval_f1": 0.49587513935340016,
    "eval_precision": 0.7225471085120208,
    "eval_recall": 0.3774609640190088,
    "eval_auc": 0.661725788620634,
    "eval_auprc": 0.6826740265661988,
    "eval_matthews_correlation": 0.2860834673568733,
    "eval_runtime": 46.333,
    "eval_samples_per_second": 134.332,
    "eval_steps_per_second": 8.396,
    "epoch": 10.0
  }
}