{
  "experiment": "cross_cell",
  "model_type": "dnabert2",
  "variant": "pretrained",
  "pair_name": "DDX52_train_K562_test_HepG2_fixlen_101",
  "max_length": 128,
  "n_folds": 5,
  "hyperparameters": {
    "learning_rate": 5e-05,
    "per_device_train_batch_size": 16,
    "weight_decay": 0.01,
    "warmup_ratio": 0.1,
    "num_train_epochs": 10,
    "gradient_accumulation_steps": 1,
    "early_stopping_patience": 3
  },
  "cv_metrics": {
    "epoch_mean": 6.4,
    "epoch_std": 1.3564659966250536,
    "eval_accuracy_mean": 0.825943805314358,
    "eval_accuracy_std": 0.007655596355999548,
    "eval_auc_mean": 0.907912121099977,
    "eval_auc_std": 0.01729761200136662,
    "eval_auprc_mean": 0.8928044925678155,
    "eval_auprc_std": 0.02450937259234978,
    "eval_f1_mean": 0.825061929810377,
    "eval_f1_std": 0.008017031115733812,
    "eval_loss_mean": 0.5007848799228668,
    "eval_loss_std": 0.13401770104834265,
    "eval_matthews_correlation_mean": 0.6569059263948536,
    "eval_matthews_correlation_std": 0.014413768246968038,
    "eval_precision_mean": 0.8314305057393915,
    "eval_precision_std": 0.007641021960383397,
    "eval_recall_mean": 0.825525004225194,
    "eval_recall_std": 0.00775773261234977,
    "eval_runtime_mean": 0.33077999999999996,
    "eval_runtime_std": 0.00034871191548325813,
    "eval_samples_per_second_mean": 1323.6060000000002,
    "eval_samples_per_second_std": 2.060764615379422,
    "eval_steps_per_second_mean": 84.65299999999999,
    "eval_steps_per_second_std": 0.08776103919165659
  },
  "cv_fold_metrics": [
    {
      "eval_loss": 0.35355281829833984,
      "eval_accuracy": 0.8401826484018264,
      "eval_f1": 0.8393250183418929,
      "eval_matthews_correlation": 0.6856058477179875,
      "eval_precision": 0.8460508701472557,
      "eval_recall": 0.8395854619763539,
      "eval_auc": 0.9356089830473132,
      "eval_auprc": 0.9274557897604105,
      "eval_runtime": 0.3301,
      "eval_samples_per_second": 1326.914,
      "eval_steps_per_second": 84.826,
      "epoch": 5.0
    },
    {
      "eval_loss": 0.43006202578544617,
      "eval_accuracy": 0.8242009132420092,
      "eval_f1": 0.8238694818861203,
      "eval_matthews_correlation": 0.6496802843500369,
      "eval_precision": 0.8258096996140292,
      "eval_recall": 0.823873469983527,
      "eval_auc": 0.9048939675125635,
      "eval_auprc": 0.8968256729629789,
      "eval_runtime": 0.3308,
      "eval_samples_per_second": 1323.975,
      "eval_steps_per_second": 84.638,
      "epoch": 6.0
    },
    {
      "eval_loss": 0.39666372537612915,
      "eval_accuracy": 0.8242009132420092,
      "eval_f1": 0.8237148158795704,
      "eval_matthews_correlation": 0.6499274459911673,
      "eval_precision": 0.8262967557452534,
      "eval_recall": 0.8236361361361362,
      "eval_auc": 0.91332999666333,
      "eval_auprc": 0.9083806332405138,
      "eval_runtime": 0.331,
      "eval_samples_per_second": 1323.333,
      "eval_steps_per_second": 84.597,
      "epoch": 5.0
    },
    {
      "eval_loss": 0.6762625575065613,
      "eval_accuracy": 0.8242009132420092,
      "eval_f1": 0.8239944890642368,
      "eval_matthews_correlation": 0.6517940170348923,
      "eval_precision": 0.8269727312803072,
      "eval_recall": 0.8248248248248249,
      "eval_auc": 0.8819652986319653,
      "eval_auprc": 0.8596555678642466,
      "eval_runtime": 0.331,
      "eval_samples_per_second": 1323.368,
      "eval_steps_per_second": 84.599,
      "epoch": 8.0
    },
    {
      "eval_loss": 0.6473832726478577,
      "eval_accuracy": 0.816933638443936,
      "eval_f1": 0.8144058438800645,
      "eval_matthews_correlation": 0.647522036880184,
      "eval_precision": 0.8320224719101124,
      "eval_recall": 0.8157051282051282,
      "eval_auc": 0.9037623596447126,
      "eval_auprc": 0.8717047990109277,
      "eval_runtime": 0.331,
      "eval_samples_per_second": 1320.44,
      "eval_steps_per_second": 84.605,
      "epoch": 8.0
    }
  ],
  "test_metrics": {
    "eval_loss": 0.7583099603652954,
    "eval_accuracy": 0.6412556053811659,
    "eval_f1": 0.6079465541490857,
    "eval_matthews_correlation": 0.26204859370161654,
    "eval_precision": 0.6475816453079786,
    "eval_recall": 0.6163245356793744,
    "eval_auc": 0.7005539263603779,
    "eval_auprc": 0.6105900518627732,
    "eval_runtime": 0.1676,
    "eval_samples_per_second": 1330.152,
    "eval_steps_per_second": 83.507,
    "epoch": 4.0
  }
}