{
  "experiment": "cross_length",
  "model_type": "lamar",
  "variant": "tapt_512",
  "pair_name": "DDX51_K562_ENCSR145NLR",
  "pretrain_path": "/gpfs/bwfor/work/ws/fr_ml642-thesis_work/Thesis/LAMAR/src/pretrain/saving_model/tapt_lamar/checkpoint-98000/model.safetensors",
  "max_length": 1024,
  "n_folds": 5,
  "hyperparameters": {
    "learning_rate": 5e-05,
    "per_device_train_batch_size": 16,
    "weight_decay": 0.01,
    "warmup_ratio": 0.1,
    "num_train_epochs": 10,
    "gradient_accumulation_steps": 1,
    "early_stopping_patience": 3
  },
  "cv_metrics": {
    "epoch_mean": 5.0,
    "epoch_std": 0.6324555320336759,
    "eval_accuracy_mean": 0.9125,
    "eval_accuracy_std": 0.04039733214513606,
    "eval_auc_mean": 0.9575585072738771,
    "eval_auc_std": 0.04125696112061911,
    "eval_auprc_mean": 0.9562038061886333,
    "eval_auprc_std": 0.033711672676921066,
    "eval_f1_mean": 0.8822383498854087,
    "eval_f1_std": 0.052520072218894265,
    "eval_loss_mean": 0.2868868067860603,
    "eval_loss_std": 0.13998358116682638,
    "eval_matthews_correlation_mean": 0.8209659888349201,
    "eval_matthews_correlation_std": 0.08162325960013103,
    "eval_precision_mean": 0.8894927536231885,
    "eval_precision_std": 0.10039566756146588,
    "eval_recall_mean": 0.8875816993464053,
    "eval_recall_std": 0.07861090563129744,
    "eval_runtime_mean": 1.0421399999999998,
    "eval_runtime_std": 0.0012877888025604124,
    "eval_samples_per_second_mean": 47.403,
    "eval_samples_per_second_std": 0.5044442486539017,
    "eval_steps_per_second_mean": 3.8381999999999996,
    "eval_steps_per_second_std": 0.004707440918375882
  },
  "cv_fold_metrics": [
    {
      "eval_loss": 0.12013275176286697,
      "eval_accuracy": 0.9375,
      "eval_f1": 0.9090909090909091,
      "eval_precision": 1.0,
      "eval_recall": 0.8333333333333334,
      "eval_auc": 1.0,
      "eval_auprc": 1.0,
      "eval_matthews_correlation": 0.8703882797784892,
      "eval_runtime": 1.0398,
      "eval_samples_per_second": 48.084,
      "eval_steps_per_second": 3.847,
      "epoch": 5.0
    },
    {
      "eval_loss": 0.3047899901866913,
      "eval_accuracy": 0.8958333333333334,
      "eval_f1": 0.8571428571428571,
      "eval_precision": 0.8333333333333334,
      "eval_recall": 0.8823529411764706,
      "eval_auc": 0.984819734345351,
      "eval_auprc": 0.9742905056759545,
      "eval_matthews_correlation": 0.7760651002642738,
      "eval_runtime": 1.0427,
      "eval_samples_per_second": 47.952,
      "eval_steps_per_second": 3.836,
      "epoch": 6.0
    },
    {
      "eval_loss": 0.48451995849609375,
      "eval_accuracy": 0.875,
      "eval_f1": 0.823529411764706,
      "eval_precision": 0.875,
      "eval_recall": 0.7777777777777778,
      "eval_auc": 0.8814814814814814,
      "eval_auprc": 0.9015680475288799,
      "eval_matthews_correlation": 0.7302967433402215,
      "eval_runtime": 1.0437,
      "eval_samples_per_second": 46.95,
      "eval_steps_per_second": 3.833,
      "epoch": 5.0
    },
    {
      "eval_loss": 0.1408386528491974,
      "eval_accuracy": 0.9791666666666666,
      "eval_f1": 0.9714285714285714,
      "eval_precision": 1.0,
      "eval_recall": 0.9444444444444444,
      "eval_auc": 0.9518518518518518,
      "eval_auprc": 0.9671717171717171,
      "eval_matthews_correlation": 0.9560222249632359,
      "eval_runtime": 1.0424,
      "eval_samples_per_second": 47.008,
      "eval_steps_per_second": 3.837,
      "epoch": 5.0
    },
    {
      "eval_loss": 0.38415268063545227,
      "eval_accuracy": 0.875,
      "eval_f1": 0.85,
      "eval_precision": 0.7391304347826086,
      "eval_recall": 1.0,
      "eval_auc": 0.969639468690702,
      "eval_auprc": 0.9379887605666153,
      "eval_matthews_correlation": 0.7720575958283795,
      "eval_runtime": 1.0421,
      "eval_samples_per_second": 47.021,
      "eval_steps_per_second": 3.838,
      "epoch": 4.0
    }
  ],
  "test_metrics": {
    "eval_loss": 0.6122583150863647,
    "eval_accuracy": 0.821969696969697,
    "eval_f1": 0.7824074074074074,
    "eval_precision": 0.9602272727272727,
    "eval_recall": 0.66015625,
    "eval_auc": 0.9510569852941176,
    "eval_auprc": 0.9494953129951742,
    "eval_matthews_correlation": 0.6725960136057769,
    "eval_runtime": 11.4681,
    "eval_samples_per_second": 46.913,
    "eval_steps_per_second": 2.965,
    "epoch": 7.0
  }
}