{
  "experiment": "cross_cell",
  "model_type": "lamar",
  "variant": "pretrained_custom",
  "pair_name": "SRSF7_train_K562_test_HepG2_fixlen_101",
  "pretrain_path": "/gpfs/bwfor/work/ws/fr_ml642-thesis_work/Thesis/LAMAR/src/pretrain/saving_model/tapt_512_standard_collator_1gpu/checkpoint-265000/model.safetensors",
  "max_length": 512,
  "n_folds": 5,
  "hyperparameters": {
    "learning_rate": 5e-05,
    "per_device_train_batch_size": 16,
    "weight_decay": 0.01,
    "warmup_ratio": 0.1,
    "num_train_epochs": 10,
    "gradient_accumulation_steps": 1,
    "early_stopping_patience": 3
  },
  "cv_metrics": {
    "epoch_mean": 7.4,
    "epoch_std": 1.7435595774162693,
    "eval_accuracy_mean": 0.7930555555555556,
    "eval_accuracy_std": 0.1050793351076541,
    "eval_auc_mean": 0.9350385644493802,
    "eval_auc_std": 0.025452585942545625,
    "eval_auprc_mean": 0.936130584023546,
    "eval_auprc_std": 0.026982980063736915,
    "eval_f1_mean": 0.796013864747805,
    "eval_f1_std": 0.07440994843376604,
    "eval_loss_mean": 0.4383558094501495,
    "eval_loss_std": 0.11662578687673253,
    "eval_matthews_correlation_mean": 0.6262555610678197,
    "eval_matthews_correlation_std": 0.15371638984723285,
    "eval_precision_mean": 0.8211743877283881,
    "eval_precision_std": 0.1441855112992705,
    "eval_recall_mean": 0.8176218435935304,
    "eval_recall_std": 0.14556058185433626,
    "eval_runtime_mean": 1.11632,
    "eval_runtime_std": 0.0005491812087098127,
    "eval_samples_per_second_mean": 141.53320000000002,
    "eval_samples_per_second_std": 0.06772414635858967,
    "eval_steps_per_second_mean": 8.9578,
    "eval_steps_per_second_std": 0.004445222154178827
  },
  "cv_fold_metrics": [
    {
      "eval_loss": 0.49657759070396423,
      "eval_accuracy": 0.7708333333333334,
      "eval_f1": 0.7130434782608696,
      "eval_precision": 0.8913043478260869,
      "eval_recall": 0.5942028985507246,
      "eval_auc": 0.8979710144927536,
      "eval_auprc": 0.8939564638319804,
      "eval_matthews_correlation": 0.5652173913043478,
      "eval_runtime": 1.1174,
      "eval_samples_per_second": 141.4,
      "eval_steps_per_second": 8.949,
      "epoch": 8.0
    },
    {
      "eval_loss": 0.41844189167022705,
      "eval_accuracy": 0.875,
      "eval_f1": 0.8695652173913043,
      "eval_precision": 0.8571428571428571,
      "eval_recall": 0.8823529411764706,
      "eval_auc": 0.950077399380805,
      "eval_auprc": 0.9524649008647683,
      "eval_matthews_correlation": 0.749903867194875,
      "eval_runtime": 1.116,
      "eval_samples_per_second": 141.571,
      "eval_steps_per_second": 8.96,
      "epoch": 10.0
    },
    {
      "eval_loss": 0.3356567621231079,
      "eval_accuracy": 0.875,
      "eval_f1": 0.8767123287671234,
      "eval_precision": 0.8533333333333334,
      "eval_recall": 0.9014084507042254,
      "eval_auc": 0.9409608334941154,
      "eval_auprc": 0.9456179682989106,
      "eval_matthews_correlation": 0.7513035644986679,
      "eval_runtime": 1.1162,
      "eval_samples_per_second": 141.547,
      "eval_steps_per_second": 8.959,
      "epoch": 8.0
    },
    {
      "eval_loss": 0.6311772465705872,
      "eval_accuracy": 0.5972222222222222,
      "eval_f1": 0.7040816326530613,
      "eval_precision": 0.5433070866141733,
      "eval_recall": 1.0,
      "eval_auc": 0.9159420289855073,
      "eval_auprc": 0.9181225570836454,
      "eval_matthews_correlation": 0.3509267819634355,
      "eval_runtime": 1.1161,
      "eval_samples_per_second": 141.563,
      "eval_steps_per_second": 8.96,
      "epoch": 5.0
    },
    {
      "eval_loss": 0.30992555618286133,
      "eval_accuracy": 0.8472222222222222,
      "eval_f1": 0.8166666666666667,
      "eval_precision": 0.9607843137254902,
      "eval_recall": 0.7101449275362319,
      "eval_auc": 0.9702415458937198,
      "eval_auprc": 0.9704910300384253,
      "eval_matthews_correlation": 0.713926200377772,
      "eval_runtime": 1.1159,
      "eval_samples_per_second": 141.585,
      "eval_steps_per_second": 8.961,
      "epoch": 6.0
    }
  ],
  "test_metrics": {
    "eval_loss": 0.3472781479358673,
    "eval_accuracy": 0.8567073170731707,
    "eval_f1": 0.8417508417508417,
    "eval_precision": 0.8802816901408451,
    "eval_recall": 0.8064516129032258,
    "eval_auc": 0.9285940704829386,
    "eval_auprc": 0.9123204236336087,
    "eval_matthews_correlation": 0.7135680886335228,
    "eval_runtime": 5.0618,
    "eval_samples_per_second": 130.389,
    "eval_steps_per_second": 8.297,
    "epoch": 5.0
  }
}