{
  "experiment": "cross_cell",
  "model_type": "lamar",
  "variant": "tapt_1024",
  "pair_name": "ZNF800_train_K562_test_HepG2_fixlen_101",
  "pretrain_path": "/gpfs/bwfor/work/ws/fr_ml642-thesis_work/Thesis/LAMAR/src/pretrain/saving_model/tapt_1024_standard_collator/checkpoint-134000/model.safetensors",
  "max_length": 1024,
  "n_folds": 5,
  "hyperparameters": {
    "learning_rate": 5e-05,
    "per_device_train_batch_size": 16,
    "weight_decay": 0.01,
    "warmup_ratio": 0.1,
    "num_train_epochs": 10,
    "gradient_accumulation_steps": 1,
    "early_stopping_patience": 3
  },
  "cv_metrics": {
    "epoch_mean": 9.6,
    "epoch_std": 0.7999999999999999,
    "eval_accuracy_mean": 0.8622282608695653,
    "eval_accuracy_std": 0.01781083653062384,
    "eval_auc_mean": 0.9469772631201685,
    "eval_auc_std": 0.0049200889924072315,
    "eval_auprc_mean": 0.9339400896531356,
    "eval_auprc_std": 0.009115743657168178,
    "eval_f1_mean": 0.8514839896410482,
    "eval_f1_std": 0.01895370739660896,
    "eval_loss_mean": 0.49631686210632325,
    "eval_loss_std": 0.13794176023671798,
    "eval_matthews_correlation_mean": 0.729820882611573,
    "eval_matthews_correlation_std": 0.028594564897732874,
    "eval_precision_mean": 0.8384025972761746,
    "eval_precision_std": 0.05186313384523244,
    "eval_recall_mean": 0.8729275562093509,
    "eval_recall_std": 0.06589413651742315,
    "eval_runtime_mean": 15.84484,
    "eval_runtime_std": 0.00344418350266063,
    "eval_samples_per_second_mean": 46.614599999999996,
    "eval_samples_per_second_std": 0.029910533261713758,
    "eval_steps_per_second_mean": 2.9664,
    "eval_steps_per_second_std": 0.0004898979485565817
  },
  "cv_fold_metrics": [
    {
      "eval_loss": 0.3571239113807678,
      "eval_accuracy": 0.8845108695652174,
      "eval_f1": 0.8729446935724962,
      "eval_precision": 0.874251497005988,
      "eval_recall": 0.8716417910447761,
      "eval_auc": 0.949104849815759,
      "eval_auprc": 0.9368393717748662,
      "eval_matthews_correlation": 0.7670949557897635,
      "eval_runtime": 15.848,
      "eval_samples_per_second": 46.631,
      "eval_steps_per_second": 2.966,
      "epoch": 10.0
    },
    {
      "eval_loss": 0.6293727159500122,
      "eval_accuracy": 0.8369565217391305,
      "eval_f1": 0.8421052631578948,
      "eval_precision": 0.7511737089201878,
      "eval_recall": 0.9580838323353293,
      "eval_auc": 0.9486474811570887,
      "eval_auprc": 0.9399410966131745,
      "eval_matthews_correlation": 0.7001832654031677,
      "eval_runtime": 15.8416,
      "eval_samples_per_second": 46.649,
      "eval_steps_per_second": 2.967,
      "epoch": 10.0
    },
    {
      "eval_loss": 0.6948395371437073,
      "eval_accuracy": 0.8559782608695652,
      "eval_f1": 0.8463768115942029,
      "eval_precision": 0.8202247191011236,
      "eval_recall": 0.874251497005988,
      "eval_auc": 0.9413970566330027,
      "eval_auprc": 0.9192377333586896,
      "eval_matthews_correlation": 0.7123679393687596,
      "eval_runtime": 15.847,
      "eval_samples_per_second": 46.633,
      "eval_steps_per_second": 2.966,
      "epoch": 10.0
    },
    {
      "eval_loss": 0.391646146774292,
      "eval_accuracy": 0.8804347826086957,
      "eval_f1": 0.872463768115942,
      "eval_precision": 0.8431372549019608,
      "eval_recall": 0.9039039039039038,
      "eval_auc": 0.9542321477805349,
      "eval_auprc": 0.9451499955710798,
      "eval_matthews_correlation": 0.7618189203072948,
      "eval_runtime": 15.8398,
      "eval_samples_per_second": 46.592,
      "eval_steps_per_second": 2.967,
      "epoch": 10.0
    },
    {
      "eval_loss": 0.4086019992828369,
      "eval_accuracy": 0.8532608695652174,
      "eval_f1": 0.823529411764706,
      "eval_precision": 0.9032258064516129,
      "eval_recall": 0.7567567567567568,
      "eval_auc": 0.9415047802144575,
      "eval_auprc": 0.9285322509478678,
      "eval_matthews_correlation": 0.7076393321888789,
      "eval_runtime": 15.8478,
      "eval_samples_per_second": 46.568,
      "eval_steps_per_second": 2.966,
      "epoch": 8.0
    }
  ],
  "test_metrics": {
    "eval_loss": 0.4734979271888733,
    "eval_accuracy": 0.8232758620689655,
    "eval_f1": 0.8110599078341014,
    "eval_precision": 0.7971816809260192,
    "eval_recall": 0.8254299114121939,
    "eval_auc": 0.9078464244064497,
    "eval_auprc": 0.8876459615144564,
    "eval_matthews_correlation": 0.645507591551251,
    "eval_runtime": 89.9601,
    "eval_samples_per_second": 46.532,
    "eval_steps_per_second": 2.912,
    "epoch": 9.0
  }
}