{
  "experiment": "cross_cell",
  "model_type": "lamar",
  "variant": "random",
  "pair_name": "ZC3H11A_train_K562_test_HepG2_fixlen_101",
  "pretrain_path": "",
  "max_length": 1024,
  "n_folds": 5,
  "hyperparameters": {
    "learning_rate": 5e-05,
    "per_device_train_batch_size": 16,
    "weight_decay": 0.01,
    "warmup_ratio": 0.1,
    "num_train_epochs": 10,
    "gradient_accumulation_steps": 1,
    "early_stopping_patience": 3
  },
  "cv_metrics": {
    "epoch_mean": 8.8,
    "epoch_std": 1.1661903789690602,
    "eval_accuracy_mean": 0.65,
    "eval_accuracy_std": 0.015807304253685837,
    "eval_auc_mean": 0.7066384836317796,
    "eval_auc_std": 0.01732376979718716,
    "eval_auprc_mean": 0.6719295516069907,
    "eval_auprc_std": 0.027604967331636393,
    "eval_f1_mean": 0.5318492548934345,
    "eval_f1_std": 0.09215404094665286,
    "eval_loss_mean": 0.6343579411506652,
    "eval_loss_std": 0.01636836504351544,
    "eval_matthews_correlation_mean": 0.29331113725168045,
    "eval_matthews_correlation_std": 0.029771019009993474,
    "eval_precision_mean": 0.675968889875203,
    "eval_precision_std": 0.07282234398739242,
    "eval_recall_mean": 0.47030122985133876,
    "eval_recall_std": 0.14131951559203812,
    "eval_runtime_mean": 7.582559999999999,
    "eval_runtime_std": 0.004941497748658854,
    "eval_samples_per_second_mean": 46.8972,
    "eval_samples_per_second_std": 0.08276569337593823,
    "eval_steps_per_second_mean": 3.0332,
    "eval_steps_per_second_std": 0.0020396078054371503
  },
  "cv_fold_metrics": [
    {
      "eval_loss": 0.6437878608703613,
      "eval_accuracy": 0.6477272727272727,
      "eval_f1": 0.5441176470588235,
      "eval_precision": 0.6491228070175439,
      "eval_recall": 0.46835443037974683,
      "eval_auc": 0.6880138327025971,
      "eval_auprc": 0.6385348514017337,
      "eval_matthews_correlation": 0.278656780702358,
      "eval_runtime": 7.5856,
      "eval_samples_per_second": 46.931,
      "eval_steps_per_second": 3.032,
      "epoch": 9.0
    },
    {
      "eval_loss": 0.6270344257354736,
      "eval_accuracy": 0.6477272727272727,
      "eval_f1": 0.5947712418300654,
      "eval_precision": 0.6148648648648649,
      "eval_recall": 0.5759493670886076,
      "eval_auc": 0.7005089390578101,
      "eval_auprc": 0.6432652451900058,
      "eval_matthews_correlation": 0.2842760884743098,
      "eval_runtime": 7.5757,
      "eval_samples_per_second": 46.992,
      "eval_steps_per_second": 3.036,
      "epoch": 10.0
    },
    {
      "eval_loss": 0.6115871071815491,
      "eval_accuracy": 0.6789772727272727,
      "eval_f1": 0.5461847389558233,
      "eval_precision": 0.7391304347826086,
      "eval_recall": 0.43312101910828027,
      "eval_auc": 0.7365670422995264,
      "eval_auprc": 0.7054702458301628,
      "eval_matthews_correlation": 0.3507599584834613,
      "eval_runtime": 7.5809,
      "eval_samples_per_second": 46.96,
      "eval_steps_per_second": 3.034,
      "epoch": 8.0
    },
    {
      "eval_loss": 0.6294415593147278,
      "eval_accuracy": 0.6448863636363636,
      "eval_f1": 0.617737003058104,
      "eval_precision": 0.5941176470588235,
      "eval_recall": 0.643312101910828,
      "eval_auc": 0.7142250530785563,
      "eval_auprc": 0.6992596183088581,
      "eval_matthews_correlation": 0.28794163021257374,
      "eval_runtime": 7.5902,
      "eval_samples_per_second": 46.771,
      "eval_steps_per_second": 3.03,
      "epoch": 10.0
    },
    {
      "eval_loss": 0.6599387526512146,
      "eval_accuracy": 0.6306818181818182,
      "eval_f1": 0.3564356435643565,
      "eval_precision": 0.782608695652174,
      "eval_recall": 0.23076923076923078,
      "eval_auc": 0.6938775510204082,
      "eval_auprc": 0.6731177973041933,
      "eval_matthews_correlation": 0.26492122838569965,
      "eval_runtime": 7.5804,
      "eval_samples_per_second": 46.832,
      "eval_steps_per_second": 3.034,
      "epoch": 7.0
    }
  ],
  "test_metrics": {
    "eval_loss": 0.6798710227012634,
    "eval_accuracy": 0.5934579439252337,
    "eval_f1": 0.45368916797488223,
    "eval_precision": 0.560077519379845,
    "eval_recall": 0.3812664907651715,
    "eval_auc": 0.6249356963873816,
    "eval_auprc": 0.5413742674469736,
    "eval_matthews_correlation": 0.15514156693029973,
    "eval_runtime": 36.873,
    "eval_samples_per_second": 46.809,
    "eval_steps_per_second": 2.929,
    "epoch": 8.0
  }
}