{
  "experiment": "rbp",
  "model_type": "lamar",
  "variant": "lamar_tapt_512_std",
  "rbp_name": "MATR3_K562_IDR",
  "weights_path": "/gpfs/bwfor/work/ws/fr_ml642-thesis_work/Thesis/LAMAR/src/pretrain/saving_model/tapt_512_standard_collator_1gpu/checkpoint-265000",
  "max_length": 512,
  "n_folds": 5,
  "hyperparameters": {
    "learning_rate": 5e-05,
    "per_device_train_batch_size": 16,
    "weight_decay": 0.01,
    "warmup_ratio": 0.1,
    "num_train_epochs": 10,
    "gradient_accumulation_steps": 1,
    "early_stopping_patience": 3
  },
  "cv_metrics": {
    "epoch_mean": 8.4,
    "epoch_std": 1.0198039027185568,
    "eval_accuracy_mean": 0.8886944239915163,
    "eval_accuracy_std": 0.012831269755000667,
    "eval_auc_mean": 0.9639572753455866,
    "eval_auc_std": 0.0025449776466058786,
    "eval_auprc_mean": 0.9596592460136926,
    "eval_auprc_std": 0.004350759879757411,
    "eval_f1_mean": 0.8931694989531668,
    "eval_f1_std": 0.009279729527446717,
    "eval_loss_mean": 0.31997133493423463,
    "eval_loss_std": 0.028706776581627978,
    "eval_matthews_correlation_mean": 0.7844216823203232,
    "eval_matthews_correlation_std": 0.019767788145592442,
    "eval_precision_mean": 0.8641915925890507,
    "eval_precision_std": 0.045107338587795705,
    "eval_recall_mean": 0.9289795918367348,
    "eval_recall_std": 0.045770939950568405,
    "eval_runtime_mean": 10.020599999999998,
    "eval_runtime_std": 0.010211170354078042,
    "eval_samples_per_second_mean": 146.6778,
    "eval_samples_per_second_std": 0.12797093419991565,
    "eval_steps_per_second_mean": 9.181,
    "eval_steps_per_second_std": 0.009486832980505198
  },
  "cv_fold_metrics": [
    {
      "eval_loss": 0.2729594111442566,
      "eval_accuracy": 0.9,
      "eval_f1": 0.9034799737360473,
      "eval_precision": 0.8730964467005076,
      "eval_recall": 0.9360544217687075,
      "eval_matthews_correlation": 0.8020880204510114,
      "eval_auc": 0.9671932990883428,
      "eval_auprc": 0.9657084320088279,
      "eval_runtime": 10.0388,
      "eval_samples_per_second": 146.431,
      "eval_steps_per_second": 9.164,
      "epoch": 8.0
    },
    {
      "eval_loss": 0.3631799519062042,
      "eval_accuracy": 0.8809523809523809,
      "eval_f1": 0.892041949413942,
      "eval_precision": 0.8160270880361173,
      "eval_recall": 0.9836734693877551,
      "eval_matthews_correlation": 0.7785109806024455,
      "eval_auc": 0.9652154195011338,
      "eval_auprc": 0.9558559670835457,
      "eval_runtime": 10.0191,
      "eval_samples_per_second": 146.72,
      "eval_steps_per_second": 9.182,
      "epoch": 7.0
    },
    {
      "eval_loss": 0.3257390260696411,
      "eval_accuracy": 0.8687074829931973,
      "eval_f1": 0.8804953560371517,
      "eval_precision": 0.8079545454545455,
      "eval_recall": 0.9673469387755103,
      "eval_matthews_correlation": 0.752197602140315,
      "eval_auc": 0.9613623952982553,
      "eval_auprc": 0.9590233985889706,
      "eval_runtime": 10.0163,
      "eval_samples_per_second": 146.761,
      "eval_steps_per_second": 9.185,
      "epoch": 8.0
    },
    {
      "eval_loss": 0.3210008442401886,
      "eval_accuracy": 0.889795918367347,
      "eval_f1": 0.8860759493670886,
      "eval_precision": 0.9170305676855895,
      "eval_recall": 0.8571428571428571,
      "eval_matthews_correlation": 0.7812596098557352,
      "eval_auc": 0.9605793882178723,
      "eval_auprc": 0.9542777804700864,
      "eval_runtime": 10.0212,
      "eval_samples_per_second": 146.689,
      "eval_steps_per_second": 9.181,
      "epoch": 9.0
    },
    {
      "eval_loss": 0.31697744131088257,
      "eval_accuracy": 0.9040163376446563,
      "eval_f1": 0.903754266211604,
      "eval_precision": 0.9068493150684932,
      "eval_recall": 0.9006802721088435,
      "eval_matthews_correlation": 0.808052198552109,
      "eval_auc": 0.9654358746223286,
      "eval_auprc": 0.9634306519170324,
      "eval_runtime": 10.0076,
      "eval_samples_per_second": 146.788,
      "eval_steps_per_second": 9.193,
      "epoch": 10.0
    }
  ],
  "test_metrics": {
    "eval_loss": 0.2879909873008728,
    "eval_accuracy": 0.899768696993061,
    "eval_f1": 0.9031296572280179,
    "eval_precision": 0.8731988472622478,
    "eval_recall": 0.9351851851851852,
    "eval_matthews_correlation": 0.8015670959489322,
    "eval_auc": 0.9656261294679374,
    "eval_auprc": 0.9619043625843059,
    "eval_runtime": 8.8571,
    "eval_samples_per_second": 146.437,
    "eval_steps_per_second": 9.258,
    "epoch": 9.0
  }
}