{
  "experiment": "cross_cell",
  "model_type": "lamar",
  "variant": "pretrained_custom",
  "pair_name": "SNRPD3_train_K562_test_HepG2_fixlen_101",
  "pretrain_path": "/gpfs/bwfor/work/ws/fr_ml642-thesis_work/Thesis/LAMAR/src/pretrain/saving_model/tapt_512_standard_collator_1gpu/checkpoint-265000/model.safetensors",
  "max_length": 512,
  "n_folds": 5,
  "hyperparameters": {
    "learning_rate": 5e-05,
    "per_device_train_batch_size": 16,
    "weight_decay": 0.01,
    "warmup_ratio": 0.1,
    "num_train_epochs": 10,
    "gradient_accumulation_steps": 1,
    "early_stopping_patience": 3
  },
  "cv_metrics": {
    "epoch_mean": 8.8,
    "epoch_std": 1.6,
    "eval_accuracy_mean": 0.909051724137931,
    "eval_accuracy_std": 0.00833581017491972,
    "eval_auc_mean": 0.9694047619047618,
    "eval_auc_std": 0.006221881613693745,
    "eval_auprc_mean": 0.9703227078078065,
    "eval_auprc_std": 0.004438933955251771,
    "eval_f1_mean": 0.9068884180707981,
    "eval_f1_std": 0.007699111437227465,
    "eval_loss_mean": 0.39358858168125155,
    "eval_loss_std": 0.1408613471170456,
    "eval_matthews_correlation_mean": 0.8188122913472095,
    "eval_matthews_correlation_std": 0.015745423474845133,
    "eval_precision_mean": 0.8976948171155197,
    "eval_precision_std": 0.02042070599438901,
    "eval_recall_mean": 0.9169642857142858,
    "eval_recall_std": 0.017313142347915485,
    "eval_runtime_mean": 3.578960000000001,
    "eval_runtime_std": 0.002124711745155135,
    "eval_samples_per_second_mean": 129.647,
    "eval_samples_per_second_std": 0.07739767438366364,
    "eval_steps_per_second_mean": 8.103,
    "eval_steps_per_second_std": 0.004732863826479998
  },
  "cv_fold_metrics": [
    {
      "eval_loss": 0.49808982014656067,
      "eval_accuracy": 0.915948275862069,
      "eval_f1": 0.9146608315098469,
      "eval_precision": 0.8969957081545065,
      "eval_recall": 0.9330357142857143,
      "eval_auc": 0.975883556547619,
      "eval_auprc": 0.9772658379294222,
      "eval_matthews_correlation": 0.8325480360035319,
      "eval_runtime": 3.583,
      "eval_samples_per_second": 129.5,
      "eval_steps_per_second": 8.094,
      "epoch": 10.0
    },
    {
      "eval_loss": 0.2310086339712143,
      "eval_accuracy": 0.915948275862069,
      "eval_f1": 0.9123595505617977,
      "eval_precision": 0.918552036199095,
      "eval_recall": 0.90625,
      "eval_auc": 0.9720982142857142,
      "eval_auprc": 0.9698988537945,
      "eval_matthews_correlation": 0.8316910245622537,
      "eval_runtime": 3.5783,
      "eval_samples_per_second": 129.67,
      "eval_steps_per_second": 8.104,
      "epoch": 8.0
    },
    {
      "eval_loss": 0.4302253723144531,
      "eval_accuracy": 0.9051724137931034,
      "eval_f1": 0.9004524886877827,
      "eval_precision": 0.9128440366972477,
      "eval_recall": 0.8883928571428571,
      "eval_auc": 0.9617373511904762,
      "eval_auprc": 0.9641329169265888,
      "eval_matthews_correlation": 0.810221493373225,
      "eval_runtime": 3.5767,
      "eval_samples_per_second": 129.73,
      "eval_steps_per_second": 8.108,
      "epoch": 10.0
    },
    {
      "eval_loss": 0.5779250860214233,
      "eval_accuracy": 0.8943965517241379,
      "eval_f1": 0.8950749464668093,
      "eval_precision": 0.8600823045267489,
      "eval_recall": 0.9330357142857143,
      "eval_auc": 0.9621558779761905,
      "eval_auprc": 0.9677324576417565,
      "eval_matthews_correlation": 0.7917889131081391,
      "eval_runtime": 3.5782,
      "eval_samples_per_second": 129.674,
      "eval_steps_per_second": 8.105,
      "epoch": 10.0
    },
    {
      "eval_loss": 0.2306939959526062,
      "eval_accuracy": 0.9137931034482759,
      "eval_f1": 0.9118942731277534,
      "eval_precision": 0.9,
      "eval_recall": 0.9241071428571429,
      "eval_auc": 0.9751488095238094,
      "eval_auprc": 0.9725834727467649,
      "eval_matthews_correlation": 0.8278119896888969,
      "eval_runtime": 3.5786,
      "eval_samples_per_second": 129.661,
      "eval_steps_per_second": 8.104,
      "epoch": 6.0
    }
  ],
  "test_metrics": {
    "eval_loss": 1.659719705581665,
    "eval_accuracy": 0.5912162162162162,
    "eval_f1": 0.3697916666666667,
    "eval_precision": 0.5590551181102362,
    "eval_recall": 0.27626459143968873,
    "eval_auc": 0.6321853766188512,
    "eval_auprc": 0.5163453745430565,
    "eval_matthews_correlation": 0.13173070625276584,
    "eval_runtime": 4.5581,
    "eval_samples_per_second": 130.316,
    "eval_steps_per_second": 8.337,
    "epoch": 9.0
  }
}