{
  "experiment": "cross_length",
  "model_type": "lamar",
  "variant": "tapt_1024",
  "pair_name": "FASTKD2_HepG2_ENCSR023UHL",
  "pretrain_path": "/gpfs/bwfor/work/ws/fr_ml642-thesis_work/Thesis/LAMAR/src/pretrain/saving_model/tapt_1024_standard_collator/checkpoint-134000/model.safetensors",
  "max_length": 1024,
  "n_folds": 5,
  "hyperparameters": {
    "learning_rate": 5e-05,
    "per_device_train_batch_size": 16,
    "weight_decay": 0.01,
    "warmup_ratio": 0.1,
    "num_train_epochs": 10,
    "gradient_accumulation_steps": 1,
    "early_stopping_patience": 3
  },
  "cv_metrics": {
    "epoch_mean": 6.0,
    "epoch_std": 2.280350850198276,
    "eval_accuracy_mean": 0.8392857142857142,
    "eval_accuracy_std": 0.027081698014469805,
    "eval_auc_mean": 0.9053572473949186,
    "eval_auc_std": 0.029044489537130617,
    "eval_auprc_mean": 0.8659897583320489,
    "eval_auprc_std": 0.036088790349179674,
    "eval_f1_mean": 0.7687325036162245,
    "eval_f1_std": 0.04672256471661551,
    "eval_loss_mean": 0.39038490056991576,
    "eval_loss_std": 0.05354063098164173,
    "eval_matthews_correlation_mean": 0.6472097431196016,
    "eval_matthews_correlation_std": 0.06491588856456576,
    "eval_precision_mean": 0.7740939939109275,
    "eval_precision_std": 0.027721646801641804,
    "eval_recall_mean": 0.7662820512820512,
    "eval_recall_std": 0.07627030721921613,
    "eval_runtime_mean": 2.41256,
    "eval_runtime_std": 0.000717216843081662,
    "eval_samples_per_second_mean": 47.9162,
    "eval_samples_per_second_std": 0.19691967905722457,
    "eval_steps_per_second_mean": 3.316,
    "eval_steps_per_second_std": 0.000894427191000016
  },
  "cv_fold_metrics": [
    {
      "eval_loss": 0.3666714131832123,
      "eval_accuracy": 0.8482142857142857,
      "eval_f1": 0.7792207792207793,
      "eval_precision": 0.7894736842105263,
      "eval_recall": 0.7692307692307693,
      "eval_auc": 0.9174569722514929,
      "eval_auprc": 0.8833864790477489,
      "eval_matthews_correlation": 0.6637342003427187,
      "eval_runtime": 2.4133,
      "eval_samples_per_second": 48.067,
      "eval_steps_per_second": 3.315,
      "epoch": 10.0
    },
    {
      "eval_loss": 0.3729002773761749,
      "eval_accuracy": 0.8571428571428571,
      "eval_f1": 0.813953488372093,
      "eval_precision": 0.7608695652173914,
      "eval_recall": 0.875,
      "eval_auc": 0.935763888888889,
      "eval_auprc": 0.8958156562467627,
      "eval_matthews_correlation": 0.703422421805529,
      "eval_runtime": 2.4118,
      "eval_samples_per_second": 48.097,
      "eval_steps_per_second": 3.317,
      "epoch": 4.0
    },
    {
      "eval_loss": 0.40763404965400696,
      "eval_accuracy": 0.8035714285714286,
      "eval_f1": 0.7027027027027027,
      "eval_precision": 0.7428571428571429,
      "eval_recall": 0.6666666666666666,
      "eval_auc": 0.88443976115209,
      "eval_auprc": 0.8331865669572998,
      "eval_matthews_correlation": 0.5584923071261918,
      "eval_runtime": 2.4134,
      "eval_samples_per_second": 48.066,
      "eval_steps_per_second": 3.315,
      "epoch": 7.0
    },
    {
      "eval_loss": 0.4826110005378723,
      "eval_accuracy": 0.8125,
      "eval_f1": 0.7272727272727273,
      "eval_precision": 0.7567567567567568,
      "eval_recall": 0.7,
      "eval_auc": 0.859375,
      "eval_auprc": 0.813284085758959,
      "eval_matthews_correlation": 0.5857773767696522,
      "eval_runtime": 2.4126,
      "eval_samples_per_second": 47.667,
      "eval_steps_per_second": 3.316,
      "epoch": 5.0
    },
    {
      "eval_loss": 0.3221077620983124,
      "eval_accuracy": 0.875,
      "eval_f1": 0.8205128205128205,
      "eval_precision": 0.8205128205128205,
      "eval_recall": 0.8205128205128205,
      "eval_auc": 0.9297506146821216,
      "eval_auprc": 0.9042760036494739,
      "eval_matthews_correlation": 0.7246224095539164,
      "eval_runtime": 2.4117,
      "eval_samples_per_second": 47.684,
      "eval_steps_per_second": 3.317,
      "epoch": 4.0
    }
  ],
  "test_metrics": {
    "eval_loss": 0.46293365955352783,
    "eval_accuracy": 0.8041666666666667,
    "eval_f1": 0.7759771210676835,
    "eval_precision": 0.8659574468085106,
    "eval_recall": 0.7029360967184801,
    "eval_auc": 0.8707110654996816,
    "eval_auprc": 0.8805473852121736,
    "eval_matthews_correlation": 0.6157449224674442,
    "eval_runtime": 25.9162,
    "eval_samples_per_second": 46.419,
    "eval_steps_per_second": 2.933,
    "epoch": 5.0
  }
}