{
  "experiment": "cross_length",
  "model_type": "dnabert2",
  "variant": "tapt_v3",
  "pair_name": "FUBP3_HepG2_ENCSR486YGP",
  "max_length": 256,
  "n_folds": 5,
  "hyperparameters": {
    "learning_rate": 5e-05,
    "per_device_train_batch_size": 16,
    "weight_decay": 0.01,
    "warmup_ratio": 0.1,
    "num_train_epochs": 10,
    "gradient_accumulation_steps": 1,
    "early_stopping_patience": 3
  },
  "cv_metrics": {
    "epoch_mean": 6.2,
    "epoch_std": 0.9797958971132712,
    "eval_accuracy_mean": 0.8696869026432008,
    "eval_accuracy_std": 0.02267702958527708,
    "eval_auc_mean": 0.9336929957341406,
    "eval_auc_std": 0.020800772537422095,
    "eval_auprc_mean": 0.8797355918116061,
    "eval_auprc_std": 0.045538468419070256,
    "eval_f1_mean": 0.8535685593535505,
    "eval_f1_std": 0.02878141737802524,
    "eval_loss_mean": 0.4046993374824524,
    "eval_loss_std": 0.1410755769335684,
    "eval_matthews_correlation_mean": 0.7118920456105762,
    "eval_matthews_correlation_std": 0.058655071772900115,
    "eval_precision_mean": 0.854658577804426,
    "eval_precision_std": 0.02285953125349294,
    "eval_recall_mean": 0.8575491949910553,
    "eval_recall_std": 0.037614730412047256,
    "eval_runtime_mean": 0.21328,
    "eval_runtime_std": 0.0037231169737197392,
    "eval_samples_per_second_mean": 1828.395,
    "eval_samples_per_second_std": 31.429316270005007,
    "eval_steps_per_second_mean": 117.2654,
    "eval_steps_per_second_std": 2.027438344315307
  },
  "cv_fold_metrics": [
    {
      "eval_loss": 0.3089803159236908,
      "eval_accuracy": 0.8538461538461538,
      "eval_f1": 0.8365092556501019,
      "eval_matthews_correlation": 0.6731398286164919,
      "eval_precision": 0.8346888622334045,
      "eval_recall": 0.8384615384615384,
      "eval_auc": 0.9373076923076924,
      "eval_auprc": 0.8837823182875881,
      "eval_runtime": 0.2197,
      "eval_samples_per_second": 1775.398,
      "eval_steps_per_second": 113.808,
      "epoch": 5.0
    },
    {
      "eval_loss": 0.3415971100330353,
      "eval_accuracy": 0.8923076923076924,
      "eval_f1": 0.8801966004505428,
      "eval_matthews_correlation": 0.7609019294092941,
      "eval_precision": 0.8763316350162111,
      "eval_recall": 0.8846153846153846,
      "eval_auc": 0.9521005917159763,
      "eval_auprc": 0.9140553765155001,
      "eval_runtime": 0.2144,
      "eval_samples_per_second": 1819.238,
      "eval_steps_per_second": 116.618,
      "epoch": 7.0
    },
    {
      "eval_loss": 0.6753823161125183,
      "eval_accuracy": 0.8333333333333334,
      "eval_f1": 0.804848382204636,
      "eval_matthews_correlation": 0.6147702486194496,
      "eval_precision": 0.8211275791920953,
      "eval_recall": 0.7942307692307693,
      "eval_auc": 0.893491124260355,
      "eval_auprc": 0.7924058925104357,
      "eval_runtime": 0.2085,
      "eval_samples_per_second": 1870.847,
      "eval_steps_per_second": 119.926,
      "epoch": 7.0
    },
    {
      "eval_loss": 0.29028013348579407,
      "eval_accuracy": 0.8794871794871795,
      "eval_f1": 0.8722211765690027,
      "eval_matthews_correlation": 0.7621451144491049,
      "eval_precision": 0.8630407346741495,
      "eval_recall": 0.9,
      "eval_auc": 0.9466568047337278,
      "eval_auprc": 0.8910004609196255,
      "eval_runtime": 0.2116,
      "eval_samples_per_second": 1843.257,
      "eval_steps_per_second": 118.158,
      "epoch": 5.0
    },
    {
      "eval_loss": 0.4072568118572235,
      "eval_accuracy": 0.8894601542416453,
      "eval_f1": 0.8740673818934688,
      "eval_matthews_correlation": 0.7485031069585402,
      "eval_precision": 0.878104077906269,
      "eval_recall": 0.8704382826475849,
      "eval_auc": 0.9389087656529517,
      "eval_auprc": 0.9174339108248803,
      "eval_runtime": 0.2122,
      "eval_samples_per_second": 1833.235,
      "eval_steps_per_second": 117.817,
      "epoch": 7.0
    }
  ],
  "test_metrics": {
    "eval_loss": 0.3961637318134308,
    "eval_accuracy": 0.860123899576133,
    "eval_f1": 0.8575022962748524,
    "eval_matthews_correlation": 0.7271681564187334,
    "eval_precision": 0.8720286623578177,
    "eval_recall": 0.8553311755324139,
    "eval_auc": 0.9501151395747511,
    "eval_auprc": 0.9417273807919496,
    "eval_runtime": 1.7373,
    "eval_samples_per_second": 1765.341,
    "eval_steps_per_second": 110.514,
    "epoch": 5.0
  }
}