{
  "experiment": "cross_cell",
  "model_type": "lamar",
  "variant": "pretrained",
  "pair_name": "PCBP1_train_K562_test_HepG2_fixlen_101",
  "pretrain_path": "/gpfs/bwfor/work/ws/fr_ml642-thesis_work/Thesis/LAMAR/weights",
  "max_length": 1024,
  "n_folds": 5,
  "hyperparameters": {
    "learning_rate": 5e-05,
    "per_device_train_batch_size": 16,
    "weight_decay": 0.01,
    "warmup_ratio": 0.1,
    "num_train_epochs": 10,
    "gradient_accumulation_steps": 1,
    "early_stopping_patience": 3
  },
  "cv_metrics": {
    "epoch_mean": 8.8,
    "epoch_std": 1.16619037896906,
    "eval_accuracy_mean": 0.8733552631578947,
    "eval_accuracy_std": 0.008765074075311973,
    "eval_auc_mean": 0.946653967649253,
    "eval_auc_std": 0.007972374720392883,
    "eval_auprc_mean": 0.9354088336891582,
    "eval_auprc_std": 0.0077183507124212744,
    "eval_f1_mean": 0.8588575106988687,
    "eval_f1_std": 0.013396392594252845,
    "eval_loss_mean": 0.31750800609588625,
    "eval_loss_std": 0.032649462608369,
    "eval_matthews_correlation_mean": 0.7452068857156964,
    "eval_matthews_correlation_std": 0.01830220609982237,
    "eval_precision_mean": 0.8661923797702229,
    "eval_precision_std": 0.017331167576850753,
    "eval_recall_mean": 0.8532463768115942,
    "eval_recall_std": 0.03757510121071257,
    "eval_runtime_mean": 13.057839999999999,
    "eval_runtime_std": 0.009661594071373762,
    "eval_samples_per_second_mean": 46.638400000000004,
    "eval_samples_per_second_std": 0.03462138067726495,
    "eval_steps_per_second_mean": 2.9867999999999997,
    "eval_steps_per_second_std": 0.0022271057451320746
  },
  "cv_fold_metrics": [
    {
      "eval_loss": 0.34022828936576843,
      "eval_accuracy": 0.8667763157894737,
      "eval_f1": 0.8433268858800773,
      "eval_precision": 0.9008264462809917,
      "eval_recall": 0.7927272727272727,
      "eval_auc": 0.9433469833469834,
      "eval_auprc": 0.9309513483175136,
      "eval_matthews_correlation": 0.732770138865425,
      "eval_runtime": 13.0613,
      "eval_samples_per_second": 46.626,
      "eval_steps_per_second": 2.986,
      "epoch": 8.0
    },
    {
      "eval_loss": 0.26135995984077454,
      "eval_accuracy": 0.8832236842105263,
      "eval_f1": 0.8738898756660745,
      "eval_precision": 0.8571428571428571,
      "eval_recall": 0.8913043478260869,
      "eval_auc": 0.9617928234677842,
      "eval_auprc": 0.9501023911320349,
      "eval_matthews_correlation": 0.7657448643309367,
      "eval_runtime": 13.0566,
      "eval_samples_per_second": 46.643,
      "eval_steps_per_second": 2.987,
      "epoch": 10.0
    },
    {
      "eval_loss": 0.3051831126213074,
      "eval_accuracy": 0.8848684210526315,
      "eval_f1": 0.8758865248226949,
      "eval_precision": 0.8576388888888888,
      "eval_recall": 0.894927536231884,
      "eval_auc": 0.9472345905360572,
      "eval_auprc": 0.9297280701381228,
      "eval_matthews_correlation": 0.7692205503799202,
      "eval_runtime": 13.0646,
      "eval_samples_per_second": 46.614,
      "eval_steps_per_second": 2.985,
      "epoch": 10.0
    },
    {
      "eval_loss": 0.32517632842063904,
      "eval_accuracy": 0.8651315789473685,
      "eval_f1": 0.8492647058823528,
      "eval_precision": 0.8587360594795539,
      "eval_recall": 0.84,
      "eval_auc": 0.94006006006006,
      "eval_auprc": 0.9362495435878992,
      "eval_matthews_correlation": 0.7274126119702242,
      "eval_runtime": 13.0669,
      "eval_samples_per_second": 46.606,
      "eval_steps_per_second": 2.985,
      "epoch": 9.0
    },
    {
      "eval_loss": 0.3555923402309418,
      "eval_accuracy": 0.8667763157894737,
      "eval_f1": 0.8519195612431444,
      "eval_precision": 0.8566176470588235,
      "eval_recall": 0.8472727272727273,
      "eval_auc": 0.9408353808353808,
      "eval_auprc": 0.9300128152702206,
      "eval_matthews_correlation": 0.7308862630319762,
      "eval_runtime": 13.0398,
      "eval_samples_per_second": 46.703,
      "eval_steps_per_second": 2.991,
      "epoch": 7.0
    }
  ],
  "test_metrics": {
    "eval_loss": 0.3490537703037262,
    "eval_accuracy": 0.8630514705882353,
    "eval_f1": 0.8130489335006273,
    "eval_precision": 0.8329048843187661,
    "eval_recall": 0.7941176470588235,
    "eval_auc": 0.9433210784313725,
    "eval_auprc": 0.901599887063348,
    "eval_matthews_correlation": 0.7055955713261338,
    "eval_runtime": 23.3618,
    "eval_samples_per_second": 46.572,
    "eval_steps_per_second": 2.911,
    "epoch": 8.0
  }
}