{
  "experiment": "cross_length",
  "model_type": "lamar",
  "variant": "random",
  "pair_name": "DDX51_K562_ENCSR145NLR",
  "pretrain_path": "",
  "max_length": 1024,
  "n_folds": 5,
  "hyperparameters": {
    "learning_rate": 5e-05,
    "per_device_train_batch_size": 16,
    "weight_decay": 0.01,
    "warmup_ratio": 0.1,
    "num_train_epochs": 10,
    "gradient_accumulation_steps": 1,
    "early_stopping_patience": 3
  },
  "cv_metrics": {
    "epoch_mean": 6.0,
    "epoch_std": 1.8973665961010275,
    "eval_accuracy_mean": 0.9166666666666666,
    "eval_accuracy_std": 0.03952847075210473,
    "eval_auc_mean": 0.9604575163398692,
    "eval_auc_std": 0.028526724831003537,
    "eval_auprc_mean": 0.9545450914310596,
    "eval_auprc_std": 0.029602580547405787,
    "eval_f1_mean": 0.8908620385090973,
    "eval_f1_std": 0.052415028821329736,
    "eval_loss_mean": 0.28819393143057825,
    "eval_loss_std": 0.15355906867122904,
    "eval_matthews_correlation_mean": 0.8308205302625392,
    "eval_matthews_correlation_std": 0.07867931152519872,
    "eval_precision_mean": 0.8596681922196796,
    "eval_precision_std": 0.0692733889991675,
    "eval_recall_mean": 0.9326797385620915,
    "eval_recall_std": 0.0815711412382886,
    "eval_runtime_mean": 1.03194,
    "eval_runtime_std": 0.0015982490419206028,
    "eval_samples_per_second_mean": 47.8714,
    "eval_samples_per_second_std": 0.5325713473329172,
    "eval_steps_per_second_mean": 3.8762,
    "eval_steps_per_second_std": 0.006144916598294811
  },
  "cv_fold_metrics": [
    {
      "eval_loss": 0.05514131113886833,
      "eval_accuracy": 0.9791666666666666,
      "eval_f1": 0.972972972972973,
      "eval_precision": 0.9473684210526315,
      "eval_recall": 1.0,
      "eval_auc": 1.0,
      "eval_auprc": 1.0,
      "eval_matthews_correlation": 0.9569688990161647,
      "eval_runtime": 1.0289,
      "eval_samples_per_second": 48.598,
      "eval_steps_per_second": 3.888,
      "epoch": 4.0
    },
    {
      "eval_loss": 0.25065645575523376,
      "eval_accuracy": 0.9166666666666666,
      "eval_f1": 0.8888888888888888,
      "eval_precision": 0.8421052631578947,
      "eval_recall": 0.9411764705882353,
      "eval_auc": 0.9734345351043643,
      "eval_auprc": 0.9543431663947054,
      "eval_matthews_correlation": 0.8258076542511829,
      "eval_runtime": 1.0321,
      "eval_samples_per_second": 48.443,
      "eval_steps_per_second": 3.875,
      "epoch": 7.0
    },
    {
      "eval_loss": 0.44713711738586426,
      "eval_accuracy": 0.875,
      "eval_f1": 0.823529411764706,
      "eval_precision": 0.875,
      "eval_recall": 0.7777777777777778,
      "eval_auc": 0.9148148148148147,
      "eval_auprc": 0.9090337995910751,
      "eval_matthews_correlation": 0.7302967433402215,
      "eval_runtime": 1.0336,
      "eval_samples_per_second": 47.405,
      "eval_steps_per_second": 3.87,
      "epoch": 6.0
    },
    {
      "eval_loss": 0.2201547622680664,
      "eval_accuracy": 0.9375,
      "eval_f1": 0.918918918918919,
      "eval_precision": 0.8947368421052632,
      "eval_recall": 0.9444444444444444,
      "eval_auc": 0.9462962962962963,
      "eval_auprc": 0.9657210401891253,
      "eval_matthews_correlation": 0.8689717588767473,
      "eval_runtime": 1.0326,
      "eval_samples_per_second": 47.453,
      "eval_steps_per_second": 3.874,
      "epoch": 9.0
    },
    {
      "eval_loss": 0.4678800106048584,
      "eval_accuracy": 0.875,
      "eval_f1": 0.85,
      "eval_precision": 0.7391304347826086,
      "eval_recall": 1.0,
      "eval_auc": 0.967741935483871,
      "eval_auprc": 0.9436274509803921,
      "eval_matthews_correlation": 0.7720575958283795,
      "eval_runtime": 1.0325,
      "eval_samples_per_second": 47.458,
      "eval_steps_per_second": 3.874,
      "epoch": 4.0
    }
  ],
  "test_metrics": {
    "eval_loss": 0.2771160304546356,
    "eval_accuracy": 0.8939393939393939,
    "eval_f1": 0.895910780669145,
    "eval_precision": 0.8546099290780141,
    "eval_recall": 0.94140625,
    "eval_auc": 0.9549488740808825,
    "eval_auprc": 0.9511874948841081,
    "eval_matthews_correlation": 0.7921512518953059,
    "eval_runtime": 11.3653,
    "eval_samples_per_second": 47.337,
    "eval_steps_per_second": 2.992,
    "epoch": 4.0
  }
}