{
  "experiment": "rbp",
  "model_type": "lamar",
  "variant": "lamar_tapt_standard_1gpu",
  "rbp_name": "RBFOX2_K562_200",
  "weights_path": "/gpfs/bwfor/work/ws/fr_ml642-thesis_work/Thesis/LAMAR/src/pretrain/saving_model/tapt_1024_standard_collator_1gpu/checkpoint-232000",
  "max_length": 1024,
  "n_folds": 5,
  "hyperparameters": {
    "learning_rate": 5e-05,
    "per_device_train_batch_size": 16,
    "weight_decay": 0.01,
    "warmup_ratio": 0.1,
    "num_train_epochs": 10,
    "gradient_accumulation_steps": 1,
    "early_stopping_patience": 3
  },
  "cv_metrics": {
    "epoch_mean": 9.8,
    "epoch_std": 0.4,
    "eval_accuracy_mean": 0.8789693593314762,
    "eval_accuracy_std": 0.015195745623382568,
    "eval_auc_mean": 0.952822803537605,
    "eval_auc_std": 0.010524143027825842,
    "eval_auprc_mean": 0.9538476340625108,
    "eval_auprc_std": 0.009688078814595201,
    "eval_f1_mean": 0.8814214313641369,
    "eval_f1_std": 0.016262951759840678,
    "eval_loss_mean": 0.37840416431427004,
    "eval_loss_std": 0.04088515414789105,
    "eval_matthews_correlation_mean": 0.7596680387327531,
    "eval_matthews_correlation_std": 0.030093388226203537,
    "eval_precision_mean": 0.8700438420881289,
    "eval_precision_std": 0.023197751264233745,
    "eval_recall_mean": 0.894668852158364,
    "eval_recall_std": 0.03670809090453445,
    "eval_runtime_mean": 26.010159999999996,
    "eval_runtime_std": 0.03371335640365732,
    "eval_samples_per_second_mean": 55.2094,
    "eval_samples_per_second_std": 0.07135432712877207,
    "eval_steps_per_second_mean": 3.46,
    "eval_steps_per_second_std": 0.004604345773288607
  },
  "cv_fold_metrics": [
    {
      "eval_loss": 0.37249135971069336,
      "eval_accuracy": 0.9066852367688022,
      "eval_f1": 0.907967032967033,
      "eval_precision": 0.9030054644808743,
      "eval_recall": 0.9129834254143646,
      "eval_matthews_correlation": 0.8133905664057921,
      "eval_auc": 0.9678013843193247,
      "eval_auprc": 0.967853743585793,
      "eval_runtime": 25.9701,
      "eval_samples_per_second": 55.294,
      "eval_steps_per_second": 3.466,
      "epoch": 10.0
    },
    {
      "eval_loss": 0.4506976902484894,
      "eval_accuracy": 0.8676880222841226,
      "eval_f1": 0.8675034867503487,
      "eval_precision": 0.8760563380281691,
      "eval_recall": 0.8591160220994475,
      "eval_matthews_correlation": 0.7355404930992412,
      "eval_auc": 0.9423808119684647,
      "eval_auprc": 0.9426651216874607,
      "eval_runtime": 26.0236,
      "eval_samples_per_second": 55.181,
      "eval_steps_per_second": 3.458,
      "epoch": 10.0
    },
    {
      "eval_loss": 0.3812443017959595,
      "eval_accuracy": 0.8635097493036211,
      "eval_f1": 0.8615819209039548,
      "eval_precision": 0.8802308802308803,
      "eval_recall": 0.8437067773167358,
      "eval_matthews_correlation": 0.7277208681746365,
      "eval_auc": 0.9393830055926394,
      "eval_auprc": 0.9434426413106932,
      "eval_runtime": 26.0159,
      "eval_samples_per_second": 55.197,
      "eval_steps_per_second": 3.459,
      "epoch": 10.0
    },
    {
      "eval_loss": 0.3251814544200897,
      "eval_accuracy": 0.8816155988857939,
      "eval_f1": 0.8865153538050734,
      "eval_precision": 0.8567741935483871,
      "eval_recall": 0.9183955739972337,
      "eval_matthews_correlation": 0.7651116577256905,
      "eval_auc": 0.957016405463444,
      "eval_auprc": 0.9599912040217219,
      "eval_runtime": 26.0633,
      "eval_samples_per_second": 55.097,
      "eval_steps_per_second": 3.453,
      "epoch": 10.0
    },
    {
      "eval_loss": 0.36240601539611816,
      "eval_accuracy": 0.8753481894150418,
      "eval_f1": 0.8835393623942746,
      "eval_precision": 0.8341523341523341,
      "eval_recall": 0.9391424619640387,
      "eval_matthews_correlation": 0.7565766082584047,
      "eval_auc": 0.957532410344152,
      "eval_auprc": 0.955285459706885,
      "eval_runtime": 25.9779,
      "eval_samples_per_second": 55.278,
      "eval_steps_per_second": 3.464,
      "epoch": 9.0
    }
  ],
  "test_metrics": {
    "eval_loss": 0.2947058081626892,
    "eval_accuracy": 0.9086859688195991,
    "eval_f1": 0.9058553386911596,
    "eval_precision": 0.9058553386911596,
    "eval_recall": 0.9058553386911596,
    "eval_matthews_correlation": 0.8172066900425109,
    "eval_auc": 0.9688149688149688,
    "eval_auprc": 0.9683276099418866,
    "eval_runtime": 32.5042,
    "eval_samples_per_second": 55.254,
    "eval_steps_per_second": 3.476,
    "epoch": 10.0
  }
}