{
  "experiment": "cross_length",
  "model_type": "dnabert2",
  "variant": "tapt_v3",
  "pair_name": "CACTIN_HepG2_ENCSR150QBS",
  "max_length": 256,
  "n_folds": 5,
  "hyperparameters": {
    "learning_rate": 5e-05,
    "per_device_train_batch_size": 16,
    "weight_decay": 0.01,
    "warmup_ratio": 0.1,
    "num_train_epochs": 10,
    "gradient_accumulation_steps": 1,
    "early_stopping_patience": 3
  },
  "cv_metrics": {
    "epoch_mean": 6.2,
    "epoch_std": 1.6,
    "eval_accuracy_mean": 0.7089430894308942,
    "eval_accuracy_std": 0.044648878756897506,
    "eval_auc_mean": 0.828584995251662,
    "eval_auc_std": 0.06044447500186635,
    "eval_auprc_mean": 0.7562898107322225,
    "eval_auprc_std": 0.08214036034710899,
    "eval_f1_mean": 0.6189117981042888,
    "eval_f1_std": 0.09590705177195151,
    "eval_loss_mean": 0.5369261801242828,
    "eval_loss_std": 0.06800035140541374,
    "eval_matthews_correlation_mean": 0.36401744165733607,
    "eval_matthews_correlation_std": 0.0973477035129796,
    "eval_precision_mean": 0.771802291115099,
    "eval_precision_std": 0.06581218139363304,
    "eval_recall_mean": 0.6394871794871795,
    "eval_recall_std": 0.06693437373952714,
    "eval_runtime_mean": 0.0325,
    "eval_runtime_std": 0.0018536450577173607,
    "eval_samples_per_second_mean": 1270.453,
    "eval_samples_per_second_std": 64.74824322558875,
    "eval_steps_per_second_mean": 92.5452,
    "eval_steps_per_second_std": 5.295641052790491
  },
  "cv_fold_metrics": [
    {
      "eval_loss": 0.6279892921447754,
      "eval_accuracy": 0.6666666666666666,
      "eval_f1": 0.45955882352941174,
      "eval_matthews_correlation": 0.20952908873087345,
      "eval_precision": 0.8292682926829269,
      "eval_recall": 0.5333333333333333,
      "eval_auc": 0.7506172839506172,
      "eval_auprc": 0.619249780501106,
      "eval_runtime": 0.0353,
      "eval_samples_per_second": 1189.472,
      "eval_steps_per_second": 84.962,
      "epoch": 4.0
    },
    {
      "eval_loss": 0.5654986500740051,
      "eval_accuracy": 0.7073170731707317,
      "eval_f1": 0.5729166666666667,
      "eval_matthews_correlation": 0.36992175559590695,
      "eval_precision": 0.8421052631578947,
      "eval_recall": 0.6,
      "eval_auc": 0.8051282051282052,
      "eval_auprc": 0.7807001171131606,
      "eval_runtime": 0.032,
      "eval_samples_per_second": 1280.122,
      "eval_steps_per_second": 93.667,
      "epoch": 6.0
    },
    {
      "eval_loss": 0.5167262554168701,
      "eval_accuracy": 0.7317073170731707,
      "eval_f1": 0.6676492262343405,
      "eval_matthews_correlation": 0.39267773580355203,
      "eval_precision": 0.7386363636363636,
      "eval_recall": 0.6615384615384616,
      "eval_auc": 0.8769230769230769,
      "eval_auprc": 0.7636992850136866,
      "eval_runtime": 0.032,
      "eval_samples_per_second": 1279.665,
      "eval_steps_per_second": 93.634,
      "epoch": 5.0
    },
    {
      "eval_loss": 0.42140713334083557,
      "eval_accuracy": 0.7804878048780488,
      "eval_f1": 0.7410526315789474,
      "eval_matthews_correlation": 0.5119256046033153,
      "eval_precision": 0.7870967741935484,
      "eval_recall": 0.7282051282051283,
      "eval_auc": 0.917948717948718,
      "eval_auprc": 0.8751147762912468,
      "eval_runtime": 0.0297,
      "eval_samples_per_second": 1379.916,
      "eval_steps_per_second": 100.969,
      "epoch": 8.0
    },
    {
      "eval_loss": 0.553009569644928,
      "eval_accuracy": 0.6585365853658537,
      "eval_f1": 0.6533816425120773,
      "eval_matthews_correlation": 0.33603302355303255,
      "eval_precision": 0.661904761904762,
      "eval_recall": 0.6743589743589744,
      "eval_auc": 0.7923076923076923,
      "eval_auprc": 0.7426850947419122,
      "eval_runtime": 0.0335,
      "eval_samples_per_second": 1223.09,
      "eval_steps_per_second": 89.494,
      "epoch": 8.0
    }
  ],
  "test_metrics": {
    "eval_loss": 0.5958610773086548,
    "eval_accuracy": 0.7252747252747253,
    "eval_f1": 0.725189770053295,
    "eval_matthews_correlation": 0.4507230787122098,
    "eval_precision": 0.7252395857485122,
    "eval_recall": 0.7254835589941973,
    "eval_auc": 0.780715667311412,
    "eval_auprc": 0.786611619202719,
    "eval_runtime": 0.2928,
    "eval_samples_per_second": 1554.04,
    "eval_steps_per_second": 99.049,
    "epoch": 10.0
  }
}