{
  "experiment": "cross_length",
  "model_type": "dnabert2",
  "variant": "pretrained",
  "pair_name": "BUD13_HepG2_ENCSR830BSQ",
  "max_length": 256,
  "n_folds": 5,
  "hyperparameters": {
    "learning_rate": 5e-05,
    "per_device_train_batch_size": 16,
    "weight_decay": 0.01,
    "warmup_ratio": 0.1,
    "num_train_epochs": 10,
    "gradient_accumulation_steps": 1,
    "early_stopping_patience": 3
  },
  "cv_metrics": {
    "epoch_mean": 7.4,
    "epoch_std": 1.3564659966250536,
    "eval_accuracy_mean": 0.8915185145553398,
    "eval_accuracy_std": 0.015128151838034953,
    "eval_auc_mean": 0.9470569309271527,
    "eval_auc_std": 0.012203805092254365,
    "eval_auprc_mean": 0.8794655936189301,
    "eval_auprc_std": 0.0230133171590355,
    "eval_f1_mean": 0.8702186615598432,
    "eval_f1_std": 0.016957197115584754,
    "eval_loss_mean": 0.39269374012947084,
    "eval_loss_std": 0.06016391935113574,
    "eval_matthews_correlation_mean": 0.7410716919801754,
    "eval_matthews_correlation_std": 0.03357947914224417,
    "eval_precision_mean": 0.8674666258760052,
    "eval_precision_std": 0.019328532043218823,
    "eval_recall_mean": 0.8736907029219818,
    "eval_recall_std": 0.015218255693221858,
    "eval_runtime_mean": 0.34185999999999994,
    "eval_runtime_std": 0.006978423890822336,
    "eval_samples_per_second_mean": 1834.3258,
    "eval_samples_per_second_std": 36.779533647940674,
    "eval_steps_per_second_mean": 117.0604,
    "eval_steps_per_second_std": 2.3780181328156433
  },
  "cv_fold_metrics": [
    {
      "eval_loss": 0.4566115140914917,
      "eval_accuracy": 0.8963317384370016,
      "eval_f1": 0.8739924497500255,
      "eval_matthews_correlation": 0.7480425126037996,
      "eval_precision": 0.8758575689783743,
      "eval_recall": 0.8721939152267022,
      "eval_auc": 0.9559149313247673,
      "eval_auprc": 0.8997389783147591,
      "eval_runtime": 0.3445,
      "eval_samples_per_second": 1820.162,
      "eval_steps_per_second": 116.119,
      "epoch": 8.0
    },
    {
      "eval_loss": 0.33356568217277527,
      "eval_accuracy": 0.9027113237639554,
      "eval_f1": 0.8813579300996051,
      "eval_matthews_correlation": 0.7628785437080767,
      "eval_precision": 0.8845999849853607,
      "eval_recall": 0.878304534042239,
      "eval_auc": 0.9512996603160538,
      "eval_auprc": 0.9051855371926827,
      "eval_runtime": 0.3439,
      "eval_samples_per_second": 1823.336,
      "eval_steps_per_second": 116.321,
      "epoch": 7.0
    },
    {
      "eval_loss": 0.4734913110733032,
      "eval_accuracy": 0.8771929824561403,
      "eval_f1": 0.8544168865435358,
      "eval_matthews_correlation": 0.7098393877984958,
      "eval_precision": 0.8480811117950661,
      "eval_recall": 0.8618926303352533,
      "eval_auc": 0.9361369566287598,
      "eval_auprc": 0.8661699346547129,
      "eval_runtime": 0.3326,
      "eval_samples_per_second": 1884.88,
      "eval_steps_per_second": 120.248,
      "epoch": 8.0
    },
    {
      "eval_loss": 0.362667977809906,
      "eval_accuracy": 0.8708133971291866,
      "eval_f1": 0.8477575968320678,
      "eval_matthews_correlation": 0.6968275523342918,
      "eval_precision": 0.8408455830554642,
      "eval_recall": 0.8561500147217587,
      "eval_auc": 0.9297404063205418,
      "eval_auprc": 0.8423298054550254,
      "eval_runtime": 0.3524,
      "eval_samples_per_second": 1779.412,
      "eval_steps_per_second": 113.519,
      "epoch": 5.0
    },
    {
      "eval_loss": 0.33713221549987793,
      "eval_accuracy": 0.9105431309904153,
      "eval_f1": 0.8935684445739822,
      "eval_matthews_correlation": 0.7877704634562135,
      "eval_precision": 0.88794888056576,
      "eval_recall": 0.8999124202839557,
      "eval_auc": 0.9621927000456402,
      "eval_auprc": 0.88390371247747,
      "eval_runtime": 0.3359,
      "eval_samples_per_second": 1863.839,
      "eval_steps_per_second": 119.095,
      "epoch": 9.0
    }
  ],
  "test_metrics": {
    "eval_loss": 0.3075260818004608,
    "eval_accuracy": 0.8848359350111501,
    "eval_f1": 0.8846334705965555,
    "eval_matthews_correlation": 0.7850312030954011,
    "eval_precision": 0.895646435607684,
    "eval_recall": 0.8894095424408798,
    "eval_auc": 0.9659671374631211,
    "eval_auprc": 0.956732508496389,
    "eval_runtime": 3.8016,
    "eval_samples_per_second": 1651.428,
    "eval_steps_per_second": 103.379,
    "epoch": 6.0
  }
}