{
  "experiment": "cross_length",
  "model_type": "lamar",
  "variant": "tapt_1024",
  "pair_name": "APEX1_HepG2_ENCSR554GSW",
  "pretrain_path": "/gpfs/bwfor/work/ws/fr_ml642-thesis_work/Thesis/LAMAR/src/pretrain/saving_model/tapt_1024_standard_collator/checkpoint-134000/model.safetensors",
  "max_length": 1024,
  "n_folds": 5,
  "hyperparameters": {
    "learning_rate": 5e-05,
    "per_device_train_batch_size": 16,
    "weight_decay": 0.01,
    "warmup_ratio": 0.1,
    "num_train_epochs": 10,
    "gradient_accumulation_steps": 1,
    "early_stopping_patience": 3
  },
  "cv_metrics": {
    "epoch_mean": 6.0,
    "epoch_std": 2.280350850198276,
    "eval_accuracy_mean": 0.6875,
    "eval_accuracy_std": 0.08436856971381909,
    "eval_auc_mean": 0.7587947953739322,
    "eval_auc_std": 0.06212691851008425,
    "eval_auprc_mean": 0.6848469259918283,
    "eval_auprc_std": 0.06668312802744608,
    "eval_f1_mean": 0.6215805811646634,
    "eval_f1_std": 0.077587656745648,
    "eval_loss_mean": 0.6358082175254822,
    "eval_loss_std": 0.09405325486334129,
    "eval_matthews_correlation_mean": 0.40627982217494746,
    "eval_matthews_correlation_std": 0.0816841984639999,
    "eval_precision_mean": 0.6167397961515608,
    "eval_precision_std": 0.11183670508824825,
    "eval_recall_mean": 0.7096319229446165,
    "eval_recall_std": 0.20929903011264123,
    "eval_runtime_mean": 1.0316400000000001,
    "eval_runtime_std": 0.002045091684986259,
    "eval_samples_per_second_mean": 47.49720000000001,
    "eval_samples_per_second_std": 0.09428128128106888,
    "eval_steps_per_second_mean": 3.8772000000000006,
    "eval_steps_per_second_std": 0.007573638491504619
  },
  "cv_fold_metrics": [
    {
      "eval_loss": 0.5796889066696167,
      "eval_accuracy": 0.7083333333333334,
      "eval_f1": 0.6818181818181819,
      "eval_precision": 0.5555555555555556,
      "eval_recall": 0.8823529411764706,
      "eval_auc": 0.8709677419354839,
      "eval_auprc": 0.794687882057383,
      "eval_matthews_correlation": 0.47746734023610327,
      "eval_runtime": 1.0282,
      "eval_samples_per_second": 47.655,
      "eval_steps_per_second": 3.89,
      "epoch": 4.0
    },
    {
      "eval_loss": 0.6024311184883118,
      "eval_accuracy": 0.7291666666666666,
      "eval_f1": 0.48,
      "eval_precision": 0.75,
      "eval_recall": 0.35294117647058826,
      "eval_auc": 0.6963946869070208,
      "eval_auprc": 0.6306725608534577,
      "eval_matthews_correlation": 0.37013767375559975,
      "eval_runtime": 1.0314,
      "eval_samples_per_second": 47.509,
      "eval_steps_per_second": 3.878,
      "epoch": 4.0
    },
    {
      "eval_loss": 0.8223167061805725,
      "eval_accuracy": 0.5208333333333334,
      "eval_f1": 0.5964912280701755,
      "eval_precision": 0.4358974358974359,
      "eval_recall": 0.9444444444444444,
      "eval_auc": 0.7148148148148148,
      "eval_auprc": 0.6034197125734794,
      "eval_matthews_correlation": 0.26185110635499564,
      "eval_runtime": 1.0344,
      "eval_samples_per_second": 47.369,
      "eval_steps_per_second": 3.867,
      "epoch": 7.0
    },
    {
      "eval_loss": 0.6027225852012634,
      "eval_accuracy": 0.75,
      "eval_f1": 0.6666666666666667,
      "eval_precision": 0.7058823529411765,
      "eval_recall": 0.631578947368421,
      "eval_auc": 0.73502722323049,
      "eval_auprc": 0.6860845479123512,
      "eval_matthews_correlation": 0.4695041270237062,
      "eval_runtime": 1.0328,
      "eval_samples_per_second": 47.444,
      "eval_steps_per_second": 3.873,
      "epoch": 10.0
    },
    {
      "eval_loss": 0.5718817710876465,
      "eval_accuracy": 0.7291666666666666,
      "eval_f1": 0.6829268292682926,
      "eval_precision": 0.6363636363636364,
      "eval_recall": 0.7368421052631579,
      "eval_auc": 0.7767695099818511,
      "eval_auprc": 0.7093699265624699,
      "eval_matthews_correlation": 0.45243886350433266,
      "eval_runtime": 1.0314,
      "eval_samples_per_second": 47.509,
      "eval_steps_per_second": 3.878,
      "epoch": 5.0
    }
  ],
  "test_metrics": {
    "eval_loss": 0.6299867630004883,
    "eval_accuracy": 0.6628787878787878,
    "eval_f1": 0.5082872928176796,
    "eval_precision": 0.8679245283018868,
    "eval_recall": 0.359375,
    "eval_auc": 0.766558478860294,
    "eval_auprc": 0.7873277147142148,
    "eval_matthews_correlation": 0.38415915570641623,
    "eval_runtime": 11.3565,
    "eval_samples_per_second": 47.374,
    "eval_steps_per_second": 2.994,
    "epoch": 9.0
  }
}