{
  "experiment": "cross_length",
  "model_type": "dnabert2",
  "variant": "pretrained",
  "pair_name": "HLTF_K562_ENCSR589YHM",
  "max_length": 256,
  "n_folds": 5,
  "hyperparameters": {
    "learning_rate": 5e-05,
    "per_device_train_batch_size": 16,
    "weight_decay": 0.01,
    "warmup_ratio": 0.1,
    "num_train_epochs": 10,
    "gradient_accumulation_steps": 1,
    "early_stopping_patience": 3
  },
  "cv_metrics": {
    "epoch_mean": 8.0,
    "epoch_std": 2.1908902300206643,
    "eval_accuracy_mean": 0.7295384615384617,
    "eval_accuracy_std": 0.07047698856477741,
    "eval_auc_mean": 0.8668333333333333,
    "eval_auc_std": 0.08747126512302325,
    "eval_auprc_mean": 0.8261103908169126,
    "eval_auprc_std": 0.14139079699667811,
    "eval_f1_mean": 0.6666453857950022,
    "eval_f1_std": 0.1468382589884141,
    "eval_loss_mean": 0.5362262547016143,
    "eval_loss_std": 0.08754398420215037,
    "eval_matthews_correlation_mean": 0.43487857136915775,
    "eval_matthews_correlation_std": 0.22188151584116877,
    "eval_precision_mean": 0.70203154946189,
    "eval_precision_std": 0.20558267420652032,
    "eval_recall_mean": 0.6966666666666667,
    "eval_recall_std": 0.09966610925150701,
    "eval_runtime_mean": 0.03704,
    "eval_runtime_std": 0.0029990665214362964,
    "eval_samples_per_second_mean": 683.9159999999999,
    "eval_samples_per_second_std": 49.38809678049966,
    "eval_steps_per_second_mean": 54.323800000000006,
    "eval_steps_per_second_std": 4.4037793496041555
  },
  "cv_fold_metrics": [
    {
      "eval_loss": 0.44120505452156067,
      "eval_accuracy": 0.8076923076923077,
      "eval_f1": 0.7657657657657657,
      "eval_matthews_correlation": 0.6172133998483676,
      "eval_precision": 0.8809523809523809,
      "eval_recall": 0.75,
      "eval_auc": 0.8875,
      "eval_auprc": 0.9077639751552795,
      "eval_runtime": 0.0411,
      "eval_samples_per_second": 632.956,
      "eval_steps_per_second": 48.689,
      "epoch": 10.0
    },
    {
      "eval_loss": 0.6079539060592651,
      "eval_accuracy": 0.72,
      "eval_f1": 0.7181964573268922,
      "eval_matthews_correlation": 0.560112033611204,
      "eval_precision": 0.7941176470588236,
      "eval_recall": 0.7666666666666666,
      "eval_auc": 0.9466666666666668,
      "eval_auprc": 0.9262412587412586,
      "eval_runtime": 0.0378,
      "eval_samples_per_second": 660.828,
      "eval_steps_per_second": 52.866,
      "epoch": 10.0
    },
    {
      "eval_loss": 0.4749382734298706,
      "eval_accuracy": 0.76,
      "eval_f1": 0.7242647058823529,
      "eval_matthews_correlation": 0.4970674233862172,
      "eval_precision": 0.7850877192982456,
      "eval_recall": 0.7166666666666667,
      "eval_auc": 0.9266666666666667,
      "eval_auprc": 0.8773595848595849,
      "eval_runtime": 0.0336,
      "eval_samples_per_second": 743.671,
      "eval_steps_per_second": 59.494,
      "epoch": 8.0
    },
    {
      "eval_loss": 0.6702029705047607,
      "eval_accuracy": 0.6,
      "eval_f1": 0.37499999999999994,
      "eval_matthews_correlation": 0.0,
      "eval_precision": 0.3,
      "eval_recall": 0.5,
      "eval_auc": 0.7000000000000001,
      "eval_auprc": 0.5460630372043416,
      "eval_runtime": 0.0391,
      "eval_samples_per_second": 639.134,
      "eval_steps_per_second": 51.131,
      "epoch": 4.0
    },
    {
      "eval_loss": 0.48683106899261475,
      "eval_accuracy": 0.76,
      "eval_f1": 0.75,
      "eval_matthews_correlation": 0.5,
      "eval_precision": 0.75,
      "eval_recall": 0.75,
      "eval_auc": 0.8733333333333333,
      "eval_auprc": 0.8731240981240981,
      "eval_runtime": 0.0336,
      "eval_samples_per_second": 742.991,
      "eval_steps_per_second": 59.439,
      "epoch": 8.0
    }
  ],
  "test_metrics": {
    "eval_loss": 0.4892566502094269,
    "eval_accuracy": 0.7755102040816326,
    "eval_f1": 0.7754414903114452,
    "eval_matthews_correlation": 0.5531151638783717,
    "eval_precision": 0.7769251756360411,
    "eval_recall": 0.7761904761904762,
    "eval_auc": 0.8718367346938776,
    "eval_auprc": 0.8616477211592899,
    "eval_runtime": 0.4129,
    "eval_samples_per_second": 830.639,
    "eval_steps_per_second": 53.277,
    "epoch": 7.0
  }
}