{
  "experiment": "cross_length",
  "model_type": "lamar",
  "variant": "random",
  "pair_name": "HNRNPU_HepG2_ENCSR240MVJ",
  "pretrain_path": "",
  "max_length": 1024,
  "n_folds": 5,
  "hyperparameters": {
    "learning_rate": 5e-05,
    "per_device_train_batch_size": 16,
    "weight_decay": 0.01,
    "warmup_ratio": 0.1,
    "num_train_epochs": 10,
    "gradient_accumulation_steps": 1,
    "early_stopping_patience": 3
  },
  "cv_metrics": {
    "epoch_mean": 6.6,
    "epoch_std": 1.3564659966250536,
    "eval_accuracy_mean": 0.80625,
    "eval_accuracy_std": 0.10532687216470447,
    "eval_auc_mean": 0.914956154956155,
    "eval_auc_std": 0.058071854091006424,
    "eval_auprc_mean": 0.8692529555085612,
    "eval_auprc_std": 0.06467805421075849,
    "eval_f1_mean": 0.6688888888888889,
    "eval_f1_std": 0.11164317055182642,
    "eval_loss_mean": 0.4627061396837234,
    "eval_loss_std": 0.17890189129463596,
    "eval_matthews_correlation_mean": 0.5981035381723798,
    "eval_matthews_correlation_std": 0.1341765359535995,
    "eval_precision_mean": 0.8129870129870129,
    "eval_precision_std": 0.23828249228425383,
    "eval_recall_mean": 0.6672727272727272,
    "eval_recall_std": 0.21177807744504085,
    "eval_runtime_mean": 0.6918000000000001,
    "eval_runtime_std": 0.001063954886261641,
    "eval_samples_per_second_mean": 67.07140000000001,
    "eval_samples_per_second_std": 0.7741463944242094,
    "eval_steps_per_second_mean": 4.3364,
    "eval_steps_per_second_std": 0.006711184694225046
  },
  "cv_fold_metrics": [
    {
      "eval_loss": 0.20330975949764252,
      "eval_accuracy": 0.9375,
      "eval_f1": 0.8,
      "eval_precision": 1.0,
      "eval_recall": 0.6666666666666666,
      "eval_auc": 0.9807692307692308,
      "eval_auprc": 0.9305555555555556,
      "eval_matthews_correlation": 0.7867957924694432,
      "eval_runtime": 0.6906,
      "eval_samples_per_second": 68.055,
      "eval_steps_per_second": 4.344,
      "epoch": 7.0
    },
    {
      "eval_loss": 0.3556555211544037,
      "eval_accuracy": 0.875,
      "eval_f1": 0.7777777777777778,
      "eval_precision": 1.0,
      "eval_recall": 0.6363636363636364,
      "eval_auc": 0.948051948051948,
      "eval_auprc": 0.925411486908813,
      "eval_matthews_correlation": 0.7311261550139309,
      "eval_runtime": 0.6914,
      "eval_samples_per_second": 67.974,
      "eval_steps_per_second": 4.339,
      "epoch": 7.0
    },
    {
      "eval_loss": 0.7296605110168457,
      "eval_accuracy": 0.625,
      "eval_f1": 0.6,
      "eval_precision": 0.42857142857142855,
      "eval_recall": 1.0,
      "eval_auc": 0.9516908212560387,
      "eval_auprc": 0.9092813051146384,
      "eval_matthews_correlation": 0.45273496010290487,
      "eval_runtime": 0.6933,
      "eval_samples_per_second": 66.353,
      "eval_steps_per_second": 4.327,
      "epoch": 4.0
    },
    {
      "eval_loss": 0.5627967119216919,
      "eval_accuracy": 0.78125,
      "eval_f1": 0.6666666666666666,
      "eval_precision": 0.6363636363636364,
      "eval_recall": 0.7,
      "eval_auc": 0.8681818181818182,
      "eval_auprc": 0.7911111111111111,
      "eval_matthews_correlation": 0.5056936741642399,
      "eval_runtime": 0.6909,
      "eval_samples_per_second": 66.578,
      "eval_steps_per_second": 4.342,
      "epoch": 7.0
    },
    {
      "eval_loss": 0.46210819482803345,
      "eval_accuracy": 0.8125,
      "eval_f1": 0.5,
      "eval_precision": 1.0,
      "eval_recall": 0.3333333333333333,
      "eval_auc": 0.826086956521739,
      "eval_auprc": 0.7899053188526872,
      "eval_matthews_correlation": 0.5141671091113803,
      "eval_runtime": 0.6928,
      "eval_samples_per_second": 66.397,
      "eval_steps_per_second": 4.33,
      "epoch": 8.0
    }
  ],
  "test_metrics": {
    "eval_loss": 0.5508416295051575,
    "eval_accuracy": 0.7650862068965517,
    "eval_f1": 0.6894586894586895,
    "eval_precision": 0.9236641221374046,
    "eval_recall": 0.55,
    "eval_auc": 0.8986400894187779,
    "eval_auprc": 0.8933990623169136,
    "eval_matthews_correlation": 0.5646512039765953,
    "eval_runtime": 10.0199,
    "eval_samples_per_second": 47.805,
    "eval_steps_per_second": 2.994,
    "epoch": 8.0
  }
}