{
  "experiment": "cross_length",
  "model_type": "lamar",
  "variant": "random",
  "pair_name": "TAF15_HepG2_ENCSR841EQA",
  "pretrain_path": "",
  "max_length": 1024,
  "n_folds": 5,
  "hyperparameters": {
    "learning_rate": 5e-05,
    "per_device_train_batch_size": 16,
    "weight_decay": 0.01,
    "warmup_ratio": 0.1,
    "num_train_epochs": 10,
    "gradient_accumulation_steps": 1,
    "early_stopping_patience": 3
  },
  "cv_metrics": {
    "epoch_mean": 5.2,
    "epoch_std": 0.9797958971132712,
    "eval_accuracy_mean": 0.8416666666666666,
    "eval_accuracy_std": 0.03864007706456542,
    "eval_auc_mean": 0.9573168408652281,
    "eval_auc_std": 0.014008821003163542,
    "eval_auprc_mean": 0.9001886390543377,
    "eval_auprc_std": 0.04523354142443125,
    "eval_f1_mean": 0.7946412192143899,
    "eval_f1_std": 0.03331680386766827,
    "eval_loss_mean": 0.4549048602581024,
    "eval_loss_std": 0.24691132845146477,
    "eval_matthews_correlation_mean": 0.6997893999173168,
    "eval_matthews_correlation_std": 0.042029902065093064,
    "eval_precision_mean": 0.6950566299294894,
    "eval_precision_std": 0.07257582896731564,
    "eval_recall_mean": 0.9419354838709678,
    "eval_recall_std": 0.05913000896717212,
    "eval_runtime_mean": 2.06692,
    "eval_runtime_std": 0.0011889491158160932,
    "eval_samples_per_second_mean": 48.0908,
    "eval_samples_per_second_std": 0.23155595436092805,
    "eval_steps_per_second_mean": 3.3868,
    "eval_steps_per_second_std": 0.001720465053408594
  },
  "cv_fold_metrics": [
    {
      "eval_loss": 0.42114970088005066,
      "eval_accuracy": 0.8541666666666666,
      "eval_f1": 0.8055555555555556,
      "eval_precision": 0.7073170731707317,
      "eval_recall": 0.9354838709677419,
      "eval_auc": 0.9439205955334988,
      "eval_auprc": 0.8665452456754731,
      "eval_matthews_correlation": 0.7097871452120387,
      "eval_runtime": 2.0676,
      "eval_samples_per_second": 48.365,
      "eval_steps_per_second": 3.386,
      "epoch": 6.0
    },
    {
      "eval_loss": 0.37506580352783203,
      "eval_accuracy": 0.8333333333333334,
      "eval_f1": 0.7948717948717948,
      "eval_precision": 0.6595744680851063,
      "eval_recall": 1.0,
      "eval_auc": 0.9761786600496277,
      "eval_auprc": 0.9385472718397605,
      "eval_matthews_correlation": 0.705136636362826,
      "eval_runtime": 2.067,
      "eval_samples_per_second": 48.38,
      "eval_steps_per_second": 3.387,
      "epoch": 4.0
    },
    {
      "eval_loss": 0.27331313490867615,
      "eval_accuracy": 0.875,
      "eval_f1": 0.8125,
      "eval_precision": 0.7878787878787878,
      "eval_recall": 0.8387096774193549,
      "eval_auc": 0.953349875930521,
      "eval_auprc": 0.9196889076841757,
      "eval_matthews_correlation": 0.7196775858766528,
      "eval_runtime": 2.0682,
      "eval_samples_per_second": 47.868,
      "eval_steps_per_second": 3.385,
      "epoch": 6.0
    },
    {
      "eval_loss": 0.2702558934688568,
      "eval_accuracy": 0.875,
      "eval_f1": 0.8285714285714285,
      "eval_precision": 0.7435897435897436,
      "eval_recall": 0.9354838709677419,
      "eval_auc": 0.9712158808933002,
      "eval_auprc": 0.9470454838662872,
      "eval_matthews_correlation": 0.744171959189024,
      "eval_runtime": 2.0671,
      "eval_samples_per_second": 47.892,
      "eval_steps_per_second": 3.386,
      "epoch": 6.0
    },
    {
      "eval_loss": 0.9347397685050964,
      "eval_accuracy": 0.7708333333333334,
      "eval_f1": 0.7317073170731707,
      "eval_precision": 0.5769230769230769,
      "eval_recall": 1.0,
      "eval_auc": 0.9419191919191919,
      "eval_auprc": 0.8291162862059918,
      "eval_matthews_correlation": 0.6201736729460423,
      "eval_runtime": 2.0647,
      "eval_samples_per_second": 47.949,
      "eval_steps_per_second": 3.39,
      "epoch": 4.0
    }
  ],
  "test_metrics": {
    "eval_loss": 0.23035025596618652,
    "eval_accuracy": 0.9097222222222222,
    "eval_f1": 0.9044117647058824,
    "eval_precision": 0.9213483146067416,
    "eval_recall": 0.8880866425992779,
    "eval_auc": 0.9724201006966663,
    "eval_auprc": 0.9709078991213158,
    "eval_matthews_correlation": 0.8194370744628932,
    "eval_runtime": 24.8426,
    "eval_samples_per_second": 46.533,
    "eval_steps_per_second": 2.939,
    "epoch": 10.0
  }
}