{
  "experiment": "cross_length",
  "model_type": "dnabert2",
  "variant": "random",
  "pair_name": "EXOSC5_HepG2_ENCSR693JWP",
  "max_length": 256,
  "n_folds": 5,
  "hyperparameters": {
    "learning_rate": 5e-05,
    "per_device_train_batch_size": 16,
    "weight_decay": 0.01,
    "warmup_ratio": 0.1,
    "num_train_epochs": 10,
    "gradient_accumulation_steps": 1,
    "early_stopping_patience": 3
  },
  "cv_metrics": {
    "epoch_mean": 8.0,
    "epoch_std": 1.4142135623730951,
    "eval_accuracy_mean": 0.7921364787418366,
    "eval_accuracy_std": 0.02777120083892568,
    "eval_auc_mean": 0.8590714495983851,
    "eval_auc_std": 0.027346724279444762,
    "eval_auprc_mean": 0.7835113109785381,
    "eval_auprc_std": 0.028421979547244777,
    "eval_f1_mean": 0.7665670896917559,
    "eval_f1_std": 0.027822792536010763,
    "eval_loss_mean": 0.7334637343883514,
    "eval_loss_std": 0.3424413801391866,
    "eval_matthews_correlation_mean": 0.5407102056642537,
    "eval_matthews_correlation_std": 0.052586200352267506,
    "eval_precision_mean": 0.7779259700337439,
    "eval_precision_std": 0.03249833059835105,
    "eval_recall_mean": 0.7637365252253389,
    "eval_recall_std": 0.02707626232017598,
    "eval_runtime_mean": 0.06886,
    "eval_runtime_std": 0.0014221111067704956,
    "eval_samples_per_second_mean": 1775.6306,
    "eval_samples_per_second_std": 38.63123568616464,
    "eval_steps_per_second_mean": 116.2414,
    "eval_steps_per_second_std": 2.3656435572587853
  },
  "cv_fold_metrics": [
    {
      "eval_loss": 1.3740146160125732,
      "eval_accuracy": 0.7967479674796748,
      "eval_f1": 0.7525150905432596,
      "eval_matthews_correlation": 0.5371966871114053,
      "eval_precision": 0.8054511278195489,
      "eval_recall": 0.7361918604651163,
      "eval_auc": 0.8125,
      "eval_auprc": 0.7370394501219585,
      "eval_runtime": 0.0678,
      "eval_samples_per_second": 1813.935,
      "eval_steps_per_second": 117.98,
      "epoch": 10.0
    },
    {
      "eval_loss": 0.5784540772438049,
      "eval_accuracy": 0.7377049180327869,
      "eval_f1": 0.7183261183261183,
      "eval_matthews_correlation": 0.44056352181321906,
      "eval_precision": 0.7142454954954955,
      "eval_recall": 0.7264880952380952,
      "eval_auc": 0.8511904761904762,
      "eval_auprc": 0.7859214525546446,
      "eval_runtime": 0.0684,
      "eval_samples_per_second": 1784.468,
      "eval_steps_per_second": 117.014,
      "epoch": 7.0
    },
    {
      "eval_loss": 0.45187631249427795,
      "eval_accuracy": 0.8114754098360656,
      "eval_f1": 0.7874725441187609,
      "eval_matthews_correlation": 0.5761195496840854,
      "eval_precision": 0.7934816187828236,
      "eval_recall": 0.7827380952380952,
      "eval_auc": 0.8595238095238095,
      "eval_auprc": 0.772091151436902,
      "eval_runtime": 0.0714,
      "eval_samples_per_second": 1709.319,
      "eval_steps_per_second": 112.086,
      "epoch": 6.0
    },
    {
      "eval_loss": 0.47038590908050537,
      "eval_accuracy": 0.8114754098360656,
      "eval_f1": 0.792378838327784,
      "eval_matthews_correlation": 0.5848837132663318,
      "eval_precision": 0.7908448631145129,
      "eval_recall": 0.7940476190476191,
      "eval_auc": 0.8910714285714285,
      "eval_auprc": 0.8011511987052933,
      "eval_runtime": 0.0674,
      "eval_samples_per_second": 1811.057,
      "eval_steps_per_second": 118.758,
      "epoch": 8.0
    },
    {
      "eval_loss": 0.7925877571105957,
      "eval_accuracy": 0.8032786885245902,
      "eval_f1": 0.7821428571428573,
      "eval_matthews_correlation": 0.5647875564462264,
      "eval_precision": 0.7856067449563384,
      "eval_recall": 0.7792169561377686,
      "eval_auc": 0.8810715337062113,
      "eval_auprc": 0.8213533020738925,
      "eval_runtime": 0.0693,
      "eval_samples_per_second": 1759.374,
      "eval_steps_per_second": 115.369,
      "epoch": 9.0
    }
  ],
  "test_metrics": {
    "eval_loss": 0.6364856362342834,
    "eval_accuracy": 0.8061674008810573,
    "eval_f1": 0.8039762133731087,
    "eval_matthews_correlation": 0.6129412226903528,
    "eval_precision": 0.810112208459711,
    "eval_recall": 0.8028717769119643,
    "eval_auc": 0.8928628755709261,
    "eval_auprc": 0.8854954700474418,
    "eval_runtime": 0.525,
    "eval_samples_per_second": 1729.507,
    "eval_steps_per_second": 108.57,
    "epoch": 7.0
  }
}