{
  "experiment": "cross_cell",
  "model_type": "lamar",
  "variant": "pretrained",
  "pair_name": "TAF15_train_K562_test_HepG2_fixlen_101",
  "pretrain_path": "/gpfs/bwfor/work/ws/fr_ml642-thesis_work/Thesis/LAMAR/weights",
  "max_length": 1024,
  "n_folds": 5,
  "hyperparameters": {
    "learning_rate": 5e-05,
    "per_device_train_batch_size": 16,
    "weight_decay": 0.01,
    "warmup_ratio": 0.1,
    "num_train_epochs": 10,
    "gradient_accumulation_steps": 1,
    "early_stopping_patience": 3
  },
  "cv_metrics": {
    "epoch_mean": 7.4,
    "epoch_std": 1.3564659966250536,
    "eval_accuracy_mean": 0.8412499999999999,
    "eval_accuracy_std": 0.01015504800579495,
    "eval_auc_mean": 0.9204179124281291,
    "eval_auc_std": 0.01065205584567986,
    "eval_auprc_mean": 0.8970819014065995,
    "eval_auprc_std": 0.029763297905728795,
    "eval_f1_mean": 0.837591318308094,
    "eval_f1_std": 0.010489303746562985,
    "eval_loss_mean": 0.40779900550842285,
    "eval_loss_std": 0.045844396485187774,
    "eval_matthews_correlation_mean": 0.6875267481395572,
    "eval_matthews_correlation_std": 0.019972344113310534,
    "eval_precision_mean": 0.810653606915821,
    "eval_precision_std": 0.03105025736547986,
    "eval_recall_mean": 0.8698245614035087,
    "eval_recall_std": 0.04657331382987172,
    "eval_runtime_mean": 3.43594,
    "eval_runtime_std": 0.0026993332510085125,
    "eval_samples_per_second_mean": 50.6412,
    "eval_samples_per_second_std": 0.04002199395332549,
    "eval_steps_per_second_mean": 3.2016,
    "eval_steps_per_second_std": 0.0024166091947189056
  },
  "cv_fold_metrics": [
    {
      "eval_loss": 0.3748099207878113,
      "eval_accuracy": 0.84375,
      "eval_f1": 0.8387096774193549,
      "eval_precision": 0.8227848101265823,
      "eval_recall": 0.8552631578947368,
      "eval_auc": 0.9277882205513784,
      "eval_auprc": 0.9185626431672419,
      "eval_matthews_correlation": 0.687788942584785,
      "eval_runtime": 3.4378,
      "eval_samples_per_second": 50.614,
      "eval_steps_per_second": 3.2,
      "epoch": 6.0
    },
    {
      "eval_loss": 0.4938732981681824,
      "eval_accuracy": 0.8375,
      "eval_f1": 0.8488372093023255,
      "eval_precision": 0.7604166666666666,
      "eval_recall": 0.9605263157894737,
      "eval_auc": 0.9254385964912281,
      "eval_auprc": 0.8861327062861868,
      "eval_matthews_correlation": 0.7000007459120027,
      "eval_runtime": 3.44,
      "eval_samples_per_second": 50.581,
      "eval_steps_per_second": 3.198,
      "epoch": 7.0
    },
    {
      "eval_loss": 0.4069184362888336,
      "eval_accuracy": 0.825,
      "eval_f1": 0.8205128205128205,
      "eval_precision": 0.7901234567901234,
      "eval_recall": 0.8533333333333334,
      "eval_auc": 0.9126274509803922,
      "eval_auprc": 0.9035704919565916,
      "eval_matthews_correlation": 0.6521069909413073,
      "eval_runtime": 3.4351,
      "eval_samples_per_second": 50.653,
      "eval_steps_per_second": 3.202,
      "epoch": 7.0
    },
    {
      "eval_loss": 0.39969727396965027,
      "eval_accuracy": 0.84375,
      "eval_f1": 0.8322147651006713,
      "eval_precision": 0.8378378378378378,
      "eval_recall": 0.8266666666666667,
      "eval_auc": 0.9036862745098039,
      "eval_auprc": 0.8457873845362035,
      "eval_matthews_correlation": 0.6860823658324682,
      "eval_runtime": 3.4322,
      "eval_samples_per_second": 50.697,
      "eval_steps_per_second": 3.205,
      "epoch": 7.0
    },
    {
      "eval_loss": 0.3636960983276367,
      "eval_accuracy": 0.85625,
      "eval_f1": 0.847682119205298,
      "eval_precision": 0.8421052631578947,
      "eval_recall": 0.8533333333333334,
      "eval_auc": 0.9325490196078431,
      "eval_auprc": 0.9313562810867737,
      "eval_matthews_correlation": 0.7116546954272226,
      "eval_runtime": 3.4346,
      "eval_samples_per_second": 50.661,
      "eval_steps_per_second": 3.203,
      "epoch": 10.0
    }
  ],
  "test_metrics": {
    "eval_loss": 0.2713654041290283,
    "eval_accuracy": 0.903343023255814,
    "eval_f1": 0.9039711191335739,
    "eval_precision": 0.876750700280112,
    "eval_recall": 0.9329359165424739,
    "eval_auc": 0.9562587859762607,
    "eval_auprc": 0.9513913169894168,
    "eval_matthews_correlation": 0.8084439777973437,
    "eval_runtime": 29.4964,
    "eval_samples_per_second": 46.921,
    "eval_steps_per_second": 2.95,
    "epoch": 7.0
  }
}