{
  "best_layer": 10,
  "best_auroc": 0.8208898944193063,
  "variant": "lamar_tapt_standard_1gpu",
  "task_id": "data/ILF3_HepG2_IDR",
  "layer_aurocs": {
    "0": 0.7881450921243308,
    "1": 0.5975172271020022,
    "2": 0.7202348209268624,
    "3": 0.6694570135746607,
    "4": 0.7740891077396268,
    "5": 0.7929154467216752,
    "6": 0.722350870966788,
    "7": 0.7993390116227486,
    "8": 0.7222503179250584,
    "9": 0.7337414603850589,
    "10": 0.8208898944193063,
    "11": 0.7801718274036613,
    "12": 0.6018203057995446
  }
}