{
  "best_layer": 1,
  "best_auroc": 0.9385961020909118,
  "variant": "lamar_tapt_standard_1gpu",
  "task_id": "data/GTF2F1_K562_IDR",
  "layer_aurocs": {
    "0": 0.888995356815426,
    "1": 0.9385961020909118,
    "2": 0.8544820039629728,
    "3": 0.9379883476769291,
    "4": 0.8518513589447846,
    "5": 0.9360630526720491,
    "6": 0.9311744003785526,
    "7": 0.9327388874101677,
    "8": 0.9286871913169492,
    "9": 0.9293733179546327,
    "10": 0.9218998610002072,
    "11": 0.9099991127672787,
    "12": 0.9220492118415994
  }
}