{
  "best_layer": 9,
  "best_auroc": 0.8322819625587792,
  "variant": "lamar_tapt_standard_1gpu",
  "task_id": "data/QKI_K562_IDR",
  "layer_aurocs": {
    "0": 0.7584819448141248,
    "1": 0.6849140862981693,
    "2": 0.7546313548043652,
    "3": 0.8266169816342825,
    "4": 0.8316949102416231,
    "5": 0.7569307662733268,
    "6": 0.7552391092183479,
    "7": 0.8105211013515511,
    "8": 0.7649439564664477,
    "9": 0.8322819625587792,
    "10": 0.6776846183420578,
    "11": 0.8035600212935853,
    "12": 0.7546121314287404
  }
}