{
  "best_layer": 6,
  "best_auroc": 0.7887720699139386,
  "variant": "lamar_tapt_standard_1gpu",
  "task_id": "finetune_data_koo/PUM2_K562_200",
  "layer_aurocs": {
    "0": 0.6596752728240618,
    "1": 0.5299396681749623,
    "2": 0.7095244432614676,
    "3": 0.7814671871765297,
    "4": 0.7301673912400556,
    "5": 0.7164670393044096,
    "6": 0.7887720699139386,
    "7": 0.7792343181616539,
    "8": 0.7331470144618933,
    "9": 0.7809555496406707,
    "10": 0.6587466359092657,
    "11": 0.7579318605270163,
    "12": 0.6764661520716884
  }
}