{
  "best_layer": 6,
  "best_auroc": 0.8919424481708218,
  "variant": "lamar_tapt_standard_1gpu",
  "task_id": "finetune_data_koo/QKI_K562_200",
  "layer_aurocs": {
    "0": 0.839135835329607,
    "1": 0.7778960754739301,
    "2": 0.642560553633218,
    "3": 0.7876541566852986,
    "4": 0.8791988288528081,
    "5": 0.8637062668204537,
    "6": 0.8919424481708218,
    "7": 0.8814642297341259,
    "8": 0.87898293555733,
    "9": 0.8911528110490048,
    "10": 0.8798080619879928,
    "11": 0.8589181675686867,
    "12": 0.8859839410877474
  }
}