{
  "best_layer": 9,
  "best_auroc": 0.8915144471061426,
  "variant": "lamar_tapt_standard_1gpu",
  "task_id": "finetune_data_koo/RBFOX2_K562_200",
  "layer_aurocs": {
    "0": 0.8556237837518115,
    "1": 0.775527104959631,
    "2": 0.8531425782982875,
    "3": 0.808542779404371,
    "4": 0.8580888415698105,
    "5": 0.8586182533345162,
    "6": 0.8695484281193624,
    "7": 0.874430071274362,
    "8": 0.8815290864460413,
    "9": 0.8915144471061426,
    "10": 0.885093810073049,
    "11": 0.8838872327211428,
    "12": 0.888059148848076
  }
}