{
  "best_layer": 12,
  "best_auroc": 0.9460828675361548,
  "variant": "lamar_tapt_standard_1gpu",
  "task_id": "finetune_data_koo/PTBP1_K562_200",
  "layer_aurocs": {
    "0": 0.9132863099991126,
    "1": 0.8500968562387247,
    "2": 0.9295862538077072,
    "3": 0.9294605625055453,
    "4": 0.9317466654836897,
    "5": 0.9286058616508444,
    "6": 0.9348874693165351,
    "7": 0.9343965338775029,
    "8": 0.9322449945287318,
    "9": 0.9425827344512465,
    "10": 0.9443616360571377,
    "11": 0.9401546742377193,
    "12": 0.9460828675361548
  }
}