{
  "best_layer": 9,
  "best_auroc": 0.8413953213261172,
  "variant": "lamar_tapt_standard_1gpu",
  "task_id": "finetune_data_koo/SF3B4_K562_200",
  "layer_aurocs": {
    "0": 0.7456643894360158,
    "1": 0.6241918788631591,
    "2": 0.6566705113417916,
    "3": 0.7166400496850324,
    "4": 0.7740647088397953,
    "5": 0.6958226126046195,
    "6": 0.755703427675746,
    "7": 0.756183272705764,
    "8": 0.8262960991334694,
    "9": 0.8413953213261172,
    "10": 0.8210155857214682,
    "11": 0.8256602490166504,
    "12": 0.7379011031260165
  }
}