{
  "best_layer": 9,
  "best_auroc": 0.8666149114246,
  "variant": "lamar_tapt_standard_1gpu",
  "task_id": "finetune_data_koo/TIA1_K562_200",
  "layer_aurocs": {
    "0": 0.7356061278206607,
    "1": 0.811377280927454,
    "2": 0.7930100848785969,
    "3": 0.7567511016472955,
    "4": 0.7812660810930707,
    "5": 0.848355662023482,
    "6": 0.7495726495726496,
    "7": 0.7713423831070889,
    "8": 0.8503430633188419,
    "9": 0.8666149114246,
    "10": 0.8483246088782421,
    "11": 0.8526158578061691,
    "12": 0.8600405169609322
  }
}