{
  "experiment": "rbp",
  "model_type": "lamar",
  "variant": "lamar_tapt_1024",
  "rbp_name": "SRSF1_K562_200",
  "weights_path": "/gpfs/bwfor/work/ws/fr_ml642-thesis_work/Thesis/LAMAR/src/pretrain/saving_model/tapt_1024_standard_collator/checkpoint-134000",
  "max_length": 1024,
  "n_folds": 5,
  "hyperparameters": {
    "learning_rate": 5e-05,
    "per_device_train_batch_size": 16,
    "weight_decay": 0.01,
    "warmup_ratio": 0.1,
    "num_train_epochs": 10,
    "gradient_accumulation_steps": 1,
    "early_stopping_patience": 3
  },
  "cv_metrics": {
    "epoch_mean": 8.6,
    "epoch_std": 1.7435595774162693,
    "eval_accuracy_mean": 0.8723670490093849,
    "eval_accuracy_std": 0.0474497242048652,
    "eval_auc_mean": 0.9641591996520227,
    "eval_auc_std": 0.003430320792074422,
    "eval_auprc_mean": 0.9616289958718888,
    "eval_auprc_std": 0.004901198753536036,
    "eval_f1_mean": 0.8809328660321532,
    "eval_f1_std": 0.032642576076096094,
    "eval_loss_mean": 0.5531536161899566,
    "eval_loss_std": 0.12575135241055682,
    "eval_matthews_correlation_mean": 0.7587333135693408,
    "eval_matthews_correlation_std": 0.0709750782211699,
    "eval_precision_mean": 0.843751813393447,
    "eval_precision_std": 0.08038554943404776,
    "eval_recall_mean": 0.9305263157894735,
    "eval_recall_std": 0.0363424768455412,
    "eval_runtime_mean": 17.273020000000002,
    "eval_runtime_std": 0.010702037189245703,
    "eval_samples_per_second_mean": 55.5198,
    "eval_samples_per_second_std": 0.03439418555511841,
    "eval_steps_per_second_mean": 3.4736000000000002,
    "eval_steps_per_second_std": 0.0020591260281973543
  },
  "cv_fold_metrics": [
    {
      "eval_loss": 0.5699210166931152,
      "eval_accuracy": 0.7799791449426486,
      "eval_f1": 0.8176318063958513,
      "eval_precision": 0.6935483870967742,
      "eval_recall": 0.9957894736842106,
      "eval_matthews_correlation": 0.622149005428321,
      "eval_auc": 0.9692953458025229,
      "eval_auprc": 0.9691497891250044,
      "eval_runtime": 17.2619,
      "eval_samples_per_second": 55.556,
      "eval_steps_per_second": 3.476,
      "epoch": 6.0
    },
    {
      "eval_loss": 0.6672870516777039,
      "eval_accuracy": 0.9009384775808134,
      "eval_f1": 0.9015544041450777,
      "eval_precision": 0.8877551020408163,
      "eval_recall": 0.9157894736842105,
      "eval_matthews_correlation": 0.8023101674278871,
      "eval_auc": 0.9641518051326663,
      "eval_auprc": 0.956802176004941,
      "eval_runtime": 17.2707,
      "eval_samples_per_second": 55.527,
      "eval_steps_per_second": 3.474,
      "epoch": 10.0
    },
    {
      "eval_loss": 0.5728586912155151,
      "eval_accuracy": 0.9061522419186653,
      "eval_f1": 0.9036402569593148,
      "eval_precision": 0.9193899782135077,
      "eval_recall": 0.888421052631579,
      "eval_matthews_correlation": 0.8126820668712027,
      "eval_auc": 0.9660047846889951,
      "eval_auprc": 0.9653527025589437,
      "eval_runtime": 17.2745,
      "eval_samples_per_second": 55.515,
      "eval_steps_per_second": 3.473,
      "epoch": 10.0
    },
    {
      "eval_loss": 0.3134881556034088,
      "eval_accuracy": 0.8748696558915537,
      "eval_f1": 0.8814229249011858,
      "eval_precision": 0.8305400372439479,
      "eval_recall": 0.9389473684210526,
      "eval_matthews_correlation": 0.756355654040429,
      "eval_auc": 0.9591344062635929,
      "eval_auprc": 0.9567188438897618,
      "eval_runtime": 17.2926,
      "eval_samples_per_second": 55.457,
      "eval_steps_per_second": 3.47,
      "epoch": 7.0
    },
    {
      "eval_loss": 0.6422131657600403,
      "eval_accuracy": 0.899895724713243,
      "eval_f1": 0.9004149377593361,
      "eval_precision": 0.8875255623721882,
      "eval_recall": 0.9136842105263158,
      "eval_matthews_correlation": 0.8001696740788642,
      "eval_auc": 0.9622096563723358,
      "eval_auprc": 0.9601214677807932,
      "eval_runtime": 17.2654,
      "eval_samples_per_second": 55.544,
      "eval_steps_per_second": 3.475,
      "epoch": 10.0
    }
  ],
  "test_metrics": {
    "eval_loss": 0.45292699337005615,
    "eval_accuracy": 0.890742285237698,
    "eval_f1": 0.8994627782041443,
    "eval_precision": 0.8604992657856094,
    "eval_recall": 0.9421221864951769,
    "eval_matthews_correlation": 0.7842101827954916,
    "eval_auc": 0.9606680524054456,
    "eval_auprc": 0.9588820723274518,
    "eval_runtime": 21.5868,
    "eval_samples_per_second": 55.543,
    "eval_steps_per_second": 3.474,
    "epoch": 10.0
  }
}