{
  "experiment": "cross_cell",
  "model_type": "lamar",
  "variant": "tapt_1024",
  "pair_name": "DEK_train_K562_test_HepG2_fixlen_101",
  "pretrain_path": "/gpfs/bwfor/work/ws/fr_ml642-thesis_work/Thesis/LAMAR/src/pretrain/saving_model/tapt_1024_standard_collator/checkpoint-134000/model.safetensors",
  "max_length": 1024,
  "n_folds": 5,
  "hyperparameters": {
    "learning_rate": 5e-05,
    "per_device_train_batch_size": 16,
    "weight_decay": 0.01,
    "warmup_ratio": 0.1,
    "num_train_epochs": 10,
    "gradient_accumulation_steps": 1,
    "early_stopping_patience": 3
  },
  "cv_metrics": {
    "epoch_mean": 5.0,
    "epoch_std": 1.0954451150103321,
    "eval_accuracy_mean": 0.86875,
    "eval_accuracy_std": 0.05,
    "eval_auc_mean": 0.9514012896825397,
    "eval_auc_std": 0.04769726984119655,
    "eval_auprc_mean": 0.9372042035440993,
    "eval_auprc_std": 0.07716004757381902,
    "eval_f1_mean": 0.8486446886446887,
    "eval_f1_std": 0.06952160937088485,
    "eval_loss_mean": 0.38140804022550584,
    "eval_loss_std": 0.15923634621353436,
    "eval_matthews_correlation_mean": 0.7607037533029876,
    "eval_matthews_correlation_std": 0.08281494771523872,
    "eval_precision_mean": 0.9148496240601502,
    "eval_precision_std": 0.07030075187969927,
    "eval_recall_mean": 0.8214285714285715,
    "eval_recall_std": 0.16865312790167994,
    "eval_runtime_mean": 0.6852,
    "eval_runtime_std": 0.0012759310326189148,
    "eval_samples_per_second_mean": 51.37360000000001,
    "eval_samples_per_second_std": 0.6641625102337539,
    "eval_steps_per_second_mean": 4.378400000000001,
    "eval_steps_per_second_std": 0.007964923100695898
  },
  "cv_fold_metrics": [
    {
      "eval_loss": 0.6042588353157043,
      "eval_accuracy": 0.8125,
      "eval_f1": 0.7692307692307693,
      "eval_precision": 1.0,
      "eval_recall": 0.625,
      "eval_auc": 0.9375,
      "eval_auprc": 0.9454871894409939,
      "eval_matthews_correlation": 0.674199862463242,
      "eval_runtime": 0.6832,
      "eval_samples_per_second": 52.697,
      "eval_steps_per_second": 4.391,
      "epoch": 5.0
    },
    {
      "eval_loss": 0.3785898685455322,
      "eval_accuracy": 0.8125,
      "eval_f1": 0.7692307692307693,
      "eval_precision": 1.0,
      "eval_recall": 0.625,
      "eval_auc": 1.0,
      "eval_auprc": 1.0,
      "eval_matthews_correlation": 0.674199862463242,
      "eval_runtime": 0.6849,
      "eval_samples_per_second": 51.101,
      "eval_steps_per_second": 4.38,
      "epoch": 4.0
    },
    {
      "eval_loss": 0.42093902826309204,
      "eval_accuracy": 0.90625,
      "eval_f1": 0.9142857142857143,
      "eval_precision": 0.8421052631578947,
      "eval_recall": 1.0,
      "eval_auc": 0.87109375,
      "eval_auprc": 0.7901047930290384,
      "eval_matthews_correlation": 0.827170191868511,
      "eval_runtime": 0.6869,
      "eval_samples_per_second": 50.956,
      "eval_steps_per_second": 4.368,
      "epoch": 7.0
    },
    {
      "eval_loss": 0.3963005542755127,
      "eval_accuracy": 0.875,
      "eval_f1": 0.8571428571428571,
      "eval_precision": 0.8571428571428571,
      "eval_recall": 0.8571428571428571,
      "eval_auc": 0.9484126984126985,
      "eval_auprc": 0.9504290352504638,
      "eval_matthews_correlation": 0.746031746031746,
      "eval_runtime": 0.6862,
      "eval_samples_per_second": 51.007,
      "eval_steps_per_second": 4.372,
      "epoch": 4.0
    },
    {
      "eval_loss": 0.10695191472768784,
      "eval_accuracy": 0.9375,
      "eval_f1": 0.9333333333333333,
      "eval_precision": 0.875,
      "eval_recall": 1.0,
      "eval_auc": 1.0,
      "eval_auprc": 1.0,
      "eval_matthews_correlation": 0.8819171036881969,
      "eval_runtime": 0.6848,
      "eval_samples_per_second": 51.107,
      "eval_steps_per_second": 4.381,
      "epoch": 5.0
    }
  ],
  "test_metrics": {
    "eval_loss": 1.8417913913726807,
    "eval_accuracy": 0.5111607142857143,
    "eval_f1": 0.09128630705394192,
    "eval_precision": 0.5238095238095238,
    "eval_recall": 0.05,
    "eval_auc": 0.6306618819776715,
    "eval_auprc": 0.5714631980107834,
    "eval_matthews_correlation": 0.014522733493785907,
    "eval_runtime": 9.5758,
    "eval_samples_per_second": 48.142,
    "eval_steps_per_second": 3.028,
    "epoch": 6.0
  }
}