{
  "experiment": "cross_length",
  "model_type": "lamar",
  "variant": "tapt_512",
  "pair_name": "LARP7_HepG2_ENCSR961OKA",
  "pretrain_path": "/gpfs/bwfor/work/ws/fr_ml642-thesis_work/Thesis/LAMAR/src/pretrain/saving_model/tapt_lamar/checkpoint-98000/model.safetensors",
  "max_length": 1024,
  "n_folds": 5,
  "hyperparameters": {
    "learning_rate": 5e-05,
    "per_device_train_batch_size": 16,
    "weight_decay": 0.01,
    "warmup_ratio": 0.1,
    "num_train_epochs": 10,
    "gradient_accumulation_steps": 1,
    "early_stopping_patience": 3
  },
  "cv_metrics": {
    "epoch_mean": 6.6,
    "epoch_std": 2.1540659228538015,
    "eval_accuracy_mean": 0.6625,
    "eval_accuracy_std": 0.075,
    "eval_auc_mean": 0.8092496392496391,
    "eval_auc_std": 0.13968377994273654,
    "eval_auprc_mean": 0.7998790918076633,
    "eval_auprc_std": 0.11052310381120686,
    "eval_f1_mean": 0.39326007326007323,
    "eval_f1_std": 0.21789541010893645,
    "eval_loss_mean": 0.58172208070755,
    "eval_loss_std": 0.08460922115600002,
    "eval_matthews_correlation_mean": 0.2526721735789098,
    "eval_matthews_correlation_std": 0.19512405222931767,
    "eval_precision_mean": 0.5999999999999999,
    "eval_precision_std": 0.37688302737922624,
    "eval_recall_mean": 0.33999999999999997,
    "eval_recall_std": 0.21080990566510532,
    "eval_runtime_mean": 0.3468,
    "eval_runtime_std": 0.0004195235392680541,
    "eval_samples_per_second_mean": 58.8276,
    "eval_samples_per_second_std": 1.4765698899815076,
    "eval_steps_per_second_mean": 5.7674,
    "eval_steps_per_second_std": 0.0070597450378890635
  },
  "cv_fold_metrics": [
    {
      "eval_loss": 0.44518905878067017,
      "eval_accuracy": 0.75,
      "eval_f1": 0.6,
      "eval_precision": 1.0,
      "eval_recall": 0.42857142857142855,
      "eval_auc": 0.9682539682539681,
      "eval_auprc": 0.9617346938775511,
      "eval_matthews_correlation": 0.5447047794019222,
      "eval_runtime": 0.3461,
      "eval_samples_per_second": 60.678,
      "eval_steps_per_second": 5.779,
      "epoch": 10.0
    },
    {
      "eval_loss": 0.6422393918037415,
      "eval_accuracy": 0.625,
      "eval_f1": 0.5714285714285714,
      "eval_precision": 0.5714285714285714,
      "eval_recall": 0.5714285714285714,
      "eval_auc": 0.6825396825396826,
      "eval_auprc": 0.6984126984126984,
      "eval_matthews_correlation": 0.23809523809523808,
      "eval_runtime": 0.3466,
      "eval_samples_per_second": 60.593,
      "eval_steps_per_second": 5.771,
      "epoch": 8.0
    },
    {
      "eval_loss": 0.5276345610618591,
      "eval_accuracy": 0.75,
      "eval_f1": 0.33333333333333337,
      "eval_precision": 1.0,
      "eval_recall": 0.2,
      "eval_auc": 0.9454545454545454,
      "eval_auprc": 0.8766666666666667,
      "eval_matthews_correlation": 0.38297084310253526,
      "eval_runtime": 0.3469,
      "eval_samples_per_second": 57.66,
      "eval_steps_per_second": 5.766,
      "epoch": 5.0
    },
    {
      "eval_loss": 0.6791859269142151,
      "eval_accuracy": 0.5625,
      "eval_f1": 0.4615384615384615,
      "eval_precision": 0.42857142857142855,
      "eval_recall": 0.5,
      "eval_auc": 0.6166666666666666,
      "eval_auprc": 0.6631766381766382,
      "eval_matthews_correlation": 0.09759000729485331,
      "eval_runtime": 0.3471,
      "eval_samples_per_second": 57.62,
      "eval_steps_per_second": 5.762,
      "epoch": 4.0
    },
    {
      "eval_loss": 0.6143614649772644,
      "eval_accuracy": 0.625,
      "eval_f1": 0.0,
      "eval_precision": 0.0,
      "eval_recall": 0.0,
      "eval_auc": 0.8333333333333334,
      "eval_auprc": 0.7994047619047617,
      "eval_matthews_correlation": 0.0,
      "eval_runtime": 0.3473,
      "eval_samples_per_second": 57.587,
      "eval_steps_per_second": 5.759,
      "epoch": 6.0
    }
  ],
  "test_metrics": {
    "eval_loss": 0.7181820869445801,
    "eval_accuracy": 0.5,
    "eval_f1": 0.6565656565656566,
    "eval_precision": 0.49429657794676807,
    "eval_recall": 0.9774436090225563,
    "eval_auc": 0.7148266349326553,
    "eval_auprc": 0.6581459761654769,
    "eval_matthews_correlation": 0.05759604019220762,
    "eval_runtime": 5.8645,
    "eval_samples_per_second": 47.574,
    "eval_steps_per_second": 3.069,
    "epoch": 4.0
  }
}