{
  "experiment": "cross_length",
  "model_type": "lamar",
  "variant": "random",
  "pair_name": "SNRNP200_K562_ENCSR280JAB",
  "pretrain_path": "",
  "max_length": 1024,
  "n_folds": 5,
  "hyperparameters": {
    "learning_rate": 5e-05,
    "per_device_train_batch_size": 16,
    "weight_decay": 0.01,
    "warmup_ratio": 0.1,
    "num_train_epochs": 10,
    "gradient_accumulation_steps": 1,
    "early_stopping_patience": 3
  },
  "cv_metrics": {
    "epoch_mean": 6.0,
    "epoch_std": 2.280350850198276,
    "eval_accuracy_mean": 0.7825,
    "eval_accuracy_std": 0.04077376607575024,
    "eval_auc_mean": 0.8590458745612896,
    "eval_auc_std": 0.028365753071397846,
    "eval_auprc_mean": 0.7205459475810979,
    "eval_auprc_std": 0.07024341004858357,
    "eval_f1_mean": 0.5678973515272784,
    "eval_f1_std": 0.2395525528176665,
    "eval_loss_mean": 0.47860340476036073,
    "eval_loss_std": 0.046660103923554366,
    "eval_matthews_correlation_mean": 0.4841410779810483,
    "eval_matthews_correlation_std": 0.1555961174028726,
    "eval_precision_mean": 0.7276596720559569,
    "eval_precision_std": 0.18140865573434287,
    "eval_recall_mean": 0.6211205461205461,
    "eval_recall_std": 0.30441124446317086,
    "eval_runtime_mean": 1.7226799999999998,
    "eval_runtime_std": 0.0006523802572120162,
    "eval_samples_per_second_mean": 54.68240000000001,
    "eval_samples_per_second_std": 0.2381156021767563,
    "eval_steps_per_second_mean": 3.4832,
    "eval_steps_per_second_std": 0.001326649916142161
  },
  "cv_fold_metrics": [
    {
      "eval_loss": 0.414750874042511,
      "eval_accuracy": 0.8375,
      "eval_f1": 0.6976744186046512,
      "eval_precision": 0.8823529411764706,
      "eval_recall": 0.5769230769230769,
      "eval_auc": 0.9095441595441596,
      "eval_auprc": 0.8493033070291116,
      "eval_matthews_correlation": 0.6181457908176079,
      "eval_runtime": 1.7224,
      "eval_samples_per_second": 55.157,
      "eval_steps_per_second": 3.484,
      "epoch": 7.0
    },
    {
      "eval_loss": 0.5426095724105835,
      "eval_accuracy": 0.725,
      "eval_f1": 0.6451612903225806,
      "eval_precision": 0.5263157894736842,
      "eval_recall": 0.8333333333333334,
      "eval_auc": 0.8266369047619048,
      "eval_auprc": 0.7137263237455085,
      "eval_matthews_correlation": 0.4697560264968646,
      "eval_runtime": 1.7228,
      "eval_samples_per_second": 54.564,
      "eval_steps_per_second": 3.483,
      "epoch": 4.0
    },
    {
      "eval_loss": 0.4609561860561371,
      "eval_accuracy": 0.7875,
      "eval_f1": 0.711864406779661,
      "eval_precision": 0.6,
      "eval_recall": 0.875,
      "eval_auc": 0.8601190476190477,
      "eval_auprc": 0.6628190740076203,
      "eval_matthews_correlation": 0.5773502691896257,
      "eval_runtime": 1.7238,
      "eval_samples_per_second": 54.531,
      "eval_steps_per_second": 3.481,
      "epoch": 5.0
    },
    {
      "eval_loss": 0.5208722352981567,
      "eval_accuracy": 0.75,
      "eval_f1": 0.0909090909090909,
      "eval_precision": 1.0,
      "eval_recall": 0.047619047619047616,
      "eval_auc": 0.8603712671509282,
      "eval_auprc": 0.7248534885669602,
      "eval_matthews_correlation": 0.18858311834736916,
      "eval_runtime": 1.7226,
      "eval_samples_per_second": 54.567,
      "eval_steps_per_second": 3.483,
      "epoch": 4.0
    },
    {
      "eval_loss": 0.4538281559944153,
      "eval_accuracy": 0.8125,
      "eval_f1": 0.6938775510204083,
      "eval_precision": 0.6296296296296297,
      "eval_recall": 0.7727272727272727,
      "eval_auc": 0.8385579937304075,
      "eval_auprc": 0.6520275445562889,
      "eval_matthews_correlation": 0.5668701850537738,
      "eval_runtime": 1.7218,
      "eval_samples_per_second": 54.593,
      "eval_steps_per_second": 3.485,
      "epoch": 10.0
    }
  ],
  "test_metrics": {
    "eval_loss": 0.6561729311943054,
    "eval_accuracy": 0.7157258064516129,
    "eval_f1": 0.6501240694789081,
    "eval_precision": 0.7891566265060241,
    "eval_recall": 0.5527426160337553,
    "eval_auc": 0.7955378524998779,
    "eval_auprc": 0.7767104612871055,
    "eval_matthews_correlation": 0.442060093263504,
    "eval_runtime": 21.4078,
    "eval_samples_per_second": 46.572,
    "eval_steps_per_second": 2.943,
    "epoch": 6.0
  }
}