{
  "experiment": "rbp",
  "model_type": "lamar",
  "variant": "lamar_tapt_512",
  "rbp_name": "GTF2F1_K562_IDR",
  "weights_path": "/gpfs/bwfor/work/ws/fr_ml642-thesis_work/Thesis/LAMAR/src/pretrain/saving_model/tapt_lamar/checkpoint-98000",
  "max_length": 512,
  "n_folds": 5,
  "hyperparameters": {
    "learning_rate": 5e-05,
    "per_device_train_batch_size": 16,
    "weight_decay": 0.01,
    "warmup_ratio": 0.1,
    "num_train_epochs": 10,
    "gradient_accumulation_steps": 1,
    "early_stopping_patience": 3
  },
  "cv_metrics": {
    "epoch_mean": 8.8,
    "epoch_std": 1.4696938456699067,
    "eval_accuracy_mean": 0.9027086370578029,
    "eval_accuracy_std": 0.0067904763669429285,
    "eval_auc_mean": 0.9583690282950423,
    "eval_auc_std": 0.004138248728387809,
    "eval_auprc_mean": 0.9611993773216432,
    "eval_auprc_std": 0.004212924888758249,
    "eval_f1_mean": 0.9006067540473015,
    "eval_f1_std": 0.007317934770568793,
    "eval_loss_mean": 0.27570281326770785,
    "eval_loss_std": 0.023457431891357128,
    "eval_matthews_correlation_mean": 0.8067087012303411,
    "eval_matthews_correlation_std": 0.013842873381032468,
    "eval_precision_mean": 0.9207228481328089,
    "eval_precision_std": 0.017988993684917957,
    "eval_recall_mean": 0.8820538575417425,
    "eval_recall_std": 0.021045845910499503,
    "eval_runtime_mean": 11.900459999999999,
    "eval_runtime_std": 0.010054770012287516,
    "eval_samples_per_second_mean": 122.81880000000001,
    "eval_samples_per_second_std": 0.13239697881749676,
    "eval_steps_per_second_mean": 7.7307999999999995,
    "eval_steps_per_second_std": 0.006431174076325139
  },
  "cv_fold_metrics": [
    {
      "eval_loss": 0.27513912320137024,
      "eval_accuracy": 0.9069767441860465,
      "eval_f1": 0.9069767441860465,
      "eval_precision": 0.9069767441860465,
      "eval_recall": 0.9069767441860465,
      "eval_matthews_correlation": 0.813953488372093,
      "eval_auc": 0.9587264040601765,
      "eval_auprc": 0.9600286341307214,
      "eval_runtime": 11.896,
      "eval_samples_per_second": 122.899,
      "eval_steps_per_second": 7.734,
      "epoch": 10.0
    },
    {
      "eval_loss": 0.2423577457666397,
      "eval_accuracy": 0.9076607387140903,
      "eval_f1": 0.9029475197699497,
      "eval_precision": 0.9515151515151515,
      "eval_recall": 0.8590971272229823,
      "eval_matthews_correlation": 0.8191946509025845,
      "eval_auc": 0.9661109250113686,
      "eval_auprc": 0.9695033050927296,
      "eval_runtime": 11.9066,
      "eval_samples_per_second": 122.789,
      "eval_steps_per_second": 7.727,
      "epoch": 7.0
    },
    {
      "eval_loss": 0.26608121395111084,
      "eval_accuracy": 0.8987688098495212,
      "eval_f1": 0.8948863636363636,
      "eval_precision": 0.930576070901034,
      "eval_recall": 0.8618331053351573,
      "eval_matthews_correlation": 0.7997226419446857,
      "eval_auc": 0.9570739631073375,
      "eval_auprc": 0.9590092614082043,
      "eval_runtime": 11.8843,
      "eval_samples_per_second": 123.019,
      "eval_steps_per_second": 7.741,
      "epoch": 7.0
    },
    {
      "eval_loss": 0.280161589384079,
      "eval_accuracy": 0.9089664613278576,
      "eval_f1": 0.908716540837337,
      "eval_precision": 0.9105914718019257,
      "eval_recall": 0.9068493150684932,
      "eval_matthews_correlation": 0.8179392231751015,
      "eval_auc": 0.9555731499353486,
      "eval_auprc": 0.9595657728507394,
      "eval_runtime": 11.9141,
      "eval_samples_per_second": 122.627,
      "eval_steps_per_second": 7.722,
      "epoch": 10.0
    },
    {
      "eval_loss": 0.31477439403533936,
      "eval_accuracy": 0.891170431211499,
      "eval_f1": 0.8895066018068103,
      "eval_precision": 0.903954802259887,
      "eval_recall": 0.8755129958960328,
      "eval_matthews_correlation": 0.7827335017572405,
      "eval_auc": 0.9543606993609803,
      "eval_auprc": 0.9578899131258212,
      "eval_runtime": 11.9013,
      "eval_samples_per_second": 122.76,
      "eval_steps_per_second": 7.73,
      "epoch": 10.0
    }
  ],
  "test_metrics": {
    "eval_loss": 0.24917949736118317,
    "eval_accuracy": 0.9085271317829458,
    "eval_f1": 0.9073783359497645,
    "eval_precision": 0.918918918918919,
    "eval_recall": 0.896124031007752,
    "eval_matthews_correlation": 0.8173057658473684,
    "eval_auc": 0.963052701159786,
    "eval_auprc": 0.9676438453565719,
    "eval_runtime": 10.4969,
    "eval_samples_per_second": 122.893,
    "eval_steps_per_second": 7.717,
    "epoch": 8.0
  }
}