{
  "experiment": "cross_length",
  "model_type": "lamar",
  "variant": "tapt_1024",
  "pair_name": "DDX1_K562_ENCSR293FWY",
  "pretrain_path": "/gpfs/bwfor/work/ws/fr_ml642-thesis_work/Thesis/LAMAR/src/pretrain/saving_model/tapt_1024_standard_collator/checkpoint-134000/model.safetensors",
  "max_length": 1024,
  "n_folds": 5,
  "hyperparameters": {
    "learning_rate": 5e-05,
    "per_device_train_batch_size": 16,
    "weight_decay": 0.01,
    "warmup_ratio": 0.1,
    "num_train_epochs": 10,
    "gradient_accumulation_steps": 1,
    "early_stopping_patience": 3
  },
  "cv_metrics": {
    "epoch_mean": 9.0,
    "epoch_std": 1.0954451150103321,
    "eval_accuracy_mean": 0.8122023809523808,
    "eval_accuracy_std": 0.007434521426664734,
    "eval_auc_mean": 0.8981556815769862,
    "eval_auc_std": 0.006584516451049053,
    "eval_auprc_mean": 0.8101228103068557,
    "eval_auprc_std": 0.013894916312912363,
    "eval_f1_mean": 0.7344222790799151,
    "eval_f1_std": 0.010193753235348288,
    "eval_loss_mean": 0.42007340788841246,
    "eval_loss_std": 0.02941303035804947,
    "eval_matthews_correlation_mean": 0.5939369576409954,
    "eval_matthews_correlation_std": 0.011431810559814615,
    "eval_precision_mean": 0.7612976429782968,
    "eval_precision_std": 0.04692530504781689,
    "eval_recall_mean": 0.7161875146244789,
    "eval_recall_std": 0.05813975144608965,
    "eval_runtime_mean": 14.427960000000002,
    "eval_runtime_std": 0.0183859294026709,
    "eval_samples_per_second_mean": 47.407799999999995,
    "eval_samples_per_second_std": 0.06052239255019546,
    "eval_steps_per_second_mean": 2.9804,
    "eval_steps_per_second_std": 0.0037202150475476653
  },
  "cv_fold_metrics": [
    {
      "eval_loss": 0.3908556401729584,
      "eval_accuracy": 0.8095238095238095,
      "eval_f1": 0.7408906882591094,
      "eval_precision": 0.7261904761904762,
      "eval_recall": 0.756198347107438,
      "eval_auc": 0.9011435710167212,
      "eval_auprc": 0.8318002827175958,
      "eval_matthews_correlation": 0.5907025171530094,
      "eval_runtime": 14.4559,
      "eval_samples_per_second": 47.316,
      "eval_steps_per_second": 2.975,
      "epoch": 7.0
    },
    {
      "eval_loss": 0.41132840514183044,
      "eval_accuracy": 0.8244047619047619,
      "eval_f1": 0.7318181818181819,
      "eval_precision": 0.8341968911917098,
      "eval_recall": 0.6518218623481782,
      "eval_auc": 0.9042248154322459,
      "eval_auprc": 0.8129124926321772,
      "eval_matthews_correlation": 0.614351244651973,
      "eval_runtime": 14.4106,
      "eval_samples_per_second": 47.465,
      "eval_steps_per_second": 2.984,
      "epoch": 9.0
    },
    {
      "eval_loss": 0.47664710879325867,
      "eval_accuracy": 0.8020833333333334,
      "eval_f1": 0.7485822306238183,
      "eval_precision": 0.6971830985915493,
      "eval_recall": 0.8081632653061225,
      "eval_auc": 0.8866701715815132,
      "eval_auprc": 0.7954199015511109,
      "eval_matthews_correlation": 0.5912042384769536,
      "eval_runtime": 14.4436,
      "eval_samples_per_second": 47.356,
      "eval_steps_per_second": 2.977,
      "epoch": 10.0
    },
    {
      "eval_loss": 0.4140627682209015,
      "eval_accuracy": 0.8154761904761905,
      "eval_f1": 0.7327586206896551,
      "eval_precision": 0.7727272727272727,
      "eval_recall": 0.6967213114754098,
      "eval_auc": 0.895118354527348,
      "eval_auprc": 0.7946623466278708,
      "eval_matthews_correlation": 0.594276437179967,
      "eval_runtime": 14.418,
      "eval_samples_per_second": 47.441,
      "eval_steps_per_second": 2.982,
      "epoch": 10.0
    },
    {
      "eval_loss": 0.4074731171131134,
      "eval_accuracy": 0.8095238095238095,
      "eval_f1": 0.7180616740088107,
      "eval_precision": 0.7761904761904762,
      "eval_recall": 0.6680327868852459,
      "eval_auc": 0.9036214953271029,
      "eval_auprc": 0.8158190280055233,
      "eval_matthews_correlation": 0.5791503507430742,
      "eval_runtime": 14.4117,
      "eval_samples_per_second": 47.461,
      "eval_steps_per_second": 2.984,
      "epoch": 9.0
    }
  ],
  "test_metrics": {
    "eval_loss": 0.670965850353241,
    "eval_accuracy": 0.6014705882352941,
    "eval_f1": 0.30094582975064493,
    "eval_precision": 0.8684863523573201,
    "eval_recall": 0.18200728029121166,
    "eval_auc": 0.8764963857710544,
    "eval_auprc": 0.8217969485540817,
    "eval_matthews_correlation": 0.2634024107511836,
    "eval_runtime": 87.7564,
    "eval_samples_per_second": 46.492,
    "eval_steps_per_second": 2.906,
    "epoch": 5.0
  }
}