{
  "experiment": "cross_length",
  "model_type": "lamar",
  "variant": "random",
  "pair_name": "RPS6_K562_ENCSR100ARZ",
  "pretrain_path": "",
  "max_length": 1024,
  "n_folds": 5,
  "hyperparameters": {
    "learning_rate": 5e-05,
    "per_device_train_batch_size": 16,
    "weight_decay": 0.01,
    "warmup_ratio": 0.1,
    "num_train_epochs": 10,
    "gradient_accumulation_steps": 1,
    "early_stopping_patience": 3
  },
  "cv_metrics": {
    "epoch_mean": 4.0,
    "epoch_std": 0.0,
    "eval_accuracy_mean": 0.675,
    "eval_accuracy_std": 0.08970437559004578,
    "eval_auc_mean": 0.8092753623188406,
    "eval_auc_std": 0.06476342267958252,
    "eval_auprc_mean": 0.691472551528279,
    "eval_auprc_std": 0.11355290021702405,
    "eval_f1_mean": 0.5706065673456978,
    "eval_f1_std": 0.041513838422294835,
    "eval_loss_mean": 0.6065321147441864,
    "eval_loss_std": 0.17076975076779416,
    "eval_matthews_correlation_mean": 0.38335436425384795,
    "eval_matthews_correlation_std": 0.0861515490055459,
    "eval_precision_mean": 0.496590174531351,
    "eval_precision_std": 0.11428811362786291,
    "eval_recall_mean": 0.7422222222222222,
    "eval_recall_std": 0.17247651477273115,
    "eval_runtime_mean": 0.55614,
    "eval_runtime_std": 0.0005314132102234795,
    "eval_samples_per_second_mean": 58.6192,
    "eval_samples_per_second_std": 0.8743380124414137,
    "eval_steps_per_second_mean": 4.675,
    "eval_steps_per_second_std": 0.8801956600665558
  },
  "cv_fold_metrics": [
    {
      "eval_loss": 0.4252099096775055,
      "eval_accuracy": 0.8125,
      "eval_f1": 0.6250000000000001,
      "eval_precision": 0.7142857142857143,
      "eval_recall": 0.5555555555555556,
      "eval_auc": 0.821256038647343,
      "eval_auprc": 0.7129056300882927,
      "eval_matthews_correlation": 0.5096447293679518,
      "eval_runtime": 0.5555,
      "eval_samples_per_second": 59.404,
      "eval_steps_per_second": 5.4,
      "epoch": 4.0
    },
    {
      "eval_loss": 0.5960450768470764,
      "eval_accuracy": 0.6875,
      "eval_f1": 0.5454545454545455,
      "eval_precision": 0.46153846153846156,
      "eval_recall": 0.6666666666666666,
      "eval_auc": 0.6956521739130435,
      "eval_auprc": 0.47057040998217464,
      "eval_matthews_correlation": 0.3316863613133475,
      "eval_runtime": 0.557,
      "eval_samples_per_second": 59.246,
      "eval_steps_per_second": 5.386,
      "epoch": 4.0
    },
    {
      "eval_loss": 0.5278931856155396,
      "eval_accuracy": 0.65625,
      "eval_f1": 0.5217391304347826,
      "eval_precision": 0.46153846153846156,
      "eval_recall": 0.6,
      "eval_auc": 0.8,
      "eval_auprc": 0.734877578561789,
      "eval_matthews_correlation": 0.2659695218051501,
      "eval_runtime": 0.5561,
      "eval_samples_per_second": 59.345,
      "eval_steps_per_second": 5.395,
      "epoch": 4.0
    },
    {
      "eval_loss": 0.9289307594299316,
      "eval_accuracy": 0.53125,
      "eval_f1": 0.5454545454545454,
      "eval_precision": 0.375,
      "eval_recall": 1.0,
      "eval_auc": 0.893719806763285,
      "eval_auprc": 0.7935064935064935,
      "eval_matthews_correlation": 0.36115755925730764,
      "eval_runtime": 0.5557,
      "eval_samples_per_second": 57.586,
      "eval_steps_per_second": 3.599,
      "epoch": 4.0
    },
    {
      "eval_loss": 0.5545816421508789,
      "eval_accuracy": 0.6875,
      "eval_f1": 0.6153846153846153,
      "eval_precision": 0.47058823529411764,
      "eval_recall": 0.8888888888888888,
      "eval_auc": 0.8357487922705313,
      "eval_auprc": 0.7455026455026456,
      "eval_matthews_correlation": 0.44831364952548264,
      "eval_runtime": 0.5564,
      "eval_samples_per_second": 57.515,
      "eval_steps_per_second": 3.595,
      "epoch": 4.0
    }
  ],
  "test_metrics": {
    "eval_loss": 0.5489816665649414,
    "eval_accuracy": 0.7053571428571429,
    "eval_f1": 0.6177606177606177,
    "eval_precision": 0.8,
    "eval_recall": 0.5031446540880503,
    "eval_auc": 0.8261379383860997,
    "eval_auprc": 0.8138586115201503,
    "eval_matthews_correlation": 0.42605056275610326,
    "eval_runtime": 5.7808,
    "eval_samples_per_second": 58.643,
    "eval_steps_per_second": 3.806,
    "epoch": 6.0
  }
}