{
  "experiment": "cross_length",
  "model_type": "dnabert2",
  "variant": "pretrained_custom",
  "pair_name": "CSTF2_HepG2_ENCSR384MWO",
  "max_length": 256,
  "n_folds": 5,
  "hyperparameters": {
    "learning_rate": 5e-05,
    "per_device_train_batch_size": 16,
    "weight_decay": 0.01,
    "warmup_ratio": 0.1,
    "num_train_epochs": 10,
    "gradient_accumulation_steps": 1,
    "early_stopping_patience": 3
  },
  "cv_metrics": {
    "epoch_mean": 6.2,
    "epoch_std": 0.9797958971132712,
    "eval_accuracy_mean": 0.756969380514386,
    "eval_accuracy_std": 0.025166521805467322,
    "eval_auc_mean": 0.8138075399959053,
    "eval_auc_std": 0.02103199715982551,
    "eval_auprc_mean": 0.6729385821689501,
    "eval_auprc_std": 0.01427630870294978,
    "eval_f1_mean": 0.6931119603639472,
    "eval_f1_std": 0.0623577770939194,
    "eval_loss_mean": 0.5894808888435363,
    "eval_loss_std": 0.06662509040762428,
    "eval_matthews_correlation_mean": 0.4376728282280836,
    "eval_matthews_correlation_std": 0.06978489921113344,
    "eval_precision_mean": 0.7531331983267775,
    "eval_precision_std": 0.029677357977554445,
    "eval_recall_mean": 0.6975308356000116,
    "eval_recall_std": 0.06268706802672211,
    "eval_runtime_mean": 0.2131,
    "eval_runtime_std": 0.006908545433012651,
    "eval_samples_per_second_mean": 1817.3002000000001,
    "eval_samples_per_second_std": 60.45975838324196,
    "eval_steps_per_second_mean": 117.4574,
    "eval_steps_per_second_std": 3.9062367874976562
  },
  "cv_fold_metrics": [
    {
      "eval_loss": 0.4954798221588135,
      "eval_accuracy": 0.7545219638242894,
      "eval_f1": 0.7361963190184049,
      "eval_matthews_correlation": 0.48609928880790126,
      "eval_precision": 0.7307957048458149,
      "eval_recall": 0.7559541984732825,
      "eval_auc": 0.8192671755725189,
      "eval_auprc": 0.649462915475887,
      "eval_runtime": 0.22,
      "eval_samples_per_second": 1759.289,
      "eval_steps_per_second": 113.649,
      "epoch": 6.0
    },
    {
      "eval_loss": 0.6997683644294739,
      "eval_accuracy": 0.7571059431524548,
      "eval_f1": 0.6623663498663499,
      "eval_matthews_correlation": 0.3989943346130231,
      "eval_precision": 0.763237639553429,
      "eval_recall": 0.6511908396946564,
      "eval_auc": 0.7921221374045802,
      "eval_auprc": 0.6816526539655648,
      "eval_runtime": 0.201,
      "eval_samples_per_second": 1925.764,
      "eval_steps_per_second": 124.403,
      "epoch": 6.0
    },
    {
      "eval_loss": 0.5603777170181274,
      "eval_accuracy": 0.7338501291989664,
      "eval_f1": 0.5885061268310812,
      "eval_matthews_correlation": 0.334347098798543,
      "eval_precision": 0.7838468309859155,
      "eval_recall": 0.5984580152671756,
      "eval_auc": 0.8058320610687022,
      "eval_auprc": 0.6682139122743074,
      "eval_runtime": 0.2122,
      "eval_samples_per_second": 1823.85,
      "eval_steps_per_second": 117.82,
      "epoch": 5.0
    },
    {
      "eval_loss": 0.5843598246574402,
      "eval_accuracy": 0.8036175710594315,
      "eval_f1": 0.7660961954447131,
      "eval_matthews_correlation": 0.5366819529529037,
      "eval_precision": 0.7805574098798398,
      "eval_recall": 0.7566564885496183,
      "eval_auc": 0.8519389312977099,
      "eval_auprc": 0.692164414959996,
      "eval_runtime": 0.2197,
      "eval_samples_per_second": 1761.599,
      "eval_steps_per_second": 113.798,
      "epoch": 8.0
    },
    {
      "eval_loss": 0.6074187159538269,
      "eval_accuracy": 0.7357512953367875,
      "eval_f1": 0.7123948106591865,
      "eval_matthews_correlation": 0.4322414659680469,
      "eval_precision": 0.7072284063688883,
      "eval_recall": 0.7253946360153256,
      "eval_auc": 0.7998773946360154,
      "eval_auprc": 0.6731990141689954,
      "eval_runtime": 0.2126,
      "eval_samples_per_second": 1815.999,
      "eval_steps_per_second": 117.617,
      "epoch": 6.0
    }
  ],
  "test_metrics": {
    "eval_loss": 0.9313181042671204,
    "eval_accuracy": 0.5947729672650475,
    "eval_f1": 0.5241853632773698,
    "eval_matthews_correlation": 0.227619288455132,
    "eval_precision": 0.6650507283032148,
    "eval_recall": 0.5784766916957182,
    "eval_auc": 0.7437969294717082,
    "eval_auprc": 0.6910875705257584,
    "eval_runtime": 2.2694,
    "eval_samples_per_second": 1669.181,
    "eval_steps_per_second": 104.434,
    "epoch": 5.0
  }
}