{
  "experiment": "cross_cell",
  "model_type": "dnabert2",
  "variant": "tapt_v3",
  "pair_name": "SAFB_train_K562_test_HepG2_fixlen_101",
  "max_length": 128,
  "n_folds": 5,
  "hyperparameters": {
    "learning_rate": 5e-05,
    "per_device_train_batch_size": 16,
    "weight_decay": 0.01,
    "warmup_ratio": 0.1,
    "num_train_epochs": 10,
    "gradient_accumulation_steps": 1,
    "early_stopping_patience": 3
  },
  "cv_metrics": {
    "epoch_mean": 7.6,
    "epoch_std": 1.4966629547095764,
    "eval_accuracy_mean": 0.7351789236404621,
    "eval_accuracy_std": 0.020480658383271424,
    "eval_auc_mean": 0.8195774067542401,
    "eval_auc_std": 0.02053530199479945,
    "eval_auprc_mean": 0.7866700005572883,
    "eval_auprc_std": 0.0314772445498176,
    "eval_f1_mean": 0.7294396030324954,
    "eval_f1_std": 0.025982744103973412,
    "eval_loss_mean": 0.7187798500061036,
    "eval_loss_std": 0.19365884173052622,
    "eval_matthews_correlation_mean": 0.4935051956456286,
    "eval_matthews_correlation_std": 0.028736727979524982,
    "eval_precision_mean": 0.7583165879862663,
    "eval_precision_std": 0.01764035156497982,
    "eval_recall_mean": 0.7363173075338288,
    "eval_recall_std": 0.020176089035382726,
    "eval_runtime_mean": 0.16077999999999998,
    "eval_runtime_std": 0.006515028779675492,
    "eval_samples_per_second_mean": 1049.326,
    "eval_samples_per_second_std": 45.689530034790245,
    "eval_steps_per_second_mean": 68.5392,
    "eval_steps_per_second_std": 2.8876118437213814
  },
  "cv_fold_metrics": [
    {
      "eval_loss": 0.5951197743415833,
      "eval_accuracy": 0.7218934911242604,
      "eval_f1": 0.7187024117292913,
      "eval_matthews_correlation": 0.4490338925872244,
      "eval_precision": 0.7288875946418171,
      "eval_recall": 0.7202297562342392,
      "eval_auc": 0.8070888203978706,
      "eval_auprc": 0.7714291794394803,
      "eval_runtime": 0.1662,
      "eval_samples_per_second": 1016.951,
      "eval_steps_per_second": 66.192,
      "epoch": 6.0
    },
    {
      "eval_loss": 0.6205955147743225,
      "eval_accuracy": 0.727810650887574,
      "eval_f1": 0.7226740867579908,
      "eval_matthews_correlation": 0.4815249025011137,
      "eval_precision": 0.7515290519877675,
      "eval_recall": 0.730456710563183,
      "eval_auc": 0.7881759596525637,
      "eval_auprc": 0.7511478493376951,
      "eval_runtime": 0.1489,
      "eval_samples_per_second": 1135.019,
      "eval_steps_per_second": 73.877,
      "epoch": 8.0
    },
    {
      "eval_loss": 0.7013255953788757,
      "eval_accuracy": 0.7619047619047619,
      "eval_f1": 0.7610581709571895,
      "eval_matthews_correlation": 0.5299694607263423,
      "eval_precision": 0.7672674837779381,
      "eval_recall": 0.7627214741318213,
      "eval_auc": 0.8195605953224664,
      "eval_auprc": 0.7668770877003978,
      "eval_runtime": 0.1624,
      "eval_samples_per_second": 1034.294,
      "eval_steps_per_second": 67.722,
      "epoch": 8.0
    },
    {
      "eval_loss": 1.0969346761703491,
      "eval_accuracy": 0.7559523809523809,
      "eval_f1": 0.7549016119275522,
      "eval_matthews_correlation": 0.5189646965339005,
      "eval_precision": 0.7621527777777778,
      "eval_recall": 0.7568391211906449,
      "eval_auc": 0.840396881644224,
      "eval_auprc": 0.8389648891127564,
      "eval_runtime": 0.1669,
      "eval_samples_per_second": 1006.866,
      "eval_steps_per_second": 65.926,
      "epoch": 10.0
    },
    {
      "eval_loss": 0.579923689365387,
      "eval_accuracy": 0.7083333333333334,
      "eval_f1": 0.6898617337904532,
      "eval_matthews_correlation": 0.48803302587956215,
      "eval_precision": 0.7817460317460317,
      "eval_recall": 0.7113394755492558,
      "eval_auc": 0.8426647767540751,
      "eval_auprc": 0.8049309971961126,
      "eval_runtime": 0.1595,
      "eval_samples_per_second": 1053.5,
      "eval_steps_per_second": 68.979,
      "epoch": 6.0
    }
  ],
  "test_metrics": {
    "eval_loss": 0.5446750521659851,
    "eval_accuracy": 0.7458333333333333,
    "eval_f1": 0.7412330316742082,
    "eval_matthews_correlation": 0.5218022818378325,
    "eval_precision": 0.7726755218216319,
    "eval_recall": 0.7496351886595789,
    "eval_auc": 0.8371204224862762,
    "eval_auprc": 0.8150817532653414,
    "eval_runtime": 0.4218,
    "eval_samples_per_second": 1137.993,
    "eval_steps_per_second": 71.125,
    "epoch": 6.0
  }
}