{
  "experiment": "cross_length",
  "model_type": "lamar",
  "variant": "random",
  "pair_name": "U2AF1_HepG2_ENCSR328LLU",
  "pretrain_path": "",
  "max_length": 1024,
  "n_folds": 5,
  "hyperparameters": {
    "learning_rate": 5e-05,
    "per_device_train_batch_size": 16,
    "weight_decay": 0.01,
    "warmup_ratio": 0.1,
    "num_train_epochs": 10,
    "gradient_accumulation_steps": 1,
    "early_stopping_patience": 3
  },
  "cv_metrics": {
    "epoch_mean": 7.0,
    "epoch_std": 2.5298221281347035,
    "eval_accuracy_mean": 0.6796875,
    "eval_accuracy_std": 0.015625,
    "eval_auc_mean": 0.7383237822816686,
    "eval_auc_std": 0.03244449079429526,
    "eval_auprc_mean": 0.5606666080558897,
    "eval_auprc_std": 0.0550032604941085,
    "eval_f1_mean": 0.36701981436544384,
    "eval_f1_std": 0.19337664534306442,
    "eval_loss_mean": 0.5597504854202271,
    "eval_loss_std": 0.031800739470995175,
    "eval_matthews_correlation_mean": 0.1876825029108155,
    "eval_matthews_correlation_std": 0.09789509529546249,
    "eval_precision_mean": 0.3887385249511495,
    "eval_precision_std": 0.19489804877403918,
    "eval_recall_mean": 0.35857475740062245,
    "eval_recall_std": 0.2045108729168297,
    "eval_runtime_mean": 2.7526,
    "eval_runtime_std": 0.0017123083834403227,
    "eval_samples_per_second_mean": 50.0616,
    "eval_samples_per_second_std": 0.1670372413565301,
    "eval_steps_per_second_mean": 3.2698,
    "eval_steps_per_second_std": 0.0020396078054370896
  },
  "cv_fold_metrics": [
    {
      "eval_loss": 0.5741990804672241,
      "eval_accuracy": 0.6875,
      "eval_f1": 0.0,
      "eval_precision": 0.0,
      "eval_recall": 0.0,
      "eval_auc": 0.7883522727272727,
      "eval_auprc": 0.6633618501725098,
      "eval_matthews_correlation": 0.0,
      "eval_runtime": 2.7509,
      "eval_samples_per_second": 50.165,
      "eval_steps_per_second": 3.272,
      "epoch": 4.0
    },
    {
      "eval_loss": 0.5054060816764832,
      "eval_accuracy": 0.6796875,
      "eval_f1": 0.4675324675324675,
      "eval_precision": 0.4864864864864865,
      "eval_recall": 0.45,
      "eval_auc": 0.7650568181818181,
      "eval_auprc": 0.5520980121285063,
      "eval_matthews_correlation": 0.23935049047089352,
      "eval_runtime": 2.7506,
      "eval_samples_per_second": 50.171,
      "eval_steps_per_second": 3.272,
      "epoch": 10.0
    },
    {
      "eval_loss": 0.57806396484375,
      "eval_accuracy": 0.65625,
      "eval_f1": 0.5111111111111111,
      "eval_precision": 0.46938775510204084,
      "eval_recall": 0.5609756097560976,
      "eval_auc": 0.7160078497336697,
      "eval_auprc": 0.5425963369842155,
      "eval_matthews_correlation": 0.2516219192085665,
      "eval_runtime": 2.7524,
      "eval_samples_per_second": 50.138,
      "eval_steps_per_second": 3.27,
      "epoch": 6.0
    },
    {
      "eval_loss": 0.596291184425354,
      "eval_accuracy": 0.671875,
      "eval_f1": 0.5116279069767442,
      "eval_precision": 0.5116279069767442,
      "eval_recall": 0.5116279069767442,
      "eval_auc": 0.7168262653898769,
      "eval_auprc": 0.5480179293648971,
      "eval_matthews_correlation": 0.26456908344733243,
      "eval_runtime": 2.7543,
      "eval_samples_per_second": 50.103,
      "eval_steps_per_second": 3.268,
      "epoch": 10.0
    },
    {
      "eval_loss": 0.544792115688324,
      "eval_accuracy": 0.703125,
      "eval_f1": 0.3448275862068966,
      "eval_precision": 0.47619047619047616,
      "eval_recall": 0.2702702702702703,
      "eval_auc": 0.7053757053757055,
      "eval_auprc": 0.4972589116293199,
      "eval_matthews_correlation": 0.18287102142728504,
      "eval_runtime": 2.7548,
      "eval_samples_per_second": 49.731,
      "eval_steps_per_second": 3.267,
      "epoch": 5.0
    }
  ],
  "test_metrics": {
    "eval_loss": 0.8803718090057373,
    "eval_accuracy": 0.5866935483870968,
    "eval_f1": 0.41706161137440756,
    "eval_precision": 0.6395348837209303,
    "eval_recall": 0.30942334739803096,
    "eval_auc": 0.6912590710059064,
    "eval_auprc": 0.629929796307537,
    "eval_matthews_correlation": 0.17752801323848225,
    "eval_runtime": 32.0501,
    "eval_samples_per_second": 46.552,
    "eval_steps_per_second": 2.933,
    "epoch": 4.0
  }
}