{
  "experiment": "rbp",
  "model_type": "lamar",
  "variant": "lamar_tapt_512",
  "rbp_name": "ILF3_HepG2_IDR",
  "weights_path": "/gpfs/bwfor/work/ws/fr_ml642-thesis_work/Thesis/LAMAR/src/pretrain/saving_model/tapt_lamar/checkpoint-98000",
  "max_length": 512,
  "n_folds": 5,
  "hyperparameters": {
    "learning_rate": 5e-05,
    "per_device_train_batch_size": 16,
    "weight_decay": 0.01,
    "warmup_ratio": 0.1,
    "num_train_epochs": 10,
    "gradient_accumulation_steps": 1,
    "early_stopping_patience": 3
  },
  "cv_metrics": {
    "epoch_mean": 9.8,
    "epoch_std": 0.39999999999999997,
    "eval_accuracy_mean": 0.7825396549425967,
    "eval_accuracy_std": 0.003523594863266116,
    "eval_auc_mean": 0.859841773558976,
    "eval_auc_std": 0.003565541200539884,
    "eval_auprc_mean": 0.8442672804306591,
    "eval_auprc_std": 0.007891856620286561,
    "eval_f1_mean": 0.7808265373922685,
    "eval_f1_std": 0.011630646342943002,
    "eval_loss_mean": 0.48961871266365053,
    "eval_loss_std": 0.00811294248294414,
    "eval_matthews_correlation_mean": 0.5666101818022863,
    "eval_matthews_correlation_std": 0.005081801412944557,
    "eval_precision_mean": 0.787449342131178,
    "eval_precision_std": 0.02075061457489709,
    "eval_recall_mean": 0.7766200516683941,
    "eval_recall_std": 0.03927657265321477,
    "eval_runtime_mean": 8.283760000000001,
    "eval_runtime_std": 0.010220684908556417,
    "eval_samples_per_second_mean": 122.7942,
    "eval_samples_per_second_std": 0.17792402873136548,
    "eval_steps_per_second_mean": 7.726000000000001,
    "eval_steps_per_second_std": 0.009338094023943077
  },
  "cv_fold_metrics": [
    {
      "eval_loss": 0.4761066436767578,
      "eval_accuracy": 0.7858546168958742,
      "eval_f1": 0.7891682785299806,
      "eval_precision": 0.7771428571428571,
      "eval_recall": 0.8015717092337917,
      "eval_matthews_correlation": 0.571991898510591,
      "eval_auc": 0.8624059657018461,
      "eval_auprc": 0.8485593553543684,
      "eval_runtime": 8.2749,
      "eval_samples_per_second": 123.022,
      "eval_steps_per_second": 7.734,
      "epoch": 10.0
    },
    {
      "eval_loss": 0.4987184405326843,
      "eval_accuracy": 0.7767944936086529,
      "eval_f1": 0.7577374599786553,
      "eval_precision": 0.8275058275058275,
      "eval_recall": 0.6988188976377953,
      "eval_matthews_correlation": 0.5603258800805978,
      "eval_auc": 0.8604721315533005,
      "eval_auprc": 0.8456835011769558,
      "eval_runtime": 8.2852,
      "eval_samples_per_second": 122.748,
      "eval_steps_per_second": 7.725,
      "epoch": 9.0
    },
    {
      "eval_loss": 0.4865304231643677,
      "eval_accuracy": 0.7817109144542773,
      "eval_f1": 0.7852998065764023,
      "eval_precision": 0.7718631178707225,
      "eval_recall": 0.7992125984251969,
      "eval_matthews_correlation": 0.5637899130310937,
      "eval_auc": 0.8645638352180438,
      "eval_auprc": 0.8550331118635559,
      "eval_runtime": 8.2695,
      "eval_samples_per_second": 122.982,
      "eval_steps_per_second": 7.739,
      "epoch": 10.0
    },
    {
      "eval_loss": 0.49697810411453247,
      "eval_accuracy": 0.7866273352999017,
      "eval_f1": 0.7866273352999017,
      "eval_precision": 0.7874015748031497,
      "eval_recall": 0.7858546168958742,
      "eval_matthews_correlation": 0.5732561916990239,
      "eval_auc": 0.8570997633154402,
      "eval_auprc": 0.8404674377369059,
      "eval_runtime": 8.2959,
      "eval_samples_per_second": 122.59,
      "eval_steps_per_second": 7.715,
      "epoch": 10.0
    },
    {
      "eval_loss": 0.4897599518299103,
      "eval_accuracy": 0.7817109144542773,
      "eval_f1": 0.7852998065764023,
      "eval_precision": 0.7733333333333333,
      "eval_recall": 0.7976424361493124,
      "eval_matthews_correlation": 0.563687025690125,
      "eval_auc": 0.8546671720062496,
      "eval_auprc": 0.8315929960215096,
      "eval_runtime": 8.2933,
      "eval_samples_per_second": 122.629,
      "eval_steps_per_second": 7.717,
      "epoch": 10.0
    }
  ],
  "test_metrics": {
    "eval_loss": 0.5468686819076538,
    "eval_accuracy": 0.7817371937639198,
    "eval_f1": 0.8008130081300813,
    "eval_precision": 0.7364485981308411,
    "eval_recall": 0.8775055679287305,
    "eval_matthews_correlation": 0.5741036627442155,
    "eval_auc": 0.8461465964950572,
    "eval_auprc": 0.826961452844036,
    "eval_runtime": 7.3027,
    "eval_samples_per_second": 122.968,
    "eval_steps_per_second": 7.805,
    "epoch": 7.0
  }
}