{
  "experiment": "cross_cell",
  "model_type": "dnabert2",
  "variant": "tapt_v3",
  "pair_name": "DHX30_train_K562_test_HepG2_fixlen_101",
  "max_length": 128,
  "n_folds": 5,
  "hyperparameters": {
    "learning_rate": 5e-05,
    "per_device_train_batch_size": 16,
    "weight_decay": 0.01,
    "warmup_ratio": 0.1,
    "num_train_epochs": 10,
    "gradient_accumulation_steps": 1,
    "early_stopping_patience": 3
  },
  "cv_metrics": {
    "epoch_mean": 5.4,
    "epoch_std": 1.3564659966250536,
    "eval_accuracy_mean": 0.7859877080913666,
    "eval_accuracy_std": 0.03491122223365953,
    "eval_auc_mean": 0.891890755971246,
    "eval_auc_std": 0.021273027964843164,
    "eval_auprc_mean": 0.8908039370478165,
    "eval_auprc_std": 0.019880858441359252,
    "eval_f1_mean": 0.7813484855356974,
    "eval_f1_std": 0.041362722308584406,
    "eval_loss_mean": 0.4666219413280487,
    "eval_loss_std": 0.06615905015789372,
    "eval_matthews_correlation_mean": 0.5884273613158282,
    "eval_matthews_correlation_std": 0.05436166095435571,
    "eval_precision_mean": 0.8045080225598887,
    "eval_precision_std": 0.022515836043338965,
    "eval_recall_mean": 0.7851013605470102,
    "eval_recall_std": 0.036470436718240316,
    "eval_runtime_mean": 0.26536,
    "eval_runtime_std": 0.008321442182698856,
    "eval_samples_per_second_mean": 1085.5894,
    "eval_samples_per_second_std": 34.19804918763647,
    "eval_steps_per_second_mean": 67.896,
    "eval_steps_per_second_std": 2.123057229563065
  },
  "cv_fold_metrics": [
    {
      "eval_loss": 0.4183051884174347,
      "eval_accuracy": 0.8159722222222222,
      "eval_f1": 0.8135239142385926,
      "eval_matthews_correlation": 0.6441178723545512,
      "eval_precision": 0.8297597977243995,
      "eval_recall": 0.8145379124059425,
      "eval_auc": 0.918387034535983,
      "eval_auprc": 0.9125094515101452,
      "eval_runtime": 0.2624,
      "eval_samples_per_second": 1097.615,
      "eval_steps_per_second": 68.601,
      "epoch": 4.0
    },
    {
      "eval_loss": 0.4536053240299225,
      "eval_accuracy": 0.7986111111111112,
      "eval_f1": 0.7984555984555984,
      "eval_matthews_correlation": 0.5996921968688754,
      "eval_precision": 0.8005427408412482,
      "eval_recall": 0.7991510708084122,
      "eval_auc": 0.878352305614509,
      "eval_auprc": 0.87542208281273,
      "eval_runtime": 0.2789,
      "eval_samples_per_second": 1032.456,
      "eval_steps_per_second": 64.528,
      "epoch": 7.0
    },
    {
      "eval_loss": 0.47723376750946045,
      "eval_accuracy": 0.7638888888888888,
      "eval_f1": 0.7637065637065636,
      "eval_matthews_correlation": 0.5310357642022676,
      "eval_precision": 0.7662381760853747,
      "eval_recall": 0.764799536836011,
      "eval_auc": 0.8823756452935784,
      "eval_auprc": 0.8854184281241149,
      "eval_runtime": 0.2651,
      "eval_samples_per_second": 1086.477,
      "eval_steps_per_second": 67.905,
      "epoch": 4.0
    },
    {
      "eval_loss": 0.5868041515350342,
      "eval_accuracy": 0.7291666666666666,
      "eval_f1": 0.7088948787061995,
      "eval_matthews_correlation": 0.519582652977576,
      "eval_precision": 0.8013240734730966,
      "eval_recall": 0.7239832103053987,
      "eval_auc": 0.8648622569595215,
      "eval_auprc": 0.8654444205226749,
      "eval_runtime": 0.2531,
      "eval_samples_per_second": 1137.872,
      "eval_steps_per_second": 71.117,
      "epoch": 5.0
    },
    {
      "eval_loss": 0.3971612751483917,
      "eval_accuracy": 0.8222996515679443,
      "eval_f1": 0.8221614725715327,
      "eval_matthews_correlation": 0.6477083201758704,
      "eval_precision": 0.8246753246753247,
      "eval_recall": 0.823035072379287,
      "eval_auc": 0.9154765374526378,
      "eval_auprc": 0.9152253022694175,
      "eval_runtime": 0.2673,
      "eval_samples_per_second": 1073.527,
      "eval_steps_per_second": 67.329,
      "epoch": 7.0
    }
  ],
  "test_metrics": {
    "eval_loss": 0.6973063945770264,
    "eval_accuracy": 0.7549668874172185,
    "eval_f1": 0.7190344480764395,
    "eval_matthews_correlation": 0.5084992565044826,
    "eval_precision": 0.8001508295625943,
    "eval_recall": 0.7153679653679654,
    "eval_auc": 0.8212481962481961,
    "eval_auprc": 0.7766527832794323,
    "eval_runtime": 0.1477,
    "eval_samples_per_second": 1022.063,
    "eval_steps_per_second": 67.686,
    "epoch": 7.0
  }
}