{
  "experiment": "cross_length",
  "model_type": "lamar",
  "variant": "random",
  "pair_name": "TRA2A_HepG2_ENCSR314UMJ",
  "pretrain_path": "",
  "max_length": 1024,
  "n_folds": 5,
  "hyperparameters": {
    "learning_rate": 5e-05,
    "per_device_train_batch_size": 16,
    "weight_decay": 0.01,
    "warmup_ratio": 0.1,
    "num_train_epochs": 10,
    "gradient_accumulation_steps": 1,
    "early_stopping_patience": 3
  },
  "cv_metrics": {
    "epoch_mean": 9.2,
    "epoch_std": 1.5999999999999999,
    "eval_accuracy_mean": 0.8625,
    "eval_accuracy_std": 0.01656003302767089,
    "eval_auc_mean": 0.929030133580447,
    "eval_auc_std": 0.02233957607257567,
    "eval_auprc_mean": 0.8794942994132022,
    "eval_auprc_std": 0.039616640367834195,
    "eval_f1_mean": 0.7543665134041714,
    "eval_f1_std": 0.022141310471041734,
    "eval_loss_mean": 0.36044178903102875,
    "eval_loss_std": 0.0872999549793077,
    "eval_matthews_correlation_mean": 0.6650407158627816,
    "eval_matthews_correlation_std": 0.03639055821149152,
    "eval_precision_mean": 0.8142488344988343,
    "eval_precision_std": 0.06211779644195535,
    "eval_recall_mean": 0.7073888793053877,
    "eval_recall_std": 0.03975893180228715,
    "eval_runtime_mean": 2.41372,
    "eval_runtime_std": 0.0010851727973000642,
    "eval_samples_per_second_mean": 51.9532,
    "eval_samples_per_second_std": 0.20726157386259497,
    "eval_steps_per_second_mean": 3.3146,
    "eval_steps_per_second_std": 0.0016248076809272864
  },
  "cv_fold_metrics": [
    {
      "eval_loss": 0.2801676094532013,
      "eval_accuracy": 0.875,
      "eval_f1": 0.7586206896551725,
      "eval_precision": 0.88,
      "eval_recall": 0.6666666666666666,
      "eval_auc": 0.9420790180283851,
      "eval_auprc": 0.9087740787024061,
      "eval_matthews_correlation": 0.6883016447591747,
      "eval_runtime": 2.4135,
      "eval_samples_per_second": 52.207,
      "eval_steps_per_second": 3.315,
      "epoch": 6.0
    },
    {
      "eval_loss": 0.3761696219444275,
      "eval_accuracy": 0.8660714285714286,
      "eval_f1": 0.7761194029850745,
      "eval_precision": 0.7878787878787878,
      "eval_recall": 0.7647058823529411,
      "eval_auc": 0.9189291101055806,
      "eval_auprc": 0.8669920229703854,
      "eval_matthews_correlation": 0.6807627053938368,
      "eval_runtime": 2.4136,
      "eval_samples_per_second": 52.204,
      "eval_steps_per_second": 3.315,
      "epoch": 10.0
    },
    {
      "eval_loss": 0.43866491317749023,
      "eval_accuracy": 0.8482142857142857,
      "eval_f1": 0.7301587301587302,
      "eval_precision": 0.71875,
      "eval_recall": 0.7419354838709677,
      "eval_auc": 0.9016328156113103,
      "eval_auprc": 0.8149442373569918,
      "eval_matthews_correlation": 0.6247580176717713,
      "eval_runtime": 2.4155,
      "eval_samples_per_second": 51.75,
      "eval_steps_per_second": 3.312,
      "epoch": 10.0
    },
    {
      "eval_loss": 0.46585917472839355,
      "eval_accuracy": 0.8392857142857143,
      "eval_f1": 0.7272727272727272,
      "eval_precision": 0.8,
      "eval_recall": 0.6666666666666666,
      "eval_auc": 0.91703216374269,
      "eval_auprc": 0.875758492198815,
      "eval_matthews_correlation": 0.6198126623538811,
      "eval_runtime": 2.4139,
      "eval_samples_per_second": 51.783,
      "eval_steps_per_second": 3.314,
      "epoch": 10.0
    },
    {
      "eval_loss": 0.24134762585163116,
      "eval_accuracy": 0.8839285714285714,
      "eval_f1": 0.7796610169491526,
      "eval_precision": 0.8846153846153846,
      "eval_recall": 0.696969696969697,
      "eval_auc": 0.9654775604142692,
      "eval_auprc": 0.931002665837413,
      "eval_matthews_correlation": 0.7115685491352446,
      "eval_runtime": 2.4121,
      "eval_samples_per_second": 51.822,
      "eval_steps_per_second": 3.317,
      "epoch": 10.0
    }
  ],
  "test_metrics": {
    "eval_loss": 0.5749387145042419,
    "eval_accuracy": 0.7077922077922078,
    "eval_f1": 0.5918367346938775,
    "eval_precision": 0.8758389261744967,
    "eval_recall": 0.4469178082191781,
    "eval_auc": 0.8489689032639945,
    "eval_auprc": 0.8370312034298314,
    "eval_matthews_correlation": 0.4545434532759131,
    "eval_runtime": 26.5887,
    "eval_samples_per_second": 46.561,
    "eval_steps_per_second": 2.934,
    "epoch": 6.0
  }
}