{
  "experiment": "cross_length",
  "model_type": "lamar",
  "variant": "random",
  "pair_name": "DDX52_HepG2_ENCSR970FEW",
  "pretrain_path": "",
  "max_length": 1024,
  "n_folds": 5,
  "hyperparameters": {
    "learning_rate": 5e-05,
    "per_device_train_batch_size": 16,
    "weight_decay": 0.01,
    "warmup_ratio": 0.1,
    "num_train_epochs": 10,
    "gradient_accumulation_steps": 1,
    "early_stopping_patience": 3
  },
  "cv_metrics": {
    "epoch_mean": 4.6,
    "epoch_std": 0.7999999999999999,
    "eval_accuracy_mean": 0.525,
    "eval_accuracy_std": 0.16105123408406408,
    "eval_auc_mean": 0.7300000000000001,
    "eval_auc_std": 0.12797569213634977,
    "eval_auprc_mean": 0.6810101010101011,
    "eval_auprc_std": 0.13643788844384047,
    "eval_f1_mean": 0.5181417412996361,
    "eval_f1_std": 0.19147070170646188,
    "eval_loss_mean": 0.7385971307754516,
    "eval_loss_std": 0.14654604162796261,
    "eval_matthews_correlation_mean": 0.13840637059367822,
    "eval_matthews_correlation_std": 0.3063119154757098,
    "eval_precision_mean": 0.4268315018315018,
    "eval_precision_std": 0.1590800361103664,
    "eval_recall_mean": 0.7333333333333333,
    "eval_recall_std": 0.30912061651652345,
    "eval_runtime_mean": 0.34598000000000007,
    "eval_runtime_std": 0.0006305553108173831,
    "eval_samples_per_second_mean": 47.401799999999994,
    "eval_samples_per_second_std": 1.438077383175188,
    "eval_steps_per_second_mean": 4.046799999999999,
    "eval_steps_per_second_std": 1.4180402533073595
  },
  "cv_fold_metrics": [
    {
      "eval_loss": 0.6557050943374634,
      "eval_accuracy": 0.5,
      "eval_f1": 0.2,
      "eval_precision": 0.25,
      "eval_recall": 0.16666666666666666,
      "eval_auc": 0.65,
      "eval_auprc": 0.49523809523809526,
      "eval_matthews_correlation": -0.14907119849998599,
      "eval_runtime": 0.3449,
      "eval_samples_per_second": 49.287,
      "eval_steps_per_second": 5.798,
      "epoch": 5.0
    },
    {
      "eval_loss": 0.613373339176178,
      "eval_accuracy": 0.5625,
      "eval_f1": 0.631578947368421,
      "eval_precision": 0.46153846153846156,
      "eval_recall": 1.0,
      "eval_auc": 0.9333333333333333,
      "eval_auprc": 0.8734126984126984,
      "eval_matthews_correlation": 0.3721042037676254,
      "eval_runtime": 0.3467,
      "eval_samples_per_second": 49.033,
      "eval_steps_per_second": 5.769,
      "epoch": 4.0
    },
    {
      "eval_loss": 0.6261797547340393,
      "eval_accuracy": 0.8125,
      "eval_f1": 0.7692307692307692,
      "eval_precision": 0.7142857142857143,
      "eval_recall": 0.8333333333333334,
      "eval_auc": 0.75,
      "eval_auprc": 0.6541666666666667,
      "eval_matthews_correlation": 0.6180700462007377,
      "eval_runtime": 0.3464,
      "eval_samples_per_second": 46.195,
      "eval_steps_per_second": 2.887,
      "epoch": 6.0
    },
    {
      "eval_loss": 1.000888705253601,
      "eval_accuracy": 0.375,
      "eval_f1": 0.5454545454545454,
      "eval_precision": 0.375,
      "eval_recall": 1.0,
      "eval_auc": 0.7666666666666667,
      "eval_auprc": 0.7926587301587301,
      "eval_matthews_correlation": 0.0,
      "eval_runtime": 0.3462,
      "eval_samples_per_second": 46.215,
      "eval_steps_per_second": 2.888,
      "epoch": 4.0
    },
    {
      "eval_loss": 0.7968387603759766,
      "eval_accuracy": 0.375,
      "eval_f1": 0.4444444444444444,
      "eval_precision": 0.3333333333333333,
      "eval_recall": 0.6666666666666666,
      "eval_auc": 0.55,
      "eval_auprc": 0.5895743145743145,
      "eval_matthews_correlation": -0.14907119849998599,
      "eval_runtime": 0.3457,
      "eval_samples_per_second": 46.279,
      "eval_steps_per_second": 2.892,
      "epoch": 4.0
    }
  ],
  "test_metrics": {
    "eval_loss": 1.2362204790115356,
    "eval_accuracy": 0.5,
    "eval_f1": 0.0,
    "eval_precision": 0.0,
    "eval_recall": 0.0,
    "eval_auc": 0.7345989926385122,
    "eval_auprc": 0.6826502131082464,
    "eval_matthews_correlation": -0.07473871017991911,
    "eval_runtime": 3.7783,
    "eval_samples_per_second": 49.758,
    "eval_steps_per_second": 3.176,
    "epoch": 4.0
  }
}