{
  "experiment": "cross_length",
  "model_type": "lamar",
  "variant": "tapt_1024",
  "pair_name": "DROSHA_K562_ENCSR653HQC",
  "pretrain_path": "/gpfs/bwfor/work/ws/fr_ml642-thesis_work/Thesis/LAMAR/src/pretrain/saving_model/tapt_1024_standard_collator/checkpoint-134000/model.safetensors",
  "max_length": 1024,
  "n_folds": 5,
  "hyperparameters": {
    "learning_rate": 5e-05,
    "per_device_train_batch_size": 16,
    "weight_decay": 0.01,
    "warmup_ratio": 0.1,
    "num_train_epochs": 10,
    "gradient_accumulation_steps": 1,
    "early_stopping_patience": 3
  },
  "cv_metrics": {
    "epoch_mean": 8.4,
    "epoch_std": 1.0198039027185568,
    "eval_accuracy_mean": 0.8618055555555555,
    "eval_accuracy_std": 0.011599509089229208,
    "eval_auc_mean": 0.912393014115079,
    "eval_auc_std": 0.006930239055547973,
    "eval_auprc_mean": 0.8604669587301557,
    "eval_auprc_std": 0.011433472433127005,
    "eval_f1_mean": 0.773183962989475,
    "eval_f1_std": 0.01842878610308871,
    "eval_loss_mean": 0.36323370337486266,
    "eval_loss_std": 0.01823261861732709,
    "eval_matthews_correlation_mean": 0.6797707984111346,
    "eval_matthews_correlation_std": 0.027322107880905423,
    "eval_precision_mean": 0.8334155622192412,
    "eval_precision_std": 0.04742976212879084,
    "eval_recall_mean": 0.7246444419160314,
    "eval_recall_std": 0.04134624300821502,
    "eval_runtime_mean": 9.950959999999998,
    "eval_runtime_std": 0.0027346663416217797,
    "eval_samples_per_second_mean": 58.0244,
    "eval_samples_per_second_std": 0.04716184898835019,
    "eval_steps_per_second_mean": 3.718,
    "eval_steps_per_second_std": 0.0010954451150103736
  },
  "cv_fold_metrics": [
    {
      "eval_loss": 0.35303395986557007,
      "eval_accuracy": 0.8767361111111112,
      "eval_f1": 0.7854984894259819,
      "eval_precision": 0.9090909090909091,
      "eval_recall": 0.6914893617021277,
      "eval_auc": 0.9166346786576004,
      "eval_auprc": 0.8660874006959348,
      "eval_matthews_correlation": 0.7141645526684602,
      "eval_runtime": 9.953,
      "eval_samples_per_second": 58.073,
      "eval_steps_per_second": 3.717,
      "epoch": 10.0
    },
    {
      "eval_loss": 0.3704840838909149,
      "eval_accuracy": 0.8454861111111112,
      "eval_f1": 0.7374631268436579,
      "eval_precision": 0.8223684210526315,
      "eval_recall": 0.6684491978609626,
      "eval_auc": 0.9034408809095034,
      "eval_auprc": 0.8559539001373879,
      "eval_matthews_correlation": 0.6364247139960416,
      "eval_runtime": 9.9509,
      "eval_samples_per_second": 58.085,
      "eval_steps_per_second": 3.718,
      "epoch": 7.0
    },
    {
      "eval_loss": 0.3457978665828705,
      "eval_accuracy": 0.8715277777777778,
      "eval_f1": 0.7848837209302326,
      "eval_precision": 0.8598726114649682,
      "eval_recall": 0.7219251336898396,
      "eval_auc": 0.9183289113729156,
      "eval_auprc": 0.8523595231857282,
      "eval_matthews_correlation": 0.6996839196841765,
      "eval_runtime": 9.9513,
      "eval_samples_per_second": 57.982,
      "eval_steps_per_second": 3.718,
      "epoch": 8.0
    },
    {
      "eval_loss": 0.3957170248031616,
      "eval_accuracy": 0.8524305555555556,
      "eval_f1": 0.7733333333333333,
      "eval_precision": 0.7712765957446809,
      "eval_recall": 0.7754010695187166,
      "eval_auc": 0.9044994020043167,
      "eval_auprc": 0.8479758385571582,
      "eval_matthews_correlation": 0.663944566505616,
      "eval_runtime": 9.9459,
      "eval_samples_per_second": 58.014,
      "eval_steps_per_second": 3.72,
      "epoch": 9.0
    },
    {
      "eval_loss": 0.35113558173179626,
      "eval_accuracy": 0.8628472222222222,
      "eval_f1": 0.784741144414169,
      "eval_precision": 0.8044692737430168,
      "eval_recall": 0.7659574468085106,
      "eval_auc": 0.9190611976310594,
      "eval_auprc": 0.8799581310745689,
      "eval_matthews_correlation": 0.6846362392013783,
      "eval_runtime": 9.9537,
      "eval_samples_per_second": 57.968,
      "eval_steps_per_second": 3.717,
      "epoch": 8.0
    }
  ],
  "test_metrics": {
    "eval_loss": 0.41126206517219543,
    "eval_accuracy": 0.7988861386138614,
    "eval_f1": 0.7402078337330137,
    "eval_precision": 0.954639175257732,
    "eval_recall": 0.6044386422976501,
    "eval_auc": 0.9332463011314187,
    "eval_auprc": 0.9314802055628271,
    "eval_matthews_correlation": 0.6303290094215275,
    "eval_runtime": 83.6488,
    "eval_samples_per_second": 58.064,
    "eval_steps_per_second": 3.634,
    "epoch": 7.0
  }
}