{
  "experiment": "cross_length",
  "model_type": "lamar",
  "variant": "tapt_512",
  "pair_name": "HNRNPL_K562_ENCSR795CAI",
  "pretrain_path": "/gpfs/bwfor/work/ws/fr_ml642-thesis_work/Thesis/LAMAR/src/pretrain/saving_model/tapt_lamar/checkpoint-98000/model.safetensors",
  "max_length": 1024,
  "n_folds": 5,
  "hyperparameters": {
    "learning_rate": 5e-05,
    "per_device_train_batch_size": 16,
    "weight_decay": 0.01,
    "warmup_ratio": 0.1,
    "num_train_epochs": 10,
    "gradient_accumulation_steps": 1,
    "early_stopping_patience": 3
  },
  "cv_metrics": {
    "epoch_mean": 8.4,
    "epoch_std": 2.0591260281974,
    "eval_accuracy_mean": 0.8026595744680851,
    "eval_accuracy_std": 0.010457235771988031,
    "eval_auc_mean": 0.8594316486296968,
    "eval_auc_std": 0.0064652348788737666,
    "eval_auprc_mean": 0.8168986756867096,
    "eval_auprc_std": 0.01258980833843592,
    "eval_f1_mean": 0.6862887259195324,
    "eval_f1_std": 0.03270644502067267,
    "eval_loss_mean": 0.47187345623970034,
    "eval_loss_std": 0.02455015440870577,
    "eval_matthews_correlation_mean": 0.5607644665013224,
    "eval_matthews_correlation_std": 0.02395307941369785,
    "eval_precision_mean": 0.799247155076703,
    "eval_precision_std": 0.050027636874535944,
    "eval_recall_mean": 0.6085169662627298,
    "eval_recall_std": 0.06663220051123458,
    "eval_runtime_mean": 12.53018,
    "eval_runtime_std": 0.004019651726206655,
    "eval_samples_per_second_mean": 60.82899999999999,
    "eval_samples_per_second_std": 0.02894822965226142,
    "eval_steps_per_second_mean": 3.8308,
    "eval_steps_per_second_std": 0.0011661903789689316
  },
  "cv_fold_metrics": [
    {
      "eval_loss": 0.44037115573883057,
      "eval_accuracy": 0.8204787234042553,
      "eval_f1": 0.7272727272727272,
      "eval_precision": 0.8,
      "eval_recall": 0.6666666666666666,
      "eval_auc": 0.8583294913170433,
      "eval_auprc": 0.829645925195069,
      "eval_matthews_correlation": 0.6006134758140316,
      "eval_runtime": 12.5338,
      "eval_samples_per_second": 60.875,
      "eval_steps_per_second": 3.83,
      "epoch": 10.0
    },
    {
      "eval_loss": 0.4964566230773926,
      "eval_accuracy": 0.7925531914893617,
      "eval_f1": 0.6637931034482759,
      "eval_precision": 0.7777777777777778,
      "eval_recall": 0.5789473684210527,
      "eval_auc": 0.849361056963396,
      "eval_auprc": 0.8003477208980616,
      "eval_matthews_correlation": 0.530222492715437,
      "eval_runtime": 12.5265,
      "eval_samples_per_second": 60.831,
      "eval_steps_per_second": 3.832,
      "epoch": 5.0
    },
    {
      "eval_loss": 0.47021710872650146,
      "eval_accuracy": 0.8085106382978723,
      "eval_f1": 0.7012448132780082,
      "eval_precision": 0.7971698113207547,
      "eval_recall": 0.6259259259259259,
      "eval_auc": 0.8638312586445367,
      "eval_auprc": 0.8249247346587304,
      "eval_matthews_correlation": 0.572247315009557,
      "eval_runtime": 12.5353,
      "eval_samples_per_second": 60.788,
      "eval_steps_per_second": 3.829,
      "epoch": 10.0
    },
    {
      "eval_loss": 0.4499189555644989,
      "eval_accuracy": 0.7952127659574468,
      "eval_f1": 0.6350710900473934,
      "eval_precision": 0.8874172185430463,
      "eval_recall": 0.4944649446494465,
      "eval_auc": 0.8684781858213592,
      "eval_auprc": 0.8266777918897367,
      "eval_matthews_correlation": 0.5502492911817719,
      "eval_runtime": 12.5249,
      "eval_samples_per_second": 60.839,
      "eval_steps_per_second": 3.832,
      "epoch": 7.0
    },
    {
      "eval_loss": 0.5024034380912781,
      "eval_accuracy": 0.7965425531914894,
      "eval_f1": 0.7040618955512572,
      "eval_precision": 0.7338709677419355,
      "eval_recall": 0.6765799256505576,
      "eval_auc": 0.857158250402149,
      "eval_auprc": 0.8028972057919502,
      "eval_matthews_correlation": 0.5504897577858144,
      "eval_runtime": 12.5304,
      "eval_samples_per_second": 60.812,
      "eval_steps_per_second": 3.831,
      "epoch": 10.0
    }
  ],
  "test_metrics": {
    "eval_loss": 0.5382018089294434,
    "eval_accuracy": 0.7313753581661891,
    "eval_f1": 0.629812438302073,
    "eval_precision": 0.9140401146131805,
    "eval_recall": 0.48042168674698793,
    "eval_auc": 0.8372599645508263,
    "eval_auprc": 0.847614615255366,
    "eval_matthews_correlation": 0.5068170475155508,
    "eval_runtime": 92.9946,
    "eval_samples_per_second": 60.079,
    "eval_steps_per_second": 3.764,
    "epoch": 7.0
  }
}