{
  "experiment": "cross_length",
  "model_type": "lamar",
  "variant": "tapt_1024",
  "pair_name": "IGF2BP1_K562_ENCSR975KIR",
  "pretrain_path": "/gpfs/bwfor/work/ws/fr_ml642-thesis_work/Thesis/LAMAR/src/pretrain/saving_model/tapt_1024_standard_collator/checkpoint-134000/model.safetensors",
  "max_length": 1024,
  "n_folds": 5,
  "hyperparameters": {
    "learning_rate": 5e-05,
    "per_device_train_batch_size": 16,
    "weight_decay": 0.01,
    "warmup_ratio": 0.1,
    "num_train_epochs": 10,
    "gradient_accumulation_steps": 1,
    "early_stopping_patience": 3
  },
  "cv_metrics": {
    "epoch_mean": 9.6,
    "epoch_std": 0.7999999999999999,
    "eval_accuracy_mean": 0.7518229166666667,
    "eval_accuracy_std": 0.016564629056030487,
    "eval_auc_mean": 0.8061551416182204,
    "eval_auc_std": 0.009439795696635635,
    "eval_auprc_mean": 0.6752526684997898,
    "eval_auprc_std": 0.015246152177175397,
    "eval_f1_mean": 0.6198828669392226,
    "eval_f1_std": 0.024888576667591804,
    "eval_loss_mean": 0.5674050807952881,
    "eval_loss_std": 0.05735332815082041,
    "eval_matthews_correlation_mean": 0.444353445167312,
    "eval_matthews_correlation_std": 0.01893534039764186,
    "eval_precision_mean": 0.652156235850324,
    "eval_precision_std": 0.05840966296908,
    "eval_recall_mean": 0.6058602964997399,
    "eval_recall_std": 0.08723330996925997,
    "eval_runtime_mean": 13.209539999999999,
    "eval_runtime_std": 0.005180579118206845,
    "eval_samples_per_second_mean": 59.032799999999995,
    "eval_samples_per_second_std": 0.0528825112868145,
    "eval_steps_per_second_mean": 3.7094,
    "eval_steps_per_second_std": 0.0013564659966250614
  },
  "cv_fold_metrics": [
    {
      "eval_loss": 0.6480726003646851,
      "eval_accuracy": 0.7513020833333334,
      "eval_f1": 0.6156941649899397,
      "eval_precision": 0.6428571428571429,
      "eval_recall": 0.5907335907335908,
      "eval_auc": 0.8043479909884625,
      "eval_auprc": 0.688085366592555,
      "eval_matthews_correlation": 0.4331928640742521,
      "eval_runtime": 13.208,
      "eval_samples_per_second": 59.055,
      "eval_steps_per_second": 3.71,
      "epoch": 10.0
    },
    {
      "eval_loss": 0.5404960513114929,
      "eval_accuracy": 0.765625,
      "eval_f1": 0.5774647887323943,
      "eval_precision": 0.7365269461077845,
      "eval_recall": 0.4749034749034749,
      "eval_auc": 0.8103329262464822,
      "eval_auprc": 0.6695691995515459,
      "eval_matthews_correlation": 0.4452039528066502,
      "eval_runtime": 13.2058,
      "eval_samples_per_second": 59.065,
      "eval_steps_per_second": 3.71,
      "epoch": 10.0
    },
    {
      "eval_loss": 0.6200854778289795,
      "eval_accuracy": 0.734375,
      "eval_f1": 0.6542372881355931,
      "eval_precision": 0.5884146341463414,
      "eval_recall": 0.7366412213740458,
      "eval_auc": 0.7955978638023111,
      "eval_auprc": 0.6717003909086179,
      "eval_matthews_correlation": 0.4503137646891334,
      "eval_runtime": 13.2095,
      "eval_samples_per_second": 59.048,
      "eval_steps_per_second": 3.709,
      "epoch": 10.0
    },
    {
      "eval_loss": 0.49449002742767334,
      "eval_accuracy": 0.7747395833333334,
      "eval_f1": 0.6295503211991434,
      "eval_precision": 0.7,
      "eval_recall": 0.5719844357976653,
      "eval_auc": 0.8220777144075475,
      "eval_auprc": 0.6952045733531055,
      "eval_matthews_correlation": 0.47501049250225996,
      "eval_runtime": 13.205,
      "eval_samples_per_second": 59.068,
      "eval_steps_per_second": 3.711,
      "epoch": 8.0
    },
    {
      "eval_loss": 0.5338812470436096,
      "eval_accuracy": 0.7330729166666666,
      "eval_f1": 0.6224677716390424,
      "eval_precision": 0.5929824561403508,
      "eval_recall": 0.6550387596899225,
      "eval_auc": 0.7984192126462987,
      "eval_auprc": 0.6517038120931247,
      "eval_matthews_correlation": 0.41804615176426396,
      "eval_runtime": 13.2194,
      "eval_samples_per_second": 58.928,
      "eval_steps_per_second": 3.707,
      "epoch": 10.0
    }
  ],
  "test_metrics": {
    "eval_loss": 0.7057367563247681,
    "eval_accuracy": 0.6605329949238579,
    "eval_f1": 0.6680111697176544,
    "eval_precision": 0.6236964078794901,
    "eval_recall": 0.7191048764195057,
    "eval_auc": 0.7258512997798214,
    "eval_auprc": 0.6968322628313317,
    "eval_matthews_correlation": 0.3277349085037927,
    "eval_runtime": 108.3355,
    "eval_samples_per_second": 58.291,
    "eval_steps_per_second": 3.646,
    "epoch": 10.0
  }
}