{
  "experiment": "cross_length",
  "model_type": "lamar",
  "variant": "random",
  "pair_name": "TIA1_HepG2_ENCSR623VEQ",
  "pretrain_path": "",
  "max_length": 1024,
  "n_folds": 5,
  "hyperparameters": {
    "learning_rate": 5e-05,
    "per_device_train_batch_size": 16,
    "weight_decay": 0.01,
    "warmup_ratio": 0.1,
    "num_train_epochs": 10,
    "gradient_accumulation_steps": 1,
    "early_stopping_patience": 3
  },
  "cv_metrics": {
    "epoch_mean": 9.0,
    "epoch_std": 1.0954451150103321,
    "eval_accuracy_mean": 0.7669642857142857,
    "eval_accuracy_std": 0.017267035362333663,
    "eval_auc_mean": 0.8178670012552912,
    "eval_auc_std": 0.023311178481992854,
    "eval_auprc_mean": 0.6218058906264445,
    "eval_auprc_std": 0.05684186814788416,
    "eval_f1_mean": 0.5737792906075884,
    "eval_f1_std": 0.06738766524878995,
    "eval_loss_mean": 0.49624739289283754,
    "eval_loss_std": 0.03975593588506968,
    "eval_matthews_correlation_mean": 0.4315185203485208,
    "eval_matthews_correlation_std": 0.04876802571127537,
    "eval_precision_mean": 0.6525709904735517,
    "eval_precision_std": 0.04889816699801975,
    "eval_recall_mean": 0.5342430350319652,
    "eval_recall_std": 0.1278254186904647,
    "eval_runtime_mean": 4.78526,
    "eval_runtime_std": 0.0032345633399269874,
    "eval_samples_per_second_mean": 49.2346,
    "eval_samples_per_second_std": 0.08172784103351756,
    "eval_steps_per_second_mean": 3.1346,
    "eval_steps_per_second_std": 0.002332380757938046
  },
  "cv_fold_metrics": [
    {
      "eval_loss": 0.5040616989135742,
      "eval_accuracy": 0.78125,
      "eval_f1": 0.5739130434782609,
      "eval_precision": 0.7021276595744681,
      "eval_recall": 0.4852941176470588,
      "eval_auc": 0.8352187028657617,
      "eval_auprc": 0.6646459219106333,
      "eval_matthews_correlation": 0.44666627398730385,
      "eval_runtime": 4.789,
      "eval_samples_per_second": 49.28,
      "eval_steps_per_second": 3.132,
      "epoch": 9.0
    },
    {
      "eval_loss": 0.45267072319984436,
      "eval_accuracy": 0.7901785714285714,
      "eval_f1": 0.6518518518518519,
      "eval_precision": 0.6470588235294118,
      "eval_recall": 0.6567164179104478,
      "eval_auc": 0.8392432740754825,
      "eval_auprc": 0.7102360103447574,
      "eval_matthews_correlation": 0.5017320990150181,
      "eval_runtime": 4.7838,
      "eval_samples_per_second": 49.333,
      "eval_steps_per_second": 3.136,
      "epoch": 10.0
    },
    {
      "eval_loss": 0.5472733974456787,
      "eval_accuracy": 0.7455357142857143,
      "eval_f1": 0.45714285714285713,
      "eval_precision": 0.7058823529411765,
      "eval_recall": 0.3380281690140845,
      "eval_auc": 0.7862468931234465,
      "eval_auprc": 0.5636548861880891,
      "eval_matthews_correlation": 0.3535850591036688,
      "eval_runtime": 4.7887,
      "eval_samples_per_second": 49.283,
      "eval_steps_per_second": 3.132,
      "epoch": 10.0
    },
    {
      "eval_loss": 0.4484749436378479,
      "eval_accuracy": 0.7678571428571429,
      "eval_f1": 0.559322033898305,
      "eval_precision": 0.6346153846153846,
      "eval_recall": 0.5,
      "eval_auc": 0.8359225163022631,
      "eval_auprc": 0.6001642830997558,
      "eval_matthews_correlation": 0.4100424118998208,
      "eval_runtime": 4.7844,
      "eval_samples_per_second": 49.118,
      "eval_steps_per_second": 3.135,
      "epoch": 7.0
    },
    {
      "eval_loss": 0.5287562012672424,
      "eval_accuracy": 0.75,
      "eval_f1": 0.6266666666666667,
      "eval_precision": 0.573170731707317,
      "eval_recall": 0.6911764705882353,
      "eval_auc": 0.7927036199095022,
      "eval_auprc": 0.570328351588987,
      "eval_matthews_correlation": 0.4455667577367922,
      "eval_runtime": 4.7804,
      "eval_samples_per_second": 49.159,
      "eval_steps_per_second": 3.138,
      "epoch": 9.0
    }
  ],
  "test_metrics": {
    "eval_loss": 0.798179566860199,
    "eval_accuracy": 0.6091417910447762,
    "eval_f1": 0.3503875968992248,
    "eval_precision": 0.8158844765342961,
    "eval_recall": 0.22309970384995065,
    "eval_auc": 0.7575113271065886,
    "eval_auprc": 0.7158727016189318,
    "eval_matthews_correlation": 0.26494805448335756,
    "eval_runtime": 45.885,
    "eval_samples_per_second": 46.878,
    "eval_steps_per_second": 2.942,
    "epoch": 7.0
  }
}