{
  "experiment": "cross_cell",
  "model_type": "lamar",
  "variant": "pretrained_custom",
  "pair_name": "U2AF1_train_K562_test_HepG2_fixlen_101",
  "pretrain_path": "/gpfs/bwfor/work/ws/fr_ml642-thesis_work/Thesis/LAMAR/src/pretrain/saving_model/tapt_512_standard_collator_1gpu/checkpoint-265000/model.safetensors",
  "max_length": 512,
  "n_folds": 5,
  "hyperparameters": {
    "learning_rate": 5e-05,
    "per_device_train_batch_size": 16,
    "weight_decay": 0.01,
    "warmup_ratio": 0.1,
    "num_train_epochs": 10,
    "gradient_accumulation_steps": 1,
    "early_stopping_patience": 3
  },
  "cv_metrics": {
    "epoch_mean": 9.2,
    "epoch_std": 0.9797958971132713,
    "eval_accuracy_mean": 0.8880000000000001,
    "eval_accuracy_std": 0.00966953980290688,
    "eval_auc_mean": 0.9655170096327008,
    "eval_auc_std": 0.010678300670833661,
    "eval_auprc_mean": 0.9582215539815465,
    "eval_auprc_std": 0.015300823493486807,
    "eval_f1_mean": 0.8790077016837581,
    "eval_f1_std": 0.009257699179715233,
    "eval_loss_mean": 0.4069141626358032,
    "eval_loss_std": 0.10333601713938277,
    "eval_matthews_correlation_mean": 0.7790831887418499,
    "eval_matthews_correlation_std": 0.016369116638516663,
    "eval_precision_mean": 0.8593722319904804,
    "eval_precision_std": 0.03678762448064008,
    "eval_recall_mean": 0.9033410584835255,
    "eval_recall_std": 0.04549563630342322,
    "eval_runtime_mean": 3.0873999999999997,
    "eval_runtime_std": 0.0018297540818371534,
    "eval_samples_per_second_mean": 131.76239999999999,
    "eval_samples_per_second_std": 0.13162461775823098,
    "eval_steps_per_second_mean": 8.4212,
    "eval_steps_per_second_std": 0.004955804677345854
  },
  "cv_fold_metrics": [
    {
      "eval_loss": 0.50676429271698,
      "eval_accuracy": 0.88,
      "eval_f1": 0.8666666666666666,
      "eval_precision": 0.8571428571428571,
      "eval_recall": 0.8764044943820225,
      "eval_auc": 0.9480716671727908,
      "eval_auprc": 0.9301998170570803,
      "eval_matthews_correlation": 0.7577548550096929,
      "eval_runtime": 3.0867,
      "eval_samples_per_second": 131.858,
      "eval_steps_per_second": 8.423,
      "epoch": 8.0
    },
    {
      "eval_loss": 0.5477662682533264,
      "eval_accuracy": 0.8875,
      "eval_f1": 0.8732394366197184,
      "eval_precision": 0.8908045977011494,
      "eval_recall": 0.856353591160221,
      "eval_auc": 0.9628143999596357,
      "eval_auprc": 0.9620740518457446,
      "eval_matthews_correlation": 0.7726718269582108,
      "eval_runtime": 3.0849,
      "eval_samples_per_second": 131.933,
      "eval_steps_per_second": 8.428,
      "epoch": 10.0
    },
    {
      "eval_loss": 0.3787456452846527,
      "eval_accuracy": 0.89,
      "eval_f1": 0.8810810810810812,
      "eval_precision": 0.8624338624338624,
      "eval_recall": 0.9005524861878453,
      "eval_auc": 0.9633441812356518,
      "eval_auprc": 0.9567586240104834,
      "eval_matthews_correlation": 0.7794748649679745,
      "eval_runtime": 3.0898,
      "eval_samples_per_second": 131.725,
      "eval_steps_per_second": 8.415,
      "epoch": 10.0
    },
    {
      "eval_loss": 0.31073546409606934,
      "eval_accuracy": 0.8775,
      "eval_f1": 0.8796068796068797,
      "eval_precision": 0.7920353982300885,
      "eval_recall": 0.988950276243094,
      "eval_auc": 0.9782032846439113,
      "eval_auprc": 0.9755026306086803,
      "eval_matthews_correlation": 0.7774335886925628,
      "eval_runtime": 3.0892,
      "eval_samples_per_second": 131.75,
      "eval_steps_per_second": 8.416,
      "epoch": 8.0
    },
    {
      "eval_loss": 0.29055914282798767,
      "eval_accuracy": 0.905,
      "eval_f1": 0.8944444444444444,
      "eval_precision": 0.8944444444444445,
      "eval_recall": 0.8944444444444445,
      "eval_auc": 0.9751515151515151,
      "eval_auprc": 0.9665726463857439,
      "eval_matthews_correlation": 0.8080808080808081,
      "eval_runtime": 3.0864,
      "eval_samples_per_second": 131.546,
      "eval_steps_per_second": 8.424,
      "epoch": 10.0
    }
  ],
  "test_metrics": {
    "eval_loss": 0.4580715000629425,
    "eval_accuracy": 0.8229166666666666,
    "eval_f1": 0.7719021310181531,
    "eval_precision": 0.8826714801444043,
    "eval_recall": 0.6858345021037868,
    "eval_auc": 0.921679916123233,
    "eval_auprc": 0.9050926603307121,
    "eval_matthews_correlation": 0.6442995558712317,
    "eval_runtime": 12.574,
    "eval_samples_per_second": 130.348,
    "eval_steps_per_second": 8.191,
    "epoch": 7.0
  }
}