{
  "experiment": "cross_cell",
  "model_type": "lamar",
  "variant": "pretrained",
  "pair_name": "ZNF800_train_K562_test_HepG2_fixlen_101",
  "pretrain_path": "/gpfs/bwfor/work/ws/fr_ml642-thesis_work/Thesis/LAMAR/weights",
  "max_length": 1024,
  "n_folds": 5,
  "hyperparameters": {
    "learning_rate": 5e-05,
    "per_device_train_batch_size": 16,
    "weight_decay": 0.01,
    "warmup_ratio": 0.1,
    "num_train_epochs": 10,
    "gradient_accumulation_steps": 1,
    "early_stopping_patience": 3
  },
  "cv_metrics": {
    "epoch_mean": 8.6,
    "epoch_std": 1.7435595774162693,
    "eval_accuracy_mean": 0.7415760869565217,
    "eval_accuracy_std": 0.013732911704883995,
    "eval_auc_mean": 0.8380553253220813,
    "eval_auc_std": 0.00969622508658562,
    "eval_auprc_mean": 0.8003811462380617,
    "eval_auprc_std": 0.010907234874072323,
    "eval_f1_mean": 0.7178558293766566,
    "eval_f1_std": 0.01919182150022667,
    "eval_loss_mean": 0.5270179986953736,
    "eval_loss_std": 0.015023185419727633,
    "eval_matthews_correlation_mean": 0.48139496241472035,
    "eval_matthews_correlation_std": 0.0274111486553782,
    "eval_precision_mean": 0.7118029461253405,
    "eval_precision_std": 0.022970211033309953,
    "eval_recall_mean": 0.7268155741763749,
    "eval_recall_std": 0.04708173402844566,
    "eval_runtime_mean": 12.672619999999998,
    "eval_runtime_std": 0.003028134739406153,
    "eval_samples_per_second_mean": 58.28340000000001,
    "eval_samples_per_second_std": 0.048885989813032375,
    "eval_steps_per_second_mean": 3.7088,
    "eval_steps_per_second_std": 0.0009797958971133264
  },
  "cv_fold_metrics": [
    {
      "eval_loss": 0.5387853384017944,
      "eval_accuracy": 0.748641304347826,
      "eval_f1": 0.7184170471841705,
      "eval_precision": 0.7329192546583851,
      "eval_recall": 0.7044776119402985,
      "eval_auc": 0.8447091227155991,
      "eval_auprc": 0.8180197653048449,
      "eval_matthews_correlation": 0.49189767429034964,
      "eval_runtime": 12.6726,
      "eval_samples_per_second": 58.315,
      "eval_steps_per_second": 3.709,
      "epoch": 10.0
    },
    {
      "eval_loss": 0.5289905667304993,
      "eval_accuracy": 0.7282608695652174,
      "eval_f1": 0.7229916897506926,
      "eval_precision": 0.6726804123711341,
      "eval_recall": 0.781437125748503,
      "eval_auc": 0.827360204963208,
      "eval_auprc": 0.7903209997191784,
      "eval_matthews_correlation": 0.46421168328193174,
      "eval_runtime": 12.6722,
      "eval_samples_per_second": 58.317,
      "eval_steps_per_second": 3.709,
      "epoch": 10.0
    },
    {
      "eval_loss": 0.5099414587020874,
      "eval_accuracy": 0.7364130434782609,
      "eval_f1": 0.6949685534591195,
      "eval_precision": 0.7317880794701986,
      "eval_recall": 0.6616766467065869,
      "eval_auc": 0.8420100098310842,
      "eval_auprc": 0.7961607755548032,
      "eval_matthews_correlation": 0.46576788644711553,
      "eval_runtime": 12.6683,
      "eval_samples_per_second": 58.335,
      "eval_steps_per_second": 3.71,
      "epoch": 7.0
    },
    {
      "eval_loss": 0.5101263523101807,
      "eval_accuracy": 0.7649456521739131,
      "eval_f1": 0.7503607503607503,
      "eval_precision": 0.7222222222222222,
      "eval_recall": 0.7807807807807807,
      "eval_auc": 0.8502596889693664,
      "eval_auprc": 0.8076200961931495,
      "eval_matthews_correlation": 0.5303526352734993,
      "eval_runtime": 12.6722,
      "eval_samples_per_second": 58.238,
      "eval_steps_per_second": 3.709,
      "epoch": 6.0
    },
    {
      "eval_loss": 0.5472462773323059,
      "eval_accuracy": 0.7296195652173914,
      "eval_f1": 0.70254110612855,
      "eval_precision": 0.6994047619047619,
      "eval_recall": 0.7057057057057057,
      "eval_auc": 0.8259376001311485,
      "eval_auprc": 0.789784094418332,
      "eval_matthews_correlation": 0.4547449327807052,
      "eval_runtime": 12.6778,
      "eval_samples_per_second": 58.212,
      "eval_steps_per_second": 3.707,
      "epoch": 10.0
    }
  ],
  "test_metrics": {
    "eval_loss": 0.6143414378166199,
    "eval_accuracy": 0.7033045977011494,
    "eval_f1": 0.6714399363564042,
    "eval_precision": 0.683585313174946,
    "eval_recall": 0.6597186034392913,
    "eval_auc": 0.779971430438289,
    "eval_auprc": 0.7247755513033433,
    "eval_matthews_correlation": 0.4013411002906072,
    "eval_runtime": 71.8004,
    "eval_samples_per_second": 58.301,
    "eval_steps_per_second": 3.649,
    "epoch": 10.0
  }
}