{
  "experiment": "cross_length",
  "model_type": "lamar",
  "variant": "pretrained",
  "pair_name": "CACTIN_HepG2_ENCSR150QBS",
  "pretrain_path": "/gpfs/bwfor/work/ws/fr_ml642-thesis_work/Thesis/LAMAR/weights",
  "max_length": 1024,
  "n_folds": 5,
  "hyperparameters": {
    "learning_rate": 5e-05,
    "per_device_train_batch_size": 16,
    "weight_decay": 0.01,
    "warmup_ratio": 0.1,
    "num_train_epochs": 10,
    "gradient_accumulation_steps": 1,
    "early_stopping_patience": 3
  },
  "cv_metrics": {
    "epoch_mean": 5.6,
    "epoch_std": 2.244994432064365,
    "eval_accuracy_mean": 0.65625,
    "eval_accuracy_std": 0.01976423537605237,
    "eval_auc_mean": 0.790953739243213,
    "eval_auc_std": 0.043170519539847414,
    "eval_auprc_mean": 0.7218036718283287,
    "eval_auprc_std": 0.05473697686663643,
    "eval_f1_mean": 0.4423606237816764,
    "eval_f1_std": 0.24294872617668561,
    "eval_loss_mean": 0.6554794669151306,
    "eval_loss_std": 0.05546054904544984,
    "eval_matthews_correlation_mean": 0.274569852663217,
    "eval_matthews_correlation_std": 0.1484512844745095,
    "eval_precision_mean": 0.46478431372549023,
    "eval_precision_std": 0.2508022222982225,
    "eval_recall_mean": 0.5176923076923077,
    "eval_recall_std": 0.3612240859033162,
    "eval_runtime_mean": 0.68828,
    "eval_runtime_std": 0.0006431174076325393,
    "eval_samples_per_second_mean": 59.85699999999999,
    "eval_samples_per_second_std": 0.6291902732878176,
    "eval_steps_per_second_mean": 4.3584,
    "eval_steps_per_second_std": 0.003878143885933195
  },
  "cv_fold_metrics": [
    {
      "eval_loss": 0.7295354008674622,
      "eval_accuracy": 0.65625,
      "eval_f1": 0.5925925925925927,
      "eval_precision": 0.47058823529411764,
      "eval_recall": 0.8,
      "eval_auc": 0.7500000000000001,
      "eval_auprc": 0.6390282131661442,
      "eval_matthews_correlation": 0.36309228459184417,
      "eval_runtime": 0.6872,
      "eval_samples_per_second": 61.114,
      "eval_steps_per_second": 4.365,
      "epoch": 5.0
    },
    {
      "eval_loss": 0.7153586149215698,
      "eval_accuracy": 0.65625,
      "eval_f1": 0.5599999999999999,
      "eval_precision": 0.5833333333333334,
      "eval_recall": 0.5384615384615384,
      "eval_auc": 0.7651821862348178,
      "eval_auprc": 0.7479025114319231,
      "eval_matthews_correlation": 0.2792896329177484,
      "eval_runtime": 0.6882,
      "eval_samples_per_second": 59.573,
      "eval_steps_per_second": 4.359,
      "epoch": 10.0
    },
    {
      "eval_loss": 0.5963494777679443,
      "eval_accuracy": 0.65625,
      "eval_f1": 0.0,
      "eval_precision": 0.0,
      "eval_recall": 0.0,
      "eval_auc": 0.8311688311688312,
      "eval_auprc": 0.7442682463735095,
      "eval_matthews_correlation": 0.0,
      "eval_runtime": 0.6885,
      "eval_samples_per_second": 59.547,
      "eval_steps_per_second": 4.357,
      "epoch": 4.0
    },
    {
      "eval_loss": 0.6208438873291016,
      "eval_accuracy": 0.625,
      "eval_f1": 0.6842105263157895,
      "eval_precision": 0.52,
      "eval_recall": 1.0,
      "eval_auc": 0.8542510121457491,
      "eval_auprc": 0.7952917306424094,
      "eval_matthews_correlation": 0.43769732392193245,
      "eval_runtime": 0.6892,
      "eval_samples_per_second": 59.488,
      "eval_steps_per_second": 4.353,
      "epoch": 5.0
    },
    {
      "eval_loss": 0.6153099536895752,
      "eval_accuracy": 0.6875,
      "eval_f1": 0.375,
      "eval_precision": 0.75,
      "eval_recall": 0.25,
      "eval_auc": 0.7541666666666667,
      "eval_auprc": 0.6825276575276575,
      "eval_matthews_correlation": 0.29277002188455997,
      "eval_runtime": 0.6883,
      "eval_samples_per_second": 59.563,
      "eval_steps_per_second": 4.358,
      "epoch": 4.0
    }
  ],
  "test_metrics": {
    "eval_loss": 0.5936344265937805,
    "eval_accuracy": 0.6696428571428571,
    "eval_f1": 0.6,
    "eval_precision": 0.7254901960784313,
    "eval_recall": 0.511520737327189,
    "eval_auc": 0.7673908272986614,
    "eval_auprc": 0.7515717452519521,
    "eval_matthews_correlation": 0.34745730502728567,
    "eval_runtime": 9.6038,
    "eval_samples_per_second": 47.377,
    "eval_steps_per_second": 3.02,
    "epoch": 5.0
  }
}