{
  "experiment": "cross_length",
  "model_type": "lamar",
  "variant": "random",
  "pair_name": "CACTIN_HepG2_ENCSR150QBS",
  "pretrain_path": "",
  "max_length": 1024,
  "n_folds": 5,
  "hyperparameters": {
    "learning_rate": 5e-05,
    "per_device_train_batch_size": 16,
    "weight_decay": 0.01,
    "warmup_ratio": 0.1,
    "num_train_epochs": 10,
    "gradient_accumulation_steps": 1,
    "early_stopping_patience": 3
  },
  "cv_metrics": {
    "epoch_mean": 4.8,
    "epoch_std": 0.9797958971132712,
    "eval_accuracy_mean": 0.68125,
    "eval_accuracy_std": 0.0637377439199098,
    "eval_auc_mean": 0.7906369069526964,
    "eval_auc_std": 0.06268968645565115,
    "eval_auprc_mean": 0.724975950661165,
    "eval_auprc_std": 0.0892355701536687,
    "eval_f1_mean": 0.3234887533608761,
    "eval_f1_std": 0.24003584758556248,
    "eval_loss_mean": 0.7226290464401245,
    "eval_loss_std": 0.12411247436851736,
    "eval_matthews_correlation_mean": 0.2884873544694438,
    "eval_matthews_correlation_std": 0.16904415416621743,
    "eval_precision_mean": 0.6743589743589744,
    "eval_precision_std": 0.37698412204080217,
    "eval_recall_mean": 0.27834498834498833,
    "eval_recall_std": 0.26070864621710355,
    "eval_runtime_mean": 0.69188,
    "eval_runtime_std": 0.000917387595294389,
    "eval_samples_per_second_mean": 59.549,
    "eval_samples_per_second_std": 0.6417563400543863,
    "eval_steps_per_second_mean": 4.3362,
    "eval_steps_per_second_std": 0.00584465567848079
  },
  "cv_fold_metrics": [
    {
      "eval_loss": 0.7190413475036621,
      "eval_accuracy": 0.71875,
      "eval_f1": 0.608695652173913,
      "eval_precision": 0.5384615384615384,
      "eval_recall": 0.7,
      "eval_auc": 0.740909090909091,
      "eval_auprc": 0.6343390134769444,
      "eval_matthews_correlation": 0.4032441137045824,
      "eval_runtime": 0.6905,
      "eval_samples_per_second": 60.828,
      "eval_steps_per_second": 4.345,
      "epoch": 6.0
    },
    {
      "eval_loss": 0.9362624883651733,
      "eval_accuracy": 0.59375,
      "eval_f1": 0.0,
      "eval_precision": 0.0,
      "eval_recall": 0.0,
      "eval_auc": 0.7530364372469636,
      "eval_auprc": 0.7407001523380834,
      "eval_matthews_correlation": 0.0,
      "eval_runtime": 0.6921,
      "eval_samples_per_second": 59.24,
      "eval_steps_per_second": 4.335,
      "epoch": 6.0
    },
    {
      "eval_loss": 0.547478973865509,
      "eval_accuracy": 0.78125,
      "eval_f1": 0.5882352941176471,
      "eval_precision": 0.8333333333333334,
      "eval_recall": 0.45454545454545453,
      "eval_auc": 0.8311688311688312,
      "eval_auprc": 0.7628049980322709,
      "eval_matthews_correlation": 0.49517597397212765,
      "eval_runtime": 0.6932,
      "eval_samples_per_second": 59.143,
      "eval_steps_per_second": 4.328,
      "epoch": 4.0
    },
    {
      "eval_loss": 0.7115455865859985,
      "eval_accuracy": 0.65625,
      "eval_f1": 0.2666666666666667,
      "eval_precision": 1.0,
      "eval_recall": 0.15384615384615385,
      "eval_auc": 0.8947368421052632,
      "eval_auprc": 0.86441856646965,
      "eval_matthews_correlation": 0.31214723679042466,
      "eval_runtime": 0.6913,
      "eval_samples_per_second": 59.312,
      "eval_steps_per_second": 4.34,
      "epoch": 4.0
    },
    {
      "eval_loss": 0.6988168358802795,
      "eval_accuracy": 0.65625,
      "eval_f1": 0.15384615384615385,
      "eval_precision": 1.0,
      "eval_recall": 0.08333333333333333,
      "eval_auc": 0.7333333333333334,
      "eval_auprc": 0.6226170229888766,
      "eval_matthews_correlation": 0.23186944788008415,
      "eval_runtime": 0.6923,
      "eval_samples_per_second": 59.222,
      "eval_steps_per_second": 4.333,
      "epoch": 4.0
    }
  ],
  "test_metrics": {
    "eval_loss": 0.8758400678634644,
    "eval_accuracy": 0.5915178571428571,
    "eval_f1": 0.30418250950570347,
    "eval_precision": 0.8695652173913043,
    "eval_recall": 0.18433179723502305,
    "eval_auc": 0.7703233786183096,
    "eval_auprc": 0.7548905407198714,
    "eval_matthews_correlation": 0.2607253717244197,
    "eval_runtime": 9.6756,
    "eval_samples_per_second": 47.025,
    "eval_steps_per_second": 2.997,
    "epoch": 4.0
  }
}