{
  "experiment": "cross_cell",
  "model_type": "dnabert2",
  "variant": "pretrained",
  "pair_name": "PRPF8_train_K562_test_HepG2_fixlen_101",
  "max_length": 128,
  "n_folds": 5,
  "hyperparameters": {
    "learning_rate": 5e-05,
    "per_device_train_batch_size": 16,
    "weight_decay": 0.01,
    "warmup_ratio": 0.1,
    "num_train_epochs": 10,
    "gradient_accumulation_steps": 1,
    "early_stopping_patience": 3
  },
  "cv_metrics": {
    "epoch_mean": 5.6,
    "epoch_std": 1.0198039027185568,
    "eval_accuracy_mean": 0.791360294117647,
    "eval_accuracy_std": 0.012241107432286551,
    "eval_auc_mean": 0.878776326317001,
    "eval_auc_std": 0.001866887694495899,
    "eval_auprc_mean": 0.8209316104573876,
    "eval_auprc_std": 0.0052898878511116335,
    "eval_f1_mean": 0.7766396361903556,
    "eval_f1_std": 0.02216037191562722,
    "eval_loss_mean": 0.5160731911659241,
    "eval_loss_std": 0.06951534353743057,
    "eval_matthews_correlation_mean": 0.5629946342777963,
    "eval_matthews_correlation_std": 0.0256545605557116,
    "eval_precision_mean": 0.7899562349457051,
    "eval_precision_std": 0.0035840770123912323,
    "eval_recall_mean": 0.7739850349404336,
    "eval_recall_std": 0.02512614115667536,
    "eval_runtime_mean": 2.5838,
    "eval_runtime_std": 0.009778547949465607,
    "eval_samples_per_second_mean": 1263.2703999999999,
    "eval_samples_per_second_std": 4.77931696375121,
    "eval_steps_per_second_mean": 78.9544,
    "eval_steps_per_second_std": 0.2986855202382578
  },
  "cv_fold_metrics": [
    {
      "eval_loss": 0.5125296115875244,
      "eval_accuracy": 0.7962622549019608,
      "eval_f1": 0.786875528439327,
      "eval_matthews_correlation": 0.5738214949173035,
      "eval_precision": 0.787722421680981,
      "eval_recall": 0.7861013629954567,
      "eval_auc": 0.8755236565878113,
      "eval_auprc": 0.8147483508146492,
      "eval_runtime": 2.5923,
      "eval_samples_per_second": 1259.1,
      "eval_steps_per_second": 78.694,
      "epoch": 6.0
    },
    {
      "eval_loss": 0.4327411949634552,
      "eval_accuracy": 0.7947303921568627,
      "eval_f1": 0.7846554396440859,
      "eval_matthews_correlation": 0.5695932365162699,
      "eval_precision": 0.7864649295357171,
      "eval_recall": 0.7831380228732571,
      "eval_auc": 0.8798891587028044,
      "eval_auprc": 0.8206271325350013,
      "eval_runtime": 2.5974,
      "eval_samples_per_second": 1256.643,
      "eval_steps_per_second": 78.54,
      "epoch": 4.0
    },
    {
      "eval_loss": 0.6154525279998779,
      "eval_accuracy": 0.7959558823529411,
      "eval_f1": 0.7872023675506477,
      "eval_matthews_correlation": 0.5744072782159856,
      "eval_precision": 0.7870547823776223,
      "eval_recall": 0.7873525730303403,
      "eval_auc": 0.8794500369240774,
      "eval_auprc": 0.8214221978542239,
      "eval_runtime": 2.5746,
      "eval_samples_per_second": 1267.771,
      "eval_steps_per_second": 79.236,
      "epoch": 7.0
    },
    {
      "eval_loss": 0.4496103823184967,
      "eval_accuracy": 0.7674632352941176,
      "eval_f1": 0.7325703515513045,
      "eval_matthews_correlation": 0.5126315043083768,
      "eval_precision": 0.7934264273700165,
      "eval_recall": 0.7238985949262204,
      "eval_auc": 0.8780812016289689,
      "eval_auprc": 0.8174739645219444,
      "eval_runtime": 2.5825,
      "eval_samples_per_second": 1263.888,
      "eval_steps_per_second": 78.993,
      "epoch": 5.0
    },
    {
      "eval_loss": 0.5700322389602661,
      "eval_accuracy": 0.8023897058823529,
      "eval_f1": 0.7918944937664133,
      "eval_matthews_correlation": 0.5845196574310461,
      "eval_precision": 0.7951126137641886,
      "eval_recall": 0.789434620876893,
      "eval_auc": 0.8809375777413434,
      "eval_auprc": 0.830386406561119,
      "eval_runtime": 2.5722,
      "eval_samples_per_second": 1268.95,
      "eval_steps_per_second": 79.309,
      "epoch": 6.0
    }
  ],
  "test_metrics": {
    "eval_loss": 0.35624948143959045,
    "eval_accuracy": 0.8629269396064239,
    "eval_f1": 0.8626636540901529,
    "eval_matthews_correlation": 0.7322863405315472,
    "eval_precision": 0.8641081473378895,
    "eval_recall": 0.8681895670625132,
    "eval_auc": 0.9493500290956078,
    "eval_auprc": 0.9373486361481957,
    "eval_runtime": 28.0663,
    "eval_samples_per_second": 1102.641,
    "eval_steps_per_second": 68.944,
    "epoch": 7.0
  }
}