{
  "experiment": "cross_cell",
  "model_type": "lamar",
  "variant": "tapt_1024",
  "pair_name": "DDX6_train_K562_test_HepG2_fixlen_101",
  "pretrain_path": "/gpfs/bwfor/work/ws/fr_ml642-thesis_work/Thesis/LAMAR/src/pretrain/saving_model/tapt_1024_standard_collator/checkpoint-134000/model.safetensors",
  "max_length": 1024,
  "n_folds": 5,
  "hyperparameters": {
    "learning_rate": 5e-05,
    "per_device_train_batch_size": 16,
    "weight_decay": 0.01,
    "warmup_ratio": 0.1,
    "num_train_epochs": 10,
    "gradient_accumulation_steps": 1,
    "early_stopping_patience": 3
  },
  "cv_metrics": {
    "epoch_mean": 9.0,
    "epoch_std": 0.8944271909999159,
    "eval_accuracy_mean": 0.7361842105263158,
    "eval_accuracy_std": 0.017517798625913614,
    "eval_auc_mean": 0.8239112967803685,
    "eval_auc_std": 0.023929909848921686,
    "eval_auprc_mean": 0.8145966774315978,
    "eval_auprc_std": 0.021052582997746948,
    "eval_f1_mean": 0.7164404238760441,
    "eval_f1_std": 0.02999044211450067,
    "eval_loss_mean": 0.5413115739822387,
    "eval_loss_std": 0.025196590431219856,
    "eval_matthews_correlation_mean": 0.47853234754471263,
    "eval_matthews_correlation_std": 0.03699797474776171,
    "eval_precision_mean": 0.7442595179752584,
    "eval_precision_std": 0.04581355135953992,
    "eval_recall_mean": 0.7012592624368212,
    "eval_recall_std": 0.09160627570260155,
    "eval_runtime_mean": 13.03688,
    "eval_runtime_std": 0.00861566016042877,
    "eval_samples_per_second_mean": 47.60359999999999,
    "eval_samples_per_second_std": 0.042935300161987516,
    "eval_steps_per_second_mean": 2.9916,
    "eval_steps_per_second_std": 0.0023323807579381907
  },
  "cv_fold_metrics": [
    {
      "eval_loss": 0.5451397895812988,
      "eval_accuracy": 0.7335526315789473,
      "eval_f1": 0.7596439169139466,
      "eval_precision": 0.6719160104986877,
      "eval_recall": 0.8737201365187713,
      "eval_auc": 0.8379652202177799,
      "eval_auprc": 0.825707961206024,
      "eval_matthews_correlation": 0.49264740861030254,
      "eval_runtime": 13.0458,
      "eval_samples_per_second": 47.602,
      "eval_steps_per_second": 2.989,
      "epoch": 9.0
    },
    {
      "eval_loss": 0.5462274551391602,
      "eval_accuracy": 0.7286184210526315,
      "eval_f1": 0.6994535519125683,
      "eval_precision": 0.7470817120622568,
      "eval_recall": 0.6575342465753424,
      "eval_auc": 0.803927518640541,
      "eval_auprc": 0.7956583531557438,
      "eval_matthews_correlation": 0.4569804722766497,
      "eval_runtime": 13.0235,
      "eval_samples_per_second": 47.683,
      "eval_steps_per_second": 2.995,
      "epoch": 8.0
    },
    {
      "eval_loss": 0.5139660835266113,
      "eval_accuracy": 0.7516447368421053,
      "eval_f1": 0.710172744721689,
      "eval_precision": 0.8114035087719298,
      "eval_recall": 0.6313993174061433,
      "eval_auc": 0.8531773118803836,
      "eval_auprc": 0.8453388145987114,
      "eval_matthews_correlation": 0.5107869057518638,
      "eval_runtime": 13.0463,
      "eval_samples_per_second": 47.6,
      "eval_steps_per_second": 2.989,
      "epoch": 8.0
    },
    {
      "eval_loss": 0.5838894248008728,
      "eval_accuracy": 0.7088815789473685,
      "eval_f1": 0.6740331491712707,
      "eval_precision": 0.7261904761904762,
      "eval_recall": 0.6288659793814433,
      "eval_auc": 0.7883942025214912,
      "eval_auprc": 0.7869171428502801,
      "eval_matthews_correlation": 0.4169695557249001,
      "eval_runtime": 13.0368,
      "eval_samples_per_second": 47.558,
      "eval_steps_per_second": 2.992,
      "epoch": 10.0
    },
    {
      "eval_loss": 0.5173351168632507,
      "eval_accuracy": 0.7582236842105263,
      "eval_f1": 0.7388987566607459,
      "eval_precision": 0.7647058823529411,
      "eval_recall": 0.7147766323024055,
      "eval_auc": 0.836092230641647,
      "eval_auprc": 0.8193611153472291,
      "eval_matthews_correlation": 0.515277395359847,
      "eval_runtime": 13.032,
      "eval_samples_per_second": 47.575,
      "eval_steps_per_second": 2.993,
      "epoch": 10.0
    }
  ],
  "test_metrics": {
    "eval_loss": 0.5920833945274353,
    "eval_accuracy": 0.7048611111111112,
    "eval_f1": 0.5750000000000001,
    "eval_precision": 0.6804733727810651,
    "eval_recall": 0.49783549783549785,
    "eval_auc": 0.7659200702678963,
    "eval_auprc": 0.6763065756195235,
    "eval_matthews_correlation": 0.3673912223882807,
    "eval_runtime": 12.3444,
    "eval_samples_per_second": 47.39,
    "eval_steps_per_second": 2.997,
    "epoch": 10.0
  }
}