{
  "experiment": "cross_length",
  "model_type": "lamar",
  "variant": "random",
  "pair_name": "ADAR_K562_ENCSR202LKI",
  "pretrain_path": "",
  "max_length": 1024,
  "n_folds": 5,
  "hyperparameters": {
    "learning_rate": 5e-05,
    "per_device_train_batch_size": 16,
    "weight_decay": 0.01,
    "warmup_ratio": 0.1,
    "num_train_epochs": 10,
    "gradient_accumulation_steps": 1,
    "early_stopping_patience": 3
  },
  "cv_metrics": {
    "epoch_mean": 5.6,
    "epoch_std": 2.33238075793812,
    "eval_accuracy_mean": 0.6475,
    "eval_accuracy_std": 0.09334077351297236,
    "eval_auc_mean": 0.7675836155459873,
    "eval_auc_std": 0.05314385179483938,
    "eval_auprc_mean": 0.6446999237157366,
    "eval_auprc_std": 0.06497857731878971,
    "eval_f1_mean": 0.48111316682084493,
    "eval_f1_std": 0.25354945331309536,
    "eval_loss_mean": 0.6786297082901,
    "eval_loss_std": 0.11119908305416634,
    "eval_matthews_correlation_mean": 0.286648303098542,
    "eval_matthews_correlation_std": 0.18342400806221182,
    "eval_precision_mean": 0.44629065040650406,
    "eval_precision_std": 0.2438348695361107,
    "eval_recall_mean": 0.5805974892737964,
    "eval_recall_std": 0.34123642009453026,
    "eval_runtime_mean": 1.7232399999999999,
    "eval_runtime_std": 0.0011603447763487978,
    "eval_samples_per_second_mean": 54.54879999999999,
    "eval_samples_per_second_std": 0.03654257790578054,
    "eval_steps_per_second_mean": 3.4818,
    "eval_steps_per_second_std": 0.002315167380557997
  },
  "cv_fold_metrics": [
    {
      "eval_loss": 0.7716140151023865,
      "eval_accuracy": 0.5,
      "eval_f1": 0.5652173913043478,
      "eval_precision": 0.40625,
      "eval_recall": 0.9285714285714286,
      "eval_auc": 0.7726648351648351,
      "eval_auprc": 0.708929178284184,
      "eval_matthews_correlation": 0.23586408826243163,
      "eval_runtime": 1.7236,
      "eval_samples_per_second": 54.538,
      "eval_steps_per_second": 3.481,
      "epoch": 4.0
    },
    {
      "eval_loss": 0.7130101919174194,
      "eval_accuracy": 0.6375,
      "eval_f1": 0.5797101449275363,
      "eval_precision": 0.5,
      "eval_recall": 0.6896551724137931,
      "eval_auc": 0.6896551724137931,
      "eval_auprc": 0.5498565918023472,
      "eval_matthews_correlation": 0.2860280321207891,
      "eval_runtime": 1.7223,
      "eval_samples_per_second": 54.579,
      "eval_steps_per_second": 3.484,
      "epoch": 10.0
    },
    {
      "eval_loss": 0.5697928667068481,
      "eval_accuracy": 0.7125,
      "eval_f1": 0.5106382978723404,
      "eval_precision": 0.6666666666666666,
      "eval_recall": 0.41379310344827586,
      "eval_auc": 0.7383367139959433,
      "eval_auprc": 0.6391612900757644,
      "eval_matthews_correlation": 0.34092427546309295,
      "eval_runtime": 1.7244,
      "eval_samples_per_second": 54.511,
      "eval_steps_per_second": 3.479,
      "epoch": 4.0
    },
    {
      "eval_loss": 0.5279780030250549,
      "eval_accuracy": 0.775,
      "eval_f1": 0.75,
      "eval_precision": 0.6585365853658537,
      "eval_recall": 0.8709677419354839,
      "eval_auc": 0.8499012508229098,
      "eval_auprc": 0.7232173127973072,
      "eval_matthews_correlation": 0.5704251196463963,
      "eval_runtime": 1.7215,
      "eval_samples_per_second": 54.603,
      "eval_steps_per_second": 3.485,
      "epoch": 6.0
    },
    {
      "eval_loss": 0.8107534646987915,
      "eval_accuracy": 0.6125,
      "eval_f1": 0.0,
      "eval_precision": 0.0,
      "eval_recall": 0.0,
      "eval_auc": 0.7873601053324555,
      "eval_auprc": 0.6023352456190799,
      "eval_matthews_correlation": 0.0,
      "eval_runtime": 1.7244,
      "eval_samples_per_second": 54.513,
      "eval_steps_per_second": 3.48,
      "epoch": 4.0
    }
  ],
  "test_metrics": {
    "eval_loss": 0.6003411412239075,
    "eval_accuracy": 0.7191780821917808,
    "eval_f1": 0.7609329446064139,
    "eval_precision": 0.6500622665006227,
    "eval_recall": 0.9173989455184535,
    "eval_auc": 0.7620433587320401,
    "eval_auprc": 0.6698629781451431,
    "eval_matthews_correlation": 0.4834130154406311,
    "eval_runtime": 25.2083,
    "eval_samples_per_second": 46.493,
    "eval_steps_per_second": 2.936,
    "epoch": 4.0
  }
}