{
  "experiment": "rbp",
  "model_type": "lamar",
  "variant": "lamar_tapt_512_std",
  "rbp_name": "HNRNPK_K562_200",
  "weights_path": "/gpfs/bwfor/work/ws/fr_ml642-thesis_work/Thesis/LAMAR/src/pretrain/saving_model/tapt_512_standard_collator_1gpu/checkpoint-265000",
  "max_length": 512,
  "n_folds": 5,
  "hyperparameters": {
    "learning_rate": 5e-05,
    "per_device_train_batch_size": 16,
    "weight_decay": 0.01,
    "warmup_ratio": 0.1,
    "num_train_epochs": 10,
    "gradient_accumulation_steps": 1,
    "early_stopping_patience": 3
  },
  "cv_metrics": {
    "epoch_mean": 7.8,
    "epoch_std": 1.9390719429665315,
    "eval_accuracy_mean": 0.9567685589519652,
    "eval_accuracy_std": 0.00930448722823689,
    "eval_auc_mean": 0.9929329955991963,
    "eval_auc_std": 0.003479053065906474,
    "eval_auprc_mean": 0.99290721357349,
    "eval_auprc_std": 0.0038160118221005415,
    "eval_f1_mean": 0.957124397471848,
    "eval_f1_std": 0.00915969326850599,
    "eval_loss_mean": 0.15951442569494248,
    "eval_loss_std": 0.06859515764554833,
    "eval_matthews_correlation_mean": 0.9138803361639989,
    "eval_matthews_correlation_std": 0.018493428972411567,
    "eval_precision_mean": 0.9482719926779584,
    "eval_precision_std": 0.01266009431967957,
    "eval_recall_mean": 0.9663277689125014,
    "eval_recall_std": 0.013319135199202118,
    "eval_runtime_mean": 7.538499999999999,
    "eval_runtime_std": 0.006958735517319232,
    "eval_samples_per_second_mean": 121.5094,
    "eval_samples_per_second_std": 0.11269356680840194,
    "eval_steps_per_second_mean": 7.6938,
    "eval_steps_per_second_std": 0.006910861017268372
  },
  "cv_fold_metrics": [
    {
      "eval_loss": 0.09868147224187851,
      "eval_accuracy": 0.9606986899563319,
      "eval_f1": 0.9612068965517241,
      "eval_precision": 0.9469214437367304,
      "eval_recall": 0.975929978118162,
      "eval_matthews_correlation": 0.9218329709246202,
      "eval_auc": 0.9961909392981604,
      "eval_auprc": 0.9963113486375219,
      "eval_runtime": 7.545,
      "eval_samples_per_second": 121.404,
      "eval_steps_per_second": 7.687,
      "epoch": 5.0
    },
    {
      "eval_loss": 0.1796228140592575,
      "eval_accuracy": 0.9519650655021834,
      "eval_f1": 0.9514348785871964,
      "eval_precision": 0.9599109131403119,
      "eval_recall": 0.9431072210065645,
      "eval_matthews_correlation": 0.9040639483919362,
      "eval_auc": 0.9923103693215677,
      "eval_auprc": 0.992514303657367,
      "eval_runtime": 7.5361,
      "eval_samples_per_second": 121.549,
      "eval_steps_per_second": 7.696,
      "epoch": 7.0
    },
    {
      "eval_loss": 0.09016634523868561,
      "eval_accuracy": 0.962882096069869,
      "eval_f1": 0.9631236442516269,
      "eval_precision": 0.9548387096774194,
      "eval_recall": 0.9715536105032823,
      "eval_matthews_correlation": 0.9259079201836413,
      "eval_auc": 0.9959430404790168,
      "eval_auprc": 0.9959997366915047,
      "eval_runtime": 7.5272,
      "eval_samples_per_second": 121.692,
      "eval_steps_per_second": 7.705,
      "epoch": 7.0
    },
    {
      "eval_loss": 0.14915069937705994,
      "eval_accuracy": 0.9672489082969432,
      "eval_f1": 0.9676724137931034,
      "eval_precision": 0.9553191489361702,
      "eval_recall": 0.980349344978166,
      "eval_matthews_correlation": 0.9348187415603947,
      "eval_auc": 0.993611868576114,
      "eval_auprc": 0.993909698003443,
      "eval_runtime": 7.5466,
      "eval_samples_per_second": 121.378,
      "eval_steps_per_second": 7.686,
      "epoch": 10.0
    },
    {
      "eval_loss": 0.2799507975578308,
      "eval_accuracy": 0.9410480349344978,
      "eval_f1": 0.9421841541755889,
      "eval_precision": 0.9243697478991597,
      "eval_recall": 0.9606986899563319,
      "eval_matthews_correlation": 0.8827780997594019,
      "eval_auc": 0.9866087603211228,
      "eval_auprc": 0.9858009808776136,
      "eval_runtime": 7.5376,
      "eval_samples_per_second": 121.524,
      "eval_steps_per_second": 7.695,
      "epoch": 10.0
    }
  ],
  "test_metrics": {
    "eval_loss": 0.13200770318508148,
    "eval_accuracy": 0.9511343804537522,
    "eval_f1": 0.9516407599309153,
    "eval_precision": 0.9467353951890034,
    "eval_recall": 0.9565972222222222,
    "eval_matthews_correlation": 0.9023102002567006,
    "eval_auc": 0.9897995857699804,
    "eval_auprc": 0.9892441661166708,
    "eval_runtime": 9.4189,
    "eval_samples_per_second": 121.67,
    "eval_steps_per_second": 7.644,
    "epoch": 4.0
  }
}