{
  "experiment": "cross_length",
  "model_type": "lamar",
  "variant": "tapt_1024",
  "pair_name": "EIF4E_K562_ENCSR391BBA",
  "pretrain_path": "/gpfs/bwfor/work/ws/fr_ml642-thesis_work/Thesis/LAMAR/src/pretrain/saving_model/tapt_1024_standard_collator/checkpoint-134000/model.safetensors",
  "max_length": 1024,
  "n_folds": 5,
  "hyperparameters": {
    "learning_rate": 5e-05,
    "per_device_train_batch_size": 16,
    "weight_decay": 0.01,
    "warmup_ratio": 0.1,
    "num_train_epochs": 10,
    "gradient_accumulation_steps": 1,
    "early_stopping_patience": 3
  },
  "cv_metrics": {
    "epoch_mean": 6.6,
    "epoch_std": 1.624807680927192,
    "eval_accuracy_mean": 0.9392857142857143,
    "eval_accuracy_std": 0.01830780535622583,
    "eval_auc_mean": 0.9794730263833143,
    "eval_auc_std": 0.007009392731966826,
    "eval_auprc_mean": 0.9677253137071163,
    "eval_auprc_std": 0.010811128442096246,
    "eval_f1_mean": 0.9015873479994208,
    "eval_f1_std": 0.02384773001511408,
    "eval_loss_mean": 0.21243190467357637,
    "eval_loss_std": 0.05437572270863832,
    "eval_matthews_correlation_mean": 0.8609880564528494,
    "eval_matthews_correlation_std": 0.0351478516702207,
    "eval_precision_mean": 0.9191479231931428,
    "eval_precision_std": 0.06769266134058724,
    "eval_recall_mean": 0.8902450300508553,
    "eval_recall_std": 0.037675898761846204,
    "eval_runtime_mean": 7.2417,
    "eval_runtime_std": 0.010962663909835151,
    "eval_samples_per_second_mean": 47.9996,
    "eval_samples_per_second_std": 0.050281606975115904,
    "eval_steps_per_second_mean": 3.0378,
    "eval_steps_per_second_std": 0.004578209256903765
  },
  "cv_fold_metrics": [
    {
      "eval_loss": 0.22188207507133484,
      "eval_accuracy": 0.9434523809523809,
      "eval_f1": 0.9035532994923857,
      "eval_precision": 0.9468085106382979,
      "eval_recall": 0.8640776699029126,
      "eval_auc": 0.9752073003041793,
      "eval_auprc": 0.9526848301391638,
      "eval_matthews_correlation": 0.8654777819535017,
      "eval_runtime": 7.2553,
      "eval_samples_per_second": 47.965,
      "eval_steps_per_second": 3.032,
      "epoch": 9.0
    },
    {
      "eval_loss": 0.12413868308067322,
      "eval_accuracy": 0.9583333333333334,
      "eval_f1": 0.9320388349514563,
      "eval_precision": 0.9504950495049505,
      "eval_recall": 0.9142857142857143,
      "eval_auc": 0.9924551638837352,
      "eval_auprc": 0.984607529465064,
      "eval_matthews_correlation": 0.9023659568318311,
      "eval_runtime": 7.2462,
      "eval_samples_per_second": 48.025,
      "eval_steps_per_second": 3.036,
      "epoch": 7.0
    },
    {
      "eval_loss": 0.2949238419532776,
      "eval_accuracy": 0.9047619047619048,
      "eval_f1": 0.8596491228070177,
      "eval_precision": 0.784,
      "eval_recall": 0.9514563106796117,
      "eval_auc": 0.975790657944081,
      "eval_auprc": 0.9710323224232323,
      "eval_matthews_correlation": 0.7970517998147891,
      "eval_runtime": 7.2436,
      "eval_samples_per_second": 48.042,
      "eval_steps_per_second": 3.037,
      "epoch": 4.0
    },
    {
      "eval_loss": 0.2040112316608429,
      "eval_accuracy": 0.9494047619047619,
      "eval_f1": 0.9137055837563451,
      "eval_precision": 0.9574468085106383,
      "eval_recall": 0.8737864077669902,
      "eval_auc": 0.9809992083003458,
      "eval_auprc": 0.9700999867472103,
      "eval_matthews_correlation": 0.8798581862031495,
      "eval_runtime": 7.2415,
      "eval_samples_per_second": 47.918,
      "eval_steps_per_second": 3.038,
      "epoch": 7.0
    },
    {
      "eval_loss": 0.21720369160175323,
      "eval_accuracy": 0.9404761904761905,
      "eval_f1": 0.8989898989898989,
      "eval_precision": 0.956989247311828,
      "eval_recall": 0.8476190476190476,
      "eval_auc": 0.9729128014842301,
      "eval_auprc": 0.9602018997609115,
      "eval_matthews_correlation": 0.8601865574609758,
      "eval_runtime": 7.2219,
      "eval_samples_per_second": 48.048,
      "eval_steps_per_second": 3.046,
      "epoch": 6.0
    }
  ],
  "test_metrics": {
    "eval_loss": 0.21055275201797485,
    "eval_accuracy": 0.9483240223463687,
    "eval_f1": 0.9432950191570881,
    "eval_precision": 0.9754358161648178,
    "eval_recall": 0.9132047477744807,
    "eval_auc": 0.9769496292758548,
    "eval_auprc": 0.977387915419053,
    "eval_matthews_correlation": 0.8975661959659152,
    "eval_runtime": 61.824,
    "eval_samples_per_second": 46.454,
    "eval_steps_per_second": 2.911,
    "epoch": 10.0
  }
}