{
  "experiment": "cross_length",
  "model_type": "lamar",
  "variant": "pretrained_custom",
  "pair_name": "BUD13_HepG2_ENCSR830BSQ",
  "pretrain_path": "/gpfs/bwfor/work/ws/fr_ml642-thesis_work/Thesis/LAMAR/src/pretrain/saving_model/tapt_512_standard_collator_1gpu/checkpoint-265000/model.safetensors",
  "max_length": 512,
  "n_folds": 5,
  "hyperparameters": {
    "learning_rate": 5e-05,
    "per_device_train_batch_size": 16,
    "weight_decay": 0.01,
    "warmup_ratio": 0.1,
    "num_train_epochs": 10,
    "gradient_accumulation_steps": 1,
    "early_stopping_patience": 3
  },
  "cv_metrics": {
    "epoch_mean": 7.6,
    "epoch_std": 1.3564659966250536,
    "eval_accuracy_mean": 0.8105769230769232,
    "eval_accuracy_std": 0.025204619552996785,
    "eval_auc_mean": 0.8721790856733582,
    "eval_auc_std": 0.029351453043848747,
    "eval_auprc_mean": 0.7326822682784166,
    "eval_auprc_std": 0.055153851973908145,
    "eval_f1_mean": 0.6587705207000641,
    "eval_f1_std": 0.09818838082650913,
    "eval_loss_mean": 0.43427578210830686,
    "eval_loss_std": 0.0572586148564767,
    "eval_matthews_correlation_mean": 0.5399881685150232,
    "eval_matthews_correlation_std": 0.08538061652529637,
    "eval_precision_mean": 0.6868763636433632,
    "eval_precision_std": 0.032855301275751855,
    "eval_recall_mean": 0.6600577998820911,
    "eval_recall_std": 0.1594804185339148,
    "eval_runtime_mean": 4.66102,
    "eval_runtime_std": 0.0029232858224947983,
    "eval_samples_per_second_mean": 134.4774,
    "eval_samples_per_second_std": 0.16665365282525826,
    "eval_steps_per_second_mean": 8.581999999999999,
    "eval_steps_per_second_std": 0.005477225575051869
  },
  "cv_fold_metrics": [
    {
      "eval_loss": 0.37191829085350037,
      "eval_accuracy": 0.8397435897435898,
      "eval_f1": 0.7340425531914893,
      "eval_precision": 0.711340206185567,
      "eval_recall": 0.7582417582417582,
      "eval_auc": 0.8998682313161951,
      "eval_auprc": 0.8019547783085874,
      "eval_matthews_correlation": 0.6201774713261987,
      "eval_runtime": 4.661,
      "eval_samples_per_second": 134.521,
      "eval_steps_per_second": 8.582,
      "epoch": 7.0
    },
    {
      "eval_loss": 0.47045332193374634,
      "eval_accuracy": 0.7676282051282052,
      "eval_f1": 0.46494464944649444,
      "eval_precision": 0.7159090909090909,
      "eval_recall": 0.3442622950819672,
      "eval_auc": 0.821815793712749,
      "eval_auprc": 0.6575058346038717,
      "eval_matthews_correlation": 0.3761569975303149,
      "eval_runtime": 4.6582,
      "eval_samples_per_second": 134.602,
      "eval_steps_per_second": 8.587,
      "epoch": 7.0
    },
    {
      "eval_loss": 0.528505265712738,
      "eval_accuracy": 0.8012820512820513,
      "eval_f1": 0.693069306930693,
      "eval_precision": 0.6306306306306306,
      "eval_recall": 0.7692307692307693,
      "eval_auc": 0.8579633036646611,
      "eval_auprc": 0.7157992268055977,
      "eval_matthews_correlation": 0.5541849806790092,
      "eval_runtime": 4.6584,
      "eval_samples_per_second": 134.596,
      "eval_steps_per_second": 8.587,
      "epoch": 10.0
    },
    {
      "eval_loss": 0.39957693219184875,
      "eval_accuracy": 0.8141025641025641,
      "eval_f1": 0.6898395721925134,
      "eval_precision": 0.6683937823834197,
      "eval_recall": 0.712707182320442,
      "eval_auc": 0.8828180537021563,
      "eval_auprc": 0.6981687789651048,
      "eval_matthews_correlation": 0.5578968013445049,
      "eval_runtime": 4.6612,
      "eval_samples_per_second": 134.516,
      "eval_steps_per_second": 8.582,
      "epoch": 6.0
    },
    {
      "eval_loss": 0.4009250998497009,
      "eval_accuracy": 0.8301282051282052,
      "eval_f1": 0.7119565217391304,
      "eval_precision": 0.7081081081081081,
      "eval_recall": 0.7158469945355191,
      "eval_auc": 0.8984300459710295,
      "eval_auprc": 0.7899827227089224,
      "eval_matthews_correlation": 0.5915245916950881,
      "eval_runtime": 4.6663,
      "eval_samples_per_second": 134.152,
      "eval_steps_per_second": 8.572,
      "epoch": 8.0
    }
  ],
  "test_metrics": {
    "eval_loss": 0.6829712390899658,
    "eval_accuracy": 0.7139668367346939,
    "eval_f1": 0.6218381112984823,
    "eval_precision": 0.832392776523702,
    "eval_recall": 0.49629878869448185,
    "eval_auc": 0.8075489416370978,
    "eval_auprc": 0.7796473481855717,
    "eval_matthews_correlation": 0.4505975067773001,
    "eval_runtime": 46.7447,
    "eval_samples_per_second": 134.304,
    "eval_steps_per_second": 8.407,
    "epoch": 9.0
  }
}