{
  "experiment": "cross_length",
  "model_type": "lamar",
  "variant": "pretrained_custom",
  "pair_name": "FUS_HepG2_ENCSR464OSH",
  "pretrain_path": "/gpfs/bwfor/work/ws/fr_ml642-thesis_work/Thesis/LAMAR/src/pretrain/saving_model/tapt_512_standard_collator_1gpu/checkpoint-265000/model.safetensors",
  "max_length": 512,
  "n_folds": 5,
  "hyperparameters": {
    "learning_rate": 5e-05,
    "per_device_train_batch_size": 16,
    "weight_decay": 0.01,
    "warmup_ratio": 0.1,
    "num_train_epochs": 10,
    "gradient_accumulation_steps": 1,
    "early_stopping_patience": 3
  },
  "cv_metrics": {
    "epoch_mean": 6.8,
    "epoch_std": 0.39999999999999997,
    "eval_accuracy_mean": 0.84375,
    "eval_accuracy_std": 0.01976423537605238,
    "eval_auc_mean": 0.9245900424091593,
    "eval_auc_std": 0.01904739947544119,
    "eval_auprc_mean": 0.8606006680553406,
    "eval_auprc_std": 0.07055835099784812,
    "eval_f1_mean": 0.7799813169286854,
    "eval_f1_std": 0.052134556746668115,
    "eval_loss_mean": 0.3649244248867035,
    "eval_loss_std": 0.019859350451951745,
    "eval_matthews_correlation_mean": 0.6686513598937596,
    "eval_matthews_correlation_std": 0.061493768269664045,
    "eval_precision_mean": 0.7546893756649855,
    "eval_precision_std": 0.06115332584924601,
    "eval_recall_mean": 0.8222338935574228,
    "eval_recall_std": 0.11603093729095851,
    "eval_runtime_mean": 0.3277,
    "eval_runtime_std": 0.0011593101396951719,
    "eval_samples_per_second_mean": 338.74539999999996,
    "eval_samples_per_second_std": 1.2150306333586818,
    "eval_steps_per_second_mean": 21.3622,
    "eval_steps_per_second_std": 0.07636072288814487
  },
  "cv_fold_metrics": [
    {
      "eval_loss": 0.35288819670677185,
      "eval_accuracy": 0.8333333333333334,
      "eval_f1": 0.7894736842105263,
      "eval_precision": 0.6818181818181818,
      "eval_recall": 0.9375,
      "eval_auc": 0.95068359375,
      "eval_auprc": 0.889346095932076,
      "eval_matthews_correlation": 0.680009255387445,
      "eval_runtime": 0.3278,
      "eval_samples_per_second": 338.662,
      "eval_steps_per_second": 21.357,
      "epoch": 7.0
    },
    {
      "eval_loss": 0.4041081666946411,
      "eval_accuracy": 0.8125,
      "eval_f1": 0.6785714285714285,
      "eval_precision": 0.7307692307692307,
      "eval_recall": 0.6333333333333333,
      "eval_auc": 0.8924242424242423,
      "eval_auprc": 0.7211606639088195,
      "eval_matthews_correlation": 0.5499614008796821,
      "eval_runtime": 0.3299,
      "eval_samples_per_second": 336.435,
      "eval_steps_per_second": 21.217,
      "epoch": 6.0
    },
    {
      "eval_loss": 0.36081865429878235,
      "eval_accuracy": 0.8645833333333334,
      "eval_f1": 0.8,
      "eval_precision": 0.8666666666666667,
      "eval_recall": 0.7428571428571429,
      "eval_auc": 0.921311475409836,
      "eval_auprc": 0.908338200697019,
      "eval_matthews_correlation": 0.7032937503008704,
      "eval_runtime": 0.3268,
      "eval_samples_per_second": 339.683,
      "eval_steps_per_second": 21.421,
      "epoch": 7.0
    },
    {
      "eval_loss": 0.3555731475353241,
      "eval_accuracy": 0.8645833333333334,
      "eval_f1": 0.8266666666666665,
      "eval_precision": 0.7560975609756098,
      "eval_recall": 0.9117647058823529,
      "eval_auc": 0.924573055028463,
      "eval_auprc": 0.8786269892396049,
      "eval_matthews_correlation": 0.7256010504589866,
      "eval_runtime": 0.3268,
      "eval_samples_per_second": 339.694,
      "eval_steps_per_second": 21.422,
      "epoch": 7.0
    },
    {
      "eval_loss": 0.35123395919799805,
      "eval_accuracy": 0.84375,
      "eval_f1": 0.8051948051948051,
      "eval_precision": 0.7380952380952381,
      "eval_recall": 0.8857142857142857,
      "eval_auc": 0.9339578454332551,
      "eval_auprc": 0.9055313904991839,
      "eval_matthews_correlation": 0.6843913424418139,
      "eval_runtime": 0.3272,
      "eval_samples_per_second": 339.253,
      "eval_steps_per_second": 21.394,
      "epoch": 7.0
    }
  ],
  "test_metrics": {
    "eval_loss": 0.4602399468421936,
    "eval_accuracy": 0.8085443037974683,
    "eval_f1": 0.8051529790660226,
    "eval_precision": 0.7936507936507936,
    "eval_recall": 0.8169934640522876,
    "eval_auc": 0.8807891254661373,
    "eval_auprc": 0.8659671597627983,
    "eval_matthews_correlation": 0.6173007256859002,
    "eval_runtime": 4.2482,
    "eval_samples_per_second": 300.836,
    "eval_steps_per_second": 18.832,
    "epoch": 8.0
  }
}