{
  "experiment": "cross_length",
  "model_type": "lamar",
  "variant": "pretrained_custom",
  "pair_name": "FTO_K562_ENCSR989SMC",
  "pretrain_path": "/gpfs/bwfor/work/ws/fr_ml642-thesis_work/Thesis/LAMAR/src/pretrain/saving_model/tapt_512_standard_collator_1gpu/checkpoint-265000/model.safetensors",
  "max_length": 512,
  "n_folds": 5,
  "hyperparameters": {
    "learning_rate": 5e-05,
    "per_device_train_batch_size": 16,
    "weight_decay": 0.01,
    "warmup_ratio": 0.1,
    "num_train_epochs": 10,
    "gradient_accumulation_steps": 1,
    "early_stopping_patience": 3
  },
  "cv_metrics": {
    "epoch_mean": 8.2,
    "epoch_std": 1.6,
    "eval_accuracy_mean": 0.8354166666666668,
    "eval_accuracy_std": 0.02825970826302195,
    "eval_auc_mean": 0.8924813761677693,
    "eval_auc_std": 0.01470015113079438,
    "eval_auprc_mean": 0.8185486952144023,
    "eval_auprc_std": 0.025376494598358668,
    "eval_f1_mean": 0.7576387121650279,
    "eval_f1_std": 0.030436632149815027,
    "eval_loss_mean": 0.4171311855316162,
    "eval_loss_std": 0.05034164970917232,
    "eval_matthews_correlation_mean": 0.6447870548287206,
    "eval_matthews_correlation_std": 0.05301371125935632,
    "eval_precision_mean": 0.8331387608806964,
    "eval_precision_std": 0.07480518847627134,
    "eval_recall_mean": 0.7039321674615792,
    "eval_recall_std": 0.06704466261499066,
    "eval_runtime_mean": 0.7251,
    "eval_runtime_std": 0.0006000000000000153,
    "eval_samples_per_second_mean": 144.53019999999998,
    "eval_samples_per_second_std": 0.4655600498324617,
    "eval_steps_per_second_mean": 9.653799999999999,
    "eval_steps_per_second_std": 0.007884161337770765
  },
  "cv_fold_metrics": [
    {
      "eval_loss": 0.3906371593475342,
      "eval_accuracy": 0.8645833333333334,
      "eval_f1": 0.7719298245614035,
      "eval_precision": 0.9166666666666666,
      "eval_recall": 0.6666666666666666,
      "eval_auc": 0.8888888888888888,
      "eval_auprc": 0.8508391524859034,
      "eval_matthews_correlation": 0.6964257450311208,
      "eval_runtime": 0.7256,
      "eval_samples_per_second": 144.713,
      "eval_steps_per_second": 9.648,
      "epoch": 10.0
    },
    {
      "eval_loss": 0.3917384147644043,
      "eval_accuracy": 0.84375,
      "eval_f1": 0.761904761904762,
      "eval_precision": 0.8888888888888888,
      "eval_recall": 0.6666666666666666,
      "eval_auc": 0.8912037037037037,
      "eval_auprc": 0.8228945696390066,
      "eval_matthews_correlation": 0.6640043458717374,
      "eval_runtime": 0.725,
      "eval_samples_per_second": 144.823,
      "eval_steps_per_second": 9.655,
      "epoch": 8.0
    },
    {
      "eval_loss": 0.4765554964542389,
      "eval_accuracy": 0.8020833333333334,
      "eval_f1": 0.7076923076923075,
      "eval_precision": 0.8214285714285714,
      "eval_recall": 0.6216216216216216,
      "eval_auc": 0.8772331653687586,
      "eval_auprc": 0.8267732886550977,
      "eval_matthews_correlation": 0.5748668582803093,
      "eval_runtime": 0.7259,
      "eval_samples_per_second": 144.643,
      "eval_steps_per_second": 9.643,
      "epoch": 10.0
    },
    {
      "eval_loss": 0.3510526120662689,
      "eval_accuracy": 0.8645833333333334,
      "eval_f1": 0.7999999999999999,
      "eval_precision": 0.8387096774193549,
      "eval_recall": 0.7647058823529411,
      "eval_auc": 0.920303605313093,
      "eval_auprc": 0.8194031730137162,
      "eval_matthews_correlation": 0.6996686772691141,
      "eval_runtime": 0.7248,
      "eval_samples_per_second": 144.86,
      "eval_steps_per_second": 9.657,
      "epoch": 6.0
    },
    {
      "eval_loss": 0.47567224502563477,
      "eval_accuracy": 0.8020833333333334,
      "eval_f1": 0.7466666666666666,
      "eval_precision": 0.7,
      "eval_recall": 0.8,
      "eval_auc": 0.8847775175644028,
      "eval_auprc": 0.7728332922782877,
      "eval_matthews_correlation": 0.5889696476913215,
      "eval_runtime": 0.7242,
      "eval_samples_per_second": 143.612,
      "eval_steps_per_second": 9.666,
      "epoch": 7.0
    }
  ],
  "test_metrics": {
    "eval_loss": 0.3415350019931793,
    "eval_accuracy": 0.8654513888888888,
    "eval_f1": 0.8522402287893232,
    "eval_precision": 0.9141104294478528,
    "eval_recall": 0.7982142857142858,
    "eval_auc": 0.9338501447876448,
    "eval_auprc": 0.9423199829145443,
    "eval_matthews_correlation": 0.7354249419816247,
    "eval_runtime": 8.6379,
    "eval_samples_per_second": 134.64,
    "eval_steps_per_second": 8.451,
    "epoch": 7.0
  }
}