{
  "experiment": "cross_length",
  "model_type": "lamar",
  "variant": "random",
  "pair_name": "DROSHA_K562_ENCSR653HQC",
  "pretrain_path": "",
  "max_length": 1024,
  "n_folds": 5,
  "hyperparameters": {
    "learning_rate": 5e-05,
    "per_device_train_batch_size": 16,
    "weight_decay": 0.01,
    "warmup_ratio": 0.1,
    "num_train_epochs": 10,
    "gradient_accumulation_steps": 1,
    "early_stopping_patience": 3
  },
  "cv_metrics": {
    "epoch_mean": 9.6,
    "epoch_std": 0.7999999999999999,
    "eval_accuracy_mean": 0.8583333333333334,
    "eval_accuracy_std": 0.014341580852821778,
    "eval_auc_mean": 0.9078790062712768,
    "eval_auc_std": 0.007931838909148812,
    "eval_auprc_mean": 0.8530401177248196,
    "eval_auprc_std": 0.007911022750735727,
    "eval_f1_mean": 0.7637240849967195,
    "eval_f1_std": 0.03345583594303269,
    "eval_loss_mean": 0.3682840883731842,
    "eval_loss_std": 0.012600778545688569,
    "eval_matthews_correlation_mean": 0.6691127020206172,
    "eval_matthews_correlation_std": 0.03582736415991858,
    "eval_precision_mean": 0.8316794965735894,
    "eval_precision_std": 0.01662129194541137,
    "eval_recall_mean": 0.7085561497326203,
    "eval_recall_std": 0.056129549720801364,
    "eval_runtime_mean": 12.37226,
    "eval_runtime_std": 0.008025359805018027,
    "eval_samples_per_second_mean": 46.669,
    "eval_samples_per_second_std": 0.037368435878424686,
    "eval_steps_per_second_mean": 2.9906,
    "eval_steps_per_second_std": 0.0018547236990991375
  },
  "cv_fold_metrics": [
    {
      "eval_loss": 0.3440505564212799,
      "eval_accuracy": 0.8715277777777778,
      "eval_f1": 0.7909604519774013,
      "eval_precision": 0.8433734939759037,
      "eval_recall": 0.7446808510638298,
      "eval_auc": 0.9169225707391971,
      "eval_auprc": 0.8613367929241742,
      "eval_matthews_correlation": 0.7015642048678532,
      "eval_runtime": 12.3822,
      "eval_samples_per_second": 46.68,
      "eval_steps_per_second": 2.988,
      "epoch": 10.0
    },
    {
      "eval_loss": 0.36912059783935547,
      "eval_accuracy": 0.8368055555555556,
      "eval_f1": 0.70625,
      "eval_precision": 0.849624060150376,
      "eval_recall": 0.6042780748663101,
      "eval_auc": 0.8965123791979984,
      "eval_auprc": 0.8491444519306738,
      "eval_matthews_correlation": 0.6143083006193637,
      "eval_runtime": 12.3714,
      "eval_samples_per_second": 46.721,
      "eval_steps_per_second": 2.991,
      "epoch": 10.0
    },
    {
      "eval_loss": 0.374416321516037,
      "eval_accuracy": 0.8697916666666666,
      "eval_f1": 0.7875354107648724,
      "eval_precision": 0.8373493975903614,
      "eval_recall": 0.7433155080213903,
      "eval_auc": 0.9126788831915099,
      "eval_auprc": 0.8602521351289562,
      "eval_matthews_correlation": 0.6967058373989211,
      "eval_runtime": 12.38,
      "eval_samples_per_second": 46.607,
      "eval_steps_per_second": 2.989,
      "epoch": 10.0
    },
    {
      "eval_loss": 0.3738105595111847,
      "eval_accuracy": 0.8454861111111112,
      "eval_f1": 0.7449856733524355,
      "eval_precision": 0.8024691358024691,
      "eval_recall": 0.6951871657754011,
      "eval_auc": 0.9004165349243226,
      "eval_auprc": 0.8398354294575483,
      "eval_matthews_correlation": 0.638329962084098,
      "eval_runtime": 12.3671,
      "eval_samples_per_second": 46.656,
      "eval_steps_per_second": 2.992,
      "epoch": 10.0
    },
    {
      "eval_loss": 0.38002240657806396,
      "eval_accuracy": 0.8680555555555556,
      "eval_f1": 0.7888888888888889,
      "eval_precision": 0.8255813953488372,
      "eval_recall": 0.7553191489361702,
      "eval_auc": 0.9128646633033559,
      "eval_auprc": 0.8546317791827456,
      "eval_matthews_correlation": 0.6946552051328501,
      "eval_runtime": 12.3606,
      "eval_samples_per_second": 46.681,
      "eval_steps_per_second": 2.993,
      "epoch": 8.0
    }
  ],
  "test_metrics": {
    "eval_loss": 0.8444005250930786,
    "eval_accuracy": 0.6943069306930693,
    "eval_f1": 0.5283259070655634,
    "eval_precision": 0.9834123222748815,
    "eval_recall": 0.36118363794604,
    "eval_auc": 0.9341580914350075,
    "eval_auprc": 0.9310125522760603,
    "eval_matthews_correlation": 0.4683847025721907,
    "eval_runtime": 104.5166,
    "eval_samples_per_second": 46.471,
    "eval_steps_per_second": 2.909,
    "epoch": 4.0
  }
}