{
  "experiment": "cross_cell",
  "model_type": "lamar",
  "variant": "pretrained",
  "pair_name": "SNRPD3_train_K562_test_HepG2_fixlen_101",
  "pretrain_path": "/gpfs/bwfor/work/ws/fr_ml642-thesis_work/Thesis/LAMAR/weights",
  "max_length": 1024,
  "n_folds": 5,
  "hyperparameters": {
    "learning_rate": 5e-05,
    "per_device_train_batch_size": 16,
    "weight_decay": 0.01,
    "warmup_ratio": 0.1,
    "num_train_epochs": 10,
    "gradient_accumulation_steps": 1,
    "early_stopping_patience": 3
  },
  "cv_metrics": {
    "epoch_mean": 8.8,
    "epoch_std": 1.16619037896906,
    "eval_accuracy_mean": 0.7,
    "eval_accuracy_std": 0.01710071933179085,
    "eval_auc_mean": 0.7816257440476189,
    "eval_auc_std": 0.011509206984638433,
    "eval_auprc_mean": 0.7733286933283132,
    "eval_auprc_std": 0.00836884003551392,
    "eval_f1_mean": 0.7001381845859664,
    "eval_f1_std": 0.020632761596614115,
    "eval_loss_mean": 0.5779518246650696,
    "eval_loss_std": 0.01523738993313724,
    "eval_matthews_correlation_mean": 0.40415505841152133,
    "eval_matthews_correlation_std": 0.035676946246705345,
    "eval_precision_mean": 0.6779115003455021,
    "eval_precision_std": 0.028131647625299815,
    "eval_recall_mean": 0.7276785714285715,
    "eval_recall_std": 0.05319810396345084,
    "eval_runtime_mean": 10.017600000000002,
    "eval_runtime_std": 0.0031893573020280582,
    "eval_samples_per_second_mean": 46.3184,
    "eval_samples_per_second_std": 0.014677874505528904,
    "eval_steps_per_second_mean": 2.8950000000000005,
    "eval_steps_per_second_std": 0.0006324555320336062
  },
  "cv_fold_metrics": [
    {
      "eval_loss": 0.5997685194015503,
      "eval_accuracy": 0.6745689655172413,
      "eval_f1": 0.6794055201698513,
      "eval_precision": 0.6477732793522267,
      "eval_recall": 0.7142857142857143,
      "eval_auc": 0.7628906249999999,
      "eval_auprc": 0.7634880603880709,
      "eval_matthews_correlation": 0.35231366286690524,
      "eval_runtime": 10.018,
      "eval_samples_per_second": 46.316,
      "eval_steps_per_second": 2.895,
      "epoch": 9.0
    },
    {
      "eval_loss": 0.578291118144989,
      "eval_accuracy": 0.6982758620689655,
      "eval_f1": 0.7107438016528925,
      "eval_precision": 0.6615384615384615,
      "eval_recall": 0.7678571428571429,
      "eval_auc": 0.7821986607142857,
      "eval_auprc": 0.7697573761488198,
      "eval_matthews_correlation": 0.4039043096749346,
      "eval_runtime": 10.0182,
      "eval_samples_per_second": 46.316,
      "eval_steps_per_second": 2.895,
      "epoch": 7.0
    },
    {
      "eval_loss": 0.5540675520896912,
      "eval_accuracy": 0.7176724137931034,
      "eval_f1": 0.7342799188640974,
      "eval_precision": 0.6728624535315985,
      "eval_recall": 0.8080357142857143,
      "eval_auc": 0.7992001488095238,
      "eval_auprc": 0.7886999766344054,
      "eval_matthews_correlation": 0.446825611079226,
      "eval_runtime": 10.0223,
      "eval_samples_per_second": 46.297,
      "eval_steps_per_second": 2.894,
      "epoch": 8.0
    },
    {
      "eval_loss": 0.5863277912139893,
      "eval_accuracy": 0.6896551724137931,
      "eval_f1": 0.68,
      "eval_precision": 0.6769911504424779,
      "eval_recall": 0.6830357142857143,
      "eval_auc": 0.7829055059523808,
      "eval_auprc": 0.773444291747644,
      "eval_matthews_correlation": 0.378770422328396,
      "eval_runtime": 10.0172,
      "eval_samples_per_second": 46.32,
      "eval_steps_per_second": 2.895,
      "epoch": 10.0
    },
    {
      "eval_loss": 0.5713041424751282,
      "eval_accuracy": 0.7198275862068966,
      "eval_f1": 0.6962616822429907,
      "eval_precision": 0.7303921568627451,
      "eval_recall": 0.6651785714285714,
      "eval_auc": 0.7809337797619047,
      "eval_auprc": 0.7712537617226266,
      "eval_matthews_correlation": 0.43896128610814483,
      "eval_runtime": 10.0123,
      "eval_samples_per_second": 46.343,
      "eval_steps_per_second": 2.896,
      "epoch": 10.0
    }
  ],
  "test_metrics": {
    "eval_loss": 0.9257135391235352,
    "eval_accuracy": 0.5929054054054054,
    "eval_f1": 0.44341801385681295,
    "eval_precision": 0.5454545454545454,
    "eval_recall": 0.3735408560311284,
    "eval_auc": 0.5923688948254834,
    "eval_auprc": 0.5040505550249859,
    "eval_matthews_correlation": 0.14610531832820042,
    "eval_runtime": 12.7813,
    "eval_samples_per_second": 46.474,
    "eval_steps_per_second": 2.973,
    "epoch": 8.0
  }
}