{
  "experiment": "rbp",
  "model_type": "dnabert2",
  "variant": "dnabert2_tapt_v3",
  "rbp_name": "PTBP1_HepG2_IDR",
  "weights_path": "/gpfs/bwfor/work/ws/fr_ml642-thesis_work/Thesis/DNABERT2/pretrain/models/dnabert2_tapt_v3/checkpoint-2566",
  "max_length": 512,
  "n_folds": 5,
  "hyperparameters": {
    "learning_rate": 5e-05,
    "per_device_train_batch_size": 16,
    "weight_decay": 0.01,
    "warmup_ratio": 0.1,
    "num_train_epochs": 10,
    "gradient_accumulation_steps": 1,
    "early_stopping_patience": 3
  },
  "cv_metrics": {
    "epoch_mean": 4.8,
    "epoch_std": 0.39999999999999997,
    "eval_accuracy_mean": 0.9414947416475347,
    "eval_accuracy_std": 0.005109284364266396,
    "eval_auc_mean": 0.9815348850693268,
    "eval_auc_std": 0.003767187674566311,
    "eval_auprc_mean": 0.9810214028539181,
    "eval_auprc_std": 0.0028013154537329444,
    "eval_f1_mean": 0.9404781022119311,
    "eval_f1_std": 0.005420095650443148,
    "eval_loss_mean": 0.20020176768302916,
    "eval_loss_std": 0.010551036382172215,
    "eval_matthews_correlation_mean": 0.8836149836729975,
    "eval_matthews_correlation_std": 0.010051940260566253,
    "eval_precision_mean": 0.9570028936729951,
    "eval_precision_std": 0.008008735724037725,
    "eval_recall_mean": 0.9246514540002378,
    "eval_recall_std": 0.011152182322421251,
    "eval_runtime_mean": 1.7523799999999998,
    "eval_runtime_std": 0.004659356178701079,
    "eval_samples_per_second_mean": 1348.0131999999999,
    "eval_samples_per_second_std": 3.4337397338761795,
    "eval_steps_per_second_mean": 84.45779999999999,
    "eval_steps_per_second_std": 0.22434830063987504
  },
  "cv_fold_metrics": [
    {
      "eval_loss": 0.20293506979942322,
      "eval_accuracy": 0.9471011426153195,
      "eval_f1": 0.9463749463749463,
      "eval_precision": 0.9599651871192341,
      "eval_recall": 0.9331641285956007,
      "eval_matthews_correlation": 0.8945525051056378,
      "eval_auc": 0.9852758925514098,
      "eval_auprc": 0.9851479372563036,
      "eval_runtime": 1.7587,
      "eval_samples_per_second": 1343.629,
      "eval_steps_per_second": 84.155,
      "epoch": 5.0
    },
    {
      "eval_loss": 0.20482099056243896,
      "eval_accuracy": 0.9419983065198984,
      "eval_f1": 0.9417764555886103,
      "eval_precision": 0.9453924914675768,
      "eval_recall": 0.9381879762912786,
      "eval_matthews_correlation": 0.8840222829734156,
      "eval_auc": 0.9769128904521993,
      "eval_auprc": 0.9780885118317769,
      "eval_runtime": 1.7467,
      "eval_samples_per_second": 1352.256,
      "eval_steps_per_second": 84.731,
      "epoch": 4.0
    },
    {
      "eval_loss": 0.1980002224445343,
      "eval_accuracy": 0.93268416596105,
      "eval_f1": 0.9308394954327969,
      "eval_precision": 0.9570661896243292,
      "eval_recall": 0.9060118543607113,
      "eval_matthews_correlation": 0.8666022331729225,
      "eval_auc": 0.9770017945726902,
      "eval_auprc": 0.9792948624332212,
      "eval_runtime": 1.7563,
      "eval_samples_per_second": 1344.852,
      "eval_steps_per_second": 84.267,
      "epoch": 5.0
    },
    {
      "eval_loss": 0.18166224658489227,
      "eval_accuracy": 0.9458086367485182,
      "eval_f1": 0.944396177237185,
      "eval_precision": 0.9696699375557538,
      "eval_recall": 0.9204064352243861,
      "eval_matthews_correlation": 0.8927701768272084,
      "eval_auc": 0.9846866237298002,
      "eval_auprc": 0.9835773681334878,
      "eval_runtime": 1.7524,
      "eval_samples_per_second": 1347.892,
      "eval_steps_per_second": 84.457,
      "epoch": 5.0
    },
    {
      "eval_loss": 0.21359030902385712,
      "eval_accuracy": 0.9398814563928873,
      "eval_f1": 0.9390034364261168,
      "eval_precision": 0.952920662598082,
      "eval_recall": 0.9254868755292125,
      "eval_matthews_correlation": 0.8801277202858032,
      "eval_auc": 0.9837972240405346,
      "eval_auprc": 0.9789983346148017,
      "eval_runtime": 1.7478,
      "eval_samples_per_second": 1351.437,
      "eval_steps_per_second": 84.679,
      "epoch": 5.0
    }
  ],
  "test_metrics": {
    "eval_loss": 0.1903700828552246,
    "eval_accuracy": 0.939568345323741,
    "eval_f1": 0.9394230769230769,
    "eval_precision": 0.941233140655106,
    "eval_recall": 0.9376199616122841,
    "eval_matthews_correlation": 0.8791429118624348,
    "eval_auc": 0.9765919584544068,
    "eval_auprc": 0.977592447138954,
    "eval_runtime": 1.5418,
    "eval_samples_per_second": 1352.353,
    "eval_steps_per_second": 84.968,
    "epoch": 6.0
  }
}