{
  "experiment": "cross_length",
  "model_type": "lamar",
  "variant": "random",
  "pair_name": "STAU2_HepG2_ENCSR979EWD",
  "pretrain_path": "",
  "max_length": 1024,
  "n_folds": 5,
  "hyperparameters": {
    "learning_rate": 5e-05,
    "per_device_train_batch_size": 16,
    "weight_decay": 0.01,
    "warmup_ratio": 0.1,
    "num_train_epochs": 10,
    "gradient_accumulation_steps": 1,
    "early_stopping_patience": 3
  },
  "cv_metrics": {
    "epoch_mean": 8.6,
    "epoch_std": 1.7435595774162693,
    "eval_accuracy_mean": 0.7625,
    "eval_accuracy_std": 0.03462628469583091,
    "eval_auc_mean": 0.8221875667147446,
    "eval_auc_std": 0.017757892829798193,
    "eval_auprc_mean": 0.6671646723437528,
    "eval_auprc_std": 0.0170647555633224,
    "eval_f1_mean": 0.5821787653546873,
    "eval_f1_std": 0.13375484532872112,
    "eval_loss_mean": 0.4991436660289764,
    "eval_loss_std": 0.032832393005467135,
    "eval_matthews_correlation_mean": 0.44467715490533133,
    "eval_matthews_correlation_std": 0.09909734820557121,
    "eval_precision_mean": 0.6338298093615251,
    "eval_precision_std": 0.09312685328630893,
    "eval_recall_mean": 0.6057040998217469,
    "eval_recall_std": 0.20668570262044172,
    "eval_runtime_mean": 2.3797,
    "eval_runtime_std": 0.0019152023391797862,
    "eval_samples_per_second_mean": 47.0646,
    "eval_samples_per_second_std": 0.03796630084693524,
    "eval_steps_per_second_mean": 2.9415999999999998,
    "eval_steps_per_second_std": 0.0023323807579380615
  },
  "cv_fold_metrics": [
    {
      "eval_loss": 0.47563436627388,
      "eval_accuracy": 0.75,
      "eval_f1": 0.3333333333333333,
      "eval_precision": 0.7777777777777778,
      "eval_recall": 0.21212121212121213,
      "eval_auc": 0.8415803605677024,
      "eval_auprc": 0.6540409619978327,
      "eval_matthews_correlation": 0.3132698351602613,
      "eval_runtime": 2.3796,
      "eval_samples_per_second": 47.066,
      "eval_steps_per_second": 2.942,
      "epoch": 7.0
    },
    {
      "eval_loss": 0.4905160963535309,
      "eval_accuracy": 0.7678571428571429,
      "eval_f1": 0.6578947368421053,
      "eval_precision": 0.5813953488372093,
      "eval_recall": 0.7575757575757576,
      "eval_auc": 0.8296892980437286,
      "eval_auprc": 0.6632294207768178,
      "eval_matthews_correlation": 0.49655160481738514,
      "eval_runtime": 2.3811,
      "eval_samples_per_second": 47.036,
      "eval_steps_per_second": 2.94,
      "epoch": 10.0
    },
    {
      "eval_loss": 0.5372155904769897,
      "eval_accuracy": 0.7142857142857143,
      "eval_f1": 0.5555555555555555,
      "eval_precision": 0.5263157894736842,
      "eval_recall": 0.5882352941176471,
      "eval_auc": 0.7978883861236802,
      "eval_auprc": 0.6601434332511795,
      "eval_matthews_correlation": 0.3471474019112537,
      "eval_runtime": 2.3825,
      "eval_samples_per_second": 47.01,
      "eval_steps_per_second": 2.938,
      "epoch": 10.0
    },
    {
      "eval_loss": 0.5367693901062012,
      "eval_accuracy": 0.7589285714285714,
      "eval_f1": 0.6582278481012658,
      "eval_precision": 0.5777777777777777,
      "eval_recall": 0.7647058823529411,
      "eval_auc": 0.8042986425339367,
      "eval_auprc": 0.6576515179250513,
      "eval_matthews_correlation": 0.4887397079017083,
      "eval_runtime": 2.3774,
      "eval_samples_per_second": 47.111,
      "eval_steps_per_second": 2.944,
      "epoch": 6.0
    },
    {
      "eval_loss": 0.4555828869342804,
      "eval_accuracy": 0.8214285714285714,
      "eval_f1": 0.7058823529411765,
      "eval_precision": 0.7058823529411765,
      "eval_recall": 0.7058823529411765,
      "eval_auc": 0.8374811463046757,
      "eval_auprc": 0.7007580277678824,
      "eval_matthews_correlation": 0.5776772247360482,
      "eval_runtime": 2.3779,
      "eval_samples_per_second": 47.1,
      "eval_steps_per_second": 2.944,
      "epoch": 10.0
    }
  ],
  "test_metrics": {
    "eval_loss": 0.7675638794898987,
    "eval_accuracy": 0.5277777777777778,
    "eval_f1": 0.0,
    "eval_precision": 0.0,
    "eval_recall": 0.0,
    "eval_auc": 0.8163699690402476,
    "eval_auprc": 0.7607611586281686,
    "eval_matthews_correlation": 0.0,
    "eval_runtime": 21.4483,
    "eval_samples_per_second": 47.696,
    "eval_steps_per_second": 2.984,
    "epoch": 4.0
  }
}