{
  "experiment": "cross_length",
  "model_type": "lamar",
  "variant": "tapt_512",
  "pair_name": "CSTF2_HepG2_ENCSR384MWO",
  "pretrain_path": "/gpfs/bwfor/work/ws/fr_ml642-thesis_work/Thesis/LAMAR/src/pretrain/saving_model/tapt_lamar/checkpoint-98000/model.safetensors",
  "max_length": 1024,
  "n_folds": 5,
  "hyperparameters": {
    "learning_rate": 5e-05,
    "per_device_train_batch_size": 16,
    "weight_decay": 0.01,
    "warmup_ratio": 0.1,
    "num_train_epochs": 10,
    "gradient_accumulation_steps": 1,
    "early_stopping_patience": 3
  },
  "cv_metrics": {
    "epoch_mean": 10.0,
    "epoch_std": 0.0,
    "eval_accuracy_mean": 0.6979166666666667,
    "eval_accuracy_std": 0.01906563043512828,
    "eval_auc_mean": 0.7107596759822566,
    "eval_auc_std": 0.027251892711580798,
    "eval_auprc_mean": 0.5541569088787914,
    "eval_auprc_std": 0.02336818448028908,
    "eval_f1_mean": 0.4744143063208274,
    "eval_f1_std": 0.05357138845116388,
    "eval_loss_mean": 0.6141296863555908,
    "eval_loss_std": 0.040927231541053474,
    "eval_matthews_correlation_mean": 0.27332401986118227,
    "eval_matthews_correlation_std": 0.0550007686380902,
    "eval_precision_mean": 0.5426386753608022,
    "eval_precision_std": 0.03126118570373977,
    "eval_recall_mean": 0.42627096774193546,
    "eval_recall_std": 0.07686699081397039,
    "eval_runtime_mean": 6.6450000000000005,
    "eval_runtime_std": 0.0017832554500124595,
    "eval_samples_per_second_mean": 58.209,
    "eval_samples_per_second_std": 0.055338955537669265,
    "eval_steps_per_second_mean": 3.7619999999999996,
    "eval_steps_per_second_std": 0.0008944271909998174
  },
  "cv_fold_metrics": [
    {
      "eval_loss": 0.6828239560127258,
      "eval_accuracy": 0.6744791666666666,
      "eval_f1": 0.46808510638297873,
      "eval_precision": 0.4954954954954955,
      "eval_recall": 0.4435483870967742,
      "eval_auc": 0.6669354838709676,
      "eval_auprc": 0.533656403632033,
      "eval_matthews_correlation": 0.2353430573480717,
      "eval_runtime": 6.6447,
      "eval_samples_per_second": 58.242,
      "eval_steps_per_second": 3.762,
      "epoch": 10.0
    },
    {
      "eval_loss": 0.6052727103233337,
      "eval_accuracy": 0.7317708333333334,
      "eval_f1": 0.5761316872427984,
      "eval_precision": 0.5882352941176471,
      "eval_recall": 0.5645161290322581,
      "eval_auc": 0.740694789081886,
      "eval_auprc": 0.5647447357302176,
      "eval_matthews_correlation": 0.3802349150825483,
      "eval_runtime": 6.6476,
      "eval_samples_per_second": 58.216,
      "eval_steps_per_second": 3.761,
      "epoch": 10.0
    },
    {
      "eval_loss": 0.5727733969688416,
      "eval_accuracy": 0.6953125,
      "eval_f1": 0.4657534246575343,
      "eval_precision": 0.5368421052631579,
      "eval_recall": 0.4112903225806452,
      "eval_auc": 0.7199441687344913,
      "eval_auprc": 0.5572808041071495,
      "eval_matthews_correlation": 0.2623064803813685,
      "eval_runtime": 6.6464,
      "eval_samples_per_second": 58.227,
      "eval_steps_per_second": 3.761,
      "epoch": 10.0
    },
    {
      "eval_loss": 0.5757625102996826,
      "eval_accuracy": 0.7005208333333334,
      "eval_f1": 0.43902439024390244,
      "eval_precision": 0.5625,
      "eval_recall": 0.36,
      "eval_auc": 0.733127413127413,
      "eval_auprc": 0.5904540733459892,
      "eval_matthews_correlation": 0.25944464158730307,
      "eval_runtime": 6.6428,
      "eval_samples_per_second": 58.258,
      "eval_steps_per_second": 3.763,
      "epoch": 10.0
    },
    {
      "eval_loss": 0.6340158581733704,
      "eval_accuracy": 0.6875,
      "eval_f1": 0.42307692307692313,
      "eval_precision": 0.5301204819277109,
      "eval_recall": 0.352,
      "eval_auc": 0.6930965250965251,
      "eval_auprc": 0.5246485275785675,
      "eval_matthews_correlation": 0.2292910049066197,
      "eval_runtime": 6.6435,
      "eval_samples_per_second": 58.102,
      "eval_steps_per_second": 3.763,
      "epoch": 10.0
    }
  ],
  "test_metrics": {
    "eval_loss": 0.6832810044288635,
    "eval_accuracy": 0.5479343220338984,
    "eval_f1": 0.2860727728983689,
    "eval_precision": 0.5816326530612245,
    "eval_recall": 0.1896838602329451,
    "eval_auc": 0.6053834362338605,
    "eval_auprc": 0.5634069553836045,
    "eval_matthews_correlation": 0.08954290860782199,
    "eval_runtime": 65.2118,
    "eval_samples_per_second": 58.088,
    "eval_steps_per_second": 3.634,
    "epoch": 6.0
  }
}