{
  "experiment": "cross_length",
  "model_type": "lamar",
  "variant": "random",
  "pair_name": "EXOSC5_HepG2_ENCSR693JWP",
  "pretrain_path": "",
  "max_length": 1024,
  "n_folds": 5,
  "hyperparameters": {
    "learning_rate": 5e-05,
    "per_device_train_batch_size": 16,
    "weight_decay": 0.01,
    "warmup_ratio": 0.1,
    "num_train_epochs": 10,
    "gradient_accumulation_steps": 1,
    "early_stopping_patience": 3
  },
  "cv_metrics": {
    "epoch_mean": 6.2,
    "epoch_std": 1.469693845669907,
    "eval_accuracy_mean": 0.8553571428571429,
    "eval_accuracy_std": 0.029558830995083666,
    "eval_auc_mean": 0.9421877277845565,
    "eval_auc_std": 0.022641479678453404,
    "eval_auprc_mean": 0.8862009697632522,
    "eval_auprc_std": 0.0508395041148512,
    "eval_f1_mean": 0.7702848262848263,
    "eval_f1_std": 0.048949315212381356,
    "eval_loss_mean": 0.3234026074409485,
    "eval_loss_std": 0.05961307316630734,
    "eval_matthews_correlation_mean": 0.6744274464393525,
    "eval_matthews_correlation_std": 0.06904916445301426,
    "eval_precision_mean": 0.8431145107615695,
    "eval_precision_std": 0.08436909056864621,
    "eval_recall_mean": 0.7162387676508344,
    "eval_recall_std": 0.06323377513788644,
    "eval_runtime_mean": 1.8747600000000002,
    "eval_runtime_std": 0.004434681499273667,
    "eval_samples_per_second_mean": 65.1818,
    "eval_samples_per_second_std": 0.22743649663147986,
    "eval_steps_per_second_mean": 4.2674,
    "eval_steps_per_second_std": 0.010131140113531242
  },
  "cv_fold_metrics": [
    {
      "eval_loss": 0.3415548503398895,
      "eval_accuracy": 0.8571428571428571,
      "eval_f1": 0.7777777777777778,
      "eval_precision": 0.8235294117647058,
      "eval_recall": 0.7368421052631579,
      "eval_auc": 0.9242532005689901,
      "eval_auprc": 0.8392123257080384,
      "eval_matthews_correlation": 0.6752529632113417,
      "eval_runtime": 1.8771,
      "eval_samples_per_second": 65.525,
      "eval_steps_per_second": 4.262,
      "epoch": 4.0
    },
    {
      "eval_loss": 0.27347978949546814,
      "eval_accuracy": 0.8660714285714286,
      "eval_f1": 0.7692307692307692,
      "eval_precision": 0.9259259259259259,
      "eval_recall": 0.6578947368421053,
      "eval_auc": 0.963371266002845,
      "eval_auprc": 0.9219516853479497,
      "eval_matthews_correlation": 0.6983202120881731,
      "eval_runtime": 1.8824,
      "eval_samples_per_second": 64.809,
      "eval_steps_per_second": 4.25,
      "epoch": 8.0
    },
    {
      "eval_loss": 0.39938241243362427,
      "eval_accuracy": 0.8125,
      "eval_f1": 0.7199999999999999,
      "eval_precision": 0.6923076923076923,
      "eval_recall": 0.75,
      "eval_auc": 0.9100877192982456,
      "eval_auprc": 0.8152594556784503,
      "eval_matthews_correlation": 0.580447886825867,
      "eval_runtime": 1.8706,
      "eval_samples_per_second": 65.221,
      "eval_steps_per_second": 4.277,
      "epoch": 5.0
    },
    {
      "eval_loss": 0.36531612277030945,
      "eval_accuracy": 0.8392857142857143,
      "eval_f1": 0.7272727272727273,
      "eval_precision": 0.8571428571428571,
      "eval_recall": 0.631578947368421,
      "eval_auc": 0.943456614509246,
      "eval_auprc": 0.9046213202042654,
      "eval_matthews_correlation": 0.6314801566485462,
      "eval_runtime": 1.8722,
      "eval_samples_per_second": 65.165,
      "eval_steps_per_second": 4.273,
      "epoch": 7.0
    },
    {
      "eval_loss": 0.23727986216545105,
      "eval_accuracy": 0.9017857142857143,
      "eval_f1": 0.8571428571428571,
      "eval_precision": 0.9166666666666666,
      "eval_recall": 0.8048780487804879,
      "eval_auc": 0.9697698385434558,
      "eval_auprc": 0.9499600618775574,
      "eval_matthews_correlation": 0.7866360134228345,
      "eval_runtime": 1.8715,
      "eval_samples_per_second": 65.189,
      "eval_steps_per_second": 4.275,
      "epoch": 7.0
    }
  ],
  "test_metrics": {
    "eval_loss": 0.43103817105293274,
    "eval_accuracy": 0.796875,
    "eval_f1": 0.7339181286549707,
    "eval_precision": 0.9580152671755725,
    "eval_recall": 0.5947867298578199,
    "eval_auc": 0.9485072089907413,
    "eval_auprc": 0.9455068699528818,
    "eval_matthews_correlation": 0.6272304441397534,
    "eval_runtime": 14.9065,
    "eval_samples_per_second": 60.913,
    "eval_steps_per_second": 3.824,
    "epoch": 7.0
  }
}