{
  "experiment": "cross_length",
  "model_type": "dnabert2",
  "variant": "pretrained_custom",
  "pair_name": "FTO_K562_ENCSR989SMC",
  "max_length": 256,
  "n_folds": 5,
  "hyperparameters": {
    "learning_rate": 5e-05,
    "per_device_train_batch_size": 16,
    "weight_decay": 0.01,
    "warmup_ratio": 0.1,
    "num_train_epochs": 10,
    "gradient_accumulation_steps": 1,
    "early_stopping_patience": 3
  },
  "cv_metrics": {
    "epoch_mean": 6.0,
    "epoch_std": 0.8944271909999159,
    "eval_accuracy_mean": 0.8243772893772894,
    "eval_accuracy_std": 0.03020192612775999,
    "eval_auc_mean": 0.9022428954479229,
    "eval_auc_std": 0.028110119838103877,
    "eval_auprc_mean": 0.8506097564134553,
    "eval_auprc_std": 0.060850205066905264,
    "eval_f1_mean": 0.795784561270857,
    "eval_f1_std": 0.0424693151535845,
    "eval_loss_mean": 0.461309951543808,
    "eval_loss_std": 0.06582386971219298,
    "eval_matthews_correlation_mean": 0.6257005531855593,
    "eval_matthews_correlation_std": 0.058371871513574564,
    "eval_precision_mean": 0.8458201035911881,
    "eval_precision_std": 0.03693161948297424,
    "eval_recall_mean": 0.7860024500244454,
    "eval_recall_std": 0.04526190037446935,
    "eval_runtime_mean": 0.06512,
    "eval_runtime_std": 0.002073065363175991,
    "eval_samples_per_second_mean": 1611.0492,
    "eval_samples_per_second_std": 47.13328239110871,
    "eval_steps_per_second_mean": 107.6202,
    "eval_steps_per_second_std": 3.5203709122761513
  },
  "cv_fold_metrics": [
    {
      "eval_loss": 0.4242149591445923,
      "eval_accuracy": 0.8285714285714286,
      "eval_f1": 0.79,
      "eval_matthews_correlation": 0.6349270968137796,
      "eval_precision": 0.8748630887185105,
      "eval_recall": 0.76885310290652,
      "eval_auc": 0.9073055773762765,
      "eval_auprc": 0.8898034380519403,
      "eval_runtime": 0.0649,
      "eval_samples_per_second": 1618.797,
      "eval_steps_per_second": 107.92,
      "epoch": 6.0
    },
    {
      "eval_loss": 0.3676855266094208,
      "eval_accuracy": 0.8761904761904762,
      "eval_f1": 0.8635136486351365,
      "eval_matthews_correlation": 0.7287174110725736,
      "eval_precision": 0.8714285714285714,
      "eval_recall": 0.8574234092694423,
      "eval_auc": 0.9065200314218382,
      "eval_auprc": 0.837652167118762,
      "eval_runtime": 0.0658,
      "eval_samples_per_second": 1594.683,
      "eval_steps_per_second": 106.312,
      "epoch": 5.0
    },
    {
      "eval_loss": 0.5414900183677673,
      "eval_accuracy": 0.8285714285714286,
      "eval_f1": 0.8097826086956522,
      "eval_matthews_correlation": 0.6259555103289769,
      "eval_precision": 0.8257575757575758,
      "eval_recall": 0.8006993006993006,
      "eval_auc": 0.8679098679098679,
      "eval_auprc": 0.8470463099503361,
      "eval_runtime": 0.0655,
      "eval_samples_per_second": 1604.162,
      "eval_steps_per_second": 106.944,
      "epoch": 7.0
    },
    {
      "eval_loss": 0.5302624702453613,
      "eval_accuracy": 0.7904761904761904,
      "eval_f1": 0.7321428571428571,
      "eval_matthews_correlation": 0.5717718748968657,
      "eval_precision": 0.875,
      "eval_recall": 0.717948717948718,
      "eval_auc": 0.9494949494949495,
      "eval_auprc": 0.930212893820106,
      "eval_runtime": 0.0679,
      "eval_samples_per_second": 1545.959,
      "eval_steps_per_second": 103.064,
      "epoch": 7.0
    },
    {
      "eval_loss": 0.4428967833518982,
      "eval_accuracy": 0.7980769230769231,
      "eval_f1": 0.7834836918806385,
      "eval_matthews_correlation": 0.5671308728156005,
      "eval_precision": 0.782051282051282,
      "eval_recall": 0.7850877192982456,
      "eval_auc": 0.8799840510366826,
      "eval_auprc": 0.7483339731261315,
      "eval_runtime": 0.0615,
      "eval_samples_per_second": 1691.645,
      "eval_steps_per_second": 113.861,
      "epoch": 5.0
    }
  ],
  "test_metrics": {
    "eval_loss": 0.3080895245075226,
    "eval_accuracy": 0.88134135855546,
    "eval_f1": 0.8813265306122449,
    "eval_matthews_correlation": 0.7632841776879098,
    "eval_precision": 0.881480648996516,
    "eval_recall": 0.8818035970115677,
    "eval_auc": 0.950147408801904,
    "eval_auprc": 0.9353683525575698,
    "eval_runtime": 0.6899,
    "eval_samples_per_second": 1685.726,
    "eval_steps_per_second": 105.811,
    "epoch": 7.0
  }
}