{
  "experiment": "cross_length",
  "model_type": "lamar",
  "variant": "random",
  "pair_name": "GARS_HepG2_ENCSR181SOG",
  "pretrain_path": "",
  "max_length": 1024,
  "n_folds": 5,
  "hyperparameters": {
    "learning_rate": 5e-05,
    "per_device_train_batch_size": 16,
    "weight_decay": 0.01,
    "warmup_ratio": 0.1,
    "num_train_epochs": 10,
    "gradient_accumulation_steps": 1,
    "early_stopping_patience": 3
  },
  "cv_metrics": {
    "epoch_mean": 6.2,
    "epoch_std": 2.0396078054371136,
    "eval_accuracy_mean": 0.7721153846153846,
    "eval_accuracy_std": 0.04097553029358177,
    "eval_auc_mean": 0.8565000342208682,
    "eval_auc_std": 0.015848995091589303,
    "eval_auprc_mean": 0.8229791220758566,
    "eval_auprc_std": 0.017621801411387687,
    "eval_f1_mean": 0.6636945139793888,
    "eval_f1_std": 0.07969334269241773,
    "eval_loss_mean": 0.4861674249172211,
    "eval_loss_std": 0.06177994728638336,
    "eval_matthews_correlation_mean": 0.5282270382568168,
    "eval_matthews_correlation_std": 0.0716118156890244,
    "eval_precision_mean": 0.7776076828370406,
    "eval_precision_std": 0.13504037638143188,
    "eval_recall_mean": 0.6303892642999904,
    "eval_recall_std": 0.1703500613223058,
    "eval_runtime_mean": 4.46596,
    "eval_runtime_std": 0.003524542523505705,
    "eval_samples_per_second_mean": 48.5896,
    "eval_samples_per_second_std": 0.03854659518038132,
    "eval_steps_per_second_mean": 3.1346,
    "eval_steps_per_second_std": 0.0026532998322843556
  },
  "cv_fold_metrics": [
    {
      "eval_loss": 0.40943071246147156,
      "eval_accuracy": 0.8317307692307693,
      "eval_f1": 0.7651006711409395,
      "eval_precision": 0.8142857142857143,
      "eval_recall": 0.7215189873417721,
      "eval_auc": 0.8752821116671573,
      "eval_auprc": 0.8571653186045702,
      "eval_matthews_correlation": 0.6375763858718692,
      "eval_runtime": 4.4693,
      "eval_samples_per_second": 48.553,
      "eval_steps_per_second": 3.132,
      "epoch": 6.0
    },
    {
      "eval_loss": 0.4485896825790405,
      "eval_accuracy": 0.75,
      "eval_f1": 0.5272727272727273,
      "eval_precision": 0.8787878787878788,
      "eval_recall": 0.37662337662337664,
      "eval_auc": 0.8735005452562704,
      "eval_auprc": 0.8074988340810405,
      "eval_matthews_correlation": 0.45739650743321203,
      "eval_runtime": 4.4639,
      "eval_samples_per_second": 48.612,
      "eval_steps_per_second": 3.136,
      "epoch": 9.0
    },
    {
      "eval_loss": 0.5946050882339478,
      "eval_accuracy": 0.7115384615384616,
      "eval_f1": 0.6808510638297873,
      "eval_precision": 0.5871559633027523,
      "eval_recall": 0.810126582278481,
      "eval_auc": 0.8408399568246493,
      "eval_auprc": 0.8209921596009309,
      "eval_matthews_correlation": 0.4482816937064525,
      "eval_runtime": 4.4707,
      "eval_samples_per_second": 48.538,
      "eval_steps_per_second": 3.131,
      "epoch": 4.0
    },
    {
      "eval_loss": 0.49100378155708313,
      "eval_accuracy": 0.7692307692307693,
      "eval_f1": 0.7073170731707317,
      "eval_precision": 0.6590909090909091,
      "eval_recall": 0.7631578947368421,
      "eval_auc": 0.8555622009569378,
      "eval_auprc": 0.8151648448238129,
      "eval_matthews_correlation": 0.5223162519706239,
      "eval_runtime": 4.4647,
      "eval_samples_per_second": 48.603,
      "eval_steps_per_second": 3.136,
      "epoch": 4.0
    },
    {
      "eval_loss": 0.4872078597545624,
      "eval_accuracy": 0.7980769230769231,
      "eval_f1": 0.6379310344827586,
      "eval_precision": 0.9487179487179487,
      "eval_recall": 0.4805194805194805,
      "eval_auc": 0.837315356399326,
      "eval_auprc": 0.8140744532689287,
      "eval_matthews_correlation": 0.5755643523019263,
      "eval_runtime": 4.4612,
      "eval_samples_per_second": 48.642,
      "eval_steps_per_second": 3.138,
      "epoch": 8.0
    }
  ],
  "test_metrics": {
    "eval_loss": 0.7808336019515991,
    "eval_accuracy": 0.593421052631579,
    "eval_f1": 0.2677725118483412,
    "eval_precision": 0.9495798319327731,
    "eval_recall": 0.15586206896551724,
    "eval_auc": 0.8299128171763175,
    "eval_auprc": 0.8237159931632309,
    "eval_matthews_correlation": 0.2757685909490639,
    "eval_runtime": 32.7537,
    "eval_samples_per_second": 46.407,
    "eval_steps_per_second": 2.9,
    "epoch": 4.0
  }
}