{
  "experiment": "cross_length",
  "model_type": "lamar",
  "variant": "tapt_512",
  "pair_name": "CPSF6_K562_ENCSR532VUB",
  "pretrain_path": "/gpfs/bwfor/work/ws/fr_ml642-thesis_work/Thesis/LAMAR/src/pretrain/saving_model/tapt_lamar/checkpoint-98000/model.safetensors",
  "max_length": 1024,
  "n_folds": 5,
  "hyperparameters": {
    "learning_rate": 5e-05,
    "per_device_train_batch_size": 16,
    "weight_decay": 0.01,
    "warmup_ratio": 0.1,
    "num_train_epochs": 10,
    "gradient_accumulation_steps": 1,
    "early_stopping_patience": 3
  },
  "cv_metrics": {
    "epoch_mean": 6.0,
    "epoch_std": 1.8973665961010275,
    "eval_accuracy_mean": 0.7324999999999999,
    "eval_accuracy_std": 0.018708286933869726,
    "eval_auc_mean": 0.7841055798215276,
    "eval_auc_std": 0.0598773754142228,
    "eval_auprc_mean": 0.713750731392311,
    "eval_auprc_std": 0.0589308140402687,
    "eval_f1_mean": 0.5417595154375865,
    "eval_f1_std": 0.08249701362108874,
    "eval_loss_mean": 0.5621042728424073,
    "eval_loss_std": 0.04252488678244459,
    "eval_matthews_correlation_mean": 0.4071953022476933,
    "eval_matthews_correlation_std": 0.0621013772738434,
    "eval_precision_mean": 0.7212398373983739,
    "eval_precision_std": 0.143710685939572,
    "eval_recall_mean": 0.48154632085666565,
    "eval_recall_std": 0.18601797696776753,
    "eval_runtime_mean": 1.7231,
    "eval_runtime_std": 0.001216552506059594,
    "eval_samples_per_second_mean": 50.95440000000001,
    "eval_samples_per_second_std": 0.24983002221510442,
    "eval_steps_per_second_mean": 3.482,
    "eval_steps_per_second_std": 0.002607680962081113
  },
  "cv_fold_metrics": [
    {
      "eval_loss": 0.6234329342842102,
      "eval_accuracy": 0.75,
      "eval_f1": 0.5833333333333334,
      "eval_precision": 0.6666666666666666,
      "eval_recall": 0.5185185185185185,
      "eval_auc": 0.7344514325646401,
      "eval_auprc": 0.6539558902952602,
      "eval_matthews_correlation": 0.41530739210468076,
      "eval_runtime": 1.7208,
      "eval_samples_per_second": 51.139,
      "eval_steps_per_second": 3.487,
      "epoch": 7.0
    },
    {
      "eval_loss": 0.5078824162483215,
      "eval_accuracy": 0.725,
      "eval_f1": 0.6857142857142856,
      "eval_precision": 0.5853658536585366,
      "eval_recall": 0.8275862068965517,
      "eval_auc": 0.8451656524678837,
      "eval_auprc": 0.8153448363123539,
      "eval_matthews_correlation": 0.4753451401198845,
      "eval_runtime": 1.7239,
      "eval_samples_per_second": 51.046,
      "eval_steps_per_second": 3.48,
      "epoch": 9.0
    },
    {
      "eval_loss": 0.5980198979377747,
      "eval_accuracy": 0.7,
      "eval_f1": 0.47826086956521735,
      "eval_precision": 0.6875,
      "eval_recall": 0.36666666666666664,
      "eval_auc": 0.6933333333333332,
      "eval_auprc": 0.6668185431753214,
      "eval_matthews_correlation": 0.3227486121839514,
      "eval_runtime": 1.7236,
      "eval_samples_per_second": 51.055,
      "eval_steps_per_second": 3.481,
      "epoch": 6.0
    },
    {
      "eval_loss": 0.5326804518699646,
      "eval_accuracy": 0.75,
      "eval_f1": 0.4736842105263158,
      "eval_precision": 1.0,
      "eval_recall": 0.3103448275862069,
      "eval_auc": 0.810682893847194,
      "eval_auprc": 0.7413333413109842,
      "eval_matthews_correlation": 0.4721480164025993,
      "eval_runtime": 1.723,
      "eval_samples_per_second": 51.073,
      "eval_steps_per_second": 3.482,
      "epoch": 4.0
    },
    {
      "eval_loss": 0.5485056638717651,
      "eval_accuracy": 0.7375,
      "eval_f1": 0.4878048780487804,
      "eval_precision": 0.6666666666666666,
      "eval_recall": 0.38461538461538464,
      "eval_auc": 0.836894586894587,
      "eval_auprc": 0.6913010458676361,
      "eval_matthews_correlation": 0.3504273504273504,
      "eval_runtime": 1.7242,
      "eval_samples_per_second": 50.459,
      "eval_steps_per_second": 3.48,
      "epoch": 4.0
    }
  ],
  "test_metrics": {
    "eval_loss": 0.639220654964447,
    "eval_accuracy": 0.6270161290322581,
    "eval_f1": 0.42187499999999994,
    "eval_precision": 0.8333333333333334,
    "eval_recall": 0.2824267782426778,
    "eval_auc": 0.7593735245754849,
    "eval_auprc": 0.7513018251828106,
    "eval_matthews_correlation": 0.31076591789141944,
    "eval_runtime": 21.3763,
    "eval_samples_per_second": 46.874,
    "eval_steps_per_second": 2.947,
    "epoch": 6.0
  }
}