{
  "experiment": "cross_cell",
  "model_type": "lamar",
  "variant": "pretrained_custom",
  "pair_name": "PCBP1_train_K562_test_HepG2_fixlen_101",
  "pretrain_path": "/gpfs/bwfor/work/ws/fr_ml642-thesis_work/Thesis/LAMAR/src/pretrain/saving_model/tapt_512_standard_collator_1gpu/checkpoint-265000/model.safetensors",
  "max_length": 512,
  "n_folds": 5,
  "hyperparameters": {
    "learning_rate": 5e-05,
    "per_device_train_batch_size": 16,
    "weight_decay": 0.01,
    "warmup_ratio": 0.1,
    "num_train_epochs": 10,
    "gradient_accumulation_steps": 1,
    "early_stopping_patience": 3
  },
  "cv_metrics": {
    "epoch_mean": 6.6,
    "epoch_std": 1.4966629547095764,
    "eval_accuracy_mean": 0.8868421052631581,
    "eval_accuracy_std": 0.017969079320720623,
    "eval_auc_mean": 0.9559518702949819,
    "eval_auc_std": 0.007963474479608901,
    "eval_auprc_mean": 0.9429201259971567,
    "eval_auprc_std": 0.008944838147974572,
    "eval_f1_mean": 0.8743316428830245,
    "eval_f1_std": 0.024883300174117867,
    "eval_loss_mean": 0.2966261088848114,
    "eval_loss_std": 0.03519653910499202,
    "eval_matthews_correlation_mean": 0.7730411928667807,
    "eval_matthews_correlation_std": 0.03644066895503882,
    "eval_precision_mean": 0.8751947685570187,
    "eval_precision_std": 0.012164712195255547,
    "eval_recall_mean": 0.8757575757575757,
    "eval_recall_std": 0.054193816039929274,
    "eval_runtime_mean": 4.6965,
    "eval_runtime_std": 0.0007720103626249999,
    "eval_samples_per_second_mean": 129.6714,
    "eval_samples_per_second_std": 0.021453204888785958,
    "eval_steps_per_second_mean": 8.304,
    "eval_steps_per_second_std": 0.0014142135623728136
  },
  "cv_fold_metrics": [
    {
      "eval_loss": 0.3349422514438629,
      "eval_accuracy": 0.8980263157894737,
      "eval_f1": 0.8900709219858156,
      "eval_precision": 0.8685121107266436,
      "eval_recall": 0.9127272727272727,
      "eval_auc": 0.9563417963417963,
      "eval_auprc": 0.9421738022989394,
      "eval_matthews_correlation": 0.7959406079795099,
      "eval_runtime": 4.6969,
      "eval_samples_per_second": 129.66,
      "eval_steps_per_second": 8.303,
      "epoch": 8.0
    },
    {
      "eval_loss": 0.2601686716079712,
      "eval_accuracy": 0.9078947368421053,
      "eval_f1": 0.900355871886121,
      "eval_precision": 0.8846153846153846,
      "eval_recall": 0.9166666666666666,
      "eval_auc": 0.9676641348000699,
      "eval_auprc": 0.949024349188825,
      "eval_matthews_correlation": 0.8152253894946925,
      "eval_runtime": 4.6961,
      "eval_samples_per_second": 129.682,
      "eval_steps_per_second": 8.305,
      "epoch": 7.0
    },
    {
      "eval_loss": 0.2720213532447815,
      "eval_accuracy": 0.8914473684210527,
      "eval_f1": 0.8846153846153846,
      "eval_precision": 0.8547297297297297,
      "eval_recall": 0.9166666666666666,
      "eval_auc": 0.9540444386240615,
      "eval_auprc": 0.9402806765365619,
      "eval_matthews_correlation": 0.7840741837451984,
      "eval_runtime": 4.6976,
      "eval_samples_per_second": 129.641,
      "eval_steps_per_second": 8.302,
      "epoch": 4.0
    },
    {
      "eval_loss": 0.27241384983062744,
      "eval_accuracy": 0.881578947368421,
      "eval_f1": 0.8671586715867159,
      "eval_precision": 0.8801498127340824,
      "eval_recall": 0.8545454545454545,
      "eval_auc": 0.9587332787332787,
      "eval_auprc": 0.9548193026356321,
      "eval_matthews_correlation": 0.7606453800078005,
      "eval_runtime": 4.6953,
      "eval_samples_per_second": 129.705,
      "eval_steps_per_second": 8.306,
      "epoch": 6.0
    },
    {
      "eval_loss": 0.34358441829681396,
      "eval_accuracy": 0.8552631578947368,
      "eval_f1": 0.8294573643410852,
      "eval_precision": 0.8879668049792531,
      "eval_recall": 0.7781818181818182,
      "eval_auc": 0.9429757029757029,
      "eval_auprc": 0.9283024993258255,
      "eval_matthews_correlation": 0.7093204031067022,
      "eval_runtime": 4.6966,
      "eval_samples_per_second": 129.669,
      "eval_steps_per_second": 8.304,
      "epoch": 8.0
    }
  ],
  "test_metrics": {
    "eval_loss": 0.2930683195590973,
    "eval_accuracy": 0.8841911764705882,
    "eval_f1": 0.8514150943396227,
    "eval_precision": 0.8204545454545454,
    "eval_recall": 0.8848039215686274,
    "eval_auc": 0.9484465109573241,
    "eval_auprc": 0.9063527090540724,
    "eval_matthews_correlation": 0.7582049014959285,
    "eval_runtime": 8.3886,
    "eval_samples_per_second": 129.7,
    "eval_steps_per_second": 8.106,
    "epoch": 7.0
  }
}