{
  "experiment": "cross_cell",
  "model_type": "dnabert2",
  "variant": "pretrained",
  "pair_name": "FASTKD2_train_K562_test_HepG2_fixlen_101",
  "max_length": 128,
  "n_folds": 5,
  "hyperparameters": {
    "learning_rate": 5e-05,
    "per_device_train_batch_size": 16,
    "weight_decay": 0.01,
    "warmup_ratio": 0.1,
    "num_train_epochs": 10,
    "gradient_accumulation_steps": 1,
    "early_stopping_patience": 3
  },
  "cv_metrics": {
    "epoch_mean": 7.6,
    "epoch_std": 1.624807680927192,
    "eval_accuracy_mean": 0.9025318197454422,
    "eval_accuracy_std": 0.02736506734959548,
    "eval_auc_mean": 0.9457501345239306,
    "eval_auc_std": 0.025223351412408897,
    "eval_auprc_mean": 0.9512587835940209,
    "eval_auprc_std": 0.02322453745546318,
    "eval_f1_mean": 0.8999310150999934,
    "eval_f1_std": 0.029342883991640274,
    "eval_loss_mean": 0.3447102963924408,
    "eval_loss_std": 0.06895440717401508,
    "eval_matthews_correlation_mean": 0.8058241534765148,
    "eval_matthews_correlation_std": 0.052666059207693246,
    "eval_precision_mean": 0.9091164339159473,
    "eval_precision_std": 0.021599195982659743,
    "eval_recall_mean": 0.8968921336222568,
    "eval_recall_std": 0.031156289341446753,
    "eval_runtime_mean": 0.14012,
    "eval_runtime_std": 0.003920918259795779,
    "eval_samples_per_second_mean": 1216.8948,
    "eval_samples_per_second_std": 30.235664347918647,
    "eval_steps_per_second_mean": 78.56000000000002,
    "eval_steps_per_second_std": 2.1078330104635943
  },
  "cv_fold_metrics": [
    {
      "eval_loss": 0.40809541940689087,
      "eval_accuracy": 0.9122807017543859,
      "eval_f1": 0.9098640053413923,
      "eval_matthews_correlation": 0.8276941913937832,
      "eval_precision": 0.922943722943723,
      "eval_recall": 0.9049461177120752,
      "eval_auc": 0.9439071566731141,
      "eval_auprc": 0.9555573030620503,
      "eval_runtime": 0.1478,
      "eval_samples_per_second": 1157.191,
      "eval_steps_per_second": 74.439,
      "epoch": 10.0
    },
    {
      "eval_loss": 0.2117137312889099,
      "eval_accuracy": 0.935672514619883,
      "eval_f1": 0.9351043643263758,
      "eval_matthews_correlation": 0.870273784616348,
      "eval_precision": 0.9346567411083541,
      "eval_recall": 0.9356175739154462,
      "eval_auc": 0.9795523625310859,
      "eval_auprc": 0.98137092574732,
      "eval_runtime": 0.1395,
      "eval_samples_per_second": 1226.113,
      "eval_steps_per_second": 78.873,
      "epoch": 7.0
    },
    {
      "eval_loss": 0.36143290996551514,
      "eval_accuracy": 0.9,
      "eval_f1": 0.8981354199710972,
      "eval_matthews_correlation": 0.7978813421686853,
      "eval_precision": 0.9021909233176839,
      "eval_recall": 0.8957166853303471,
      "eval_auc": 0.9311310190369539,
      "eval_auprc": 0.9382366862485142,
      "eval_runtime": 0.1385,
      "eval_samples_per_second": 1227.177,
      "eval_steps_per_second": 79.406,
      "epoch": 8.0
    },
    {
      "eval_loss": 0.3851105570793152,
      "eval_accuracy": 0.8529411764705882,
      "eval_f1": 0.8464317976513099,
      "eval_matthews_correlation": 0.7114000419185745,
      "eval_precision": 0.8715071003206596,
      "eval_recall": 0.8405655095184771,
      "eval_auc": 0.908174692049272,
      "eval_auprc": 0.91435985525303,
      "eval_runtime": 0.1376,
      "eval_samples_per_second": 1235.05,
      "eval_steps_per_second": 79.915,
      "epoch": 5.0
    },
    {
      "eval_loss": 0.3571988642215729,
      "eval_accuracy": 0.9117647058823529,
      "eval_f1": 0.9101194882097916,
      "eval_matthews_correlation": 0.8218714072851828,
      "eval_precision": 0.9142836818893156,
      "eval_recall": 0.9076147816349385,
      "eval_auc": 0.9659854423292272,
      "eval_auprc": 0.9667691476591905,
      "eval_runtime": 0.1372,
      "eval_samples_per_second": 1238.943,
      "eval_steps_per_second": 80.167,
      "epoch": 8.0
    }
  ],
  "test_metrics": {
    "eval_loss": 0.6190395951271057,
    "eval_accuracy": 0.7549353301565691,
    "eval_f1": 0.734775840347935,
    "eval_matthews_correlation": 0.5543364069794623,
    "eval_precision": 0.8181501847658816,
    "eval_recall": 0.741465247245594,
    "eval_auc": 0.8657984987464756,
    "eval_auprc": 0.8723820569037453,
    "eval_runtime": 1.1484,
    "eval_samples_per_second": 1279.226,
    "eval_steps_per_second": 80.115,
    "epoch": 8.0
  }
}