{
  "experiment": "cross_length",
  "model_type": "dnabert2",
  "variant": "tapt_v3",
  "pair_name": "DGCR8_adrenal-gland_ENCSR634MFO",
  "max_length": 256,
  "n_folds": 5,
  "hyperparameters": {
    "learning_rate": 5e-05,
    "per_device_train_batch_size": 16,
    "weight_decay": 0.01,
    "warmup_ratio": 0.1,
    "num_train_epochs": 10,
    "gradient_accumulation_steps": 1,
    "early_stopping_patience": 3
  },
  "cv_metrics": {
    "epoch_mean": 7.2,
    "epoch_std": 0.7483314773547882,
    "eval_accuracy_mean": 0.771923076923077,
    "eval_accuracy_std": 0.05650981889743738,
    "eval_auc_mean": 0.8369523809523809,
    "eval_auc_std": 0.043516869301825904,
    "eval_auprc_mean": 0.7765268749178682,
    "eval_auprc_std": 0.04182565942709342,
    "eval_f1_mean": 0.7294789096104154,
    "eval_f1_std": 0.07786373728038308,
    "eval_loss_mean": 0.5259499609470367,
    "eval_loss_std": 0.08865114562869056,
    "eval_matthews_correlation_mean": 0.5000346082740521,
    "eval_matthews_correlation_std": 0.12271528560805317,
    "eval_precision_mean": 0.7818121693121693,
    "eval_precision_std": 0.05749648685747522,
    "eval_recall_mean": 0.7248571428571429,
    "eval_recall_std": 0.06808185016577815,
    "eval_runtime_mean": 0.04708,
    "eval_runtime_std": 0.00027129319932501166,
    "eval_samples_per_second_mean": 836.686,
    "eval_samples_per_second_std": 11.069071523845178,
    "eval_steps_per_second_mean": 63.70740000000001,
    "eval_steps_per_second_std": 0.37819233202168373
  },
  "cv_fold_metrics": [
    {
      "eval_loss": 0.6795748472213745,
      "eval_accuracy": 0.7,
      "eval_f1": 0.6,
      "eval_matthews_correlation": 0.3318060248025013,
      "eval_precision": 0.7428571428571429,
      "eval_recall": 0.6133333333333333,
      "eval_auc": 0.832,
      "eval_auprc": 0.7709831757509776,
      "eval_runtime": 0.0469,
      "eval_samples_per_second": 852.6,
      "eval_steps_per_second": 63.945,
      "epoch": 8.0
    },
    {
      "eval_loss": 0.4916312098503113,
      "eval_accuracy": 0.775,
      "eval_f1": 0.7381818181818182,
      "eval_matthews_correlation": 0.5068420748999523,
      "eval_precision": 0.7833333333333334,
      "eval_recall": 0.7266666666666667,
      "eval_auc": 0.8613333333333334,
      "eval_auprc": 0.7939056761637406,
      "eval_runtime": 0.0473,
      "eval_samples_per_second": 845.059,
      "eval_steps_per_second": 63.379,
      "epoch": 6.0
    },
    {
      "eval_loss": 0.44163864850997925,
      "eval_accuracy": 0.8205128205128205,
      "eval_f1": 0.7841897233201581,
      "eval_matthews_correlation": 0.6050580452280905,
      "eval_precision": 0.8444444444444444,
      "eval_recall": 0.7657142857142857,
      "eval_auc": 0.8657142857142857,
      "eval_auprc": 0.8199895273252314,
      "eval_runtime": 0.0468,
      "eval_samples_per_second": 833.785,
      "eval_steps_per_second": 64.137,
      "epoch": 7.0
    },
    {
      "eval_loss": 0.45016005635261536,
      "eval_accuracy": 0.8461538461538461,
      "eval_f1": 0.8269230769230769,
      "eval_matthews_correlation": 0.6592443967173135,
      "eval_precision": 0.8425925925925926,
      "eval_recall": 0.8171428571428572,
      "eval_auc": 0.8714285714285714,
      "eval_auprc": 0.7988592472562146,
      "eval_runtime": 0.0475,
      "eval_samples_per_second": 820.886,
      "eval_steps_per_second": 63.145,
      "epoch": 8.0
    },
    {
      "eval_loss": 0.5667450428009033,
      "eval_accuracy": 0.717948717948718,
      "eval_f1": 0.6980999296270232,
      "eval_matthews_correlation": 0.3972224997224028,
      "eval_precision": 0.6958333333333333,
      "eval_recall": 0.7014285714285715,
      "eval_auc": 0.7542857142857143,
      "eval_auprc": 0.6988967480931766,
      "eval_runtime": 0.0469,
      "eval_samples_per_second": 831.1,
      "eval_steps_per_second": 63.931,
      "epoch": 7.0
    }
  ],
  "test_metrics": {
    "eval_loss": 0.46283066272735596,
    "eval_accuracy": 0.8020833333333334,
    "eval_f1": 0.8017941876048924,
    "eval_matthews_correlation": 0.6037628405692932,
    "eval_precision": 0.8016409266409266,
    "eval_recall": 0.8021221056702277,
    "eval_auc": 0.8725286411756176,
    "eval_auprc": 0.8647616272047317,
    "eval_runtime": 0.3616,
    "eval_samples_per_second": 796.554,
    "eval_steps_per_second": 49.785,
    "epoch": 7.0
  }
}