{
  "experiment": "cross_length",
  "model_type": "lamar",
  "variant": "random",
  "pair_name": "SNRPA1_HepG2_ENCSR203ACR",
  "pretrain_path": "",
  "max_length": 1024,
  "n_folds": 5,
  "hyperparameters": {
    "learning_rate": 5e-05,
    "per_device_train_batch_size": 16,
    "weight_decay": 0.01,
    "warmup_ratio": 0.1,
    "num_train_epochs": 10,
    "gradient_accumulation_steps": 1,
    "early_stopping_patience": 3
  },
  "cv_metrics": {
    "epoch_mean": 5.6,
    "epoch_std": 1.624807680927192,
    "eval_accuracy_mean": 0.6124999999999999,
    "eval_accuracy_std": 0.16801537628046626,
    "eval_auc_mean": 0.6383809708809709,
    "eval_auc_std": 0.10259904651843334,
    "eval_auprc_mean": 0.4095981738333764,
    "eval_auprc_std": 0.11342613380869268,
    "eval_f1_mean": 0.1380952380952381,
    "eval_f1_std": 0.1883211422217637,
    "eval_loss_mean": 0.6569245457649231,
    "eval_loss_std": 0.15783901280608562,
    "eval_matthews_correlation_mean": -0.03725545294452353,
    "eval_matthews_correlation_std": 0.045976127235161764,
    "eval_precision_mean": 0.1,
    "eval_precision_std": 0.1286953767623375,
    "eval_recall_mean": 0.25,
    "eval_recall_std": 0.3872983346207417,
    "eval_runtime_mean": 0.77742,
    "eval_runtime_std": 0.11061233927550758,
    "eval_samples_per_second_mean": 63.0138,
    "eval_samples_per_second_std": 10.742715436983332,
    "eval_steps_per_second_mean": 3.9608000000000003,
    "eval_steps_per_second_std": 0.7166068378127578
  },
  "cv_fold_metrics": [
    {
      "eval_loss": 0.6796097159385681,
      "eval_accuracy": 0.5416666666666666,
      "eval_f1": 0.21428571428571427,
      "eval_precision": 0.1875,
      "eval_recall": 0.25,
      "eval_auc": 0.5023148148148148,
      "eval_auprc": 0.263555167347737,
      "eval_matthews_correlation": -0.10206207261596575,
      "eval_runtime": 0.8319,
      "eval_samples_per_second": 57.701,
      "eval_steps_per_second": 3.606,
      "epoch": 7.0
    },
    {
      "eval_loss": 0.5482251644134521,
      "eval_accuracy": 0.7291666666666666,
      "eval_f1": 0.0,
      "eval_precision": 0.0,
      "eval_recall": 0.0,
      "eval_auc": 0.6666666666666667,
      "eval_auprc": 0.36767096623595674,
      "eval_matthews_correlation": -0.0842151921066519,
      "eval_runtime": 0.834,
      "eval_samples_per_second": 57.556,
      "eval_steps_per_second": 3.597,
      "epoch": 4.0
    },
    {
      "eval_loss": 0.5541005730628967,
      "eval_accuracy": 0.75,
      "eval_f1": 0.0,
      "eval_precision": 0.0,
      "eval_recall": 0.0,
      "eval_auc": 0.6481481481481481,
      "eval_auprc": 0.3396424755799756,
      "eval_matthews_correlation": 0.0,
      "eval_runtime": 0.8322,
      "eval_samples_per_second": 57.68,
      "eval_steps_per_second": 3.605,
      "epoch": 5.0
    },
    {
      "eval_loss": 0.546608567237854,
      "eval_accuracy": 0.7291666666666666,
      "eval_f1": 0.0,
      "eval_precision": 0.0,
      "eval_recall": 0.0,
      "eval_auc": 0.8065934065934066,
      "eval_auprc": 0.5778313529971355,
      "eval_matthews_correlation": 0.0,
      "eval_runtime": 0.8328,
      "eval_samples_per_second": 57.633,
      "eval_steps_per_second": 3.602,
      "epoch": 8.0
    },
    {
      "eval_loss": 0.9560787081718445,
      "eval_accuracy": 0.3125,
      "eval_f1": 0.47619047619047616,
      "eval_precision": 0.3125,
      "eval_recall": 1.0,
      "eval_auc": 0.5681818181818182,
      "eval_auprc": 0.49929090700607726,
      "eval_matthews_correlation": 0.0,
      "eval_runtime": 0.5562,
      "eval_samples_per_second": 84.499,
      "eval_steps_per_second": 5.394,
      "epoch": 4.0
    }
  ],
  "test_metrics": {
    "eval_loss": 0.809328019618988,
    "eval_accuracy": 0.5323275862068966,
    "eval_f1": 0.0,
    "eval_precision": 0.0,
    "eval_recall": 0.0,
    "eval_auc": 0.6364857553312562,
    "eval_auprc": 0.5792868693632072,
    "eval_matthews_correlation": 0.0,
    "eval_runtime": 7.9827,
    "eval_samples_per_second": 58.501,
    "eval_steps_per_second": 3.758,
    "epoch": 9.0
  }
}