{
  "experiment": "cross_cell",
  "model_type": "lamar",
  "variant": "pretrained_custom",
  "pair_name": "ZC3H11A_train_K562_test_HepG2_fixlen_101",
  "pretrain_path": "/gpfs/bwfor/work/ws/fr_ml642-thesis_work/Thesis/LAMAR/src/pretrain/saving_model/tapt_512_standard_collator_1gpu/checkpoint-265000/model.safetensors",
  "max_length": 512,
  "n_folds": 5,
  "hyperparameters": {
    "learning_rate": 5e-05,
    "per_device_train_batch_size": 16,
    "weight_decay": 0.01,
    "warmup_ratio": 0.1,
    "num_train_epochs": 10,
    "gradient_accumulation_steps": 1,
    "early_stopping_patience": 3
  },
  "cv_metrics": {
    "epoch_mean": 9.0,
    "epoch_std": 1.2649110640673518,
    "eval_accuracy_mean": 0.7079545454545455,
    "eval_accuracy_std": 0.02756706697888229,
    "eval_auc_mean": 0.7794508922684498,
    "eval_auc_std": 0.026657337610066664,
    "eval_auprc_mean": 0.7362846034543387,
    "eval_auprc_std": 0.029957960590819795,
    "eval_f1_mean": 0.6755919984206686,
    "eval_f1_std": 0.03392025877820745,
    "eval_loss_mean": 0.6393912672996521,
    "eval_loss_std": 0.10629794819857578,
    "eval_matthews_correlation_mean": 0.41143321874395855,
    "eval_matthews_correlation_std": 0.056535366968398205,
    "eval_precision_mean": 0.6702975390205748,
    "eval_precision_std": 0.027789342098217124,
    "eval_recall_mean": 0.6832487797617202,
    "eval_recall_std": 0.055972837259745986,
    "eval_runtime_mean": 2.74772,
    "eval_runtime_std": 0.007994348003433351,
    "eval_samples_per_second_mean": 129.41799999999998,
    "eval_samples_per_second_std": 0.47304460677615023,
    "eval_steps_per_second_mean": 8.3706,
    "eval_steps_per_second_std": 0.024237161549983652
  },
  "cv_fold_metrics": [
    {
      "eval_loss": 0.6581416726112366,
      "eval_accuracy": 0.6732954545454546,
      "eval_f1": 0.6567164179104479,
      "eval_precision": 0.6214689265536724,
      "eval_recall": 0.6962025316455697,
      "eval_auc": 0.7439645047631476,
      "eval_auprc": 0.7118902395372978,
      "eval_matthews_correlation": 0.34900766581876347,
      "eval_runtime": 2.7324,
      "eval_samples_per_second": 130.288,
      "eval_steps_per_second": 8.417,
      "epoch": 10.0
    },
    {
      "eval_loss": 0.5959407687187195,
      "eval_accuracy": 0.6903409090909091,
      "eval_f1": 0.6449511400651465,
      "eval_precision": 0.6644295302013423,
      "eval_recall": 0.6265822784810127,
      "eval_auc": 0.7555135064596112,
      "eval_auprc": 0.6960526238427343,
      "eval_matthews_correlation": 0.37131151660340583,
      "eval_runtime": 2.7482,
      "eval_samples_per_second": 129.539,
      "eval_steps_per_second": 8.369,
      "epoch": 7.0
    },
    {
      "eval_loss": 0.8346680998802185,
      "eval_accuracy": 0.7102272727272727,
      "eval_f1": 0.6622516556291391,
      "eval_precision": 0.6896551724137931,
      "eval_recall": 0.6369426751592356,
      "eval_auc": 0.7868365180467092,
      "eval_auprc": 0.7580318170091065,
      "eval_matthews_correlation": 0.41021306088665194,
      "eval_runtime": 2.7554,
      "eval_samples_per_second": 129.203,
      "eval_steps_per_second": 8.347,
      "epoch": 10.0
    },
    {
      "eval_loss": 0.5260360836982727,
      "eval_accuracy": 0.7556818181818182,
      "eval_f1": 0.7409638554216869,
      "eval_precision": 0.7028571428571428,
      "eval_recall": 0.7834394904458599,
      "eval_auc": 0.8179650498121835,
      "eval_auprc": 0.778717603705247,
      "eval_matthews_correlation": 0.5137610089667015,
      "eval_runtime": 2.7513,
      "eval_samples_per_second": 129.031,
      "eval_steps_per_second": 8.36,
      "epoch": 8.0
    },
    {
      "eval_loss": 0.5821697115898132,
      "eval_accuracy": 0.7102272727272727,
      "eval_f1": 0.6730769230769231,
      "eval_precision": 0.6730769230769231,
      "eval_recall": 0.6730769230769231,
      "eval_auc": 0.7929748822605965,
      "eval_auprc": 0.7367307331773072,
      "eval_matthews_correlation": 0.41287284144427,
      "eval_runtime": 2.7513,
      "eval_samples_per_second": 129.029,
      "eval_steps_per_second": 8.36,
      "epoch": 10.0
    }
  ],
  "test_metrics": {
    "eval_loss": 0.6543231010437012,
    "eval_accuracy": 0.634929906542056,
    "eval_f1": 0.5519713261648745,
    "eval_precision": 0.6043956043956044,
    "eval_recall": 0.5079155672823219,
    "eval_auc": 0.6836912209665733,
    "eval_auprc": 0.6239132060101825,
    "eval_matthews_correlation": 0.2504987258254426,
    "eval_runtime": 13.2923,
    "eval_samples_per_second": 129.849,
    "eval_steps_per_second": 8.125,
    "epoch": 8.0
  }
}