{
  "experiment": "cross_length",
  "model_type": "lamar",
  "variant": "random",
  "pair_name": "SFPQ_HepG2_ENCSR965DLL",
  "pretrain_path": "",
  "max_length": 1024,
  "n_folds": 5,
  "hyperparameters": {
    "learning_rate": 5e-05,
    "per_device_train_batch_size": 16,
    "weight_decay": 0.01,
    "warmup_ratio": 0.1,
    "num_train_epochs": 10,
    "gradient_accumulation_steps": 1,
    "early_stopping_patience": 3
  },
  "cv_metrics": {
    "epoch_mean": 8.4,
    "epoch_std": 2.0591260281974,
    "eval_accuracy_mean": 0.781846153846154,
    "eval_accuracy_std": 0.011716952771455577,
    "eval_auc_mean": 0.798279817839126,
    "eval_auc_std": 0.008865559405992278,
    "eval_auprc_mean": 0.6568214223559112,
    "eval_auprc_std": 0.02248172283225792,
    "eval_f1_mean": 0.5424843597602004,
    "eval_f1_std": 0.02595913146469474,
    "eval_loss_mean": 0.48369923830032346,
    "eval_loss_std": 0.013435074430847516,
    "eval_matthews_correlation_mean": 0.43567315091506364,
    "eval_matthews_correlation_std": 0.03267015109257909,
    "eval_precision_mean": 0.7267299415075599,
    "eval_precision_std": 0.05488248385960203,
    "eval_recall_mean": 0.43577362286639654,
    "eval_recall_std": 0.03744590601698602,
    "eval_runtime_mean": 8.61724,
    "eval_runtime_std": 0.14008231294492562,
    "eval_samples_per_second_mean": 48.1942,
    "eval_samples_per_second_std": 0.7196825411249037,
    "eval_steps_per_second_mean": 3.018,
    "eval_steps_per_second_std": 0.04807910148910846
  },
  "cv_fold_metrics": [
    {
      "eval_loss": 0.49890583753585815,
      "eval_accuracy": 0.7692307692307693,
      "eval_f1": 0.5,
      "eval_precision": 0.7058823529411765,
      "eval_recall": 0.3870967741935484,
      "eval_auc": 0.7981661511268227,
      "eval_auprc": 0.6615740982165009,
      "eval_matthews_correlation": 0.3941022376643621,
      "eval_runtime": 8.8969,
      "eval_samples_per_second": 46.758,
      "eval_steps_per_second": 2.922,
      "epoch": 5.0
    },
    {
      "eval_loss": 0.4966423511505127,
      "eval_accuracy": 0.785,
      "eval_f1": 0.5742574257425742,
      "eval_precision": 0.6904761904761905,
      "eval_recall": 0.4915254237288136,
      "eval_auc": 0.7820952037504508,
      "eval_auprc": 0.6274507728400281,
      "eval_matthews_correlation": 0.4471063904988757,
      "eval_runtime": 8.5625,
      "eval_samples_per_second": 48.467,
      "eval_steps_per_second": 3.037,
      "epoch": 10.0
    },
    {
      "eval_loss": 0.46177321672439575,
      "eval_accuracy": 0.8025,
      "eval_f1": 0.5635359116022101,
      "eval_precision": 0.8095238095238095,
      "eval_recall": 0.4322033898305085,
      "eval_auc": 0.809021517009256,
      "eval_auprc": 0.6759900822329671,
      "eval_matthews_correlation": 0.48781509416132857,
      "eval_runtime": 8.5471,
      "eval_samples_per_second": 48.555,
      "eval_steps_per_second": 3.042,
      "epoch": 7.0
    },
    {
      "eval_loss": 0.47924134135246277,
      "eval_accuracy": 0.7725,
      "eval_f1": 0.542713567839196,
      "eval_precision": 0.6585365853658537,
      "eval_recall": 0.46153846153846156,
      "eval_auc": 0.800730874935822,
      "eval_auprc": 0.6344499511083775,
      "eval_matthews_correlation": 0.4085937358699362,
      "eval_runtime": 8.5375,
      "eval_samples_per_second": 48.609,
      "eval_steps_per_second": 3.045,
      "epoch": 10.0
    },
    {
      "eval_loss": 0.48193344473838806,
      "eval_accuracy": 0.78,
      "eval_f1": 0.5319148936170213,
      "eval_precision": 0.7692307692307693,
      "eval_recall": 0.4065040650406504,
      "eval_auc": 0.8013853423732793,
      "eval_auprc": 0.6846422073816826,
      "eval_matthews_correlation": 0.44074829638081575,
      "eval_runtime": 8.5422,
      "eval_samples_per_second": 48.582,
      "eval_steps_per_second": 3.044,
      "epoch": 10.0
    }
  ],
  "test_metrics": {
    "eval_loss": 0.5554195046424866,
    "eval_accuracy": 0.7080555555555555,
    "eval_f1": 0.5811080111598247,
    "eval_precision": 0.8966789667896679,
    "eval_recall": 0.42983490566037735,
    "eval_auc": 0.8285517331932775,
    "eval_auprc": 0.8173268866884376,
    "eval_matthews_correlation": 0.4604703917386593,
    "eval_runtime": 77.003,
    "eval_samples_per_second": 46.764,
    "eval_steps_per_second": 2.935,
    "epoch": 10.0
  }
}