{
  "experiment": "cross_length",
  "model_type": "lamar",
  "variant": "tapt_1024",
  "pair_name": "IGF2BP3_HepG2_ENCSR993OLA",
  "pretrain_path": "/gpfs/bwfor/work/ws/fr_ml642-thesis_work/Thesis/LAMAR/src/pretrain/saving_model/tapt_1024_standard_collator/checkpoint-134000/model.safetensors",
  "max_length": 1024,
  "n_folds": 5,
  "hyperparameters": {
    "learning_rate": 5e-05,
    "per_device_train_batch_size": 16,
    "weight_decay": 0.01,
    "warmup_ratio": 0.1,
    "num_train_epochs": 10,
    "gradient_accumulation_steps": 1,
    "early_stopping_patience": 3
  },
  "cv_metrics": {
    "epoch_mean": 7.8,
    "epoch_std": 1.8330302779823358,
    "eval_accuracy_mean": 0.7333333333333333,
    "eval_accuracy_std": 0.04902600720756331,
    "eval_auc_mean": 0.8242601185165676,
    "eval_auc_std": 0.020368411384347012,
    "eval_auprc_mean": 0.708039917865823,
    "eval_auprc_std": 0.038404736191647255,
    "eval_f1_mean": 0.6234536136922297,
    "eval_f1_std": 0.0531352800727998,
    "eval_loss_mean": 0.5625242590904236,
    "eval_loss_std": 0.05031697728749136,
    "eval_matthews_correlation_mean": 0.4442558657338818,
    "eval_matthews_correlation_std": 0.055797990064240875,
    "eval_precision_mean": 0.6233105147384419,
    "eval_precision_std": 0.09304872658030408,
    "eval_recall_mean": 0.6724859276320403,
    "eval_recall_std": 0.1599774710656462,
    "eval_runtime_mean": 4.9565600000000005,
    "eval_runtime_std": 0.0018358649187778333,
    "eval_samples_per_second_mean": 59.477,
    "eval_samples_per_second_std": 0.09263908462414691,
    "eval_steps_per_second_mean": 3.8329999999999997,
    "eval_steps_per_second_std": 0.0014142135623731278
  },
  "cv_fold_metrics": [
    {
      "eval_loss": 0.5358245372772217,
      "eval_accuracy": 0.6979166666666666,
      "eval_f1": 0.6477732793522267,
      "eval_precision": 0.5298013245033113,
      "eval_recall": 0.8333333333333334,
      "eval_auc": 0.825900607638889,
      "eval_auprc": 0.7064102243256862,
      "eval_matthews_correlation": 0.4375485526442864,
      "eval_runtime": 4.9564,
      "eval_samples_per_second": 59.519,
      "eval_steps_per_second": 3.833,
      "epoch": 6.0
    },
    {
      "eval_loss": 0.48943084478378296,
      "eval_accuracy": 0.7534722222222222,
      "eval_f1": 0.5359477124183006,
      "eval_precision": 0.7068965517241379,
      "eval_recall": 0.43157894736842106,
      "eval_auc": 0.8308699209162804,
      "eval_auprc": 0.7248387033325774,
      "eval_matthews_correlation": 0.40270246163135,
      "eval_runtime": 4.959,
      "eval_samples_per_second": 59.488,
      "eval_steps_per_second": 3.831,
      "epoch": 7.0
    },
    {
      "eval_loss": 0.5565242767333984,
      "eval_accuracy": 0.7881944444444444,
      "eval_f1": 0.6995073891625616,
      "eval_precision": 0.6698113207547169,
      "eval_recall": 0.7319587628865979,
      "eval_auc": 0.8442273438765046,
      "eval_auprc": 0.7454664087705704,
      "eval_matthews_correlation": 0.5377233900844375,
      "eval_runtime": 4.9551,
      "eval_samples_per_second": 59.535,
      "eval_steps_per_second": 3.834,
      "epoch": 10.0
    },
    {
      "eval_loss": 0.6374591588973999,
      "eval_accuracy": 0.7708333333333334,
      "eval_f1": 0.6162790697674418,
      "eval_precision": 0.7162162162162162,
      "eval_recall": 0.5408163265306123,
      "eval_auc": 0.8349624060150376,
      "eval_auprc": 0.7281418776748438,
      "eval_matthews_correlation": 0.46658240328362993,
      "eval_runtime": 4.9541,
      "eval_samples_per_second": 59.547,
      "eval_steps_per_second": 3.835,
      "epoch": 10.0
    },
    {
      "eval_loss": 0.5933824777603149,
      "eval_accuracy": 0.65625,
      "eval_f1": 0.6177606177606177,
      "eval_precision": 0.49382716049382713,
      "eval_recall": 0.8247422680412371,
      "eval_auc": 0.7853403141361257,
      "eval_auprc": 0.6353423752254375,
      "eval_matthews_correlation": 0.3767225210257051,
      "eval_runtime": 4.9582,
      "eval_samples_per_second": 59.296,
      "eval_steps_per_second": 3.832,
      "epoch": 6.0
    }
  ],
  "test_metrics": {
    "eval_loss": 0.6928393840789795,
    "eval_accuracy": 0.6566901408450704,
    "eval_f1": 0.4813829787234042,
    "eval_precision": 0.851764705882353,
    "eval_recall": 0.33549582947173306,
    "eval_auc": 0.7844034594759203,
    "eval_auprc": 0.7578071816126903,
    "eval_matthews_correlation": 0.36200125034119873,
    "eval_runtime": 39.0298,
    "eval_samples_per_second": 58.596,
    "eval_steps_per_second": 3.664,
    "epoch": 7.0
  }
}