{
  "experiment": "cross_length",
  "model_type": "lamar",
  "variant": "tapt_512",
  "pair_name": "DDX55_HepG2_ENCSR845VGB",
  "pretrain_path": "/gpfs/bwfor/work/ws/fr_ml642-thesis_work/Thesis/LAMAR/src/pretrain/saving_model/tapt_lamar/checkpoint-98000/model.safetensors",
  "max_length": 1024,
  "n_folds": 5,
  "hyperparameters": {
    "learning_rate": 5e-05,
    "per_device_train_batch_size": 16,
    "weight_decay": 0.01,
    "warmup_ratio": 0.1,
    "num_train_epochs": 10,
    "gradient_accumulation_steps": 1,
    "early_stopping_patience": 3
  },
  "cv_metrics": {
    "epoch_mean": 7.0,
    "epoch_std": 1.6733200530681511,
    "eval_accuracy_mean": 0.6855769230769231,
    "eval_accuracy_std": 0.04454321085346333,
    "eval_auc_mean": 0.7422773538602537,
    "eval_auc_std": 0.03300014966612582,
    "eval_auprc_mean": 0.5447361534666418,
    "eval_auprc_std": 0.06132608302714649,
    "eval_f1_mean": 0.35947658740347826,
    "eval_f1_std": 0.2287776094771003,
    "eval_loss_mean": 0.6036290168762207,
    "eval_loss_std": 0.04558284100478421,
    "eval_matthews_correlation_mean": 0.23707011910745174,
    "eval_matthews_correlation_std": 0.12178514895554891,
    "eval_precision_mean": 0.5947232013269749,
    "eval_precision_std": 0.09425458409782002,
    "eval_recall_mean": 0.35922370245956914,
    "eval_recall_std": 0.2678149655039543,
    "eval_runtime_mean": 3.60062,
    "eval_runtime_std": 0.0018345571672750086,
    "eval_samples_per_second_mean": 59.5458,
    "eval_samples_per_second_std": 0.12516133588293116,
    "eval_steps_per_second_mean": 3.8882000000000003,
    "eval_steps_per_second_std": 0.0019390719429665288
  },
  "cv_fold_metrics": [
    {
      "eval_loss": 0.6811869144439697,
      "eval_accuracy": 0.6778846153846154,
      "eval_f1": 0.056338028169014086,
      "eval_precision": 0.6666666666666666,
      "eval_recall": 0.029411764705882353,
      "eval_auc": 0.748844537815126,
      "eval_auprc": 0.5474966878525561,
      "eval_matthews_correlation": 0.08761527508505483,
      "eval_runtime": 3.6018,
      "eval_samples_per_second": 59.693,
      "eval_steps_per_second": 3.887,
      "epoch": 6.0
    },
    {
      "eval_loss": 0.5691972374916077,
      "eval_accuracy": 0.6923076923076923,
      "eval_f1": 0.5076923076923077,
      "eval_precision": 0.5238095238095238,
      "eval_recall": 0.4925373134328358,
      "eval_auc": 0.7227691330581136,
      "eval_auprc": 0.48523601850164466,
      "eval_matthews_correlation": 0.28450894787322784,
      "eval_runtime": 3.6015,
      "eval_samples_per_second": 59.698,
      "eval_steps_per_second": 3.887,
      "epoch": 7.0
    },
    {
      "eval_loss": 0.623442530632019,
      "eval_accuracy": 0.6201923076923077,
      "eval_f1": 0.5433526011560694,
      "eval_precision": 0.44339622641509435,
      "eval_recall": 0.7014925373134329,
      "eval_auc": 0.690377897745316,
      "eval_auprc": 0.4664123402301747,
      "eval_matthews_correlation": 0.2645826894765275,
      "eval_runtime": 3.6029,
      "eval_samples_per_second": 59.397,
      "eval_steps_per_second": 3.886,
      "epoch": 5.0
    },
    {
      "eval_loss": 0.5923449397087097,
      "eval_accuracy": 0.7596153846153846,
      "eval_f1": 0.5833333333333334,
      "eval_precision": 0.6730769230769231,
      "eval_recall": 0.5147058823529411,
      "eval_auc": 0.7640756302521008,
      "eval_auprc": 0.6129285761443939,
      "eval_matthews_correlation": 0.4260429614980358,
      "eval_runtime": 3.5986,
      "eval_samples_per_second": 59.468,
      "eval_steps_per_second": 3.89,
      "epoch": 10.0
    },
    {
      "eval_loss": 0.5519734621047974,
      "eval_accuracy": 0.6778846153846154,
      "eval_f1": 0.10666666666666666,
      "eval_precision": 0.6666666666666666,
      "eval_recall": 0.057971014492753624,
      "eval_auc": 0.7853195704306121,
      "eval_auprc": 0.6116071446044398,
      "eval_matthews_correlation": 0.1226007216044129,
      "eval_runtime": 3.5983,
      "eval_samples_per_second": 59.473,
      "eval_steps_per_second": 3.891,
      "epoch": 7.0
    }
  ],
  "test_metrics": {
    "eval_loss": 0.7005971074104309,
    "eval_accuracy": 0.5619834710743802,
    "eval_f1": 0.21335807050092767,
    "eval_precision": 0.732484076433121,
    "eval_recall": 0.1248642779587405,
    "eval_auc": 0.718985039820713,
    "eval_auprc": 0.6695442348392054,
    "eval_matthews_correlation": 0.15273315357868747,
    "eval_runtime": 33.4076,
    "eval_samples_per_second": 57.951,
    "eval_steps_per_second": 3.622,
    "epoch": 7.0
  }
}