{
  "experiment": "cross_length",
  "model_type": "lamar",
  "variant": "tapt_512",
  "pair_name": "FXR2_K562_ENCSR224QWC",
  "pretrain_path": "/gpfs/bwfor/work/ws/fr_ml642-thesis_work/Thesis/LAMAR/src/pretrain/saving_model/tapt_lamar/checkpoint-98000/model.safetensors",
  "max_length": 1024,
  "n_folds": 5,
  "hyperparameters": {
    "learning_rate": 5e-05,
    "per_device_train_batch_size": 16,
    "weight_decay": 0.01,
    "warmup_ratio": 0.1,
    "num_train_epochs": 10,
    "gradient_accumulation_steps": 1,
    "early_stopping_patience": 3
  },
  "cv_metrics": {
    "epoch_mean": 9.0,
    "epoch_std": 2.0,
    "eval_accuracy_mean": 0.7828571428571428,
    "eval_accuracy_std": 0.025916860795038205,
    "eval_auc_mean": 0.8670131844168273,
    "eval_auc_std": 0.010588815045068796,
    "eval_auprc_mean": 0.7306069997286528,
    "eval_auprc_std": 0.023267797828400723,
    "eval_f1_mean": 0.5644888839779961,
    "eval_f1_std": 0.11294528777579652,
    "eval_loss_mean": 0.456995016336441,
    "eval_loss_std": 0.038465027271524704,
    "eval_matthews_correlation_mean": 0.4682847571785539,
    "eval_matthews_correlation_std": 0.08082149501590742,
    "eval_precision_mean": 0.7566343407883208,
    "eval_precision_std": 0.05196227518055625,
    "eval_recall_mean": 0.48254365690806367,
    "eval_recall_std": 0.1762516307927159,
    "eval_runtime_mean": 12.09604,
    "eval_runtime_std": 0.01752981460255595,
    "eval_samples_per_second_mean": 46.4284,
    "eval_samples_per_second_std": 0.09407571418809357,
    "eval_steps_per_second_mean": 2.9762,
    "eval_steps_per_second_std": 0.004118252056394877
  },
  "cv_fold_metrics": [
    {
      "eval_loss": 0.3933354616165161,
      "eval_accuracy": 0.8285714285714286,
      "eval_f1": 0.7225433526011561,
      "eval_precision": 0.7352941176470589,
      "eval_recall": 0.7102272727272727,
      "eval_auc": 0.8862600615530303,
      "eval_auprc": 0.775632704185578,
      "eval_matthews_correlation": 0.5987547924835402,
      "eval_runtime": 12.0901,
      "eval_samples_per_second": 46.484,
      "eval_steps_per_second": 2.978,
      "epoch": 10.0
    },
    {
      "eval_loss": 0.5116832256317139,
      "eval_accuracy": 0.7553571428571428,
      "eval_f1": 0.4315352697095436,
      "eval_precision": 0.8,
      "eval_recall": 0.29545454545454547,
      "eval_auc": 0.86767578125,
      "eval_auprc": 0.7154201122812718,
      "eval_matthews_correlation": 0.379141249312054,
      "eval_runtime": 12.0897,
      "eval_samples_per_second": 46.486,
      "eval_steps_per_second": 2.978,
      "epoch": 10.0
    },
    {
      "eval_loss": 0.44971293210983276,
      "eval_accuracy": 0.7714285714285715,
      "eval_f1": 0.4999999999999999,
      "eval_precision": 0.810126582278481,
      "eval_recall": 0.3615819209039548,
      "eval_auc": 0.8642740186750453,
      "eval_auprc": 0.722692266310364,
      "eval_matthews_correlation": 0.4306440471375608,
      "eval_runtime": 12.087,
      "eval_samples_per_second": 46.496,
      "eval_steps_per_second": 2.978,
      "epoch": 5.0
    },
    {
      "eval_loss": 0.45592018961906433,
      "eval_accuracy": 0.7928571428571428,
      "eval_f1": 0.6741573033707865,
      "eval_precision": 0.6666666666666666,
      "eval_recall": 0.6818181818181818,
      "eval_auc": 0.862600615530303,
      "eval_auprc": 0.7281895685442262,
      "eval_matthews_correlation": 0.5224238076205371,
      "eval_runtime": 12.0827,
      "eval_samples_per_second": 46.43,
      "eval_steps_per_second": 2.979,
      "epoch": 10.0
    },
    {
      "eval_loss": 0.4743232727050781,
      "eval_accuracy": 0.7660714285714286,
      "eval_f1": 0.49420849420849433,
      "eval_precision": 0.7710843373493976,
      "eval_recall": 0.36363636363636365,
      "eval_auc": 0.8542554450757576,
      "eval_auprc": 0.7111003473218239,
      "eval_matthews_correlation": 0.41045988933907757,
      "eval_runtime": 12.1307,
      "eval_samples_per_second": 46.246,
      "eval_steps_per_second": 2.968,
      "epoch": 10.0
    }
  ],
  "test_metrics": {
    "eval_loss": 0.6726109385490417,
    "eval_accuracy": 0.6944188191881919,
    "eval_f1": 0.5707806932296727,
    "eval_precision": 0.8398474737845567,
    "eval_recall": 0.4322865554465162,
    "eval_auc": 0.8140660351493939,
    "eval_auprc": 0.7748013972145879,
    "eval_matthews_correlation": 0.418601764334745,
    "eval_runtime": 94.0871,
    "eval_samples_per_second": 46.117,
    "eval_steps_per_second": 2.891,
    "epoch": 7.0
  }
}