{
  "experiment": "cross_length",
  "model_type": "lamar",
  "variant": "random",
  "pair_name": "GRSF1_HepG2_ENCSR668MJX",
  "pretrain_path": "",
  "max_length": 1024,
  "n_folds": 5,
  "hyperparameters": {
    "learning_rate": 5e-05,
    "per_device_train_batch_size": 16,
    "weight_decay": 0.01,
    "warmup_ratio": 0.1,
    "num_train_epochs": 10,
    "gradient_accumulation_steps": 1,
    "early_stopping_patience": 3
  },
  "cv_metrics": {
    "epoch_mean": 6.2,
    "epoch_std": 1.469693845669907,
    "eval_accuracy_mean": 0.8390625,
    "eval_accuracy_std": 0.060232297710613704,
    "eval_auc_mean": 0.9351136733763272,
    "eval_auc_std": 0.014568587567800528,
    "eval_auprc_mean": 0.8903814961500276,
    "eval_auprc_std": 0.03769254373155283,
    "eval_f1_mean": 0.7075512722571548,
    "eval_f1_std": 0.18308498535298046,
    "eval_loss_mean": 0.3990203380584717,
    "eval_loss_std": 0.11050361236946801,
    "eval_matthews_correlation_mean": 0.6445224166564001,
    "eval_matthews_correlation_std": 0.14067275546419442,
    "eval_precision_mean": 0.852205039372161,
    "eval_precision_std": 0.11836778715406168,
    "eval_recall_mean": 0.683388704318937,
    "eval_recall_std": 0.25427485206139994,
    "eval_runtime_mean": 2.74812,
    "eval_runtime_std": 0.0034119788979417223,
    "eval_samples_per_second_mean": 46.795399999999994,
    "eval_samples_per_second_std": 0.16044637733523315,
    "eval_steps_per_second_mean": 3.1292,
    "eval_steps_per_second_std": 0.17656545528500195
  },
  "cv_fold_metrics": [
    {
      "eval_loss": 0.533507227897644,
      "eval_accuracy": 0.7421875,
      "eval_f1": 0.35294117647058826,
      "eval_precision": 1.0,
      "eval_recall": 0.21428571428571427,
      "eval_auc": 0.9258028792912514,
      "eval_auprc": 0.8809829167756764,
      "eval_matthews_correlation": 0.39352502433506203,
      "eval_runtime": 2.744,
      "eval_samples_per_second": 47.012,
      "eval_steps_per_second": 3.28,
      "epoch": 4.0
    },
    {
      "eval_loss": 0.2799953818321228,
      "eval_accuracy": 0.90625,
      "eval_f1": 0.8571428571428572,
      "eval_precision": 0.8780487804878049,
      "eval_recall": 0.8372093023255814,
      "eval_auc": 0.9491108071135431,
      "eval_auprc": 0.9241953923032202,
      "eval_matthews_correlation": 0.78792889165625,
      "eval_runtime": 2.7531,
      "eval_samples_per_second": 46.856,
      "eval_steps_per_second": 3.269,
      "epoch": 7.0
    },
    {
      "eval_loss": 0.27436575293540955,
      "eval_accuracy": 0.8984375,
      "eval_f1": 0.8311688311688312,
      "eval_precision": 0.9142857142857143,
      "eval_recall": 0.7619047619047619,
      "eval_auc": 0.9543189368770764,
      "eval_auprc": 0.9322569837964896,
      "eval_matthews_correlation": 0.7658528881364938,
      "eval_runtime": 2.7511,
      "eval_samples_per_second": 46.89,
      "eval_steps_per_second": 3.271,
      "epoch": 5.0
    },
    {
      "eval_loss": 0.5140372514724731,
      "eval_accuracy": 0.8125,
      "eval_f1": 0.7692307692307692,
      "eval_precision": 0.6451612903225806,
      "eval_recall": 0.9523809523809523,
      "eval_auc": 0.915282392026578,
      "eval_auprc": 0.8262430741090796,
      "eval_matthews_correlation": 0.6544386701029608,
      "eval_runtime": 2.7459,
      "eval_samples_per_second": 46.615,
      "eval_steps_per_second": 2.913,
      "epoch": 7.0
    },
    {
      "eval_loss": 0.39319607615470886,
      "eval_accuracy": 0.8359375,
      "eval_f1": 0.7272727272727273,
      "eval_precision": 0.8235294117647058,
      "eval_recall": 0.6511627906976745,
      "eval_auc": 0.9310533515731875,
      "eval_auprc": 0.8882291137656723,
      "eval_matthews_correlation": 0.6208666090512334,
      "eval_runtime": 2.7465,
      "eval_samples_per_second": 46.604,
      "eval_steps_per_second": 2.913,
      "epoch": 8.0
    }
  ],
  "test_metrics": {
    "eval_loss": 0.46430936455726624,
    "eval_accuracy": 0.8107638888888888,
    "eval_f1": 0.7766393442622951,
    "eval_precision": 0.8938679245283019,
    "eval_recall": 0.6865942028985508,
    "eval_auc": 0.9200362318840579,
    "eval_auprc": 0.9126164348789403,
    "eval_matthews_correlation": 0.6335193820376429,
    "eval_runtime": 24.7936,
    "eval_samples_per_second": 46.786,
    "eval_steps_per_second": 2.944,
    "epoch": 6.0
  }
}