{
  "experiment": "cross_cell",
  "model_type": "lamar",
  "variant": "tapt_512",
  "pair_name": "APEX1_train_K562_test_HepG2_fixlen_101",
  "pretrain_path": "/gpfs/bwfor/work/ws/fr_ml642-thesis_work/Thesis/LAMAR/src/pretrain/saving_model/tapt_lamar/checkpoint-98000/model.safetensors",
  "max_length": 1024,
  "n_folds": 5,
  "hyperparameters": {
    "learning_rate": 5e-05,
    "per_device_train_batch_size": 16,
    "weight_decay": 0.01,
    "warmup_ratio": 0.1,
    "num_train_epochs": 10,
    "gradient_accumulation_steps": 1,
    "early_stopping_patience": 3
  },
  "cv_metrics": {
    "epoch_mean": 6.4,
    "epoch_std": 1.9595917942265424,
    "eval_accuracy_mean": 0.775,
    "eval_accuracy_std": 0.09960860906568267,
    "eval_auc_mean": 0.9107138480392157,
    "eval_auc_std": 0.06676997862239441,
    "eval_auprc_mean": 0.9159628268288948,
    "eval_auprc_std": 0.062197614800951845,
    "eval_f1_mean": 0.729700328407225,
    "eval_f1_std": 0.15910114680054038,
    "eval_loss_mean": 0.5221271336078643,
    "eval_loss_std": 0.26227017617173026,
    "eval_matthews_correlation_mean": 0.5706548442844123,
    "eval_matthews_correlation_std": 0.19315296055667763,
    "eval_precision_mean": 0.8041666666666668,
    "eval_precision_std": 0.07743587794261626,
    "eval_recall_mean": 0.7133333333333334,
    "eval_recall_std": 0.24494046895793545,
    "eval_runtime_mean": 0.69002,
    "eval_runtime_std": 0.0010303397497912962,
    "eval_samples_per_second_mean": 55.07039999999999,
    "eval_samples_per_second_std": 0.08402523430494041,
    "eval_steps_per_second_mean": 4.3476,
    "eval_steps_per_second_std": 0.006770524351924224
  },
  "cv_fold_metrics": [
    {
      "eval_loss": 0.40796345472335815,
      "eval_accuracy": 0.78125,
      "eval_f1": 0.7586206896551724,
      "eval_precision": 0.7857142857142857,
      "eval_recall": 0.7333333333333333,
      "eval_auc": 0.9176470588235294,
      "eval_auprc": 0.9131818943583649,
      "eval_matthews_correlation": 0.5601675975251952,
      "eval_runtime": 0.6886,
      "eval_samples_per_second": 55.188,
      "eval_steps_per_second": 4.357,
      "epoch": 4.0
    },
    {
      "eval_loss": 0.375321626663208,
      "eval_accuracy": 0.8125,
      "eval_f1": 0.8333333333333333,
      "eval_precision": 0.7142857142857143,
      "eval_recall": 1.0,
      "eval_auc": 0.9921568627450981,
      "eval_auprc": 0.9913888888888889,
      "eval_matthews_correlation": 0.6798418006783489,
      "eval_runtime": 0.6901,
      "eval_samples_per_second": 55.061,
      "eval_steps_per_second": 4.347,
      "epoch": 6.0
    },
    {
      "eval_loss": 1.0153366327285767,
      "eval_accuracy": 0.65625,
      "eval_f1": 0.47619047619047616,
      "eval_precision": 0.8333333333333334,
      "eval_recall": 0.3333333333333333,
      "eval_auc": 0.803921568627451,
      "eval_auprc": 0.8194912303532993,
      "eval_matthews_correlation": 0.3509664885977756,
      "eval_runtime": 0.6899,
      "eval_samples_per_second": 55.078,
      "eval_steps_per_second": 4.348,
      "epoch": 6.0
    },
    {
      "eval_loss": 0.266150563955307,
      "eval_accuracy": 0.9375,
      "eval_f1": 0.9375,
      "eval_precision": 0.9375,
      "eval_recall": 0.9375,
      "eval_auc": 0.96484375,
      "eval_auprc": 0.9729053442028985,
      "eval_matthews_correlation": 0.875,
      "eval_runtime": 0.6918,
      "eval_samples_per_second": 54.927,
      "eval_steps_per_second": 4.336,
      "epoch": 10.0
    },
    {
      "eval_loss": 0.5458633899688721,
      "eval_accuracy": 0.6875,
      "eval_f1": 0.6428571428571429,
      "eval_precision": 0.75,
      "eval_recall": 0.5625,
      "eval_auc": 0.875,
      "eval_auprc": 0.8828467763410219,
      "eval_matthews_correlation": 0.3872983346207417,
      "eval_runtime": 0.6897,
      "eval_samples_per_second": 55.098,
      "eval_steps_per_second": 4.35,
      "epoch": 6.0
    }
  ],
  "test_metrics": {
    "eval_loss": 0.8942549228668213,
    "eval_accuracy": 0.6468023255813954,
    "eval_f1": 0.5225933202357563,
    "eval_precision": 0.764367816091954,
    "eval_recall": 0.3970149253731343,
    "eval_auc": 0.7356137161219398,
    "eval_auprc": 0.732809013101463,
    "eval_matthews_correlation": 0.32296483748939864,
    "eval_runtime": 14.7992,
    "eval_samples_per_second": 46.489,
    "eval_steps_per_second": 2.906,
    "epoch": 5.0
  }
}