{
  "experiment": "cross_length",
  "model_type": "lamar",
  "variant": "tapt_512",
  "pair_name": "FMR1_K562_ENCSR554UVB",
  "pretrain_path": "/gpfs/bwfor/work/ws/fr_ml642-thesis_work/Thesis/LAMAR/src/pretrain/saving_model/tapt_lamar/checkpoint-98000/model.safetensors",
  "max_length": 1024,
  "n_folds": 5,
  "hyperparameters": {
    "learning_rate": 5e-05,
    "per_device_train_batch_size": 16,
    "weight_decay": 0.01,
    "warmup_ratio": 0.1,
    "num_train_epochs": 10,
    "gradient_accumulation_steps": 1,
    "early_stopping_patience": 3
  },
  "cv_metrics": {
    "epoch_mean": 7.2,
    "epoch_std": 1.9390719429665317,
    "eval_accuracy_mean": 0.8174342105263157,
    "eval_accuracy_std": 0.018226177864730346,
    "eval_auc_mean": 0.8992367739525712,
    "eval_auc_std": 0.008999334864115633,
    "eval_auprc_mean": 0.8109203746341158,
    "eval_auprc_std": 0.024374606091841892,
    "eval_f1_mean": 0.7051306281707282,
    "eval_f1_std": 0.029471817013315964,
    "eval_loss_mean": 0.38571408987045286,
    "eval_loss_std": 0.020342681410449127,
    "eval_matthews_correlation_mean": 0.5797441531437306,
    "eval_matthews_correlation_std": 0.03679451363881795,
    "eval_precision_mean": 0.7472734722180857,
    "eval_precision_std": 0.06090523967293574,
    "eval_recall_mean": 0.6771193112542718,
    "eval_recall_std": 0.0703569986156041,
    "eval_runtime_mean": 10.46016,
    "eval_runtime_std": 0.0021731083728151325,
    "eval_samples_per_second_mean": 59.157799999999995,
    "eval_samples_per_second_std": 0.030537845372587812,
    "eval_steps_per_second_mean": 3.7283999999999997,
    "eval_steps_per_second_std": 0.0010198039027185667
  },
  "cv_fold_metrics": [
    {
      "eval_loss": 0.3704635500907898,
      "eval_accuracy": 0.8240131578947368,
      "eval_f1": 0.6824925816023739,
      "eval_precision": 0.8156028368794326,
      "eval_recall": 0.5867346938775511,
      "eval_auc": 0.9040642956211611,
      "eval_auprc": 0.8003509360951205,
      "eval_matthews_correlation": 0.5798710455473556,
      "eval_runtime": 10.4585,
      "eval_samples_per_second": 59.186,
      "eval_steps_per_second": 3.729,
      "epoch": 4.0
    },
    {
      "eval_loss": 0.40916040539741516,
      "eval_accuracy": 0.7927631578947368,
      "eval_f1": 0.6956521739130436,
      "eval_precision": 0.6605504587155964,
      "eval_recall": 0.7346938775510204,
      "eval_auc": 0.890479492767981,
      "eval_auprc": 0.8145301986899135,
      "eval_matthews_correlation": 0.5409702913324367,
      "eval_runtime": 10.4632,
      "eval_samples_per_second": 59.16,
      "eval_steps_per_second": 3.727,
      "epoch": 8.0
    },
    {
      "eval_loss": 0.35406360030174255,
      "eval_accuracy": 0.8470394736842105,
      "eval_f1": 0.7609254498714654,
      "eval_precision": 0.7789473684210526,
      "eval_recall": 0.7437185929648241,
      "eval_auc": 0.9143701392045803,
      "eval_auprc": 0.8554403031007956,
      "eval_matthews_correlation": 0.6489347041798651,
      "eval_runtime": 10.4609,
      "eval_samples_per_second": 59.173,
      "eval_steps_per_second": 3.728,
      "epoch": 10.0
    },
    {
      "eval_loss": 0.39967745542526245,
      "eval_accuracy": 0.8174342105263158,
      "eval_f1": 0.680115273775216,
      "eval_precision": 0.7919463087248322,
      "eval_recall": 0.5959595959595959,
      "eval_auc": 0.8910692288741069,
      "eval_auprc": 0.783239357403844,
      "eval_matthews_correlation": 0.5669182942695854,
      "eval_runtime": 10.4612,
      "eval_samples_per_second": 59.171,
      "eval_steps_per_second": 3.728,
      "epoch": 7.0
    },
    {
      "eval_loss": 0.39520543813705444,
      "eval_accuracy": 0.805921052631579,
      "eval_f1": 0.7064676616915423,
      "eval_precision": 0.6893203883495146,
      "eval_recall": 0.7244897959183674,
      "eval_auc": 0.8962007132950267,
      "eval_auprc": 0.8010410778809062,
      "eval_matthews_correlation": 0.5620264303894101,
      "eval_runtime": 10.457,
      "eval_samples_per_second": 59.099,
      "eval_steps_per_second": 3.73,
      "epoch": 7.0
    }
  ],
  "test_metrics": {
    "eval_loss": 0.49865028262138367,
    "eval_accuracy": 0.7726883561643836,
    "eval_f1": 0.7649402390438247,
    "eval_precision": 0.7457919723780752,
    "eval_recall": 0.7850976828714221,
    "eval_auc": 0.8597692340647192,
    "eval_auprc": 0.8469795172120298,
    "eval_matthews_correlation": 0.5458369482720549,
    "eval_runtime": 80.3056,
    "eval_samples_per_second": 58.265,
    "eval_steps_per_second": 3.649,
    "epoch": 6.0
  }
}