{
  "experiment": "cross_length",
  "model_type": "dnabert2",
  "variant": "pretrained_custom",
  "pair_name": "EXOSC5_HepG2_ENCSR693JWP",
  "max_length": 256,
  "n_folds": 5,
  "hyperparameters": {
    "learning_rate": 5e-05,
    "per_device_train_batch_size": 16,
    "weight_decay": 0.01,
    "warmup_ratio": 0.1,
    "num_train_epochs": 10,
    "gradient_accumulation_steps": 1,
    "early_stopping_patience": 3
  },
  "cv_metrics": {
    "epoch_mean": 5.4,
    "epoch_std": 0.48989794855663565,
    "eval_accuracy_mean": 0.8543515926962548,
    "eval_accuracy_std": 0.015744686574321713,
    "eval_auc_mean": 0.9334448462929477,
    "eval_auc_std": 0.029154005567688955,
    "eval_auprc_mean": 0.8873686280633102,
    "eval_auprc_std": 0.04894172119200043,
    "eval_f1_mean": 0.8339312198490136,
    "eval_f1_std": 0.026138823326548637,
    "eval_loss_mean": 0.3667128920555115,
    "eval_loss_std": 0.070502146876335,
    "eval_matthews_correlation_mean": 0.6819808681754105,
    "eval_matthews_correlation_std": 0.04876937924836126,
    "eval_precision_mean": 0.8527720173415541,
    "eval_precision_std": 0.008396932888433812,
    "eval_recall_mean": 0.8305890701879811,
    "eval_recall_std": 0.04129555331246973,
    "eval_runtime_mean": 0.07144,
    "eval_runtime_std": 0.0028723509534874024,
    "eval_samples_per_second_mean": 1713.4101999999998,
    "eval_samples_per_second_std": 74.57651312953698,
    "eval_steps_per_second_mean": 112.1586,
    "eval_steps_per_second_std": 4.560522803363668
  },
  "cv_fold_metrics": [
    {
      "eval_loss": 0.4119827151298523,
      "eval_accuracy": 0.8455284552845529,
      "eval_f1": 0.8177777777777778,
      "eval_matthews_correlation": 0.6533947307432516,
      "eval_precision": 0.8550824175824177,
      "eval_recall": 0.8005813953488372,
      "eval_auc": 0.9017441860465116,
      "eval_auprc": 0.8239546880783197,
      "eval_runtime": 0.0668,
      "eval_samples_per_second": 1840.519,
      "eval_steps_per_second": 119.709,
      "epoch": 5.0
    },
    {
      "eval_loss": 0.2939930856227875,
      "eval_accuracy": 0.8688524590163934,
      "eval_f1": 0.851219512195122,
      "eval_matthews_correlation": 0.7047494156584927,
      "eval_precision": 0.8615288220551378,
      "eval_recall": 0.843452380952381,
      "eval_auc": 0.9526785714285715,
      "eval_auprc": 0.9102244368377568,
      "eval_runtime": 0.0749,
      "eval_samples_per_second": 1628.348,
      "eval_steps_per_second": 106.777,
      "epoch": 5.0
    },
    {
      "eval_loss": 0.4811822474002838,
      "eval_accuracy": 0.8278688524590164,
      "eval_f1": 0.791419034437841,
      "eval_matthews_correlation": 0.6085767511358442,
      "eval_precision": 0.839636633296255,
      "eval_recall": 0.7726190476190475,
      "eval_auc": 0.8979166666666667,
      "eval_auprc": 0.8390492828139624,
      "eval_runtime": 0.0711,
      "eval_samples_per_second": 1716.262,
      "eval_steps_per_second": 112.542,
      "epoch": 6.0
    },
    {
      "eval_loss": 0.3408924341201782,
      "eval_accuracy": 0.860655737704918,
      "eval_f1": 0.8447953303898825,
      "eval_matthews_correlation": 0.6897288598544677,
      "eval_precision": 0.8468834688346883,
      "eval_recall": 0.8428571428571429,
      "eval_auc": 0.9422619047619047,
      "eval_auprc": 0.9078450776842921,
      "eval_runtime": 0.074,
      "eval_samples_per_second": 1649.73,
      "eval_steps_per_second": 108.179,
      "epoch": 6.0
    },
    {
      "eval_loss": 0.30551397800445557,
      "eval_accuracy": 0.8688524590163934,
      "eval_f1": 0.8644444444444443,
      "eval_matthews_correlation": 0.7534545834849963,
      "eval_precision": 0.8607287449392713,
      "eval_recall": 0.8934353841624962,
      "eval_auc": 0.9726229025610833,
      "eval_auprc": 0.9557696549022195,
      "eval_runtime": 0.0704,
      "eval_samples_per_second": 1732.192,
      "eval_steps_per_second": 113.586,
      "epoch": 5.0
    }
  ],
  "test_metrics": {
    "eval_loss": 0.4346933364868164,
    "eval_accuracy": 0.816079295154185,
    "eval_f1": 0.810704633264882,
    "eval_matthews_correlation": 0.6454742806529344,
    "eval_precision": 0.8364091831557585,
    "eval_recall": 0.8096207445023276,
    "eval_auc": 0.9332448063350309,
    "eval_auprc": 0.9310304145581825,
    "eval_runtime": 0.5422,
    "eval_samples_per_second": 1674.555,
    "eval_steps_per_second": 105.121,
    "epoch": 6.0
  }
}