{
  "experiment": "cross_cell",
  "model_type": "lamar",
  "variant": "tapt_512",
  "pair_name": "DDX52_train_K562_test_HepG2_fixlen_101",
  "pretrain_path": "/gpfs/bwfor/work/ws/fr_ml642-thesis_work/Thesis/LAMAR/src/pretrain/saving_model/tapt_lamar/checkpoint-98000/model.safetensors",
  "max_length": 1024,
  "n_folds": 5,
  "hyperparameters": {
    "learning_rate": 5e-05,
    "per_device_train_batch_size": 16,
    "weight_decay": 0.01,
    "warmup_ratio": 0.1,
    "num_train_epochs": 10,
    "gradient_accumulation_steps": 1,
    "early_stopping_patience": 3
  },
  "cv_metrics": {
    "epoch_mean": 8.6,
    "epoch_std": 1.4966629547095764,
    "eval_accuracy_mean": 0.8125,
    "eval_accuracy_std": 0.030569581517072533,
    "eval_auc_mean": 0.8957940331255742,
    "eval_auc_std": 0.0197370799789851,
    "eval_auprc_mean": 0.8889488327374181,
    "eval_auprc_std": 0.02772749820993522,
    "eval_f1_mean": 0.8068037911460622,
    "eval_f1_std": 0.03859321011459955,
    "eval_loss_mean": 0.44202191233634947,
    "eval_loss_std": 0.05454349040071627,
    "eval_matthews_correlation_mean": 0.627861789666636,
    "eval_matthews_correlation_std": 0.057982129563776484,
    "eval_precision_mean": 0.8217597944158561,
    "eval_precision_std": 0.029495422402185636,
    "eval_recall_mean": 0.796580412708811,
    "eval_recall_std": 0.07008337766020718,
    "eval_runtime_mean": 7.4319999999999995,
    "eval_runtime_std": 0.0007999999999999562,
    "eval_samples_per_second_mean": 58.90740000000001,
    "eval_samples_per_second_std": 0.05789853193302835,
    "eval_steps_per_second_mean": 3.7674,
    "eval_steps_per_second_std": 0.0004898979485565817
  },
  "cv_fold_metrics": [
    {
      "eval_loss": 0.3520282506942749,
      "eval_accuracy": 0.8541666666666666,
      "eval_f1": 0.8551724137931034,
      "eval_precision": 0.8454545454545455,
      "eval_recall": 0.8651162790697674,
      "eval_auc": 0.923266530918444,
      "eval_auprc": 0.9104332794520773,
      "eval_matthews_correlation": 0.7085481628640818,
      "eval_runtime": 7.4322,
      "eval_samples_per_second": 58.933,
      "eval_steps_per_second": 3.767,
      "epoch": 9.0
    },
    {
      "eval_loss": 0.46389034390449524,
      "eval_accuracy": 0.7708333333333334,
      "eval_f1": 0.7428571428571429,
      "eval_precision": 0.8411764705882353,
      "eval_recall": 0.6651162790697674,
      "eval_auc": 0.8996463401564677,
      "eval_auprc": 0.8984683040503582,
      "eval_matthews_correlation": 0.5533809290781276,
      "eval_runtime": 7.4324,
      "eval_samples_per_second": 58.931,
      "eval_steps_per_second": 3.767,
      "epoch": 6.0
    },
    {
      "eval_loss": 0.43659770488739014,
      "eval_accuracy": 0.8402777777777778,
      "eval_f1": 0.8353221957040573,
      "eval_precision": 0.8495145631067961,
      "eval_recall": 0.8215962441314554,
      "eval_auc": 0.9007867601346281,
      "eval_auprc": 0.9039828618773892,
      "eval_matthews_correlation": 0.6807080269963975,
      "eval_runtime": 7.4318,
      "eval_samples_per_second": 58.936,
      "eval_steps_per_second": 3.768,
      "epoch": 10.0
    },
    {
      "eval_loss": 0.5210085511207581,
      "eval_accuracy": 0.7939814814814815,
      "eval_f1": 0.7925407925407926,
      "eval_precision": 0.794392523364486,
      "eval_recall": 0.7906976744186046,
      "eval_auc": 0.8619226235130211,
      "eval_auprc": 0.8342588891786433,
      "eval_matthews_correlation": 0.5879516009340743,
      "eval_runtime": 7.4306,
      "eval_samples_per_second": 58.945,
      "eval_steps_per_second": 3.768,
      "epoch": 10.0
    },
    {
      "eval_loss": 0.4365847110748291,
      "eval_accuracy": 0.8032407407407407,
      "eval_f1": 0.8081264108352144,
      "eval_precision": 0.7782608695652173,
      "eval_recall": 0.8403755868544601,
      "eval_auc": 0.89334791090531,
      "eval_auprc": 0.8976008291286226,
      "eval_matthews_correlation": 0.6087202284604984,
      "eval_runtime": 7.433,
      "eval_samples_per_second": 58.792,
      "eval_steps_per_second": 3.767,
      "epoch": 8.0
    }
  ],
  "test_metrics": {
    "eval_loss": 1.0296435356140137,
    "eval_accuracy": 0.6634615384615384,
    "eval_f1": 0.5454545454545455,
    "eval_precision": 0.711864406779661,
    "eval_recall": 0.4421052631578947,
    "eval_auc": 0.6455519329296694,
    "eval_auprc": 0.5909977449196233,
    "eval_matthews_correlation": 0.32230192781263584,
    "eval_runtime": 3.5798,
    "eval_samples_per_second": 62.294,
    "eval_steps_per_second": 3.911,
    "epoch": 5.0
  }
}