{
  "experiment": "cross_cell",
  "model_type": "dnabert2",
  "variant": "pretrained",
  "pair_name": "SNRPC_train_K562_test_HepG2_fixlen_101",
  "max_length": 128,
  "n_folds": 5,
  "hyperparameters": {
    "learning_rate": 5e-05,
    "per_device_train_batch_size": 16,
    "weight_decay": 0.01,
    "warmup_ratio": 0.1,
    "num_train_epochs": 10,
    "gradient_accumulation_steps": 1,
    "early_stopping_patience": 3
  },
  "cv_metrics": {
    "epoch_mean": 7.2,
    "epoch_std": 0.9797958971132712,
    "eval_accuracy_mean": 0.9362771776730284,
    "eval_accuracy_std": 0.009987325278658485,
    "eval_auc_mean": 0.9827504576618662,
    "eval_auc_std": 0.004118675868861733,
    "eval_auprc_mean": 0.9800548260606957,
    "eval_auprc_std": 0.005061169661304967,
    "eval_f1_mean": 0.9353363372241328,
    "eval_f1_std": 0.009922568488620345,
    "eval_loss_mean": 0.27232884168624877,
    "eval_loss_std": 0.04624650232310083,
    "eval_matthews_correlation_mean": 0.8719456919392854,
    "eval_matthews_correlation_std": 0.018638377046187857,
    "eval_precision_mean": 0.9343626191981844,
    "eval_precision_std": 0.010265951029583609,
    "eval_recall_mean": 0.9375948346483742,
    "eval_recall_std": 0.008545948439679865,
    "eval_runtime_mean": 0.6214600000000001,
    "eval_runtime_std": 0.012897224507621787,
    "eval_samples_per_second_mean": 1298.4938000000002,
    "eval_samples_per_second_std": 26.722893768452575,
    "eval_steps_per_second_mean": 82.101,
    "eval_steps_per_second_std": 1.6546799086228108
  },
  "cv_fold_metrics": [
    {
      "eval_loss": 0.23783595860004425,
      "eval_accuracy": 0.9454770755885997,
      "eval_f1": 0.9443866683373011,
      "eval_matthews_correlation": 0.8887853924029873,
      "eval_precision": 0.9447074091256755,
      "eval_recall": 0.9440782059950417,
      "eval_auc": 0.9871347006235444,
      "eval_auprc": 0.985814738588766,
      "eval_runtime": 0.6155,
      "eval_samples_per_second": 1311.232,
      "eval_steps_per_second": 82.866,
      "epoch": 8.0
    },
    {
      "eval_loss": 0.3229729235172272,
      "eval_accuracy": 0.919454770755886,
      "eval_f1": 0.9187717665495461,
      "eval_matthews_correlation": 0.8419155381472254,
      "eval_precision": 0.9172030571178911,
      "eval_recall": 0.9247462723969427,
      "eval_auc": 0.9786680867059266,
      "eval_auprc": 0.9771730088904937,
      "eval_runtime": 0.6131,
      "eval_samples_per_second": 1316.224,
      "eval_steps_per_second": 83.181,
      "epoch": 6.0
    },
    {
      "eval_loss": 0.21638856828212738,
      "eval_accuracy": 0.9380421313506815,
      "eval_f1": 0.9368030322014784,
      "eval_matthews_correlation": 0.8736060644029571,
      "eval_precision": 0.9368030322014784,
      "eval_recall": 0.9368030322014784,
      "eval_auc": 0.9805162260368374,
      "eval_auprc": 0.9727170085025438,
      "eval_runtime": 0.6135,
      "eval_samples_per_second": 1315.497,
      "eval_steps_per_second": 83.136,
      "epoch": 6.0
    },
    {
      "eval_loss": 0.33107060194015503,
      "eval_accuracy": 0.9317617866004962,
      "eval_f1": 0.9307589339406179,
      "eval_matthews_correlation": 0.8621812181003108,
      "eval_precision": 0.9291349360410134,
      "eval_recall": 0.9330551945401919,
      "eval_auc": 0.9791301727223068,
      "eval_auprc": 0.978907735754576,
      "eval_runtime": 0.6182,
      "eval_samples_per_second": 1303.724,
      "eval_steps_per_second": 82.494,
      "epoch": 8.0
    },
    {
      "eval_loss": 0.25337615609169006,
      "eval_accuracy": 0.9466501240694789,
      "eval_f1": 0.9459612850917198,
      "eval_matthews_correlation": 0.8932402466429461,
      "eval_precision": 0.943964661504864,
      "eval_recall": 0.9492914681082167,
      "eval_auc": 0.9883031022207154,
      "eval_auprc": 0.9856616385670991,
      "eval_runtime": 0.647,
      "eval_samples_per_second": 1245.792,
      "eval_steps_per_second": 78.828,
      "epoch": 8.0
    }
  ],
  "test_metrics": {
    "eval_loss": 0.3412414491176605,
    "eval_accuracy": 0.8903211710727551,
    "eval_f1": 0.8875776848514882,
    "eval_matthews_correlation": 0.7774305353881601,
    "eval_precision": 0.8930970865820581,
    "eval_recall": 0.8843822925585043,
    "eval_auc": 0.9595398534870371,
    "eval_auprc": 0.9495927108178792,
    "eval_runtime": 3.5351,
    "eval_samples_per_second": 1294.713,
    "eval_steps_per_second": 81.185,
    "epoch": 5.0
  }
}