{
  "experiment": "cross_cell",
  "model_type": "dnabert2",
  "variant": "pretrained",
  "pair_name": "MATR3_train_K562_test_HepG2_fixlen_101",
  "max_length": 128,
  "n_folds": 5,
  "hyperparameters": {
    "learning_rate": 5e-05,
    "per_device_train_batch_size": 16,
    "weight_decay": 0.01,
    "warmup_ratio": 0.1,
    "num_train_epochs": 10,
    "gradient_accumulation_steps": 1,
    "early_stopping_patience": 3
  },
  "cv_metrics": {
    "epoch_mean": 7.4,
    "epoch_std": 1.624807680927192,
    "eval_accuracy_mean": 0.9082989446958786,
    "eval_accuracy_std": 0.004588125215293194,
    "eval_auc_mean": 0.9695614441645045,
    "eval_auc_std": 0.003733661237370621,
    "eval_auprc_mean": 0.9538878171367948,
    "eval_auprc_std": 0.011420935365101739,
    "eval_f1_mean": 0.9065612549180443,
    "eval_f1_std": 0.0045668310702384855,
    "eval_loss_mean": 0.37127825319767,
    "eval_loss_std": 0.09988454892280235,
    "eval_matthews_correlation_mean": 0.8139401900440794,
    "eval_matthews_correlation_std": 0.009240188677139102,
    "eval_precision_mean": 0.9065650690180946,
    "eval_precision_std": 0.005144761868230242,
    "eval_recall_mean": 0.9073865212477245,
    "eval_recall_std": 0.0050197698305663105,
    "eval_runtime_mean": 1.14866,
    "eval_runtime_std": 0.0037323451073018373,
    "eval_samples_per_second_mean": 1298.7558000000001,
    "eval_samples_per_second_std": 4.076293188670302,
    "eval_steps_per_second_mean": 81.83619999999999,
    "eval_steps_per_second_std": 0.26637071911154026
  },
  "cv_fold_metrics": [
    {
      "eval_loss": 0.5510362386703491,
      "eval_accuracy": 0.9088471849865952,
      "eval_f1": 0.9067452001205945,
      "eval_matthews_correlation": 0.8136129084117678,
      "eval_precision": 0.9078128686010851,
      "eval_recall": 0.9058025234741784,
      "eval_auc": 0.9622313306924882,
      "eval_auprc": 0.9321472233857452,
      "eval_runtime": 1.1525,
      "eval_samples_per_second": 1294.589,
      "eval_steps_per_second": 81.563,
      "epoch": 10.0
    },
    {
      "eval_loss": 0.24830134212970734,
      "eval_accuracy": 0.9142091152815014,
      "eval_f1": 0.9131338162062635,
      "eval_matthews_correlation": 0.8280470724371478,
      "eval_precision": 0.9111546781066202,
      "eval_recall": 0.916912411971831,
      "eval_auc": 0.9714201877934273,
      "eval_auprc": 0.9535864935458233,
      "eval_runtime": 1.1521,
      "eval_samples_per_second": 1295.075,
      "eval_steps_per_second": 81.593,
      "epoch": 5.0
    },
    {
      "eval_loss": 0.36057475209236145,
      "eval_accuracy": 0.9081769436997319,
      "eval_f1": 0.9063747729838794,
      "eval_matthews_correlation": 0.8127706693434491,
      "eval_precision": 0.9060002013490385,
      "eval_recall": 0.9067708333333333,
      "eval_auc": 0.9701071009389671,
      "eval_auprc": 0.9592983208404483,
      "eval_runtime": 1.1433,
      "eval_samples_per_second": 1305.002,
      "eval_steps_per_second": 82.219,
      "epoch": 8.0
    },
    {
      "eval_loss": 0.3734607398509979,
      "eval_accuracy": 0.9001340482573726,
      "eval_f1": 0.8988360880508468,
      "eval_matthews_correlation": 0.7990642879921325,
      "eval_precision": 0.8970185728250244,
      "eval_recall": 0.9020616288811365,
      "eval_auc": 0.9722323558042204,
      "eval_auprc": 0.9646396171789506,
      "eval_runtime": 1.1502,
      "eval_samples_per_second": 1297.12,
      "eval_steps_per_second": 81.722,
      "epoch": 7.0
    },
    {
      "eval_loss": 0.3230181932449341,
      "eval_accuracy": 0.9101274312541918,
      "eval_f1": 0.9077163972286375,
      "eval_matthews_correlation": 0.8162060120358993,
      "eval_precision": 0.9108390242087047,
      "eval_recall": 0.9053852085781433,
      "eval_auc": 0.9718162455934195,
      "eval_auprc": 0.9597674307330062,
      "eval_runtime": 1.1452,
      "eval_samples_per_second": 1301.993,
      "eval_steps_per_second": 82.084,
      "epoch": 7.0
    }
  ],
  "test_metrics": {
    "eval_loss": 0.43692681193351746,
    "eval_accuracy": 0.8489629498315902,
    "eval_f1": 0.844477435722746,
    "eval_matthews_correlation": 0.7000668822589514,
    "eval_precision": 0.85986919498352,
    "eval_recall": 0.8404665128799176,
    "eval_auc": 0.9341348275333736,
    "eval_auprc": 0.9075982058240244,
    "eval_runtime": 9.8713,
    "eval_samples_per_second": 1142.914,
    "eval_steps_per_second": 71.521,
    "epoch": 5.0
  }
}