{
  "experiment": "cross_cell",
  "model_type": "lamar",
  "variant": "random",
  "pair_name": "HNRNPU_train_K562_test_HepG2_fixlen_101",
  "pretrain_path": "",
  "max_length": 1024,
  "n_folds": 5,
  "hyperparameters": {
    "learning_rate": 5e-05,
    "per_device_train_batch_size": 16,
    "weight_decay": 0.01,
    "warmup_ratio": 0.1,
    "num_train_epochs": 10,
    "gradient_accumulation_steps": 1,
    "early_stopping_patience": 3
  },
  "cv_metrics": {
    "epoch_mean": 7.6,
    "epoch_std": 2.0591260281974,
    "eval_accuracy_mean": 0.684375,
    "eval_accuracy_std": 0.05962120008855911,
    "eval_auc_mean": 0.7958095894607842,
    "eval_auc_std": 0.02988126291871829,
    "eval_auprc_mean": 0.7887947153694684,
    "eval_auprc_std": 0.024508699856323646,
    "eval_f1_mean": 0.686343625353283,
    "eval_f1_std": 0.07812704684356413,
    "eval_loss_mean": 0.575995934009552,
    "eval_loss_std": 0.04937930738921266,
    "eval_matthews_correlation_mean": 0.38082757424875385,
    "eval_matthews_correlation_std": 0.1133609262886849,
    "eval_precision_mean": 0.6605074279902654,
    "eval_precision_std": 0.06751620505809555,
    "eval_recall_mean": 0.7375,
    "eval_recall_std": 0.1397356134514987,
    "eval_runtime_mean": 1.1095,
    "eval_runtime_std": 0.0004472135954999782,
    "eval_samples_per_second_mean": 62.55219999999999,
    "eval_samples_per_second_std": 0.4527164233822308,
    "eval_steps_per_second_mean": 4.506600000000001,
    "eval_steps_per_second_std": 0.0018547236990993578
  },
  "cv_fold_metrics": [
    {
      "eval_loss": 0.6480220556259155,
      "eval_accuracy": 0.625,
      "eval_f1": 0.6923076923076924,
      "eval_precision": 0.5869565217391305,
      "eval_recall": 0.84375,
      "eval_auc": 0.75390625,
      "eval_auprc": 0.8068664011021099,
      "eval_matthews_correlation": 0.27801921874276636,
      "eval_runtime": 1.1094,
      "eval_samples_per_second": 63.098,
      "eval_steps_per_second": 4.507,
      "epoch": 4.0
    },
    {
      "eval_loss": 0.5941506028175354,
      "eval_accuracy": 0.6875,
      "eval_f1": 0.696969696969697,
      "eval_precision": 0.6388888888888888,
      "eval_recall": 0.7666666666666667,
      "eval_auc": 0.7715686274509804,
      "eval_auprc": 0.7535547383372477,
      "eval_matthews_correlation": 0.38659453913710656,
      "eval_runtime": 1.1091,
      "eval_samples_per_second": 63.114,
      "eval_steps_per_second": 4.508,
      "epoch": 9.0
    },
    {
      "eval_loss": 0.494656503200531,
      "eval_accuracy": 0.796875,
      "eval_f1": 0.8059701492537314,
      "eval_precision": 0.7714285714285715,
      "eval_recall": 0.84375,
      "eval_auc": 0.8388671875,
      "eval_auprc": 0.8205761431498654,
      "eval_matthews_correlation": 0.5963765795456273,
      "eval_runtime": 1.1102,
      "eval_samples_per_second": 62.153,
      "eval_steps_per_second": 4.504,
      "epoch": 10.0
    },
    {
      "eval_loss": 0.5684899687767029,
      "eval_accuracy": 0.65625,
      "eval_f1": 0.676470588235294,
      "eval_precision": 0.6052631578947368,
      "eval_recall": 0.7666666666666667,
      "eval_auc": 0.8068627450980392,
      "eval_auprc": 0.794099828343749,
      "eval_matthews_correlation": 0.3307192889369147,
      "eval_runtime": 1.1098,
      "eval_samples_per_second": 62.176,
      "eval_steps_per_second": 4.505,
      "epoch": 7.0
    },
    {
      "eval_loss": 0.5746605396270752,
      "eval_accuracy": 0.65625,
      "eval_f1": 0.56,
      "eval_precision": 0.7,
      "eval_recall": 0.4666666666666667,
      "eval_auc": 0.807843137254902,
      "eval_auprc": 0.7688764659143701,
      "eval_matthews_correlation": 0.3124282448813543,
      "eval_runtime": 1.109,
      "eval_samples_per_second": 62.22,
      "eval_steps_per_second": 4.509,
      "epoch": 8.0
    }
  ],
  "test_metrics": {
    "eval_loss": 0.5991731882095337,
    "eval_accuracy": 0.6196428571428572,
    "eval_f1": 0.7171314741035857,
    "eval_precision": 0.5636743215031316,
    "eval_recall": 0.9854014598540146,
    "eval_auc": 0.8886478485018632,
    "eval_auprc": 0.8896564373060214,
    "eval_matthews_correlation": 0.36187735200794235,
    "eval_runtime": 9.6609,
    "eval_samples_per_second": 59.311,
    "eval_steps_per_second": 3.726,
    "epoch": 5.0
  }
}