{
  "experiment": "cross_length",
  "model_type": "lamar",
  "variant": "pretrained",
  "pair_name": "LARP4_HepG2_ENCSR805SRN",
  "pretrain_path": "/gpfs/bwfor/work/ws/fr_ml642-thesis_work/Thesis/LAMAR/weights",
  "max_length": 1024,
  "n_folds": 5,
  "hyperparameters": {
    "learning_rate": 5e-05,
    "per_device_train_batch_size": 16,
    "weight_decay": 0.01,
    "warmup_ratio": 0.1,
    "num_train_epochs": 10,
    "gradient_accumulation_steps": 1,
    "early_stopping_patience": 3
  },
  "cv_metrics": {
    "epoch_mean": 7.8,
    "epoch_std": 1.6,
    "eval_accuracy_mean": 0.6881250000000001,
    "eval_accuracy_std": 0.02150581316760658,
    "eval_auc_mean": 0.7377251241754299,
    "eval_auc_std": 0.0144445015027234,
    "eval_auprc_mean": 0.5506852111923175,
    "eval_auprc_std": 0.021348021794087454,
    "eval_f1_mean": 0.45020930735447734,
    "eval_f1_std": 0.12803870778498702,
    "eval_loss_mean": 0.5858691334724426,
    "eval_loss_std": 0.013618550144250416,
    "eval_matthews_correlation_mean": 0.2806275616975201,
    "eval_matthews_correlation_std": 0.04286360334848548,
    "eval_precision_mean": 0.5685283100891871,
    "eval_precision_std": 0.0844903405156342,
    "eval_recall_mean": 0.4501532887402453,
    "eval_recall_std": 0.2242172278513346,
    "eval_runtime_mean": 11.04432,
    "eval_runtime_std": 0.0036256861419595625,
    "eval_samples_per_second_mean": 58.056999999999995,
    "eval_samples_per_second_std": 0.04841900453334572,
    "eval_steps_per_second_mean": 3.7122,
    "eval_steps_per_second_std": 0.0011661903789690993
  },
  "cv_fold_metrics": [
    {
      "eval_loss": 0.6030598878860474,
      "eval_accuracy": 0.6484375,
      "eval_f1": 0.577861163227017,
      "eval_precision": 0.4723926380368098,
      "eval_recall": 0.7439613526570048,
      "eval_auc": 0.7608863004987114,
      "eval_auprc": 0.569749253770631,
      "eval_matthews_correlation": 0.324451896737074,
      "eval_runtime": 11.0408,
      "eval_samples_per_second": 58.148,
      "eval_steps_per_second": 3.713,
      "epoch": 5.0
    },
    {
      "eval_loss": 0.5935217142105103,
      "eval_accuracy": 0.70625,
      "eval_f1": 0.37333333333333335,
      "eval_precision": 0.6021505376344086,
      "eval_recall": 0.27053140096618356,
      "eval_auc": 0.7293570304916827,
      "eval_auprc": 0.5358027462773561,
      "eval_matthews_correlation": 0.24567216256948007,
      "eval_runtime": 11.0428,
      "eval_samples_per_second": 58.047,
      "eval_steps_per_second": 3.713,
      "epoch": 8.0
    },
    {
      "eval_loss": 0.590883195400238,
      "eval_accuracy": 0.6984375,
      "eval_f1": 0.4880636604774536,
      "eval_precision": 0.5443786982248521,
      "eval_recall": 0.4423076923076923,
      "eval_auc": 0.7172587250712251,
      "eval_auprc": 0.5164140246110122,
      "eval_matthews_correlation": 0.2805651901514253,
      "eval_runtime": 11.0444,
      "eval_samples_per_second": 58.038,
      "eval_steps_per_second": 3.712,
      "epoch": 10.0
    },
    {
      "eval_loss": 0.5780947208404541,
      "eval_accuracy": 0.6828125,
      "eval_f1": 0.5708245243128964,
      "eval_precision": 0.5094339622641509,
      "eval_recall": 0.6490384615384616,
      "eval_auc": 0.7396167200854701,
      "eval_auprc": 0.5599612125205301,
      "eval_matthews_correlation": 0.33102030360438733,
      "eval_runtime": 11.0512,
      "eval_samples_per_second": 58.003,
      "eval_steps_per_second": 3.71,
      "epoch": 8.0
    },
    {
      "eval_loss": 0.5637861490249634,
      "eval_accuracy": 0.7046875,
      "eval_f1": 0.24096385542168677,
      "eval_precision": 0.7142857142857143,
      "eval_recall": 0.14492753623188406,
      "eval_auc": 0.7415068447300599,
      "eval_auprc": 0.5714988187820582,
      "eval_matthews_correlation": 0.22142825542523403,
      "eval_runtime": 11.0424,
      "eval_samples_per_second": 58.049,
      "eval_steps_per_second": 3.713,
      "epoch": 8.0
    }
  ],
  "test_metrics": {
    "eval_loss": 0.7987546920776367,
    "eval_accuracy": 0.6413834951456311,
    "eval_f1": 0.4823357664233576,
    "eval_precision": 0.754337899543379,
    "eval_recall": 0.35450643776824037,
    "eval_auc": 0.7108848524452356,
    "eval_auprc": 0.6827126545930381,
    "eval_matthews_correlation": 0.30245354251605383,
    "eval_runtime": 85.2003,
    "eval_samples_per_second": 58.051,
    "eval_steps_per_second": 3.638,
    "epoch": 5.0
  }
}