{
  "experiment": "cross_cell",
  "model_type": "lamar",
  "variant": "random",
  "pair_name": "PCBP1_train_K562_test_HepG2_fixlen_101",
  "pretrain_path": "",
  "max_length": 1024,
  "n_folds": 5,
  "hyperparameters": {
    "learning_rate": 5e-05,
    "per_device_train_batch_size": 16,
    "weight_decay": 0.01,
    "warmup_ratio": 0.1,
    "num_train_epochs": 10,
    "gradient_accumulation_steps": 1,
    "early_stopping_patience": 3
  },
  "cv_metrics": {
    "epoch_mean": 8.8,
    "epoch_std": 1.9390719429665317,
    "eval_accuracy_mean": 0.8710526315789474,
    "eval_accuracy_std": 0.010890095629767685,
    "eval_auc_mean": 0.9461300394398876,
    "eval_auc_std": 0.008304931037182736,
    "eval_auprc_mean": 0.9348229430683374,
    "eval_auprc_std": 0.010801975913672749,
    "eval_f1_mean": 0.8558765208766854,
    "eval_f1_std": 0.018781405673039497,
    "eval_loss_mean": 0.31309255957603455,
    "eval_loss_std": 0.03139779343798882,
    "eval_matthews_correlation_mean": 0.741265009591681,
    "eval_matthews_correlation_std": 0.02065759330965495,
    "eval_precision_mean": 0.8645404264015706,
    "eval_precision_std": 0.02033211152916545,
    "eval_recall_mean": 0.8503530961791832,
    "eval_recall_std": 0.05103648602015902,
    "eval_runtime_mean": 13.088220000000002,
    "eval_runtime_std": 0.00923805174265668,
    "eval_samples_per_second_mean": 46.53040000000001,
    "eval_samples_per_second_std": 0.03262269148920779,
    "eval_steps_per_second_mean": 2.9798,
    "eval_steps_per_second_std": 0.0021354156504062765
  },
  "cv_fold_metrics": [
    {
      "eval_loss": 0.3109690248966217,
      "eval_accuracy": 0.8766447368421053,
      "eval_f1": 0.8638838475499093,
      "eval_precision": 0.8623188405797102,
      "eval_recall": 0.8654545454545455,
      "eval_auc": 0.9443079443079444,
      "eval_auprc": 0.9325856482044171,
      "eval_matthews_correlation": 0.7511067080410564,
      "eval_runtime": 13.0838,
      "eval_samples_per_second": 46.546,
      "eval_steps_per_second": 2.981,
      "epoch": 9.0
    },
    {
      "eval_loss": 0.26233533024787903,
      "eval_accuracy": 0.8799342105263158,
      "eval_f1": 0.8694096601073346,
      "eval_precision": 0.8586572438162544,
      "eval_recall": 0.8804347826086957,
      "eval_auc": 0.9619565217391305,
      "eval_auprc": 0.9542978643912343,
      "eval_matthews_correlation": 0.7585344949893803,
      "eval_runtime": 13.0773,
      "eval_samples_per_second": 46.569,
      "eval_steps_per_second": 2.982,
      "epoch": 10.0
    },
    {
      "eval_loss": 0.30004334449768066,
      "eval_accuracy": 0.8782894736842105,
      "eval_f1": 0.8683274021352313,
      "eval_precision": 0.8531468531468531,
      "eval_recall": 0.8840579710144928,
      "eval_auc": 0.9452047319713638,
      "eval_auprc": 0.9269417384647143,
      "eval_matthews_correlation": 0.7556575904973236,
      "eval_runtime": 13.1045,
      "eval_samples_per_second": 46.473,
      "eval_steps_per_second": 2.976,
      "epoch": 5.0
    },
    {
      "eval_loss": 0.34453466534614563,
      "eval_accuracy": 0.850328947368421,
      "eval_f1": 0.8190854870775348,
      "eval_precision": 0.9035087719298246,
      "eval_recall": 0.7490909090909091,
      "eval_auc": 0.9411193011193011,
      "eval_auprc": 0.9369730067537979,
      "eval_matthews_correlation": 0.7022079500375975,
      "eval_runtime": 13.0911,
      "eval_samples_per_second": 46.52,
      "eval_steps_per_second": 2.979,
      "epoch": 10.0
    },
    {
      "eval_loss": 0.3475804328918457,
      "eval_accuracy": 0.8700657894736842,
      "eval_f1": 0.8586762075134167,
      "eval_precision": 0.8450704225352113,
      "eval_recall": 0.8727272727272727,
      "eval_auc": 0.938061698061698,
      "eval_auprc": 0.9233164575275228,
      "eval_matthews_correlation": 0.7388183043930467,
      "eval_runtime": 13.0844,
      "eval_samples_per_second": 46.544,
      "eval_steps_per_second": 2.981,
      "epoch": 10.0
    }
  ],
  "test_metrics": {
    "eval_loss": 0.31854337453842163,
    "eval_accuracy": 0.8639705882352942,
    "eval_f1": 0.8216867469879519,
    "eval_precision": 0.8080568720379147,
    "eval_recall": 0.8357843137254902,
    "eval_auc": 0.9414359861591695,
    "eval_auprc": 0.8816215839336936,
    "eval_matthews_correlation": 0.7120465770322953,
    "eval_runtime": 23.4281,
    "eval_samples_per_second": 46.44,
    "eval_steps_per_second": 2.902,
    "epoch": 7.0
  }
}