{
  "experiment": "cross_length",
  "model_type": "lamar",
  "variant": "tapt_512",
  "pair_name": "AATF_K562_ENCSR819XBT",
  "pretrain_path": "/gpfs/bwfor/work/ws/fr_ml642-thesis_work/Thesis/LAMAR/src/pretrain/saving_model/tapt_lamar/checkpoint-98000/model.safetensors",
  "max_length": 1024,
  "n_folds": 5,
  "hyperparameters": {
    "learning_rate": 5e-05,
    "per_device_train_batch_size": 16,
    "weight_decay": 0.01,
    "warmup_ratio": 0.1,
    "num_train_epochs": 10,
    "gradient_accumulation_steps": 1,
    "early_stopping_patience": 3
  },
  "cv_metrics": {
    "epoch_mean": 6.2,
    "epoch_std": 1.16619037896906,
    "eval_accuracy_mean": 0.7928571428571429,
    "eval_accuracy_std": 0.042030722485499356,
    "eval_auc_mean": 0.8304892971106392,
    "eval_auc_std": 0.043872939708697586,
    "eval_auprc_mean": 0.7883667416084038,
    "eval_auprc_std": 0.061366829370349735,
    "eval_f1_mean": 0.6893543091620477,
    "eval_f1_std": 0.0544470220550754,
    "eval_loss_mean": 0.4881097078323364,
    "eval_loss_std": 0.08915811699848289,
    "eval_matthews_correlation_mean": 0.5483864367546617,
    "eval_matthews_correlation_std": 0.0913521236849199,
    "eval_precision_mean": 0.7849007936507937,
    "eval_precision_std": 0.09201542430156932,
    "eval_recall_mean": 0.6193638475345792,
    "eval_recall_std": 0.052163549802852746,
    "eval_runtime_mean": 2.4071799999999994,
    "eval_runtime_std": 0.001666613332479966,
    "eval_samples_per_second_mean": 51.346199999999996,
    "eval_samples_per_second_std": 0.1888718083780649,
    "eval_steps_per_second_mean": 3.3232,
    "eval_steps_per_second_std": 0.002135415650406185
  },
  "cv_fold_metrics": [
    {
      "eval_loss": 0.4873712956905365,
      "eval_accuracy": 0.8035714285714286,
      "eval_f1": 0.6857142857142857,
      "eval_precision": 0.8,
      "eval_recall": 0.6,
      "eval_auc": 0.7621527777777778,
      "eval_auprc": 0.7690425583990212,
      "eval_matthews_correlation": 0.559035173493808,
      "eval_runtime": 2.4086,
      "eval_samples_per_second": 51.481,
      "eval_steps_per_second": 3.321,
      "epoch": 5.0
    },
    {
      "eval_loss": 0.35045161843299866,
      "eval_accuracy": 0.8660714285714286,
      "eval_f1": 0.7945205479452054,
      "eval_precision": 0.90625,
      "eval_recall": 0.7073170731707317,
      "eval_auc": 0.900721401580213,
      "eval_auprc": 0.8825273058208454,
      "eval_matthews_correlation": 0.7091927179781623,
      "eval_runtime": 2.4065,
      "eval_samples_per_second": 51.527,
      "eval_steps_per_second": 3.324,
      "epoch": 6.0
    },
    {
      "eval_loss": 0.5191013813018799,
      "eval_accuracy": 0.7678571428571429,
      "eval_f1": 0.6578947368421053,
      "eval_precision": 0.6944444444444444,
      "eval_recall": 0.625,
      "eval_auc": 0.828125,
      "eval_auprc": 0.7085781412330197,
      "eval_matthews_correlation": 0.484489777373545,
      "eval_runtime": 2.4084,
      "eval_samples_per_second": 51.487,
      "eval_steps_per_second": 3.322,
      "epoch": 7.0
    },
    {
      "eval_loss": 0.6256785988807678,
      "eval_accuracy": 0.7410714285714286,
      "eval_f1": 0.6419753086419754,
      "eval_precision": 0.6666666666666666,
      "eval_recall": 0.6190476190476191,
      "eval_auc": 0.827891156462585,
      "eval_auprc": 0.7507721647699109,
      "eval_matthews_correlation": 0.44035408473081883,
      "eval_runtime": 2.4082,
      "eval_samples_per_second": 51.076,
      "eval_steps_per_second": 3.322,
      "epoch": 8.0
    },
    {
      "eval_loss": 0.45794564485549927,
      "eval_accuracy": 0.7857142857142857,
      "eval_f1": 0.6666666666666665,
      "eval_precision": 0.8571428571428571,
      "eval_recall": 0.5454545454545454,
      "eval_auc": 0.8335561497326205,
      "eval_auprc": 0.8309135378192218,
      "eval_matthews_correlation": 0.5488604301969738,
      "eval_runtime": 2.4042,
      "eval_samples_per_second": 51.16,
      "eval_steps_per_second": 3.327,
      "epoch": 5.0
    }
  ],
  "test_metrics": {
    "eval_loss": 0.5194240808486938,
    "eval_accuracy": 0.7333984375,
    "eval_f1": 0.6393659180977542,
    "eval_precision": 0.9132075471698113,
    "eval_recall": 0.491869918699187,
    "eval_auc": 0.8418760315422703,
    "eval_auprc": 0.851026224407035,
    "eval_matthews_correlation": 0.5117872611697577,
    "eval_runtime": 22.0454,
    "eval_samples_per_second": 46.495,
    "eval_steps_per_second": 2.948,
    "epoch": 10.0
  }
}