{
  "experiment": "cross_length",
  "model_type": "lamar",
  "variant": "pretrained",
  "pair_name": "CDC40_HepG2_ENCSR815VVI",
  "pretrain_path": "/gpfs/bwfor/work/ws/fr_ml642-thesis_work/Thesis/LAMAR/weights",
  "max_length": 1024,
  "n_folds": 5,
  "hyperparameters": {
    "learning_rate": 5e-05,
    "per_device_train_batch_size": 16,
    "weight_decay": 0.01,
    "warmup_ratio": 0.1,
    "num_train_epochs": 10,
    "gradient_accumulation_steps": 1,
    "early_stopping_patience": 3
  },
  "cv_metrics": {
    "epoch_mean": 7.4,
    "epoch_std": 1.9595917942265424,
    "eval_accuracy_mean": 0.821875,
    "eval_accuracy_std": 0.02768757054167086,
    "eval_auc_mean": 0.8665254994905744,
    "eval_auc_std": 0.015178713712732866,
    "eval_auprc_mean": 0.812006081215943,
    "eval_auprc_std": 0.006679560553199224,
    "eval_f1_mean": 0.7310224510325577,
    "eval_f1_std": 0.0342866119888133,
    "eval_loss_mean": 0.45273174047470094,
    "eval_loss_std": 0.02845367705339832,
    "eval_matthews_correlation_mean": 0.6064936003518154,
    "eval_matthews_correlation_std": 0.05499669275323453,
    "eval_precision_mean": 0.7703999771441632,
    "eval_precision_std": 0.07903509268100431,
    "eval_recall_mean": 0.7083365213597772,
    "eval_recall_std": 0.08269699009119894,
    "eval_runtime_mean": 2.20848,
    "eval_runtime_std": 0.0010186265262598253,
    "eval_samples_per_second_mean": 64.2976,
    "eval_samples_per_second_std": 0.02880000000000271,
    "eval_steps_per_second_mean": 4.0752,
    "eval_steps_per_second_std": 0.001939071942966556
  },
  "cv_fold_metrics": [
    {
      "eval_loss": 0.449506938457489,
      "eval_accuracy": 0.8515625,
      "eval_f1": 0.7816091954022988,
      "eval_precision": 0.7906976744186046,
      "eval_recall": 0.7727272727272727,
      "eval_auc": 0.8777056277056277,
      "eval_auprc": 0.8012285132786623,
      "eval_matthews_correlation": 0.6693071048775586,
      "eval_runtime": 2.208,
      "eval_samples_per_second": 64.31,
      "eval_steps_per_second": 4.076,
      "epoch": 8.0
    },
    {
      "eval_loss": 0.49673527479171753,
      "eval_accuracy": 0.796875,
      "eval_f1": 0.6829268292682927,
      "eval_precision": 0.7567567567567568,
      "eval_recall": 0.6222222222222222,
      "eval_auc": 0.8449799196787149,
      "eval_auprc": 0.8110503452228304,
      "eval_matthews_correlation": 0.5411381012622134,
      "eval_runtime": 2.2072,
      "eval_samples_per_second": 64.334,
      "eval_steps_per_second": 4.078,
      "epoch": 8.0
    },
    {
      "eval_loss": 0.4234911799430847,
      "eval_accuracy": 0.859375,
      "eval_f1": 0.75,
      "eval_precision": 0.9,
      "eval_recall": 0.6428571428571429,
      "eval_auc": 0.862126245847176,
      "eval_auprc": 0.811714897501689,
      "eval_matthews_correlation": 0.6738834641960249,
      "eval_runtime": 2.2085,
      "eval_samples_per_second": 64.298,
      "eval_steps_per_second": 4.075,
      "epoch": 10.0
    },
    {
      "eval_loss": 0.42267507314682007,
      "eval_accuracy": 0.796875,
      "eval_f1": 0.7346938775510204,
      "eval_precision": 0.6545454545454545,
      "eval_recall": 0.8372093023255814,
      "eval_auc": 0.8886456908344733,
      "eval_auprc": 0.8221191971695614,
      "eval_matthews_correlation": 0.5855214479500093,
      "eval_runtime": 2.2103,
      "eval_samples_per_second": 64.246,
      "eval_steps_per_second": 4.072,
      "epoch": 4.0
    },
    {
      "eval_loss": 0.4712502360343933,
      "eval_accuracy": 0.8046875,
      "eval_f1": 0.7058823529411765,
      "eval_precision": 0.75,
      "eval_recall": 0.6666666666666666,
      "eval_auc": 0.8591700133868807,
      "eval_auprc": 0.8139174529069717,
      "eval_matthews_correlation": 0.5626178834732709,
      "eval_runtime": 2.2084,
      "eval_samples_per_second": 64.3,
      "eval_steps_per_second": 4.075,
      "epoch": 7.0
    }
  ],
  "test_metrics": {
    "eval_loss": 0.5985766649246216,
    "eval_accuracy": 0.7479619565217391,
    "eval_f1": 0.6642533936651585,
    "eval_precision": 0.924433249370277,
    "eval_recall": 0.518361581920904,
    "eval_auc": 0.8709475848197118,
    "eval_auprc": 0.8654793690864081,
    "eval_matthews_correlation": 0.5393678647307334,
    "eval_runtime": 25.3096,
    "eval_samples_per_second": 58.397,
    "eval_steps_per_second": 3.674,
    "epoch": 5.0
  }
}