{
  "experiment": "rbp",
  "model_type": "lamar",
  "variant": "lamar_tapt_512_std",
  "rbp_name": "PTBP1_HepG2_IDR",
  "weights_path": "/gpfs/bwfor/work/ws/fr_ml642-thesis_work/Thesis/LAMAR/src/pretrain/saving_model/tapt_512_standard_collator_1gpu/checkpoint-265000",
  "max_length": 512,
  "n_folds": 5,
  "hyperparameters": {
    "learning_rate": 5e-05,
    "per_device_train_batch_size": 16,
    "weight_decay": 0.01,
    "warmup_ratio": 0.1,
    "num_train_epochs": 10,
    "gradient_accumulation_steps": 1,
    "early_stopping_patience": 3
  },
  "cv_metrics": {
    "epoch_mean": 8.2,
    "epoch_std": 1.8330302779823358,
    "eval_accuracy_mean": 0.942849346562497,
    "eval_accuracy_std": 0.004832822341235997,
    "eval_auc_mean": 0.9832347756719113,
    "eval_auc_std": 0.0028561139849240936,
    "eval_auprc_mean": 0.983114654427714,
    "eval_auprc_std": 0.0033319315620983767,
    "eval_f1_mean": 0.9423513325961181,
    "eval_f1_std": 0.004477724758282922,
    "eval_loss_mean": 0.18951306641101837,
    "eval_loss_std": 0.017144198943247174,
    "eval_matthews_correlation_mean": 0.8860508780899685,
    "eval_matthews_correlation_std": 0.010016645575551942,
    "eval_precision_mean": 0.9514630633958403,
    "eval_precision_std": 0.013747672209905247,
    "eval_recall_mean": 0.9336284745354749,
    "eval_recall_std": 0.007974098986971545,
    "eval_runtime_mean": 16.139239999999997,
    "eval_runtime_std": 0.02942608366738601,
    "eval_samples_per_second_mean": 146.3642,
    "eval_samples_per_second_std": 0.2435876844177492,
    "eval_steps_per_second_mean": 9.1702,
    "eval_steps_per_second_std": 0.01692808317559917
  },
  "cv_fold_metrics": [
    {
      "eval_loss": 0.16743294894695282,
      "eval_accuracy": 0.9492170969107068,
      "eval_f1": 0.9479166666666666,
      "eval_precision": 0.9732620320855615,
      "eval_recall": 0.9238578680203046,
      "eval_matthews_correlation": 0.899597044525902,
      "eval_auc": 0.9859485566019219,
      "eval_auprc": 0.9846808114663484,
      "eval_runtime": 16.1936,
      "eval_samples_per_second": 145.922,
      "eval_steps_per_second": 9.139,
      "epoch": 5.0
    },
    {
      "eval_loss": 0.21672718226909637,
      "eval_accuracy": 0.9445385266723116,
      "eval_f1": 0.9435101336783096,
      "eval_precision": 0.961335676625659,
      "eval_recall": 0.9263336155800169,
      "eval_matthews_correlation": 0.8896669536002428,
      "eval_auc": 0.9801629096311125,
      "eval_auprc": 0.9786004164009969,
      "eval_runtime": 16.1329,
      "eval_samples_per_second": 146.409,
      "eval_steps_per_second": 9.174,
      "epoch": 10.0
    },
    {
      "eval_loss": 0.19988316297531128,
      "eval_accuracy": 0.9352243861134631,
      "eval_f1": 0.9351420093259856,
      "eval_precision": 0.9363327674023769,
      "eval_recall": 0.9339542760372566,
      "eval_matthews_correlation": 0.870451580620932,
      "eval_auc": 0.9794065076382262,
      "eval_auprc": 0.9796586012347053,
      "eval_runtime": 16.1115,
      "eval_samples_per_second": 146.603,
      "eval_steps_per_second": 9.186,
      "epoch": 8.0
    },
    {
      "eval_loss": 0.1843831092119217,
      "eval_accuracy": 0.945385266723116,
      "eval_f1": 0.9454083791790098,
      "eval_precision": 0.9450084602368867,
      "eval_recall": 0.9458086367485182,
      "eval_matthews_correlation": 0.8907708527737055,
      "eval_auc": 0.9858606599983797,
      "eval_auprc": 0.986653526998768,
      "eval_runtime": 16.1157,
      "eval_samples_per_second": 146.565,
      "eval_steps_per_second": 9.184,
      "epoch": 10.0
    },
    {
      "eval_loss": 0.1791389286518097,
      "eval_accuracy": 0.9398814563928873,
      "eval_f1": 0.9397794741306191,
      "eval_precision": 0.9413763806287171,
      "eval_recall": 0.9381879762912786,
      "eval_matthews_correlation": 0.879767958929061,
      "eval_auc": 0.9847952444899162,
      "eval_auprc": 0.9859799160377507,
      "eval_runtime": 16.1425,
      "eval_samples_per_second": 146.322,
      "eval_steps_per_second": 9.168,
      "epoch": 8.0
    }
  ],
  "test_metrics": {
    "eval_loss": 0.16361825168132782,
    "eval_accuracy": 0.943884892086331,
    "eval_f1": 0.9425625920471281,
    "eval_precision": 0.964824120603015,
    "eval_recall": 0.9213051823416507,
    "eval_matthews_correlation": 0.8886709694299769,
    "eval_auc": 0.9857610281871834,
    "eval_auprc": 0.9863718109330916,
    "eval_runtime": 14.2308,
    "eval_samples_per_second": 146.513,
    "eval_steps_per_second": 9.205,
    "epoch": 6.0
  }
}