{
  "experiment": "cross_cell",
  "model_type": "dnabert2",
  "variant": "tapt_v3",
  "pair_name": "TBRG4_train_K562_test_HepG2_fixlen_101",
  "max_length": 128,
  "n_folds": 5,
  "hyperparameters": {
    "learning_rate": 5e-05,
    "per_device_train_batch_size": 16,
    "weight_decay": 0.01,
    "warmup_ratio": 0.1,
    "num_train_epochs": 10,
    "gradient_accumulation_steps": 1,
    "early_stopping_patience": 3
  },
  "cv_metrics": {
    "epoch_mean": 7.4,
    "epoch_std": 1.8547236990991407,
    "eval_accuracy_mean": 0.7809523809523808,
    "eval_accuracy_std": 0.020865621238292047,
    "eval_auc_mean": 0.8674092559582756,
    "eval_auc_std": 0.022174935954380897,
    "eval_auprc_mean": 0.8650191251833679,
    "eval_auprc_std": 0.021256693255051085,
    "eval_f1_mean": 0.7749331237420737,
    "eval_f1_std": 0.02368709238383461,
    "eval_loss_mean": 0.6177196681499482,
    "eval_loss_std": 0.20000162274907918,
    "eval_matthews_correlation_mean": 0.5743665647886533,
    "eval_matthews_correlation_std": 0.03938050122579565,
    "eval_precision_mean": 0.7989488072620341,
    "eval_precision_std": 0.01715884726833007,
    "eval_recall_mean": 0.7760083184789066,
    "eval_recall_std": 0.02328865652445761,
    "eval_runtime_mean": 0.09984000000000001,
    "eval_runtime_std": 0.004474192664604422,
    "eval_samples_per_second_mean": 1053.852,
    "eval_samples_per_second_std": 45.0660340389522,
    "eval_steps_per_second_mean": 70.2568,
    "eval_steps_per_second_std": 3.004178782962158
  },
  "cv_fold_metrics": [
    {
      "eval_loss": 0.47815996408462524,
      "eval_accuracy": 0.7904761904761904,
      "eval_f1": 0.7833833458364591,
      "eval_matthews_correlation": 0.5968737173968243,
      "eval_precision": 0.8140096618357487,
      "eval_recall": 0.7836363636363637,
      "eval_auc": 0.8519999999999999,
      "eval_auprc": 0.8678626630658344,
      "eval_runtime": 0.0963,
      "eval_samples_per_second": 1090.714,
      "eval_steps_per_second": 72.714,
      "epoch": 5.0
    },
    {
      "eval_loss": 0.9034851789474487,
      "eval_accuracy": 0.7619047619047619,
      "eval_f1": 0.7529411764705882,
      "eval_matthews_correlation": 0.5393598899705936,
      "eval_precision": 0.7857142857142857,
      "eval_recall": 0.7545454545454545,
      "eval_auc": 0.8407272727272728,
      "eval_auprc": 0.8298930042887063,
      "eval_runtime": 0.0968,
      "eval_samples_per_second": 1084.937,
      "eval_steps_per_second": 72.329,
      "epoch": 9.0
    },
    {
      "eval_loss": 0.8137126564979553,
      "eval_accuracy": 0.7523809523809524,
      "eval_f1": 0.7439984996249063,
      "eval_matthews_correlation": 0.5165253323626364,
      "eval_precision": 0.7717391304347827,
      "eval_recall": 0.7454545454545454,
      "eval_auc": 0.8636363636363636,
      "eval_auprc": 0.8551343650851855,
      "eval_runtime": 0.1082,
      "eval_samples_per_second": 970.495,
      "eval_steps_per_second": 64.7,
      "epoch": 10.0
    },
    {
      "eval_loss": 0.4157888889312744,
      "eval_accuracy": 0.8095238095238095,
      "eval_f1": 0.8095065312046443,
      "eval_matthews_correlation": 0.6196007667695949,
      "eval_precision": 0.8096879535558781,
      "eval_recall": 0.8099128540305011,
      "eval_auc": 0.9052287581699346,
      "eval_auprc": 0.8821942120069365,
      "eval_runtime": 0.1008,
      "eval_samples_per_second": 1042.031,
      "eval_steps_per_second": 69.469,
      "epoch": 7.0
    },
    {
      "eval_loss": 0.4774516522884369,
      "eval_accuracy": 0.7904761904761904,
      "eval_f1": 0.7848360655737705,
      "eval_matthews_correlation": 0.5994731174436171,
      "eval_precision": 0.8135930047694754,
      "eval_recall": 0.7864923747276689,
      "eval_auc": 0.8754538852578068,
      "eval_auprc": 0.8900113814701766,
      "eval_runtime": 0.0971,
      "eval_samples_per_second": 1081.083,
      "eval_steps_per_second": 72.072,
      "epoch": 6.0
    }
  ],
  "test_metrics": {
    "eval_loss": 0.850719153881073,
    "eval_accuracy": 0.782608695652174,
    "eval_f1": 0.723039871554723,
    "eval_matthews_correlation": 0.5041153895759641,
    "eval_precision": 0.8070054945054945,
    "eval_recall": 0.7069444444444445,
    "eval_auc": 0.8314814814814815,
    "eval_auprc": 0.7349613213640568,
    "eval_runtime": 0.0706,
    "eval_samples_per_second": 977.393,
    "eval_steps_per_second": 70.826,
    "epoch": 9.0
  }
}