{
  "experiment": "cross_length",
  "model_type": "lamar",
  "variant": "pretrained",
  "pair_name": "HNRNPK_K562_ENCSR268ETU",
  "pretrain_path": "/gpfs/bwfor/work/ws/fr_ml642-thesis_work/Thesis/LAMAR/weights",
  "max_length": 1024,
  "n_folds": 5,
  "hyperparameters": {
    "learning_rate": 5e-05,
    "per_device_train_batch_size": 16,
    "weight_decay": 0.01,
    "warmup_ratio": 0.1,
    "num_train_epochs": 10,
    "gradient_accumulation_steps": 1,
    "early_stopping_patience": 3
  },
  "cv_metrics": {
    "epoch_mean": 8.0,
    "epoch_std": 1.4142135623730951,
    "eval_accuracy_mean": 0.9100000000000001,
    "eval_accuracy_std": 0.010736748938937593,
    "eval_auc_mean": 0.9668580329933179,
    "eval_auc_std": 0.006950075520146854,
    "eval_auprc_mean": 0.9366010926769514,
    "eval_auprc_std": 0.017467025067419557,
    "eval_f1_mean": 0.8643943045788186,
    "eval_f1_std": 0.014990433627136476,
    "eval_loss_mean": 0.2524677574634552,
    "eval_loss_std": 0.027236326292595238,
    "eval_matthews_correlation_mean": 0.7975469511192107,
    "eval_matthews_correlation_std": 0.023534591415567626,
    "eval_precision_mean": 0.8741933263423947,
    "eval_precision_std": 0.028305337289414128,
    "eval_recall_mean": 0.8555646461853295,
    "eval_recall_std": 0.01842446827979403,
    "eval_runtime_mean": 8.25392,
    "eval_runtime_std": 0.0006209669878500407,
    "eval_samples_per_second_mean": 59.438599999999994,
    "eval_samples_per_second_std": 0.06025811148716735,
    "eval_steps_per_second_mean": 3.7558,
    "eval_steps_per_second_std": 0.0003999999999999559
  },
  "cv_fold_metrics": [
    {
      "eval_loss": 0.23750747740268707,
      "eval_accuracy": 0.9104166666666667,
      "eval_f1": 0.86084142394822,
      "eval_precision": 0.8866666666666667,
      "eval_recall": 0.8364779874213837,
      "eval_auc": 0.9631458296596721,
      "eval_auprc": 0.9203558186367864,
      "eval_matthews_correlation": 0.7956054076237985,
      "eval_runtime": 8.2547,
      "eval_samples_per_second": 59.481,
      "eval_steps_per_second": 3.755,
      "epoch": 9.0
    },
    {
      "eval_loss": 0.23454880714416504,
      "eval_accuracy": 0.9229166666666667,
      "eval_f1": 0.8794788273615636,
      "eval_precision": 0.9183673469387755,
      "eval_recall": 0.84375,
      "eval_auc": 0.9753906250000001,
      "eval_auprc": 0.9586112908561576,
      "eval_matthews_correlation": 0.8245631535486584,
      "eval_runtime": 8.2528,
      "eval_samples_per_second": 59.495,
      "eval_steps_per_second": 3.756,
      "epoch": 8.0
    },
    {
      "eval_loss": 0.29989343881607056,
      "eval_accuracy": 0.8979166666666667,
      "eval_f1": 0.8501529051987766,
      "eval_precision": 0.8424242424242424,
      "eval_recall": 0.8580246913580247,
      "eval_auc": 0.9630211972979269,
      "eval_auprc": 0.9292095038452757,
      "eval_matthews_correlation": 0.7728284260815289,
      "eval_runtime": 8.2539,
      "eval_samples_per_second": 59.487,
      "eval_steps_per_second": 3.756,
      "epoch": 7.0
    },
    {
      "eval_loss": 0.22507993876934052,
      "eval_accuracy": 0.9208333333333333,
      "eval_f1": 0.8841463414634148,
      "eval_precision": 0.8787878787878788,
      "eval_recall": 0.8895705521472392,
      "eval_auc": 0.9747247005089896,
      "eval_auprc": 0.9564034806413558,
      "eval_matthews_correlation": 0.82405850092475,
      "eval_runtime": 8.2541,
      "eval_samples_per_second": 59.365,
      "eval_steps_per_second": 3.756,
      "epoch": 10.0
    },
    {
      "eval_loss": 0.2653091251850128,
      "eval_accuracy": 0.8979166666666667,
      "eval_f1": 0.8473520249221184,
      "eval_precision": 0.84472049689441,
      "eval_recall": 0.85,
      "eval_auc": 0.9580078125,
      "eval_auprc": 0.9184253694051808,
      "eval_matthews_correlation": 0.7706792674173174,
      "eval_runtime": 8.2541,
      "eval_samples_per_second": 59.365,
      "eval_steps_per_second": 3.756,
      "epoch": 6.0
    }
  ],
  "test_metrics": {
    "eval_loss": 0.32281494140625,
    "eval_accuracy": 0.9037388392857143,
    "eval_f1": 0.893353941267388,
    "eval_precision": 0.9364873622812703,
    "eval_recall": 0.8540189125295509,
    "eval_auc": 0.9689300851163789,
    "eval_auprc": 0.9646252908043929,
    "eval_matthews_correlation": 0.8088179458785365,
    "eval_runtime": 61.5615,
    "eval_samples_per_second": 58.462,
    "eval_steps_per_second": 3.655,
    "epoch": 6.0
  }
}