{
  "experiment": "cross_length",
  "model_type": "lamar",
  "variant": "tapt_1024",
  "pair_name": "FXR2_HepG2_ENCSR973HOJ",
  "pretrain_path": "/gpfs/bwfor/work/ws/fr_ml642-thesis_work/Thesis/LAMAR/src/pretrain/saving_model/tapt_1024_standard_collator/checkpoint-134000/model.safetensors",
  "max_length": 1024,
  "n_folds": 5,
  "hyperparameters": {
    "learning_rate": 5e-05,
    "per_device_train_batch_size": 16,
    "weight_decay": 0.01,
    "warmup_ratio": 0.1,
    "num_train_epochs": 10,
    "gradient_accumulation_steps": 1,
    "early_stopping_patience": 3
  },
  "cv_metrics": {
    "epoch_mean": 9.0,
    "epoch_std": 0.8944271909999159,
    "eval_accuracy_mean": 0.8166666666666667,
    "eval_accuracy_std": 0.01743041721945988,
    "eval_auc_mean": 0.8901771908215677,
    "eval_auc_std": 0.007695119557186194,
    "eval_auprc_mean": 0.8153735983748074,
    "eval_auprc_std": 0.009645182301119742,
    "eval_f1_mean": 0.7157867296946703,
    "eval_f1_std": 0.044753688090084336,
    "eval_loss_mean": 0.4690870106220245,
    "eval_loss_std": 0.08434064113031026,
    "eval_matthews_correlation_mean": 0.5895123569243845,
    "eval_matthews_correlation_std": 0.04162917840579601,
    "eval_precision_mean": 0.7772346277733785,
    "eval_precision_std": 0.0389769159875143,
    "eval_recall_mean": 0.6724469305794607,
    "eval_recall_std": 0.08699232330218411,
    "eval_runtime_mean": 10.32368,
    "eval_runtime_std": 0.007086155516216429,
    "eval_samples_per_second_mean": 47.2506,
    "eval_samples_per_second_std": 0.024743483990739598,
    "eval_steps_per_second_mean": 3.0027999999999997,
    "eval_steps_per_second_std": 0.0021354156504062183
  },
  "cv_fold_metrics": [
    {
      "eval_loss": 0.6301814913749695,
      "eval_accuracy": 0.8229166666666666,
      "eval_f1": 0.7507331378299119,
      "eval_precision": 0.7398843930635838,
      "eval_recall": 0.7619047619047619,
      "eval_auc": 0.8877251221001221,
      "eval_auprc": 0.8215717808455889,
      "eval_matthews_correlation": 0.6136193046725977,
      "eval_runtime": 10.321,
      "eval_samples_per_second": 47.282,
      "eval_steps_per_second": 3.004,
      "epoch": 10.0
    },
    {
      "eval_loss": 0.4009941518306732,
      "eval_accuracy": 0.8166666666666667,
      "eval_f1": 0.7197452229299363,
      "eval_precision": 0.7635135135135135,
      "eval_recall": 0.6807228915662651,
      "eval_auc": 0.8939452075819201,
      "eval_auprc": 0.8139761318761796,
      "eval_matthews_correlation": 0.5863110141644615,
      "eval_runtime": 10.3287,
      "eval_samples_per_second": 47.247,
      "eval_steps_per_second": 3.001,
      "epoch": 8.0
    },
    {
      "eval_loss": 0.46047845482826233,
      "eval_accuracy": 0.8458333333333333,
      "eval_f1": 0.7701863354037267,
      "eval_precision": 0.7948717948717948,
      "eval_recall": 0.7469879518072289,
      "eval_auc": 0.8993361982963701,
      "eval_auprc": 0.8300476397539842,
      "eval_matthews_correlation": 0.6550820578925669,
      "eval_runtime": 10.3336,
      "eval_samples_per_second": 47.225,
      "eval_steps_per_second": 3.0,
      "epoch": 10.0
    },
    {
      "eval_loss": 0.400972843170166,
      "eval_accuracy": 0.8,
      "eval_f1": 0.6962025316455696,
      "eval_precision": 0.7432432432432432,
      "eval_recall": 0.6547619047619048,
      "eval_auc": 0.8932196275946276,
      "eval_auprc": 0.8024884623856815,
      "eval_matthews_correlation": 0.550468389277496,
      "eval_runtime": 10.3223,
      "eval_samples_per_second": 47.276,
      "eval_steps_per_second": 3.003,
      "epoch": 8.0
    },
    {
      "eval_loss": 0.45280811190605164,
      "eval_accuracy": 0.7979166666666667,
      "eval_f1": 0.6420664206642067,
      "eval_precision": 0.8446601941747572,
      "eval_recall": 0.5178571428571429,
      "eval_auc": 0.8766597985347986,
      "eval_auprc": 0.8087839770126033,
      "eval_matthews_correlation": 0.5420810186148003,
      "eval_runtime": 10.3128,
      "eval_samples_per_second": 47.223,
      "eval_steps_per_second": 3.006,
      "epoch": 9.0
    }
  ],
  "test_metrics": {
    "eval_loss": 0.5444757342338562,
    "eval_accuracy": 0.7552083333333334,
    "eval_f1": 0.7618243243243242,
    "eval_precision": 0.7138899881282152,
    "eval_recall": 0.8166591217745586,
    "eval_auc": 0.838643912102353,
    "eval_auprc": 0.8191354527197776,
    "eval_matthews_correlation": 0.5172739381631062,
    "eval_runtime": 99.5204,
    "eval_samples_per_second": 46.342,
    "eval_steps_per_second": 2.904,
    "epoch": 10.0
  }
}