{
  "experiment": "cross_length",
  "model_type": "dnabert2",
  "variant": "tapt_v3",
  "pair_name": "APEX1_HepG2_ENCSR554GSW",
  "max_length": 256,
  "n_folds": 5,
  "hyperparameters": {
    "learning_rate": 5e-05,
    "per_device_train_batch_size": 16,
    "weight_decay": 0.01,
    "warmup_ratio": 0.1,
    "num_train_epochs": 10,
    "gradient_accumulation_steps": 1,
    "early_stopping_patience": 3
  },
  "cv_metrics": {
    "epoch_mean": 5.2,
    "epoch_std": 0.9797958971132712,
    "eval_accuracy_mean": 0.7061224489795918,
    "eval_accuracy_std": 0.05258815806826584,
    "eval_auc_mean": 0.7756196943972835,
    "eval_auc_std": 0.054655874274119165,
    "eval_auprc_mean": 0.7104311390108637,
    "eval_auprc_std": 0.05483901332686665,
    "eval_f1_mean": 0.601216893076621,
    "eval_f1_std": 0.11787787369731101,
    "eval_loss_mean": 0.5950857043266297,
    "eval_loss_std": 0.02435065902273141,
    "eval_matthews_correlation_mean": 0.3493268710722307,
    "eval_matthews_correlation_std": 0.12597535770395374,
    "eval_precision_mean": 0.7807737871604671,
    "eval_precision_std": 0.05590658028861383,
    "eval_recall_mean": 0.627632522165629,
    "eval_recall_std": 0.078425714356819,
    "eval_runtime_mean": 0.04032,
    "eval_runtime_std": 0.0016363373735266199,
    "eval_samples_per_second_mean": 1217.3294,
    "eval_samples_per_second_std": 50.21622554354316,
    "eval_steps_per_second_mean": 99.37379999999999,
    "eval_steps_per_second_std": 4.099415343680123
  },
  "cv_fold_metrics": [
    {
      "eval_loss": 0.564121425151825,
      "eval_accuracy": 0.7959183673469388,
      "eval_f1": 0.75,
      "eval_matthews_correlation": 0.5594884228340742,
      "eval_precision": 0.8346153846153846,
      "eval_recall": 0.7338709677419355,
      "eval_auc": 0.8494623655913979,
      "eval_auprc": 0.7873989521918621,
      "eval_runtime": 0.0423,
      "eval_samples_per_second": 1158.922,
      "eval_steps_per_second": 94.606,
      "epoch": 5.0
    },
    {
      "eval_loss": 0.6015350222587585,
      "eval_accuracy": 0.7142857142857143,
      "eval_f1": 0.6335470085470085,
      "eval_matthews_correlation": 0.35062044590825897,
      "eval_precision": 0.7286585365853658,
      "eval_recall": 0.6344086021505376,
      "eval_auc": 0.7060931899641576,
      "eval_auprc": 0.6378808191755507,
      "eval_runtime": 0.0378,
      "eval_samples_per_second": 1297.186,
      "eval_steps_per_second": 105.893,
      "epoch": 5.0
    },
    {
      "eval_loss": 0.6294247508049011,
      "eval_accuracy": 0.6530612244897959,
      "eval_f1": 0.44503664223850764,
      "eval_matthews_correlation": 0.18941919023591466,
      "eval_precision": 0.8229166666666667,
      "eval_recall": 0.5277777777777778,
      "eval_auc": 0.8207885304659497,
      "eval_auprc": 0.7137442361797386,
      "eval_runtime": 0.041,
      "eval_samples_per_second": 1195.542,
      "eval_steps_per_second": 97.595,
      "epoch": 4.0
    },
    {
      "eval_loss": 0.6093695759773254,
      "eval_accuracy": 0.6530612244897959,
      "eval_f1": 0.48484848484848486,
      "eval_matthews_correlation": 0.25920889205435216,
      "eval_precision": 0.8191489361702128,
      "eval_recall": 0.5526315789473684,
      "eval_auc": 0.7771929824561403,
      "eval_auprc": 0.7502014720379782,
      "eval_runtime": 0.0391,
      "eval_samples_per_second": 1251.741,
      "eval_steps_per_second": 102.183,
      "epoch": 5.0
    },
    {
      "eval_loss": 0.5709777474403381,
      "eval_accuracy": 0.7142857142857143,
      "eval_f1": 0.6926523297491041,
      "eval_matthews_correlation": 0.387897404328554,
      "eval_precision": 0.6985294117647058,
      "eval_recall": 0.6894736842105263,
      "eval_auc": 0.724561403508772,
      "eval_auprc": 0.6629302154691891,
      "eval_runtime": 0.0414,
      "eval_samples_per_second": 1183.256,
      "eval_steps_per_second": 96.592,
      "epoch": 7.0
    }
  ],
  "test_metrics": {
    "eval_loss": 0.5646610856056213,
    "eval_accuracy": 0.7323420074349443,
    "eval_f1": 0.7309999999999999,
    "eval_matthews_correlation": 0.46446896203413096,
    "eval_precision": 0.7335889506164202,
    "eval_recall": 0.730887865333278,
    "eval_auc": 0.8046668603123228,
    "eval_auprc": 0.8043789934585286,
    "eval_runtime": 0.3442,
    "eval_samples_per_second": 1563.24,
    "eval_steps_per_second": 98.792,
    "epoch": 7.0
  }
}