{
  "experiment": "cross_cell",
  "model_type": "dnabert2",
  "variant": "pretrained",
  "pair_name": "NOLC1_train_K562_test_HepG2_fixlen_101",
  "max_length": 128,
  "n_folds": 5,
  "hyperparameters": {
    "learning_rate": 5e-05,
    "per_device_train_batch_size": 16,
    "weight_decay": 0.01,
    "warmup_ratio": 0.1,
    "num_train_epochs": 10,
    "gradient_accumulation_steps": 1,
    "early_stopping_patience": 3
  },
  "cv_metrics": {
    "epoch_mean": 6.8,
    "epoch_std": 1.6,
    "eval_accuracy_mean": 0.7610449497801277,
    "eval_accuracy_std": 0.026581724320040554,
    "eval_auc_mean": 0.8513913549910587,
    "eval_auc_std": 0.01578814699197463,
    "eval_auprc_mean": 0.8272664988416822,
    "eval_auprc_std": 0.015261834660621478,
    "eval_f1_mean": 0.7587977447291919,
    "eval_f1_std": 0.02854292145822999,
    "eval_loss_mean": 0.7140412509441376,
    "eval_loss_std": 0.1792200235793031,
    "eval_matthews_correlation_mean": 0.5306782488359485,
    "eval_matthews_correlation_std": 0.047108795876440644,
    "eval_precision_mean": 0.7697725319124122,
    "eval_precision_std": 0.020687572371077552,
    "eval_recall_mean": 0.7610593267997182,
    "eval_recall_std": 0.02670567368782608,
    "eval_runtime_mean": 0.38088,
    "eval_runtime_std": 0.003894817068874987,
    "eval_samples_per_second_mean": 1270.4202,
    "eval_samples_per_second_std": 13.012690535012323,
    "eval_steps_per_second_mean": 81.4034,
    "eval_steps_per_second_std": 0.830060624291985
  },
  "cv_fold_metrics": [
    {
      "eval_loss": 0.9476239085197449,
      "eval_accuracy": 0.7355371900826446,
      "eval_f1": 0.7292070985225981,
      "eval_matthews_correlation": 0.49477377152690544,
      "eval_precision": 0.7598327305605787,
      "eval_recall": 0.7355371900826446,
      "eval_auc": 0.8538180452154908,
      "eval_auprc": 0.8400320594959189,
      "eval_runtime": 0.3811,
      "eval_samples_per_second": 1270.16,
      "eval_steps_per_second": 81.353,
      "epoch": 8.0
    },
    {
      "eval_loss": 0.833267867565155,
      "eval_accuracy": 0.7582644628099173,
      "eval_f1": 0.7573934837092733,
      "eval_matthews_correlation": 0.5202781242869778,
      "eval_precision": 0.7620272681600055,
      "eval_recall": 0.7582644628099173,
      "eval_auc": 0.8254132231404958,
      "eval_auprc": 0.7976965410431234,
      "eval_runtime": 0.3871,
      "eval_samples_per_second": 1250.419,
      "eval_steps_per_second": 80.089,
      "epoch": 7.0
    },
    {
      "eval_loss": 0.45243361592292786,
      "eval_accuracy": 0.7913223140495868,
      "eval_f1": 0.7912786552067188,
      "eval_matthews_correlation": 0.5831049083402471,
      "eval_precision": 0.7917094017094017,
      "eval_recall": 0.7913955910728617,
      "eval_auc": 0.8701398493929613,
      "eval_auprc": 0.8371547241446587,
      "eval_runtime": 0.3805,
      "eval_samples_per_second": 1272.03,
      "eval_steps_per_second": 81.473,
      "epoch": 5.0
    },
    {
      "eval_loss": 0.766485869884491,
      "eval_accuracy": 0.7913223140495868,
      "eval_f1": 0.7907640681245212,
      "eval_matthews_correlation": 0.5864882856625765,
      "eval_precision": 0.794948866777225,
      "eval_recall": 0.7915492717244677,
      "eval_auc": 0.8638560183050732,
      "eval_auprc": 0.8290539072196723,
      "eval_runtime": 0.3748,
      "eval_samples_per_second": 1291.365,
      "eval_steps_per_second": 82.711,
      "epoch": 9.0
    },
    {
      "eval_loss": 0.5703949928283691,
      "eval_accuracy": 0.7287784679089027,
      "eval_f1": 0.7253454180828482,
      "eval_matthews_correlation": 0.4687461543630354,
      "eval_precision": 0.7403443923548503,
      "eval_recall": 0.7285501183087,
      "eval_auc": 0.8437296389012723,
      "eval_auprc": 0.8323952623050382,
      "eval_runtime": 0.3809,
      "eval_samples_per_second": 1268.127,
      "eval_steps_per_second": 81.391,
      "epoch": 5.0
    }
  ],
  "test_metrics": {
    "eval_loss": 1.0677703619003296,
    "eval_accuracy": 0.6510468594217348,
    "eval_f1": 0.6457189568868078,
    "eval_matthews_correlation": 0.3099809088859901,
    "eval_precision": 0.6596661349807158,
    "eval_recall": 0.6504516970448835,
    "eval_auc": 0.7325086681299106,
    "eval_auprc": 0.6679872518444486,
    "eval_runtime": 0.7709,
    "eval_samples_per_second": 1300.995,
    "eval_steps_per_second": 81.718,
    "epoch": 8.0
  }
}