{
  "experiment": "cross_cell",
  "model_type": "lamar",
  "variant": "pretrained_custom",
  "pair_name": "WDR43_train_K562_test_HepG2_fixlen_101",
  "pretrain_path": "/gpfs/bwfor/work/ws/fr_ml642-thesis_work/Thesis/LAMAR/src/pretrain/saving_model/tapt_512_standard_collator_1gpu/checkpoint-265000/model.safetensors",
  "max_length": 512,
  "n_folds": 5,
  "hyperparameters": {
    "learning_rate": 5e-05,
    "per_device_train_batch_size": 16,
    "weight_decay": 0.01,
    "warmup_ratio": 0.1,
    "num_train_epochs": 10,
    "gradient_accumulation_steps": 1,
    "early_stopping_patience": 3
  },
  "cv_metrics": {
    "epoch_mean": 6.4,
    "epoch_std": 1.4966629547095764,
    "eval_accuracy_mean": 0.7625,
    "eval_accuracy_std": 0.0852386356061616,
    "eval_auc_mean": 0.8465382819794585,
    "eval_auc_std": 0.06847815576091633,
    "eval_auprc_mean": 0.8438878596134096,
    "eval_auprc_std": 0.06725836511919002,
    "eval_f1_mean": 0.7036688963210702,
    "eval_f1_std": 0.11407381255582331,
    "eval_loss_mean": 0.5138315677642822,
    "eval_loss_std": 0.10750778170651533,
    "eval_matthews_correlation_mean": 0.5425594113907276,
    "eval_matthews_correlation_std": 0.13631099522471,
    "eval_precision_mean": 0.8118270944741532,
    "eval_precision_std": 0.048743409213858974,
    "eval_recall_mean": 0.6473015873015873,
    "eval_recall_std": 0.18245104818450095,
    "eval_runtime_mean": 0.11339999999999999,
    "eval_runtime_std": 0.0007797435475847156,
    "eval_samples_per_second_mean": 365.0834,
    "eval_samples_per_second_std": 4.0225535969083195,
    "eval_steps_per_second_mean": 26.456,
    "eval_steps_per_second_std": 0.18148718963056357
  },
  "cv_fold_metrics": [
    {
      "eval_loss": 0.5010167956352234,
      "eval_accuracy": 0.8125,
      "eval_f1": 0.7692307692307692,
      "eval_precision": 0.8333333333333334,
      "eval_recall": 0.7142857142857143,
      "eval_auc": 0.8412698412698413,
      "eval_auprc": 0.8507000375907938,
      "eval_matthews_correlation": 0.6180700462007377,
      "eval_runtime": 0.1147,
      "eval_samples_per_second": 366.106,
      "eval_steps_per_second": 26.15,
      "epoch": 6.0
    },
    {
      "eval_loss": 0.48967015743255615,
      "eval_accuracy": 0.78125,
      "eval_f1": 0.6956521739130435,
      "eval_precision": 0.7272727272727273,
      "eval_recall": 0.6666666666666666,
      "eval_auc": 0.8375,
      "eval_auprc": 0.7651766751766751,
      "eval_matthews_correlation": 0.5266354311522131,
      "eval_runtime": 0.1129,
      "eval_samples_per_second": 372.141,
      "eval_steps_per_second": 26.582,
      "epoch": 8.0
    },
    {
      "eval_loss": 0.5691859126091003,
      "eval_accuracy": 0.71875,
      "eval_f1": 0.64,
      "eval_precision": 0.8,
      "eval_recall": 0.5333333333333333,
      "eval_auc": 0.8392156862745098,
      "eval_auprc": 0.8151524401524401,
      "eval_matthews_correlation": 0.44753235077599396,
      "eval_runtime": 0.1133,
      "eval_samples_per_second": 361.79,
      "eval_steps_per_second": 26.472,
      "epoch": 6.0
    },
    {
      "eval_loss": 0.3406171202659607,
      "eval_accuracy": 0.875,
      "eval_f1": 0.8749999999999999,
      "eval_precision": 0.8235294117647058,
      "eval_recall": 0.9333333333333333,
      "eval_auc": 0.9647058823529411,
      "eval_auprc": 0.9666178266178266,
      "eval_matthews_correlation": 0.7568627450980392,
      "eval_runtime": 0.1137,
      "eval_samples_per_second": 360.722,
      "eval_steps_per_second": 26.394,
      "epoch": 8.0
    },
    {
      "eval_loss": 0.6686678528785706,
      "eval_accuracy": 0.625,
      "eval_f1": 0.5384615384615385,
      "eval_precision": 0.875,
      "eval_recall": 0.3888888888888889,
      "eval_auc": 0.7500000000000001,
      "eval_auprc": 0.8217923185293119,
      "eval_matthews_correlation": 0.363696483726654,
      "eval_runtime": 0.1124,
      "eval_samples_per_second": 364.658,
      "eval_steps_per_second": 26.682,
      "epoch": 4.0
    }
  ],
  "test_metrics": {
    "eval_loss": 0.657811164855957,
    "eval_accuracy": 0.640625,
    "eval_f1": 0.5021645021645021,
    "eval_precision": 0.7532467532467533,
    "eval_recall": 0.37662337662337664,
    "eval_auc": 0.7505476451259585,
    "eval_auprc": 0.6999799454695308,
    "eval_matthews_correlation": 0.3064372241713601,
    "eval_runtime": 1.0868,
    "eval_samples_per_second": 299.038,
    "eval_steps_per_second": 19.322,
    "epoch": 5.0
  }
}