{
  "experiment": "cross_length",
  "model_type": "lamar",
  "variant": "pretrained_custom",
  "pair_name": "GEMIN5_K562_ENCSR238CLX",
  "pretrain_path": "/gpfs/bwfor/work/ws/fr_ml642-thesis_work/Thesis/LAMAR/src/pretrain/saving_model/tapt_512_standard_collator_1gpu/checkpoint-265000/model.safetensors",
  "max_length": 512,
  "n_folds": 5,
  "hyperparameters": {
    "learning_rate": 5e-05,
    "per_device_train_batch_size": 16,
    "weight_decay": 0.01,
    "warmup_ratio": 0.1,
    "num_train_epochs": 10,
    "gradient_accumulation_steps": 1,
    "early_stopping_patience": 3
  },
  "cv_metrics": {
    "epoch_mean": 7.6,
    "epoch_std": 1.0198039027185568,
    "eval_accuracy_mean": 0.905,
    "eval_accuracy_std": 0.006892024376045125,
    "eval_auc_mean": 0.9496900615627892,
    "eval_auc_std": 0.008694908083412688,
    "eval_auprc_mean": 0.9224477487434299,
    "eval_auprc_std": 0.010725518291031627,
    "eval_f1_mean": 0.8385601661920582,
    "eval_f1_std": 0.011828007547087793,
    "eval_loss_mean": 0.2827665001153946,
    "eval_loss_std": 0.041330944814162454,
    "eval_matthews_correlation_mean": 0.774695453307529,
    "eval_matthews_correlation_std": 0.016721649187389623,
    "eval_precision_mean": 0.8861834027223349,
    "eval_precision_std": 0.03472599885693792,
    "eval_recall_mean": 0.7979485625104797,
    "eval_recall_std": 0.033276234577803994,
    "eval_runtime_mean": 2.99566,
    "eval_runtime_std": 0.005336140927674255,
    "eval_samples_per_second_mean": 136.599,
    "eval_samples_per_second_std": 0.3123882200083725,
    "eval_steps_per_second_mean": 8.6792,
    "eval_steps_per_second_std": 0.015535765188750706
  },
  "cv_fold_metrics": [
    {
      "eval_loss": 0.23958362638950348,
      "eval_accuracy": 0.905,
      "eval_f1": 0.8333333333333333,
      "eval_precision": 0.8962264150943396,
      "eval_recall": 0.7786885245901639,
      "eval_auc": 0.962878877226088,
      "eval_auprc": 0.9286069363914342,
      "eval_matthews_correlation": 0.7710646177705538,
      "eval_runtime": 2.9922,
      "eval_samples_per_second": 137.022,
      "eval_steps_per_second": 8.689,
      "epoch": 6.0
    },
    {
      "eval_loss": 0.26681065559387207,
      "eval_accuracy": 0.9125,
      "eval_f1": 0.8547717842323652,
      "eval_precision": 0.8728813559322034,
      "eval_recall": 0.8373983739837398,
      "eval_auc": 0.952540283525579,
      "eval_auprc": 0.9348636898011379,
      "eval_matthews_correlation": 0.7925478344067127,
      "eval_runtime": 2.9903,
      "eval_samples_per_second": 136.778,
      "eval_steps_per_second": 8.695,
      "epoch": 7.0
    },
    {
      "eval_loss": 0.35809817910194397,
      "eval_accuracy": 0.8925,
      "eval_f1": 0.8200836820083682,
      "eval_precision": 0.8521739130434782,
      "eval_recall": 0.7903225806451613,
      "eval_auc": 0.9368571762505844,
      "eval_auprc": 0.9029822564309078,
      "eval_matthews_correlation": 0.7446628966359569,
      "eval_runtime": 3.0057,
      "eval_samples_per_second": 136.076,
      "eval_steps_per_second": 8.65,
      "epoch": 8.0
    },
    {
      "eval_loss": 0.29221877455711365,
      "eval_accuracy": 0.91,
      "eval_f1": 0.8378378378378378,
      "eval_precision": 0.9489795918367347,
      "eval_recall": 0.75,
      "eval_auc": 0.9517005610098176,
      "eval_auprc": 0.9242696592019153,
      "eval_matthews_correlation": 0.7870297726843409,
      "eval_runtime": 2.9948,
      "eval_samples_per_second": 136.572,
      "eval_steps_per_second": 8.682,
      "epoch": 9.0
    },
    {
      "eval_loss": 0.2571212649345398,
      "eval_accuracy": 0.905,
      "eval_f1": 0.846774193548387,
      "eval_precision": 0.860655737704918,
      "eval_recall": 0.8333333333333334,
      "eval_auc": 0.944473409801877,
      "eval_auprc": 0.9215162018917543,
      "eval_matthews_correlation": 0.778172145040081,
      "eval_runtime": 2.9953,
      "eval_samples_per_second": 136.547,
      "eval_steps_per_second": 8.68,
      "epoch": 8.0
    }
  ],
  "test_metrics": {
    "eval_loss": 0.39609861373901367,
    "eval_accuracy": 0.8636098130841121,
    "eval_f1": 0.8359676852827538,
    "eval_precision": 0.9659090909090909,
    "eval_recall": 0.7368421052631579,
    "eval_auc": 0.9415981667171538,
    "eval_auprc": 0.9459814148879274,
    "eval_matthews_correlation": 0.7422494554362165,
    "eval_runtime": 25.525,
    "eval_samples_per_second": 134.613,
    "eval_steps_per_second": 8.423,
    "epoch": 7.0
  }
}