{
  "experiment": "cross_length",
  "model_type": "lamar",
  "variant": "random",
  "pair_name": "PRPF39_HepG2_ENCSR884RBW",
  "pretrain_path": "",
  "max_length": 1024,
  "n_folds": 5,
  "hyperparameters": {
    "learning_rate": 5e-05,
    "per_device_train_batch_size": 16,
    "weight_decay": 0.01,
    "warmup_ratio": 0.1,
    "num_train_epochs": 10,
    "gradient_accumulation_steps": 1,
    "early_stopping_patience": 3
  },
  "cv_metrics": {
    "epoch_mean": 6.8,
    "epoch_std": 2.4000000000000004,
    "eval_accuracy_mean": 0.9178879310344827,
    "eval_accuracy_std": 0.006515610542168519,
    "eval_auc_mean": 0.9630998714260981,
    "eval_auc_std": 0.0038889209154306026,
    "eval_auprc_mean": 0.952079714863248,
    "eval_auprc_std": 0.007386120406074105,
    "eval_f1_mean": 0.8755158544500017,
    "eval_f1_std": 0.01248637054983669,
    "eval_loss_mean": 0.24123538732528688,
    "eval_loss_std": 0.014501909931687951,
    "eval_matthews_correlation_mean": 0.8193628668334301,
    "eval_matthews_correlation_std": 0.01311830690811793,
    "eval_precision_mean": 0.937545754965137,
    "eval_precision_std": 0.019876632033567807,
    "eval_recall_mean": 0.8226341425385975,
    "eval_recall_std": 0.03413037700280531,
    "eval_runtime_mean": 19.952199999999998,
    "eval_runtime_std": 0.005438749856354373,
    "eval_samples_per_second_mean": 47.1526,
    "eval_samples_per_second_std": 0.007889233169326394,
    "eval_steps_per_second_mean": 2.9571999999999994,
    "eval_steps_per_second_std": 0.0009797958971133264
  },
  "cv_fold_metrics": [
    {
      "eval_loss": 0.25766721367836,
      "eval_accuracy": 0.9148706896551724,
      "eval_f1": 0.8715447154471545,
      "eval_precision": 0.9273356401384083,
      "eval_recall": 0.8220858895705522,
      "eval_auc": 0.957860302060616,
      "eval_auprc": 0.9425850895323014,
      "eval_matthews_correlation": 0.811510189055771,
      "eval_runtime": 19.9549,
      "eval_samples_per_second": 47.156,
      "eval_steps_per_second": 2.957,
      "epoch": 4.0
    },
    {
      "eval_loss": 0.2520332932472229,
      "eval_accuracy": 0.9234913793103449,
      "eval_f1": 0.8871224165341812,
      "eval_precision": 0.9087947882736156,
      "eval_recall": 0.8664596273291926,
      "eval_auc": 0.969553942971937,
      "eval_auprc": 0.9589802190942504,
      "eval_matthews_correlation": 0.8298472327676533,
      "eval_runtime": 19.9533,
      "eval_samples_per_second": 47.16,
      "eval_steps_per_second": 2.957,
      "epoch": 8.0
    },
    {
      "eval_loss": 0.22317151725292206,
      "eval_accuracy": 0.9267241379310345,
      "eval_f1": 0.8910256410256411,
      "eval_precision": 0.9391891891891891,
      "eval_recall": 0.8475609756097561,
      "eval_auc": 0.9641056910569107,
      "eval_auprc": 0.957613289250813,
      "eval_matthews_correlation": 0.8385487301668864,
      "eval_runtime": 19.9542,
      "eval_samples_per_second": 47.158,
      "eval_steps_per_second": 2.957,
      "epoch": 10.0
    },
    {
      "eval_loss": 0.2488306611776352,
      "eval_accuracy": 0.9084051724137931,
      "eval_f1": 0.8561759729272419,
      "eval_precision": 0.9693486590038314,
      "eval_recall": 0.7666666666666667,
      "eval_auc": 0.9607580824972131,
      "eval_auprc": 0.9576834727260379,
      "eval_matthews_correlation": 0.8020212349966237,
      "eval_runtime": 19.957,
      "eval_samples_per_second": 47.151,
      "eval_steps_per_second": 2.956,
      "epoch": 8.0
    },
    {
      "eval_loss": 0.2244742512702942,
      "eval_accuracy": 0.915948275862069,
      "eval_f1": 0.8717105263157894,
      "eval_precision": 0.9430604982206405,
      "eval_recall": 0.8103975535168195,
      "eval_auc": 0.9632213385438133,
      "eval_auprc": 0.9435365037128379,
      "eval_matthews_correlation": 0.8148869471802154,
      "eval_runtime": 19.9416,
      "eval_samples_per_second": 47.138,
      "eval_steps_per_second": 2.959,
      "epoch": 4.0
    }
  ],
  "test_metrics": {
    "eval_loss": 0.6879240274429321,
    "eval_accuracy": 0.7927631578947368,
    "eval_f1": 0.7216084843128592,
    "eval_precision": 0.9855159927579964,
    "eval_recall": 0.5691878703380969,
    "eval_auc": 0.940752580310863,
    "eval_auprc": 0.9517748178521585,
    "eval_matthews_correlation": 0.6297680351784708,
    "eval_runtime": 131.2709,
    "eval_samples_per_second": 46.431,
    "eval_steps_per_second": 2.902,
    "epoch": 4.0
  }
}