{
  "experiment": "rbp",
  "model_type": "lamar",
  "variant": "lamar_tapt_512_std",
  "rbp_name": "QKI_K562_IDR",
  "weights_path": "/gpfs/bwfor/work/ws/fr_ml642-thesis_work/Thesis/LAMAR/src/pretrain/saving_model/tapt_512_standard_collator_1gpu/checkpoint-265000",
  "max_length": 512,
  "n_folds": 5,
  "hyperparameters": {
    "learning_rate": 5e-05,
    "per_device_train_batch_size": 16,
    "weight_decay": 0.01,
    "warmup_ratio": 0.1,
    "num_train_epochs": 10,
    "gradient_accumulation_steps": 1,
    "early_stopping_patience": 3
  },
  "cv_metrics": {
    "epoch_mean": 8.8,
    "epoch_std": 1.1661903789690602,
    "eval_accuracy_mean": 0.9305547870868891,
    "eval_accuracy_std": 0.009939653815972874,
    "eval_auc_mean": 0.9794767456512407,
    "eval_auc_std": 0.0029480187915166775,
    "eval_auprc_mean": 0.9817519063963314,
    "eval_auprc_std": 0.0034388045539379686,
    "eval_f1_mean": 0.9320640587698712,
    "eval_f1_std": 0.008886474097910005,
    "eval_loss_mean": 0.2868820756673813,
    "eval_loss_std": 0.07705812438977436,
    "eval_matthews_correlation_mean": 0.8623644478030877,
    "eval_matthews_correlation_std": 0.01899044077611974,
    "eval_precision_mean": 0.9144047977806284,
    "eval_precision_std": 0.022437711601854905,
    "eval_recall_mean": 0.9509999488517211,
    "eval_recall_std": 0.012401068716246093,
    "eval_runtime_mean": 4.68022,
    "eval_runtime_std": 0.017176891453345274,
    "eval_samples_per_second_mean": 146.4478,
    "eval_samples_per_second_std": 0.46377727413058706,
    "eval_steps_per_second_mean": 9.1878,
    "eval_steps_per_second_std": 0.033468791433214545
  },
  "cv_fold_metrics": [
    {
      "eval_loss": 0.18387016654014587,
      "eval_accuracy": 0.934402332361516,
      "eval_f1": 0.935251798561151,
      "eval_precision": 0.9232954545454546,
      "eval_recall": 0.9475218658892128,
      "eval_matthews_correlation": 0.8691039003181245,
      "eval_auc": 0.9824052903127098,
      "eval_auprc": 0.9845128549174087,
      "eval_runtime": 4.714,
      "eval_samples_per_second": 145.525,
      "eval_steps_per_second": 9.122,
      "epoch": 8.0
    },
    {
      "eval_loss": 0.4063689708709717,
      "eval_accuracy": 0.9154518950437318,
      "eval_f1": 0.9183098591549296,
      "eval_precision": 0.888283378746594,
      "eval_recall": 0.9504373177842566,
      "eval_matthews_correlation": 0.8329453084018091,
      "eval_auc": 0.9782488588938282,
      "eval_auprc": 0.9821368276240877,
      "eval_runtime": 4.6771,
      "eval_samples_per_second": 146.671,
      "eval_steps_per_second": 9.194,
      "epoch": 9.0
    },
    {
      "eval_loss": 0.3129151463508606,
      "eval_accuracy": 0.9386861313868613,
      "eval_f1": 0.9382352941176471,
      "eval_precision": 0.9465875370919882,
      "eval_recall": 0.9300291545189504,
      "eval_matthews_correlation": 0.8775097905352162,
      "eval_auc": 0.9754829249995737,
      "eval_auprc": 0.977420018996984,
      "eval_runtime": 4.6689,
      "eval_samples_per_second": 146.717,
      "eval_steps_per_second": 9.21,
      "epoch": 10.0
    },
    {
      "eval_loss": 0.3057529330253601,
      "eval_accuracy": 0.9416058394160584,
      "eval_f1": 0.9428571428571428,
      "eval_precision": 0.9243697478991597,
      "eval_recall": 0.9620991253644315,
      "eval_matthews_correlation": 0.8839433245101389,
      "eval_auc": 0.9833427105177912,
      "eval_auprc": 0.9863378662192223,
      "eval_runtime": 4.6727,
      "eval_samples_per_second": 146.596,
      "eval_steps_per_second": 9.202,
      "epoch": 10.0
    },
    {
      "eval_loss": 0.22550316154956818,
      "eval_accuracy": 0.9226277372262773,
      "eval_f1": 0.9256661991584852,
      "eval_precision": 0.889487870619946,
      "eval_recall": 0.9649122807017544,
      "eval_matthews_correlation": 0.8483199152501507,
      "eval_auc": 0.9779039435323001,
      "eval_auprc": 0.9783519642239537,
      "eval_runtime": 4.6684,
      "eval_samples_per_second": 146.73,
      "eval_steps_per_second": 9.211,
      "epoch": 7.0
    }
  ],
  "test_metrics": {
    "eval_loss": 0.31016844511032104,
    "eval_accuracy": 0.9322314049586777,
    "eval_f1": 0.9317803660565723,
    "eval_precision": 0.9364548494983278,
    "eval_recall": 0.9271523178807947,
    "eval_matthews_correlation": 0.8645027340990833,
    "eval_auc": 0.9708543702052326,
    "eval_auprc": 0.9735135081612203,
    "eval_runtime": 4.1187,
    "eval_samples_per_second": 146.89,
    "eval_steps_per_second": 9.226,
    "epoch": 9.0
  }
}