{
  "experiment": "cross_cell",
  "model_type": "lamar",
  "variant": "tapt_512",
  "pair_name": "NCBP2_train_K562_test_HepG2_fixlen_101",
  "pretrain_path": "/gpfs/bwfor/work/ws/fr_ml642-thesis_work/Thesis/LAMAR/src/pretrain/saving_model/tapt_lamar/checkpoint-98000/model.safetensors",
  "max_length": 1024,
  "n_folds": 5,
  "hyperparameters": {
    "learning_rate": 5e-05,
    "per_device_train_batch_size": 16,
    "weight_decay": 0.01,
    "warmup_ratio": 0.1,
    "num_train_epochs": 10,
    "gradient_accumulation_steps": 1,
    "early_stopping_patience": 3
  },
  "cv_metrics": {
    "epoch_mean": 7.2,
    "epoch_std": 2.315167380558045,
    "eval_accuracy_mean": 0.8464285714285713,
    "eval_accuracy_std": 0.029014422873699854,
    "eval_auc_mean": 0.9165581475602977,
    "eval_auc_std": 0.026589266804349684,
    "eval_auprc_mean": 0.8809978972542813,
    "eval_auprc_std": 0.03657763304019386,
    "eval_f1_mean": 0.7880184349648414,
    "eval_f1_std": 0.04483369542416766,
    "eval_loss_mean": 0.3950534164905548,
    "eval_loss_std": 0.034468971859014125,
    "eval_matthews_correlation_mean": 0.6713216512605896,
    "eval_matthews_correlation_std": 0.06758463786355404,
    "eval_precision_mean": 0.8157226393069449,
    "eval_precision_std": 0.06277666072063857,
    "eval_recall_mean": 0.7665057593191456,
    "eval_recall_std": 0.0641672504764206,
    "eval_runtime_mean": 2.41454,
    "eval_runtime_std": 0.0031308784709726187,
    "eval_samples_per_second_mean": 51.0242,
    "eval_samples_per_second_std": 0.14029312171307562,
    "eval_steps_per_second_mean": 3.3132000000000006,
    "eval_steps_per_second_std": 0.0039191835884531566
  },
  "cv_fold_metrics": [
    {
      "eval_loss": 0.4111737906932831,
      "eval_accuracy": 0.8125,
      "eval_f1": 0.746987951807229,
      "eval_precision": 0.7560975609756098,
      "eval_recall": 0.7380952380952381,
      "eval_auc": 0.8996598639455783,
      "eval_auprc": 0.8857624660690211,
      "eval_matthews_correlation": 0.5981956915785233,
      "eval_runtime": 2.418,
      "eval_samples_per_second": 51.282,
      "eval_steps_per_second": 3.309,
      "epoch": 6.0
    },
    {
      "eval_loss": 0.370207816362381,
      "eval_accuracy": 0.8839285714285714,
      "eval_f1": 0.8433734939759037,
      "eval_precision": 0.8974358974358975,
      "eval_recall": 0.7954545454545454,
      "eval_auc": 0.919451871657754,
      "eval_auprc": 0.8528092608781891,
      "eval_matthews_correlation": 0.7551566688016783,
      "eval_runtime": 2.4115,
      "eval_samples_per_second": 51.005,
      "eval_steps_per_second": 3.317,
      "epoch": 10.0
    },
    {
      "eval_loss": 0.4525991976261139,
      "eval_accuracy": 0.8125,
      "eval_f1": 0.7272727272727273,
      "eval_precision": 0.7567567567567568,
      "eval_recall": 0.7,
      "eval_auc": 0.8774305555555555,
      "eval_auprc": 0.8272654159368378,
      "eval_matthews_correlation": 0.5857773767696522,
      "eval_runtime": 2.4186,
      "eval_samples_per_second": 50.855,
      "eval_steps_per_second": 3.308,
      "epoch": 10.0
    },
    {
      "eval_loss": 0.38737842440605164,
      "eval_accuracy": 0.8571428571428571,
      "eval_f1": 0.7948717948717948,
      "eval_precision": 0.8857142857142857,
      "eval_recall": 0.7209302325581395,
      "eval_auc": 0.930906639703404,
      "eval_auprc": 0.9175061727312432,
      "eval_matthews_correlation": 0.6956106170753743,
      "eval_runtime": 2.4131,
      "eval_samples_per_second": 50.973,
      "eval_steps_per_second": 3.315,
      "epoch": 5.0
    },
    {
      "eval_loss": 0.35390785336494446,
      "eval_accuracy": 0.8660714285714286,
      "eval_f1": 0.8275862068965518,
      "eval_precision": 0.782608695652174,
      "eval_recall": 0.8780487804878049,
      "eval_auc": 0.9553418069391961,
      "eval_auprc": 0.9216461706561161,
      "eval_matthews_correlation": 0.7218679020777199,
      "eval_runtime": 2.4115,
      "eval_samples_per_second": 51.006,
      "eval_steps_per_second": 3.317,
      "epoch": 5.0
    }
  ],
  "test_metrics": {
    "eval_loss": 0.2691095769405365,
    "eval_accuracy": 0.9089076246334311,
    "eval_f1": 0.9055671670150104,
    "eval_precision": 0.9130268199233716,
    "eval_recall": 0.8982284206558613,
    "eval_auc": 0.9576145395885272,
    "eval_auprc": 0.9555025818462262,
    "eval_matthews_correlation": 0.8177001667123809,
    "eval_runtime": 117.5462,
    "eval_samples_per_second": 46.509,
    "eval_steps_per_second": 2.909,
    "epoch": 7.0
  }
}