{
  "experiment": "cross_cell",
  "model_type": "lamar",
  "variant": "pretrained_custom",
  "pair_name": "HLTF_train_K562_test_HepG2_fixlen_101",
  "pretrain_path": "/gpfs/bwfor/work/ws/fr_ml642-thesis_work/Thesis/LAMAR/src/pretrain/saving_model/tapt_512_standard_collator_1gpu/checkpoint-265000/model.safetensors",
  "max_length": 512,
  "n_folds": 5,
  "hyperparameters": {
    "learning_rate": 5e-05,
    "per_device_train_batch_size": 16,
    "weight_decay": 0.01,
    "warmup_ratio": 0.1,
    "num_train_epochs": 10,
    "gradient_accumulation_steps": 1,
    "early_stopping_patience": 3
  },
  "cv_metrics": {
    "epoch_mean": 8.6,
    "epoch_std": 1.3564659966250536,
    "eval_accuracy_mean": 0.775,
    "eval_accuracy_std": 0.007905694150420955,
    "eval_auc_mean": 0.8770242190145465,
    "eval_auc_std": 0.02894312614588329,
    "eval_auprc_mean": 0.8802465137659446,
    "eval_auprc_std": 0.021042695025039172,
    "eval_f1_mean": 0.7659294532627865,
    "eval_f1_std": 0.01818398140015974,
    "eval_loss_mean": 0.4690412819385529,
    "eval_loss_std": 0.053518890302520675,
    "eval_matthews_correlation_mean": 0.5552228005225179,
    "eval_matthews_correlation_std": 0.019719050719963514,
    "eval_precision_mean": 0.7675905963081415,
    "eval_precision_std": 0.03946973256868551,
    "eval_recall_mean": 0.7720283036072509,
    "eval_recall_std": 0.07082537444954977,
    "eval_runtime_mean": 0.6273200000000001,
    "eval_runtime_std": 0.0025817823300967797,
    "eval_samples_per_second_mean": 133.2732,
    "eval_samples_per_second_std": 0.9641094128780225,
    "eval_steps_per_second_mean": 9.565000000000001,
    "eval_steps_per_second_std": 0.03922244255525186
  },
  "cv_fold_metrics": [
    {
      "eval_loss": 0.41967105865478516,
      "eval_accuracy": 0.775,
      "eval_f1": 0.775,
      "eval_precision": 0.7380952380952381,
      "eval_recall": 0.8157894736842105,
      "eval_auc": 0.8978696741854637,
      "eval_auprc": 0.903414956084045,
      "eval_matthews_correlation": 0.5538847117794486,
      "eval_runtime": 0.6241,
      "eval_samples_per_second": 134.601,
      "eval_steps_per_second": 9.614,
      "epoch": 7.0
    },
    {
      "eval_loss": 0.411925733089447,
      "eval_accuracy": 0.7625,
      "eval_f1": 0.7466666666666666,
      "eval_precision": 0.7777777777777778,
      "eval_recall": 0.717948717948718,
      "eval_auc": 0.9093183239524703,
      "eval_auprc": 0.9059504817511672,
      "eval_matthews_correlation": 0.5252964392674682,
      "eval_runtime": 0.628,
      "eval_samples_per_second": 133.762,
      "eval_steps_per_second": 9.554,
      "epoch": 7.0
    },
    {
      "eval_loss": 0.5399578213691711,
      "eval_accuracy": 0.775,
      "eval_f1": 0.7749999999999999,
      "eval_precision": 0.7560975609756098,
      "eval_recall": 0.7948717948717948,
      "eval_auc": 0.82989368355222,
      "eval_auprc": 0.8601584767875468,
      "eval_matthews_correlation": 0.5509693558474046,
      "eval_runtime": 0.6297,
      "eval_samples_per_second": 133.403,
      "eval_steps_per_second": 9.529,
      "epoch": 9.0
    },
    {
      "eval_loss": 0.4483550488948822,
      "eval_accuracy": 0.7875,
      "eval_f1": 0.7901234567901235,
      "eval_precision": 0.7272727272727273,
      "eval_recall": 0.8648648648648649,
      "eval_auc": 0.8893777498428661,
      "eval_auprc": 0.8758219014436048,
      "eval_matthews_correlation": 0.587088041036591,
      "eval_runtime": 0.6303,
      "eval_samples_per_second": 131.694,
      "eval_steps_per_second": 9.52,
      "epoch": 10.0
    },
    {
      "eval_loss": 0.5252967476844788,
      "eval_accuracy": 0.775,
      "eval_f1": 0.7428571428571428,
      "eval_precision": 0.8387096774193549,
      "eval_recall": 0.6666666666666666,
      "eval_auc": 0.8586616635397124,
      "eval_auprc": 0.8558867527633595,
      "eval_matthews_correlation": 0.5588754546816773,
      "eval_runtime": 0.6245,
      "eval_samples_per_second": 132.906,
      "eval_steps_per_second": 9.608,
      "epoch": 10.0
    }
  ],
  "test_metrics": {
    "eval_loss": 0.7295001149177551,
    "eval_accuracy": 0.6483415233415234,
    "eval_f1": 0.5916547788873039,
    "eval_precision": 0.7017766497461929,
    "eval_recall": 0.5114056720098644,
    "eval_auc": 0.7283520409395294,
    "eval_auprc": 0.6878603629017204,
    "eval_matthews_correlation": 0.30743723404219303,
    "eval_runtime": 50.6534,
    "eval_samples_per_second": 128.757,
    "eval_steps_per_second": 8.055,
    "epoch": 8.0
  }
}