{
  "experiment": "cross_length",
  "model_type": "lamar",
  "variant": "tapt_1024",
  "pair_name": "EIF4G2_K562_ENCSR307YIW",
  "pretrain_path": "/gpfs/bwfor/work/ws/fr_ml642-thesis_work/Thesis/LAMAR/src/pretrain/saving_model/tapt_1024_standard_collator/checkpoint-134000/model.safetensors",
  "max_length": 1024,
  "n_folds": 5,
  "hyperparameters": {
    "learning_rate": 5e-05,
    "per_device_train_batch_size": 16,
    "weight_decay": 0.01,
    "warmup_ratio": 0.1,
    "num_train_epochs": 10,
    "gradient_accumulation_steps": 1,
    "early_stopping_patience": 3
  },
  "cv_metrics": {
    "epoch_mean": 8.4,
    "epoch_std": 2.0591260281974,
    "eval_accuracy_mean": 0.9,
    "eval_accuracy_std": 0.010497138147945477,
    "eval_auc_mean": 0.9678009671732554,
    "eval_auc_std": 0.004122175055781732,
    "eval_auprc_mean": 0.9511999940114837,
    "eval_auprc_std": 0.005179974270748594,
    "eval_f1_mean": 0.8670732132842065,
    "eval_f1_std": 0.02102411603984748,
    "eval_loss_mean": 0.3483938157558441,
    "eval_loss_std": 0.06020583966237968,
    "eval_matthews_correlation_mean": 0.7896058174230414,
    "eval_matthews_correlation_std": 0.022564447751926,
    "eval_precision_mean": 0.8768532533936015,
    "eval_precision_std": 0.028180275654170823,
    "eval_recall_mean": 0.8620362143448024,
    "eval_recall_std": 0.06065051551829629,
    "eval_runtime_mean": 11.567240000000002,
    "eval_runtime_std": 0.0013705473359204,
    "eval_samples_per_second_mean": 59.1672,
    "eval_samples_per_second_std": 0.04035046468133917,
    "eval_steps_per_second_mean": 3.7176,
    "eval_steps_per_second_std": 0.0004898979485565817
  },
  "cv_fold_metrics": [
    {
      "eval_loss": 0.33071431517601013,
      "eval_accuracy": 0.8809523809523809,
      "eval_f1": 0.8268398268398269,
      "eval_precision": 0.9317073170731708,
      "eval_recall": 0.7431906614785992,
      "eval_auc": 0.9597487225165253,
      "eval_auprc": 0.9421839744820725,
      "eval_matthews_correlation": 0.7488253442569485,
      "eval_runtime": 11.5697,
      "eval_samples_per_second": 59.207,
      "eval_steps_per_second": 3.717,
      "epoch": 5.0
    },
    {
      "eval_loss": 0.3727295398712158,
      "eval_accuracy": 0.9002976190476191,
      "eval_f1": 0.8718929254302102,
      "eval_precision": 0.8571428571428571,
      "eval_recall": 0.8871595330739299,
      "eval_auc": 0.9681262013032675,
      "eval_auprc": 0.9500951578436633,
      "eval_matthews_correlation": 0.790638347347553,
      "eval_runtime": 11.5661,
      "eval_samples_per_second": 59.225,
      "eval_steps_per_second": 3.718,
      "epoch": 10.0
    },
    {
      "eval_loss": 0.33074429631233215,
      "eval_accuracy": 0.9002976190476191,
      "eval_f1": 0.8699029126213592,
      "eval_precision": 0.8682170542635659,
      "eval_recall": 0.8715953307392996,
      "eval_auc": 0.9705592799212414,
      "eval_auprc": 0.9518655272603423,
      "eval_matthews_correlation": 0.7890870511970624,
      "eval_runtime": 11.5667,
      "eval_samples_per_second": 59.135,
      "eval_steps_per_second": 3.718,
      "epoch": 10.0
    },
    {
      "eval_loss": 0.44567006826400757,
      "eval_accuracy": 0.90625,
      "eval_f1": 0.8795411089866156,
      "eval_precision": 0.8550185873605948,
      "eval_recall": 0.905511811023622,
      "eval_auc": 0.9701051124590288,
      "eval_auprc": 0.9541239229510792,
      "eval_matthews_correlation": 0.8037942020987862,
      "eval_runtime": 11.566,
      "eval_samples_per_second": 59.139,
      "eval_steps_per_second": 3.718,
      "epoch": 10.0
    },
    {
      "eval_loss": 0.2621108591556549,
      "eval_accuracy": 0.9122023809523809,
      "eval_f1": 0.8871892925430209,
      "eval_precision": 0.8721804511278195,
      "eval_recall": 0.9027237354085603,
      "eval_auc": 0.9704655196662135,
      "eval_auprc": 0.957731387520261,
      "eval_matthews_correlation": 0.8156841422148571,
      "eval_runtime": 11.5677,
      "eval_samples_per_second": 59.13,
      "eval_steps_per_second": 3.717,
      "epoch": 7.0
    }
  ],
  "test_metrics": {
    "eval_loss": 0.3683899939060211,
    "eval_accuracy": 0.8835910652920962,
    "eval_f1": 0.868701550387597,
    "eval_precision": 0.9426919032597266,
    "eval_recall": 0.8054806828391734,
    "eval_auc": 0.9599564074406842,
    "eval_auprc": 0.9578944829561006,
    "eval_matthews_correlation": 0.7729455938080384,
    "eval_runtime": 80.0609,
    "eval_samples_per_second": 58.243,
    "eval_steps_per_second": 3.647,
    "epoch": 10.0
  }
}