{
  "experiment": "cross_cell",
  "model_type": "lamar",
  "variant": "tapt_1024",
  "pair_name": "SRSF7_train_K562_test_HepG2_fixlen_101",
  "pretrain_path": "/gpfs/bwfor/work/ws/fr_ml642-thesis_work/Thesis/LAMAR/src/pretrain/saving_model/tapt_1024_standard_collator/checkpoint-134000/model.safetensors",
  "max_length": 1024,
  "n_folds": 5,
  "hyperparameters": {
    "learning_rate": 5e-05,
    "per_device_train_batch_size": 16,
    "weight_decay": 0.01,
    "warmup_ratio": 0.1,
    "num_train_epochs": 10,
    "gradient_accumulation_steps": 1,
    "early_stopping_patience": 3
  },
  "cv_metrics": {
    "epoch_mean": 9.2,
    "epoch_std": 0.9797958971132713,
    "eval_accuracy_mean": 0.798611111111111,
    "eval_accuracy_std": 0.03257233166544048,
    "eval_auc_mean": 0.8943456248439233,
    "eval_auc_std": 0.04185548909795399,
    "eval_auprc_mean": 0.880961437243738,
    "eval_auprc_std": 0.05992993696197786,
    "eval_f1_mean": 0.8061593075305039,
    "eval_f1_std": 0.026999560352634577,
    "eval_loss_mean": 0.537480229139328,
    "eval_loss_std": 0.15463959492642196,
    "eval_matthews_correlation_mean": 0.6117172824215407,
    "eval_matthews_correlation_std": 0.06545745651907318,
    "eval_precision_mean": 0.7563322258282271,
    "eval_precision_std": 0.055985926595486936,
    "eval_recall_mean": 0.8703282782800812,
    "eval_recall_std": 0.061756646609268086,
    "eval_runtime_mean": 3.11738,
    "eval_runtime_std": 0.0012781236246935624,
    "eval_samples_per_second_mean": 50.6834,
    "eval_samples_per_second_std": 0.020732583051805514,
    "eval_steps_per_second_mean": 3.2078,
    "eval_steps_per_second_std": 0.0013266499161421878
  },
  "cv_fold_metrics": [
    {
      "eval_loss": 0.7602787017822266,
      "eval_accuracy": 0.75,
      "eval_f1": 0.7692307692307693,
      "eval_precision": 0.6896551724137931,
      "eval_recall": 0.8695652173913043,
      "eval_auc": 0.8251207729468599,
      "eval_auprc": 0.7718730442878277,
      "eval_matthews_correlation": 0.5205445436772743,
      "eval_runtime": 3.1172,
      "eval_samples_per_second": 50.687,
      "eval_steps_per_second": 3.208,
      "epoch": 10.0
    },
    {
      "eval_loss": 0.5704617500305176,
      "eval_accuracy": 0.7986111111111112,
      "eval_f1": 0.8079470198675497,
      "eval_precision": 0.7349397590361446,
      "eval_recall": 0.8970588235294118,
      "eval_auc": 0.8908668730650154,
      "eval_auprc": 0.8653897393376734,
      "eval_matthews_correlation": 0.6138530695900216,
      "eval_runtime": 3.117,
      "eval_samples_per_second": 50.69,
      "eval_steps_per_second": 3.208,
      "epoch": 10.0
    },
    {
      "eval_loss": 0.6250160336494446,
      "eval_accuracy": 0.7777777777777778,
      "eval_f1": 0.7837837837837838,
      "eval_precision": 0.7532467532467533,
      "eval_recall": 0.8169014084507042,
      "eval_auc": 0.8803781593671618,
      "eval_auprc": 0.9022014086907642,
      "eval_matthews_correlation": 0.5579206668709145,
      "eval_runtime": 3.1193,
      "eval_samples_per_second": 50.652,
      "eval_steps_per_second": 3.206,
      "epoch": 10.0
    },
    {
      "eval_loss": 0.39932379126548767,
      "eval_accuracy": 0.8263888888888888,
      "eval_f1": 0.8427672955974843,
      "eval_precision": 0.7444444444444445,
      "eval_recall": 0.9710144927536232,
      "eval_auc": 0.9391304347826088,
      "eval_auprc": 0.9298224154342433,
      "eval_matthews_correlation": 0.685539621954064,
      "eval_runtime": 3.118,
      "eval_samples_per_second": 50.673,
      "eval_steps_per_second": 3.207,
      "epoch": 8.0
    },
    {
      "eval_loss": 0.3323208689689636,
      "eval_accuracy": 0.8402777777777778,
      "eval_f1": 0.8270676691729324,
      "eval_precision": 0.859375,
      "eval_recall": 0.7971014492753623,
      "eval_auc": 0.9362318840579711,
      "eval_auprc": 0.9355205784681822,
      "eval_matthews_correlation": 0.680728510015429,
      "eval_runtime": 3.1154,
      "eval_samples_per_second": 50.715,
      "eval_steps_per_second": 3.21,
      "epoch": 8.0
    }
  ],
  "test_metrics": {
    "eval_loss": 0.39498472213745117,
    "eval_accuracy": 0.8201219512195121,
    "eval_f1": 0.8071895424836601,
    "eval_precision": 0.8178807947019867,
    "eval_recall": 0.7967741935483871,
    "eval_auc": 0.9129125489464851,
    "eval_auprc": 0.9145841182503305,
    "eval_matthews_correlation": 0.6388638116017983,
    "eval_runtime": 14.1908,
    "eval_samples_per_second": 46.509,
    "eval_steps_per_second": 2.96,
    "epoch": 9.0
  }
}