{
  "experiment": "cross_cell",
  "model_type": "lamar",
  "variant": "tapt_512",
  "pair_name": "TBRG4_train_K562_test_HepG2_fixlen_101",
  "pretrain_path": "/gpfs/bwfor/work/ws/fr_ml642-thesis_work/Thesis/LAMAR/src/pretrain/saving_model/tapt_lamar/checkpoint-98000/model.safetensors",
  "max_length": 1024,
  "n_folds": 5,
  "hyperparameters": {
    "learning_rate": 5e-05,
    "per_device_train_batch_size": 16,
    "weight_decay": 0.01,
    "warmup_ratio": 0.1,
    "num_train_epochs": 10,
    "gradient_accumulation_steps": 1,
    "early_stopping_patience": 3
  },
  "cv_metrics": {
    "epoch_mean": 6.0,
    "epoch_std": 1.4142135623730951,
    "eval_accuracy_mean": 0.7604166666666666,
    "eval_accuracy_std": 0.025515518153991456,
    "eval_auc_mean": 0.8586357447542692,
    "eval_auc_std": 0.03587679964379322,
    "eval_auprc_mean": 0.8692520268986964,
    "eval_auprc_std": 0.04417274908620904,
    "eval_f1_mean": 0.7378732908201379,
    "eval_f1_std": 0.02791661709158352,
    "eval_loss_mean": 0.5150559782981873,
    "eval_loss_std": 0.07783366969901037,
    "eval_matthews_correlation_mean": 0.5349058232156509,
    "eval_matthews_correlation_std": 0.060542454729597954,
    "eval_precision_mean": 0.8050212204624512,
    "eval_precision_std": 0.08640011982967138,
    "eval_recall_mean": 0.6970783225408572,
    "eval_recall_std": 0.09334865418692423,
    "eval_runtime_mean": 2.05516,
    "eval_runtime_std": 0.0011499565209172951,
    "eval_samples_per_second_mean": 51.0908,
    "eval_samples_per_second_std": 0.028694250295137357,
    "eval_steps_per_second_mean": 3.406,
    "eval_steps_per_second_std": 0.0022803508501982196
  },
  "cv_fold_metrics": [
    {
      "eval_loss": 0.43142008781433105,
      "eval_accuracy": 0.8020833333333334,
      "eval_f1": 0.7654320987654322,
      "eval_precision": 0.9117647058823529,
      "eval_recall": 0.6595744680851063,
      "eval_auc": 0.8979591836734694,
      "eval_auprc": 0.9142780527008231,
      "eval_matthews_correlation": 0.6254130589830512,
      "eval_runtime": 2.0536,
      "eval_samples_per_second": 51.129,
      "eval_steps_per_second": 3.409,
      "epoch": 6.0
    },
    {
      "eval_loss": 0.46698197722435,
      "eval_accuracy": 0.7708333333333334,
      "eval_f1": 0.7179487179487178,
      "eval_precision": 0.9032258064516129,
      "eval_recall": 0.5957446808510638,
      "eval_auc": 0.8710377768128528,
      "eval_auprc": 0.8856308218851887,
      "eval_matthews_correlation": 0.5714438442150354,
      "eval_runtime": 2.0561,
      "eval_samples_per_second": 51.067,
      "eval_steps_per_second": 3.404,
      "epoch": 7.0
    },
    {
      "eval_loss": 0.5758720636367798,
      "eval_accuracy": 0.7395833333333334,
      "eval_f1": 0.7058823529411764,
      "eval_precision": 0.7692307692307693,
      "eval_recall": 0.6521739130434783,
      "eval_auc": 0.7956521739130434,
      "eval_auprc": 0.7845255867590766,
      "eval_matthews_correlation": 0.4802818511817272,
      "eval_runtime": 2.0567,
      "eval_samples_per_second": 51.052,
      "eval_steps_per_second": 3.403,
      "epoch": 5.0
    },
    {
      "eval_loss": 0.6364469528198242,
      "eval_accuracy": 0.7604166666666666,
      "eval_f1": 0.7766990291262136,
      "eval_precision": 0.7017543859649122,
      "eval_recall": 0.8695652173913043,
      "eval_auc": 0.8830434782608696,
      "eval_auprc": 0.8831525085494549,
      "eval_matthews_correlation": 0.5386586507728763,
      "eval_runtime": 2.0552,
      "eval_samples_per_second": 51.091,
      "eval_steps_per_second": 3.406,
      "epoch": 4.0
    },
    {
      "eval_loss": 0.46455880999565125,
      "eval_accuracy": 0.7291666666666666,
      "eval_f1": 0.723404255319149,
      "eval_precision": 0.7391304347826086,
      "eval_recall": 0.7083333333333334,
      "eval_auc": 0.845486111111111,
      "eval_auprc": 0.8786731645989387,
      "eval_matthews_correlation": 0.4587317109255645,
      "eval_runtime": 2.0542,
      "eval_samples_per_second": 51.115,
      "eval_steps_per_second": 3.408,
      "epoch": 8.0
    }
  ],
  "test_metrics": {
    "eval_loss": 0.5476232767105103,
    "eval_accuracy": 0.71875,
    "eval_f1": 0.47058823529411764,
    "eval_precision": 0.6153846153846154,
    "eval_recall": 0.38095238095238093,
    "eval_auc": 0.8294573643410852,
    "eval_auprc": 0.6431494461273544,
    "eval_matthews_correlation": 0.3088853149921481,
    "eval_runtime": 1.374,
    "eval_samples_per_second": 50.22,
    "eval_steps_per_second": 3.639,
    "epoch": 10.0
  }
}