{
  "experiment": "cross_length",
  "model_type": "dnabert2",
  "variant": "pretrained_custom",
  "pair_name": "HNRNPU_K562_ENCSR520BZQ",
  "max_length": 256,
  "n_folds": 5,
  "hyperparameters": {
    "learning_rate": 5e-05,
    "per_device_train_batch_size": 16,
    "weight_decay": 0.01,
    "warmup_ratio": 0.1,
    "num_train_epochs": 10,
    "gradient_accumulation_steps": 1,
    "early_stopping_patience": 3
  },
  "cv_metrics": {
    "epoch_mean": 5.2,
    "epoch_std": 0.39999999999999997,
    "eval_accuracy_mean": 0.6672514619883041,
    "eval_accuracy_std": 0.07652555697289164,
    "eval_auc_mean": 0.6957792207792208,
    "eval_auc_std": 0.1383421708986304,
    "eval_auprc_mean": 0.6978561092269076,
    "eval_auprc_std": 0.11417210710349635,
    "eval_f1_mean": 0.554560648968445,
    "eval_f1_std": 0.16318405641504505,
    "eval_loss_mean": 0.6572079300880432,
    "eval_loss_std": 0.012279051180061038,
    "eval_matthews_correlation_mean": 0.23840374928216984,
    "eval_matthews_correlation_std": 0.2197768128497623,
    "eval_precision_mean": 0.5515241629715314,
    "eval_precision_std": 0.2121413958467025,
    "eval_recall_mean": 0.6082792207792208,
    "eval_recall_std": 0.10443448171698864,
    "eval_runtime_mean": 0.034839999999999996,
    "eval_runtime_std": 0.002840844944730353,
    "eval_samples_per_second_mean": 536.8742,
    "eval_samples_per_second_std": 37.066709643020644,
    "eval_steps_per_second_mean": 57.7736,
    "eval_steps_per_second_std": 4.259336877965865
  },
  "cv_fold_metrics": [
    {
      "eval_loss": 0.648374080657959,
      "eval_accuracy": 0.5789473684210527,
      "eval_f1": 0.3666666666666667,
      "eval_matthews_correlation": 0.0,
      "eval_precision": 0.2894736842105263,
      "eval_recall": 0.5,
      "eval_auc": 0.7954545454545454,
      "eval_auprc": 0.7200101981351982,
      "eval_runtime": 0.0326,
      "eval_samples_per_second": 583.357,
      "eval_steps_per_second": 61.406,
      "epoch": 5.0
    },
    {
      "eval_loss": 0.6692540645599365,
      "eval_accuracy": 0.631578947368421,
      "eval_f1": 0.5521885521885521,
      "eval_matthews_correlation": 0.21541010921383227,
      "eval_precision": 0.6458333333333333,
      "eval_recall": 0.5795454545454546,
      "eval_auc": 0.6022727272727273,
      "eval_auprc": 0.632125350140056,
      "eval_runtime": 0.0404,
      "eval_samples_per_second": 470.361,
      "eval_steps_per_second": 49.512,
      "epoch": 5.0
    },
    {
      "eval_loss": 0.6412521004676819,
      "eval_accuracy": 0.7368421052631579,
      "eval_f1": 0.7246376811594202,
      "eval_matthews_correlation": 0.45361105256925455,
      "eval_precision": 0.7321428571428572,
      "eval_recall": 0.7215909090909092,
      "eval_auc": 0.7954545454545454,
      "eval_auprc": 0.8298076923076922,
      "eval_runtime": 0.0344,
      "eval_samples_per_second": 552.904,
      "eval_steps_per_second": 58.2,
      "epoch": 6.0
    },
    {
      "eval_loss": 0.6734524369239807,
      "eval_accuracy": 0.6111111111111112,
      "eval_f1": 0.37931034482758624,
      "eval_matthews_correlation": 0.0,
      "eval_precision": 0.3055555555555556,
      "eval_recall": 0.5,
      "eval_auc": 0.46753246753246747,
      "eval_auprc": 0.5139390371533228,
      "eval_runtime": 0.0332,
      "eval_samples_per_second": 542.044,
      "eval_steps_per_second": 60.227,
      "epoch": 5.0
    },
    {
      "eval_loss": 0.653706967830658,
      "eval_accuracy": 0.7777777777777778,
      "eval_f1": 0.75,
      "eval_matthews_correlation": 0.5229975846277625,
      "eval_precision": 0.7846153846153847,
      "eval_recall": 0.7402597402597402,
      "eval_auc": 0.8181818181818181,
      "eval_auprc": 0.7933982683982683,
      "eval_runtime": 0.0336,
      "eval_samples_per_second": 535.705,
      "eval_steps_per_second": 59.523,
      "epoch": 5.0
    }
  ],
  "test_metrics": {
    "eval_loss": 0.5922873616218567,
    "eval_accuracy": 0.7552447552447552,
    "eval_f1": 0.7498500599760096,
    "eval_matthews_correlation": 0.5276915239890468,
    "eval_precision": 0.7747891134808212,
    "eval_recall": 0.7533382245047688,
    "eval_auc": 0.8110540474443629,
    "eval_auprc": 0.8250543002674633,
    "eval_runtime": 0.3628,
    "eval_samples_per_second": 788.367,
    "eval_steps_per_second": 49.617,
    "epoch": 7.0
  }
}