{
  "experiment": "cross_length",
  "model_type": "dnabert2",
  "variant": "pretrained_custom",
  "pair_name": "FASTKD2_K562_ENCSR887FHF",
  "max_length": 256,
  "n_folds": 5,
  "hyperparameters": {
    "learning_rate": 5e-05,
    "per_device_train_batch_size": 16,
    "weight_decay": 0.01,
    "warmup_ratio": 0.1,
    "num_train_epochs": 10,
    "gradient_accumulation_steps": 1,
    "early_stopping_patience": 3
  },
  "cv_metrics": {
    "epoch_mean": 8.2,
    "epoch_std": 1.1661903789690602,
    "eval_accuracy_mean": 0.9160798122065728,
    "eval_accuracy_std": 0.028310752344790004,
    "eval_auc_mean": 0.9541943653054764,
    "eval_auc_std": 0.037215803292160905,
    "eval_auprc_mean": 0.9475211646493904,
    "eval_auprc_std": 0.03649739932390385,
    "eval_f1_mean": 0.9086627677045946,
    "eval_f1_std": 0.03145920784669768,
    "eval_loss_mean": 0.3216229319572449,
    "eval_loss_std": 0.08380241272268524,
    "eval_matthews_correlation_mean": 0.8204407343884024,
    "eval_matthews_correlation_std": 0.06284486331311023,
    "eval_precision_mean": 0.9170933491973866,
    "eval_precision_std": 0.032604612651456276,
    "eval_recall_mean": 0.9036182336182336,
    "eval_recall_std": 0.03229236334717569,
    "eval_runtime_mean": 0.07809999999999999,
    "eval_runtime_std": 0.003037762334350729,
    "eval_samples_per_second_mean": 918.2329999999998,
    "eval_samples_per_second_std": 31.875624536626738,
    "eval_steps_per_second_mean": 64.1328,
    "eval_steps_per_second_std": 2.4617063512937545
  },
  "cv_fold_metrics": [
    {
      "eval_loss": 0.19404765963554382,
      "eval_accuracy": 0.9583333333333334,
      "eval_f1": 0.9544592030360531,
      "eval_matthews_correlation": 0.9128709291752768,
      "eval_precision": 0.96875,
      "eval_recall": 0.9444444444444444,
      "eval_auc": 0.9934156378600822,
      "eval_auprc": 0.9910029855563625,
      "eval_runtime": 0.0819,
      "eval_samples_per_second": 879.235,
      "eval_steps_per_second": 61.058,
      "epoch": 10.0
    },
    {
      "eval_loss": 0.30977317690849304,
      "eval_accuracy": 0.9305555555555556,
      "eval_f1": 0.9264555669050052,
      "eval_matthews_correlation": 0.8533103351879245,
      "eval_precision": 0.9237012987012987,
      "eval_recall": 0.9296296296296296,
      "eval_auc": 0.9818930041152264,
      "eval_auprc": 0.9749197140904065,
      "eval_runtime": 0.0817,
      "eval_samples_per_second": 881.478,
      "eval_steps_per_second": 61.214,
      "epoch": 9.0
    },
    {
      "eval_loss": 0.3218873143196106,
      "eval_accuracy": 0.9027777777777778,
      "eval_f1": 0.8970377936670071,
      "eval_matthews_correlation": 0.7944613465542746,
      "eval_precision": 0.8944805194805194,
      "eval_recall": 0.8999999999999999,
      "eval_auc": 0.9572016460905348,
      "eval_auprc": 0.9456964163803727,
      "eval_runtime": 0.0753,
      "eval_samples_per_second": 956.375,
      "eval_steps_per_second": 66.415,
      "epoch": 7.0
    },
    {
      "eval_loss": 0.4583428204059601,
      "eval_accuracy": 0.8732394366197183,
      "eval_f1": 0.859776168531929,
      "eval_matthews_correlation": 0.7232598383409435,
      "eval_precision": 0.8722826086956521,
      "eval_recall": 0.8512820512820514,
      "eval_auc": 0.8863247863247864,
      "eval_auprc": 0.8844339212837663,
      "eval_runtime": 0.0762,
      "eval_samples_per_second": 932.222,
      "eval_steps_per_second": 65.649,
      "epoch": 7.0
    },
    {
      "eval_loss": 0.3240636885166168,
      "eval_accuracy": 0.9154929577464789,
      "eval_f1": 0.9055851063829787,
      "eval_matthews_correlation": 0.8183012226835926,
      "eval_precision": 0.926252319109462,
      "eval_recall": 0.8927350427350427,
      "eval_auc": 0.9521367521367521,
      "eval_auprc": 0.9415527859360441,
      "eval_runtime": 0.0754,
      "eval_samples_per_second": 941.855,
      "eval_steps_per_second": 66.328,
      "epoch": 8.0
    }
  ],
  "test_metrics": {
    "eval_loss": 0.35307058691978455,
    "eval_accuracy": 0.9108910891089109,
    "eval_f1": 0.9101548553412687,
    "eval_matthews_correlation": 0.8265496490461806,
    "eval_precision": 0.9176881658838355,
    "eval_recall": 0.9089081150364495,
    "eval_auc": 0.9446046623407834,
    "eval_auprc": 0.9599824294794463,
    "eval_runtime": 0.7885,
    "eval_samples_per_second": 896.585,
    "eval_steps_per_second": 57.067,
    "epoch": 10.0
  }
}