{
  "experiment": "cross_length",
  "model_type": "lamar",
  "variant": "tapt_512",
  "pair_name": "HLTF_HepG2_ENCSR647HOX",
  "pretrain_path": "/gpfs/bwfor/work/ws/fr_ml642-thesis_work/Thesis/LAMAR/src/pretrain/saving_model/tapt_lamar/checkpoint-98000/model.safetensors",
  "max_length": 1024,
  "n_folds": 5,
  "hyperparameters": {
    "learning_rate": 5e-05,
    "per_device_train_batch_size": 16,
    "weight_decay": 0.01,
    "warmup_ratio": 0.1,
    "num_train_epochs": 10,
    "gradient_accumulation_steps": 1,
    "early_stopping_patience": 3
  },
  "cv_metrics": {
    "epoch_mean": 7.6,
    "epoch_std": 2.244994432064365,
    "eval_accuracy_mean": 0.6892857142857143,
    "eval_accuracy_std": 0.019723858959262965,
    "eval_auc_mean": 0.7609997646803762,
    "eval_auc_std": 0.012827423287395884,
    "eval_auprc_mean": 0.5411144315923275,
    "eval_auprc_std": 0.01743540997639807,
    "eval_f1_mean": 0.3328155596090818,
    "eval_f1_std": 0.22397730888307535,
    "eval_loss_mean": 0.5606725931167602,
    "eval_loss_std": 0.023186988822692853,
    "eval_matthews_correlation_mean": 0.21370437052075997,
    "eval_matthews_correlation_std": 0.1402312077873241,
    "eval_precision_mean": 0.43161831533271344,
    "eval_precision_std": 0.2183984369254794,
    "eval_recall_mean": 0.3445477045910611,
    "eval_recall_std": 0.31104239969644615,
    "eval_runtime_mean": 3.81534,
    "eval_runtime_std": 0.0009931767214349109,
    "eval_samples_per_second_mean": 150.393,
    "eval_samples_per_second_std": 0.1097232883211264,
    "eval_steps_per_second_mean": 9.4354,
    "eval_steps_per_second_std": 0.0025768197453453065
  },
  "cv_fold_metrics": [
    {
      "eval_loss": 0.5347791910171509,
      "eval_accuracy": 0.6928571428571428,
      "eval_f1": 0.17307692307692307,
      "eval_precision": 0.5806451612903226,
      "eval_recall": 0.1016949152542373,
      "eval_auc": 0.75661961027275,
      "eval_auprc": 0.5409293247384344,
      "eval_matthews_correlation": 0.13775321460263232,
      "eval_runtime": 3.8151,
      "eval_samples_per_second": 150.457,
      "eval_steps_per_second": 9.436,
      "epoch": 4.0
    },
    {
      "eval_loss": 0.5681470036506653,
      "eval_accuracy": 0.7160714285714286,
      "eval_f1": 0.5107692307692308,
      "eval_precision": 0.5533333333333333,
      "eval_recall": 0.4742857142857143,
      "eval_auc": 0.7589461966604824,
      "eval_auprc": 0.5320600991479518,
      "eval_matthews_correlation": 0.3142743492440273,
      "eval_runtime": 3.817,
      "eval_samples_per_second": 150.38,
      "eval_steps_per_second": 9.431,
      "epoch": 10.0
    },
    {
      "eval_loss": 0.585843563079834,
      "eval_accuracy": 0.6964285714285714,
      "eval_f1": 0.3609022556390977,
      "eval_precision": 0.5454545454545454,
      "eval_recall": 0.2696629213483146,
      "eval_auc": 0.7421907171010059,
      "eval_auprc": 0.5281838616115968,
      "eval_matthews_correlation": 0.21104933235425596,
      "eval_runtime": 3.8139,
      "eval_samples_per_second": 150.502,
      "eval_steps_per_second": 9.439,
      "epoch": 9.0
    },
    {
      "eval_loss": 0.5828453302383423,
      "eval_accuracy": 0.6553571428571429,
      "eval_f1": 0.6193293885601577,
      "eval_precision": 0.47865853658536583,
      "eval_recall": 0.8770949720670391,
      "eval_auc": 0.7815877065646124,
      "eval_auprc": 0.5748378781937064,
      "eval_matthews_correlation": 0.4054449564028843,
      "eval_runtime": 3.8155,
      "eval_samples_per_second": 150.438,
      "eval_steps_per_second": 9.435,
      "epoch": 9.0
    },
    {
      "eval_loss": 0.5317478775978088,
      "eval_accuracy": 0.6857142857142857,
      "eval_f1": 0.0,
      "eval_precision": 0.0,
      "eval_recall": 0.0,
      "eval_auc": 0.7656545928030303,
      "eval_auprc": 0.5295609942699481,
      "eval_matthews_correlation": 0.0,
      "eval_runtime": 3.8152,
      "eval_samples_per_second": 150.188,
      "eval_steps_per_second": 9.436,
      "epoch": 6.0
    }
  ],
  "test_metrics": {
    "eval_loss": 0.6097387671470642,
    "eval_accuracy": 0.6802652733118971,
    "eval_f1": 0.6323087589553963,
    "eval_precision": 0.6937119675456389,
    "eval_recall": 0.5808917197452229,
    "eval_auc": 0.7551157521602022,
    "eval_auprc": 0.6800261926207003,
    "eval_matthews_correlation": 0.3577221380753868,
    "eval_runtime": 33.7639,
    "eval_samples_per_second": 147.761,
    "eval_steps_per_second": 9.241,
    "epoch": 5.0
  }
}