{
  "experiment": "rbp",
  "model_type": "dnabert2",
  "variant": "dnabert2_pretrained",
  "rbp_name": "MATR3_K562_IDR",
  "weights_path": "zhihan1996/DNABERT-2-117M",
  "max_length": 512,
  "n_folds": 5,
  "hyperparameters": {
    "learning_rate": 5e-05,
    "per_device_train_batch_size": 16,
    "weight_decay": 0.01,
    "warmup_ratio": 0.1,
    "num_train_epochs": 10,
    "gradient_accumulation_steps": 1,
    "early_stopping_patience": 3
  },
  "cv_metrics": {
    "epoch_mean": 5.2,
    "epoch_std": 0.39999999999999997,
    "eval_accuracy_mean": 0.9003929740718617,
    "eval_accuracy_std": 0.013124632506738178,
    "eval_auc_mean": 0.9643283705964173,
    "eval_auc_std": 0.005569788399465775,
    "eval_auprc_mean": 0.9600532324403144,
    "eval_auprc_std": 0.007031565354668979,
    "eval_f1_mean": 0.8997098368292289,
    "eval_f1_std": 0.015751180218863858,
    "eval_loss_mean": 0.27861392199993135,
    "eval_loss_std": 0.03990513744334262,
    "eval_matthews_correlation_mean": 0.8021981930684932,
    "eval_matthews_correlation_std": 0.025472796970273482,
    "eval_precision_mean": 0.9036652810122046,
    "eval_precision_std": 0.01625265850497719,
    "eval_recall_mean": 0.8974149659863946,
    "eval_recall_std": 0.04074915107056151,
    "eval_runtime_mean": 0.717,
    "eval_runtime_std": 0.00476529117683277,
    "eval_samples_per_second_mean": 2050.0098000000003,
    "eval_samples_per_second_std": 13.882602744442421,
    "eval_steps_per_second_mean": 128.3172,
    "eval_steps_per_second_std": 0.8590812301523062
  },
  "cv_fold_metrics": [
    {
      "eval_loss": 0.22656549513339996,
      "eval_accuracy": 0.9197278911564626,
      "eval_f1": 0.9205921938088829,
      "eval_precision": 0.9107856191744341,
      "eval_recall": 0.9306122448979591,
      "eval_matthews_correlation": 0.8396547522678075,
      "eval_auc": 0.9713202832153269,
      "eval_auprc": 0.9685969494555404,
      "eval_runtime": 0.709,
      "eval_samples_per_second": 2073.475,
      "eval_steps_per_second": 129.768,
      "epoch": 6.0
    },
    {
      "eval_loss": 0.2674518823623657,
      "eval_accuracy": 0.9081632653061225,
      "eval_f1": 0.9102990033222591,
      "eval_precision": 0.8896103896103896,
      "eval_recall": 0.9319727891156463,
      "eval_matthews_correlation": 0.8172536479247934,
      "eval_auc": 0.9685131195335277,
      "eval_auprc": 0.9662336279367962,
      "eval_runtime": 0.7173,
      "eval_samples_per_second": 2049.313,
      "eval_steps_per_second": 128.256,
      "epoch": 5.0
    },
    {
      "eval_loss": 0.24940729141235352,
      "eval_accuracy": 0.9020408163265307,
      "eval_f1": 0.904635761589404,
      "eval_precision": 0.8812903225806452,
      "eval_recall": 0.9292517006802721,
      "eval_matthews_correlation": 0.8052750200842487,
      "eval_auc": 0.9655032625295016,
      "eval_auprc": 0.9591499233417281,
      "eval_runtime": 0.7235,
      "eval_samples_per_second": 2031.764,
      "eval_steps_per_second": 127.158,
      "epoch": 5.0
    },
    {
      "eval_loss": 0.32324403524398804,
      "eval_accuracy": 0.8836734693877552,
      "eval_f1": 0.8798313422347154,
      "eval_precision": 0.9098837209302325,
      "eval_recall": 0.8517006802721089,
      "eval_matthews_correlation": 0.7689206215615074,
      "eval_auc": 0.955801749271137,
      "eval_auprc": 0.9486875587478899,
      "eval_runtime": 0.7158,
      "eval_samples_per_second": 2053.639,
      "eval_steps_per_second": 128.527,
      "epoch": 5.0
    },
    {
      "eval_loss": 0.32640090584754944,
      "eval_accuracy": 0.8883594281824371,
      "eval_f1": 0.8831908831908832,
      "eval_precision": 0.9267563527653214,
      "eval_recall": 0.8435374149659864,
      "eval_matthews_correlation": 0.7798869235041093,
      "eval_auc": 0.9605034384325937,
      "eval_auprc": 0.9575981027196172,
      "eval_runtime": 0.7194,
      "eval_samples_per_second": 2041.858,
      "eval_steps_per_second": 127.877,
      "epoch": 5.0
    }
  ],
  "test_metrics": {
    "eval_loss": 0.3136996626853943,
    "eval_accuracy": 0.8982266769468004,
    "eval_f1": 0.9036496350364963,
    "eval_precision": 0.8573407202216067,
    "eval_recall": 0.9552469135802469,
    "eval_matthews_correlation": 0.8017068254174843,
    "eval_auc": 0.9702248473434915,
    "eval_auprc": 0.9682339516827256,
    "eval_runtime": 0.6398,
    "eval_samples_per_second": 2027.318,
    "eval_steps_per_second": 128.173,
    "epoch": 5.0
  }
}