{
  "experiment": "cross_cell",
  "model_type": "lamar",
  "variant": "tapt_1024",
  "pair_name": "DGCR8_train_K562_test_HepG2_fixlen_101",
  "pretrain_path": "/gpfs/bwfor/work/ws/fr_ml642-thesis_work/Thesis/LAMAR/src/pretrain/saving_model/tapt_1024_standard_collator/checkpoint-134000/model.safetensors",
  "max_length": 1024,
  "n_folds": 5,
  "hyperparameters": {
    "learning_rate": 5e-05,
    "per_device_train_batch_size": 16,
    "weight_decay": 0.01,
    "warmup_ratio": 0.1,
    "num_train_epochs": 10,
    "gradient_accumulation_steps": 1,
    "early_stopping_patience": 3
  },
  "cv_metrics": {
    "epoch_mean": 6.8,
    "epoch_std": 0.9797958971132712,
    "eval_accuracy_mean": 0.7419642857142856,
    "eval_accuracy_std": 0.027286976410600204,
    "eval_auc_mean": 0.8134354580813673,
    "eval_auc_std": 0.018427778176824134,
    "eval_auprc_mean": 0.733970619220196,
    "eval_auprc_std": 0.0352754763105018,
    "eval_f1_mean": 0.6189110366089171,
    "eval_f1_std": 0.07781786660035363,
    "eval_loss_mean": 0.5584266901016235,
    "eval_loss_std": 0.05463632132708427,
    "eval_matthews_correlation_mean": 0.4553023597520779,
    "eval_matthews_correlation_std": 0.06261720768013687,
    "eval_precision_mean": 0.7441517335417309,
    "eval_precision_std": 0.05930985461975975,
    "eval_recall_mean": 0.5520913317600649,
    "eval_recall_std": 0.14174757837971522,
    "eval_runtime_mean": 4.811,
    "eval_runtime_std": 0.004502887962186014,
    "eval_samples_per_second_mean": 48.8048,
    "eval_samples_per_second_std": 0.11599379293738024,
    "eval_steps_per_second_mean": 3.118,
    "eval_steps_per_second_std": 0.0030331501776206084
  },
  "cv_fold_metrics": [
    {
      "eval_loss": 0.514802098274231,
      "eval_accuracy": 0.7633928571428571,
      "eval_f1": 0.6490066225165563,
      "eval_precision": 0.7903225806451613,
      "eval_recall": 0.550561797752809,
      "eval_auc": 0.8382022471910112,
      "eval_auprc": 0.7734907758961405,
      "eval_matthews_correlation": 0.4968419890285968,
      "eval_runtime": 4.8098,
      "eval_samples_per_second": 48.859,
      "eval_steps_per_second": 3.119,
      "epoch": 6.0
    },
    {
      "eval_loss": 0.5050671696662903,
      "eval_accuracy": 0.78125,
      "eval_f1": 0.6878980891719746,
      "eval_precision": 0.7941176470588235,
      "eval_recall": 0.6067415730337079,
      "eval_auc": 0.8306283811901789,
      "eval_auprc": 0.7787855378329609,
      "eval_matthews_correlation": 0.5353598684503942,
      "eval_runtime": 4.8048,
      "eval_samples_per_second": 48.909,
      "eval_steps_per_second": 3.122,
      "epoch": 6.0
    },
    {
      "eval_loss": 0.5845351815223694,
      "eval_accuracy": 0.7232142857142857,
      "eval_f1": 0.5571428571428572,
      "eval_precision": 0.7358490566037735,
      "eval_recall": 0.4482758620689655,
      "eval_auc": 0.804933299773471,
      "eval_auprc": 0.694227486949518,
      "eval_matthews_correlation": 0.39688807757818423,
      "eval_runtime": 4.816,
      "eval_samples_per_second": 48.795,
      "eval_steps_per_second": 3.115,
      "epoch": 8.0
    },
    {
      "eval_loss": 0.6529490351676941,
      "eval_accuracy": 0.7053571428571429,
      "eval_f1": 0.5,
      "eval_precision": 0.7674418604651163,
      "eval_recall": 0.3707865168539326,
      "eval_auc": 0.7878485226799833,
      "eval_auprc": 0.7179132043133793,
      "eval_matthews_correlation": 0.36865839787994154,
      "eval_runtime": 4.8081,
      "eval_samples_per_second": 48.876,
      "eval_steps_per_second": 3.12,
      "epoch": 8.0
    },
    {
      "eval_loss": 0.534779965877533,
      "eval_accuracy": 0.7366071428571429,
      "eval_f1": 0.7005076142131978,
      "eval_precision": 0.6330275229357798,
      "eval_recall": 0.7840909090909091,
      "eval_auc": 0.8055648395721925,
      "eval_auprc": 0.705436091108982,
      "eval_matthews_correlation": 0.4787634658232728,
      "eval_runtime": 4.8163,
      "eval_samples_per_second": 48.585,
      "eval_steps_per_second": 3.114,
      "epoch": 6.0
    }
  ],
  "test_metrics": {
    "eval_loss": 0.4247838854789734,
    "eval_accuracy": 0.8285550458715596,
    "eval_f1": 0.8096753660089115,
    "eval_precision": 0.7718446601941747,
    "eval_recall": 0.8514056224899599,
    "eval_auc": 0.9062488670831773,
    "eval_auprc": 0.891589268987463,
    "eval_matthews_correlation": 0.6569903949273307,
    "eval_runtime": 37.4539,
    "eval_samples_per_second": 46.964,
    "eval_steps_per_second": 2.937,
    "epoch": 7.0
  }
}