{
  "experiment": "cross_cell",
  "model_type": "lamar",
  "variant": "tapt_1024",
  "pair_name": "ILF3_train_K562_test_HepG2_fixlen_101",
  "pretrain_path": "/gpfs/bwfor/work/ws/fr_ml642-thesis_work/Thesis/LAMAR/src/pretrain/saving_model/tapt_1024_standard_collator/checkpoint-134000/model.safetensors",
  "max_length": 1024,
  "n_folds": 5,
  "hyperparameters": {
    "learning_rate": 5e-05,
    "per_device_train_batch_size": 16,
    "weight_decay": 0.01,
    "warmup_ratio": 0.1,
    "num_train_epochs": 10,
    "gradient_accumulation_steps": 1,
    "early_stopping_patience": 3
  },
  "cv_metrics": {
    "epoch_mean": 8.8,
    "epoch_std": 1.469693845669907,
    "eval_accuracy_mean": 0.7332589285714286,
    "eval_accuracy_std": 0.01025328935522843,
    "eval_auc_mean": 0.8151689954232296,
    "eval_auc_std": 0.011759902446328841,
    "eval_auprc_mean": 0.8017707959424281,
    "eval_auprc_std": 0.01114646536653829,
    "eval_f1_mean": 0.6929084734791247,
    "eval_f1_std": 0.02650831481813212,
    "eval_loss_mean": 0.5613934636116028,
    "eval_loss_std": 0.038380955790119034,
    "eval_matthews_correlation_mean": 0.46307435006677505,
    "eval_matthews_correlation_std": 0.020717152555103056,
    "eval_precision_mean": 0.7300237271690626,
    "eval_precision_std": 0.02996659695250343,
    "eval_recall_mean": 0.6653562653562654,
    "eval_recall_std": 0.06721959359794846,
    "eval_runtime_mean": 15.42088,
    "eval_runtime_std": 0.00221756623350965,
    "eval_samples_per_second_mean": 58.388400000000004,
    "eval_samples_per_second_std": 0.034120961299470794,
    "eval_steps_per_second_mean": 3.6962,
    "eval_steps_per_second_std": 0.00039999999999995595
  },
  "cv_fold_metrics": [
    {
      "eval_loss": 0.626094400882721,
      "eval_accuracy": 0.7176339285714286,
      "eval_f1": 0.6471408647140866,
      "eval_precision": 0.7483870967741936,
      "eval_recall": 0.5700245700245701,
      "eval_auc": 0.7921144792310437,
      "eval_auprc": 0.7802487680475909,
      "eval_matthews_correlation": 0.4296861929153611,
      "eval_runtime": 15.4208,
      "eval_samples_per_second": 58.428,
      "eval_steps_per_second": 3.696,
      "epoch": 9.0
    },
    {
      "eval_loss": 0.5714848637580872,
      "eval_accuracy": 0.7332589285714286,
      "eval_f1": 0.680053547523427,
      "eval_precision": 0.7514792899408284,
      "eval_recall": 0.6210268948655256,
      "eval_auc": 0.8202356626820562,
      "eval_auprc": 0.8121032189416995,
      "eval_matthews_correlation": 0.46095028315581177,
      "eval_runtime": 15.4201,
      "eval_samples_per_second": 58.43,
      "eval_steps_per_second": 3.696,
      "epoch": 10.0
    },
    {
      "eval_loss": 0.5352687835693359,
      "eval_accuracy": 0.7332589285714286,
      "eval_f1": 0.7204678362573099,
      "eval_precision": 0.6875,
      "eval_recall": 0.7567567567567568,
      "eval_auc": 0.8205735015550968,
      "eval_auprc": 0.8038656641589667,
      "eval_matthews_correlation": 0.468483880040193,
      "eval_runtime": 15.4229,
      "eval_samples_per_second": 58.355,
      "eval_steps_per_second": 3.696,
      "epoch": 9.0
    },
    {
      "eval_loss": 0.5124560594558716,
      "eval_accuracy": 0.75,
      "eval_f1": 0.7060367454068242,
      "eval_precision": 0.7620396600566572,
      "eval_recall": 0.6577017114914425,
      "eval_auc": 0.8250603716180598,
      "eval_auprc": 0.8079789187219601,
      "eval_matthews_correlation": 0.4946237612629554,
      "eval_runtime": 15.4234,
      "eval_samples_per_second": 58.353,
      "eval_steps_per_second": 3.696,
      "epoch": 6.0
    },
    {
      "eval_loss": 0.5616632103919983,
      "eval_accuracy": 0.7321428571428571,
      "eval_f1": 0.7108433734939759,
      "eval_precision": 0.7007125890736342,
      "eval_recall": 0.7212713936430318,
      "eval_auc": 0.8178609620298921,
      "eval_auprc": 0.8046574098419231,
      "eval_matthews_correlation": 0.4616276329595541,
      "eval_runtime": 15.4172,
      "eval_samples_per_second": 58.376,
      "eval_steps_per_second": 3.697,
      "epoch": 10.0
    }
  ],
  "test_metrics": {
    "eval_loss": 0.5424394011497498,
    "eval_accuracy": 0.7273706896551724,
    "eval_f1": 0.6774330641733957,
    "eval_precision": 0.7533081285444234,
    "eval_recall": 0.6154440154440154,
    "eval_auc": 0.8229733619256789,
    "eval_auprc": 0.7566234695430516,
    "eval_matthews_correlation": 0.45230166282743317,
    "eval_runtime": 95.7763,
    "eval_samples_per_second": 58.135,
    "eval_steps_per_second": 3.633,
    "epoch": 5.0
  }
}