{
  "experiment": "cross_length",
  "model_type": "lamar",
  "variant": "tapt_512",
  "pair_name": "DGCR8_K562_ENCSR947JVR",
  "pretrain_path": "/gpfs/bwfor/work/ws/fr_ml642-thesis_work/Thesis/LAMAR/src/pretrain/saving_model/tapt_lamar/checkpoint-98000/model.safetensors",
  "max_length": 1024,
  "n_folds": 5,
  "hyperparameters": {
    "learning_rate": 5e-05,
    "per_device_train_batch_size": 16,
    "weight_decay": 0.01,
    "warmup_ratio": 0.1,
    "num_train_epochs": 10,
    "gradient_accumulation_steps": 1,
    "early_stopping_patience": 3
  },
  "cv_metrics": {
    "epoch_mean": 7.2,
    "epoch_std": 1.9390719429665317,
    "eval_accuracy_mean": 0.75,
    "eval_accuracy_std": 0.05063078670631141,
    "eval_auc_mean": 0.7948265125260945,
    "eval_auc_std": 0.05068803157160278,
    "eval_auprc_mean": 0.6994934004252219,
    "eval_auprc_std": 0.09300078990153254,
    "eval_f1_mean": 0.6575977888601814,
    "eval_f1_std": 0.07026880095799985,
    "eval_loss_mean": 0.561090064048767,
    "eval_loss_std": 0.08461107591438752,
    "eval_matthews_correlation_mean": 0.4650943479894677,
    "eval_matthews_correlation_std": 0.10709895487125486,
    "eval_precision_mean": 0.671825821237586,
    "eval_precision_std": 0.08115031865462628,
    "eval_recall_mean": 0.6508577343981071,
    "eval_recall_std": 0.08721042814819617,
    "eval_runtime_mean": 2.76504,
    "eval_runtime_std": 0.0033702225445806926,
    "eval_samples_per_second_mean": 48.3172,
    "eval_samples_per_second_std": 0.1262749381310495,
    "eval_steps_per_second_mean": 3.2548000000000004,
    "eval_steps_per_second_std": 0.003815756805667879
  },
  "cv_fold_metrics": [
    {
      "eval_loss": 0.5255034565925598,
      "eval_accuracy": 0.765625,
      "eval_f1": 0.6666666666666666,
      "eval_precision": 0.6818181818181818,
      "eval_recall": 0.6521739130434783,
      "eval_auc": 0.7971898197242842,
      "eval_auprc": 0.7209360448513615,
      "eval_matthews_correlation": 0.48636691096094575,
      "eval_runtime": 2.7684,
      "eval_samples_per_second": 48.403,
      "eval_steps_per_second": 3.251,
      "epoch": 9.0
    },
    {
      "eval_loss": 0.46523112058639526,
      "eval_accuracy": 0.8125,
      "eval_f1": 0.7272727272727272,
      "eval_precision": 0.8,
      "eval_recall": 0.6666666666666666,
      "eval_auc": 0.8552083333333333,
      "eval_auprc": 0.7959439430150483,
      "eval_matthews_correlation": 0.5918640302493726,
      "eval_runtime": 2.7657,
      "eval_samples_per_second": 48.45,
      "eval_steps_per_second": 3.254,
      "epoch": 10.0
    },
    {
      "eval_loss": 0.6455276608467102,
      "eval_accuracy": 0.703125,
      "eval_f1": 0.6274509803921569,
      "eval_precision": 0.5714285714285714,
      "eval_recall": 0.6956521739130435,
      "eval_auc": 0.7608695652173914,
      "eval_auprc": 0.5797055837173171,
      "eval_matthews_correlation": 0.3897601952654067,
      "eval_runtime": 2.7685,
      "eval_samples_per_second": 48.402,
      "eval_steps_per_second": 3.251,
      "epoch": 5.0
    },
    {
      "eval_loss": 0.6770744323730469,
      "eval_accuracy": 0.6796875,
      "eval_f1": 0.5393258426966292,
      "eval_precision": 0.6,
      "eval_recall": 0.4897959183673469,
      "eval_auc": 0.7186773443554637,
      "eval_auprc": 0.6026339552716753,
      "eval_matthews_correlation": 0.3012464029166007,
      "eval_runtime": 2.7597,
      "eval_samples_per_second": 48.193,
      "eval_steps_per_second": 3.261,
      "epoch": 6.0
    },
    {
      "eval_loss": 0.4921136498451233,
      "eval_accuracy": 0.7890625,
      "eval_f1": 0.7272727272727272,
      "eval_precision": 0.7058823529411765,
      "eval_recall": 0.75,
      "eval_auc": 0.8421875,
      "eval_auprc": 0.7982474752707072,
      "eval_matthews_correlation": 0.5562342005550127,
      "eval_runtime": 2.7629,
      "eval_samples_per_second": 48.138,
      "eval_steps_per_second": 3.257,
      "epoch": 6.0
    }
  ],
  "test_metrics": {
    "eval_loss": 0.6625511050224304,
    "eval_accuracy": 0.6791666666666667,
    "eval_f1": 0.5304878048780487,
    "eval_precision": 0.87,
    "eval_recall": 0.3815789473684211,
    "eval_auc": 0.8062212823725983,
    "eval_auprc": 0.7932077133941466,
    "eval_matthews_correlation": 0.40576897769965325,
    "eval_runtime": 20.7818,
    "eval_samples_per_second": 46.916,
    "eval_steps_per_second": 2.935,
    "epoch": 8.0
  }
}