{
  "experiment": "cross_cell",
  "model_type": "dnabert2",
  "variant": "pretrained",
  "pair_name": "RBM15_train_K562_test_HepG2_fixlen_101",
  "max_length": 128,
  "n_folds": 5,
  "hyperparameters": {
    "learning_rate": 5e-05,
    "per_device_train_batch_size": 16,
    "weight_decay": 0.01,
    "warmup_ratio": 0.1,
    "num_train_epochs": 10,
    "gradient_accumulation_steps": 1,
    "early_stopping_patience": 3
  },
  "cv_metrics": {
    "epoch_mean": 6.2,
    "epoch_std": 1.16619037896906,
    "eval_accuracy_mean": 0.8889654438539407,
    "eval_accuracy_std": 0.009018266858793996,
    "eval_auc_mean": 0.9530591384164314,
    "eval_auc_std": 0.0042185029773892015,
    "eval_auprc_mean": 0.9412278591443981,
    "eval_auprc_std": 0.007196103931078662,
    "eval_f1_mean": 0.8888654127964439,
    "eval_f1_std": 0.00913102331957057,
    "eval_loss_mean": 0.353488951921463,
    "eval_loss_std": 0.03701347010662196,
    "eval_matthews_correlation_mean": 0.7818670199662728,
    "eval_matthews_correlation_std": 0.015563277119299508,
    "eval_precision_mean": 0.891686241352628,
    "eval_precision_std": 0.006969705929297773,
    "eval_recall_mean": 0.8901859401325224,
    "eval_recall_std": 0.008673439934829046,
    "eval_runtime_mean": 2.13416,
    "eval_runtime_std": 0.025540759581500268,
    "eval_samples_per_second_mean": 1234.1021999999998,
    "eval_samples_per_second_std": 14.790697852366513,
    "eval_steps_per_second_mean": 77.325,
    "eval_steps_per_second_std": 0.9257785912409076
  },
  "cv_fold_metrics": [
    {
      "eval_loss": 0.4047441780567169,
      "eval_accuracy": 0.8955960516324981,
      "eval_f1": 0.895593508419904,
      "eval_matthews_correlation": 0.7940380263065938,
      "eval_precision": 0.8971755185417976,
      "eval_recall": 0.8968625694351043,
      "eval_auc": 0.9585848428715987,
      "eval_auprc": 0.9520801778861597,
      "eval_runtime": 2.1657,
      "eval_samples_per_second": 1216.217,
      "eval_steps_per_second": 76.187,
      "epoch": 6.0
    },
    {
      "eval_loss": 0.31223490834236145,
      "eval_accuracy": 0.8743356112376613,
      "eval_f1": 0.8740427924592742,
      "eval_matthews_correlation": 0.760307391494448,
      "eval_precision": 0.8832425963298447,
      "eval_recall": 0.8770896914232673,
      "eval_auc": 0.9458973327337704,
      "eval_auprc": 0.9297565099475107,
      "eval_runtime": 2.0998,
      "eval_samples_per_second": 1254.416,
      "eval_steps_per_second": 78.58,
      "epoch": 5.0
    },
    {
      "eval_loss": 0.3425953686237335,
      "eval_accuracy": 0.8997341435624763,
      "eval_f1": 0.8997289222321851,
      "eval_matthews_correlation": 0.8008045498531103,
      "eval_precision": 0.9002441600720359,
      "eval_recall": 0.9005604522437153,
      "eval_auc": 0.9516709587303348,
      "eval_auprc": 0.9438637614077149,
      "eval_runtime": 2.1611,
      "eval_samples_per_second": 1218.339,
      "eval_steps_per_second": 76.349,
      "epoch": 8.0
    },
    {
      "eval_loss": 0.3192802667617798,
      "eval_accuracy": 0.8913786555260159,
      "eval_f1": 0.8913572018028312,
      "eval_matthews_correlation": 0.7869390411027039,
      "eval_precision": 0.8940088602301018,
      "eval_recall": 0.8929309191486117,
      "eval_auc": 0.9551430245011558,
      "eval_auprc": 0.9396841579894167,
      "eval_runtime": 2.128,
      "eval_samples_per_second": 1237.312,
      "eval_steps_per_second": 77.538,
      "epoch": 5.0
    },
    {
      "eval_loss": 0.3885900378227234,
      "eval_accuracy": 0.883782757311052,
      "eval_f1": 0.8836046390680257,
      "eval_matthews_correlation": 0.7672460910745081,
      "eval_precision": 0.8837600715893601,
      "eval_recall": 0.8834860684119134,
      "eval_auc": 0.953999533245297,
      "eval_auprc": 0.9407546884911879,
      "eval_runtime": 2.1162,
      "eval_samples_per_second": 1244.227,
      "eval_steps_per_second": 77.971,
      "epoch": 7.0
    }
  ],
  "test_metrics": {
    "eval_loss": 0.3195749521255493,
    "eval_accuracy": 0.8576548899129545,
    "eval_f1": 0.8538529371862706,
    "eval_matthews_correlation": 0.7156855109938038,
    "eval_precision": 0.8500035978988272,
    "eval_recall": 0.8658574895525228,
    "eval_auc": 0.940155700041812,
    "eval_auprc": 0.8995611484909221,
    "eval_runtime": 1.5784,
    "eval_samples_per_second": 1237.29,
    "eval_steps_per_second": 77.925,
    "epoch": 5.0
  }
}