{
  "experiment": "cross_length",
  "model_type": "lamar",
  "variant": "random",
  "pair_name": "EIF4G2_K562_ENCSR307YIW",
  "pretrain_path": "",
  "max_length": 1024,
  "n_folds": 5,
  "hyperparameters": {
    "learning_rate": 5e-05,
    "per_device_train_batch_size": 16,
    "weight_decay": 0.01,
    "warmup_ratio": 0.1,
    "num_train_epochs": 10,
    "gradient_accumulation_steps": 1,
    "early_stopping_patience": 3
  },
  "cv_metrics": {
    "epoch_mean": 8.2,
    "epoch_std": 2.4,
    "eval_accuracy_mean": 0.8794642857142858,
    "eval_accuracy_std": 0.012731696212028245,
    "eval_auc_mean": 0.9524837823644929,
    "eval_auc_std": 0.005917735839396512,
    "eval_auprc_mean": 0.9272945697154805,
    "eval_auprc_std": 0.006952992512242957,
    "eval_f1_mean": 0.8419557739881516,
    "eval_f1_std": 0.012174412068973618,
    "eval_loss_mean": 0.3116502344608307,
    "eval_loss_std": 0.04144403417523117,
    "eval_matthews_correlation_mean": 0.7457563371928415,
    "eval_matthews_correlation_std": 0.024677691093877373,
    "eval_precision_mean": 0.8465268496242834,
    "eval_precision_std": 0.04023153819610187,
    "eval_recall_mean": 0.8393762063788719,
    "eval_recall_std": 0.019153008897564168,
    "eval_runtime_mean": 14.426240000000002,
    "eval_runtime_std": 0.007121685193829199,
    "eval_samples_per_second_mean": 47.4414,
    "eval_samples_per_second_std": 0.043555022672477274,
    "eval_steps_per_second_mean": 2.9806,
    "eval_steps_per_second_std": 0.0013564659966250614
  },
  "cv_fold_metrics": [
    {
      "eval_loss": 0.28268128633499146,
      "eval_accuracy": 0.8705357142857143,
      "eval_f1": 0.8310679611650486,
      "eval_precision": 0.8294573643410853,
      "eval_recall": 0.8326848249027238,
      "eval_auc": 0.9552388542496836,
      "eval_auprc": 0.9350471101133265,
      "eval_matthews_correlation": 0.7261264828889687,
      "eval_runtime": 14.4148,
      "eval_samples_per_second": 47.521,
      "eval_steps_per_second": 2.983,
      "epoch": 7.0
    },
    {
      "eval_loss": 0.3212202489376068,
      "eval_accuracy": 0.8630952380952381,
      "eval_f1": 0.8270676691729324,
      "eval_precision": 0.8,
      "eval_recall": 0.8560311284046692,
      "eval_auc": 0.94346256621818,
      "eval_auprc": 0.9174530195335671,
      "eval_matthews_correlation": 0.7151022593783799,
      "eval_runtime": 14.4357,
      "eval_samples_per_second": 47.452,
      "eval_steps_per_second": 2.979,
      "epoch": 10.0
    },
    {
      "eval_loss": 0.2577420175075531,
      "eval_accuracy": 0.8943452380952381,
      "eval_f1": 0.8571428571428572,
      "eval_precision": 0.8875,
      "eval_recall": 0.8287937743190662,
      "eval_auc": 0.9613895269795134,
      "eval_auprc": 0.9354369579725138,
      "eval_matthews_correlation": 0.7746133462309847,
      "eval_runtime": 14.4289,
      "eval_samples_per_second": 47.405,
      "eval_steps_per_second": 2.98,
      "epoch": 10.0
    },
    {
      "eval_loss": 0.3161775767803192,
      "eval_accuracy": 0.875,
      "eval_f1": 0.8396946564885496,
      "eval_precision": 0.8148148148148148,
      "eval_recall": 0.8661417322834646,
      "eval_auc": 0.9498737896997326,
      "eval_auprc": 0.9240010942570701,
      "eval_matthews_correlation": 0.7383361968429627,
      "eval_runtime": 14.4295,
      "eval_samples_per_second": 47.403,
      "eval_steps_per_second": 2.98,
      "epoch": 10.0
    },
    {
      "eval_loss": 0.38043004274368286,
      "eval_accuracy": 0.8943452380952381,
      "eval_f1": 0.8548057259713702,
      "eval_precision": 0.9008620689655172,
      "eval_recall": 0.8132295719844358,
      "eval_auc": 0.9524541746753551,
      "eval_auprc": 0.924534666700925,
      "eval_matthews_correlation": 0.7746034006229111,
      "eval_runtime": 14.4223,
      "eval_samples_per_second": 47.426,
      "eval_steps_per_second": 2.981,
      "epoch": 4.0
    }
  ],
  "test_metrics": {
    "eval_loss": 0.46793442964553833,
    "eval_accuracy": 0.7843642611683849,
    "eval_f1": 0.7154195011337867,
    "eval_precision": 0.9692780337941628,
    "eval_recall": 0.5669362084456424,
    "eval_auc": 0.9344914571154963,
    "eval_auprc": 0.9337428540405246,
    "eval_matthews_correlation": 0.6126557795175743,
    "eval_runtime": 100.2163,
    "eval_samples_per_second": 46.529,
    "eval_steps_per_second": 2.914,
    "epoch": 7.0
  }
}