{
  "experiment": "cross_cell",
  "model_type": "lamar",
  "variant": "pretrained_custom",
  "pair_name": "AKAP1_train_K562_test_HepG2_fixlen_101",
  "pretrain_path": "/gpfs/bwfor/work/ws/fr_ml642-thesis_work/Thesis/LAMAR/src/pretrain/saving_model/tapt_512_standard_collator_1gpu/checkpoint-265000/model.safetensors",
  "max_length": 512,
  "n_folds": 5,
  "hyperparameters": {
    "learning_rate": 5e-05,
    "per_device_train_batch_size": 16,
    "weight_decay": 0.01,
    "warmup_ratio": 0.1,
    "num_train_epochs": 10,
    "gradient_accumulation_steps": 1,
    "early_stopping_patience": 3
  },
  "cv_metrics": {
    "epoch_mean": 7.8,
    "epoch_std": 1.32664991614216,
    "eval_accuracy_mean": 0.7005434782608695,
    "eval_accuracy_std": 0.03569622146450658,
    "eval_auc_mean": 0.7790943771668938,
    "eval_auc_std": 0.028227826321466573,
    "eval_auprc_mean": 0.6217550717881426,
    "eval_auprc_std": 0.05408227381861613,
    "eval_f1_mean": 0.4606695642127252,
    "eval_f1_std": 0.13204195327575907,
    "eval_loss_mean": 0.5589114189147949,
    "eval_loss_std": 0.020843132262473477,
    "eval_matthews_correlation_mean": 0.3120289795299241,
    "eval_matthews_correlation_std": 0.10251052630738083,
    "eval_precision_mean": 0.6620578787645747,
    "eval_precision_std": 0.09386089804767749,
    "eval_recall_mean": 0.37921091738845075,
    "eval_recall_std": 0.15444827424615817,
    "eval_runtime_mean": 2.8389800000000003,
    "eval_runtime_std": 0.00048332183894379214,
    "eval_samples_per_second_mean": 133.3574,
    "eval_samples_per_second_std": 0.17297699268977784,
    "eval_steps_per_second_mean": 8.453799999999998,
    "eval_steps_per_second_std": 0.0015999999999999125
  },
  "cv_fold_metrics": [
    {
      "eval_loss": 0.5570846796035767,
      "eval_accuracy": 0.7581521739130435,
      "eval_f1": 0.636734693877551,
      "eval_precision": 0.6964285714285714,
      "eval_recall": 0.5864661654135338,
      "eval_auc": 0.7839705647096464,
      "eval_auprc": 0.6275708143036328,
      "eval_matthews_correlation": 0.4612560045363827,
      "eval_runtime": 2.839,
      "eval_samples_per_second": 133.497,
      "eval_steps_per_second": 8.454,
      "epoch": 8.0
    },
    {
      "eval_loss": 0.555806577205658,
      "eval_accuracy": 0.6766304347826086,
      "eval_f1": 0.4757709251101322,
      "eval_precision": 0.5806451612903226,
      "eval_recall": 0.40298507462686567,
      "eval_auc": 0.7529659395331038,
      "eval_auprc": 0.5710891253349788,
      "eval_matthews_correlation": 0.2616676649514358,
      "eval_runtime": 2.8394,
      "eval_samples_per_second": 133.478,
      "eval_steps_per_second": 8.452,
      "epoch": 8.0
    },
    {
      "eval_loss": 0.5655004978179932,
      "eval_accuracy": 0.7119565217391305,
      "eval_f1": 0.5508474576271186,
      "eval_precision": 0.625,
      "eval_recall": 0.49242424242424243,
      "eval_auc": 0.774364406779661,
      "eval_auprc": 0.6228911765339561,
      "eval_matthews_correlation": 0.34849601375561645,
      "eval_runtime": 2.8386,
      "eval_samples_per_second": 133.517,
      "eval_steps_per_second": 8.455,
      "epoch": 10.0
    },
    {
      "eval_loss": 0.59059739112854,
      "eval_accuracy": 0.6521739130434783,
      "eval_f1": 0.2558139534883721,
      "eval_precision": 0.5789473684210527,
      "eval_recall": 0.16417910447761194,
      "eval_auc": 0.753890802398265,
      "eval_auprc": 0.5692251307610945,
      "eval_matthews_correlation": 0.15149239521947325,
      "eval_runtime": 2.8383,
      "eval_samples_per_second": 133.179,
      "eval_steps_per_second": 8.456,
      "epoch": 6.0
    },
    {
      "eval_loss": 0.5255679488182068,
      "eval_accuracy": 0.7038043478260869,
      "eval_f1": 0.384180790960452,
      "eval_precision": 0.8292682926829268,
      "eval_recall": 0.25,
      "eval_auc": 0.830280172413793,
      "eval_auprc": 0.7179991120070512,
      "eval_matthews_correlation": 0.3372328191867123,
      "eval_runtime": 2.8396,
      "eval_samples_per_second": 133.116,
      "eval_steps_per_second": 8.452,
      "epoch": 7.0
    }
  ],
  "test_metrics": {
    "eval_loss": 0.5958074331283569,
    "eval_accuracy": 0.6927570093457944,
    "eval_f1": 0.6925774400935125,
    "eval_precision": 0.6445471852053304,
    "eval_recall": 0.7483422797600252,
    "eval_auc": 0.7621646998595867,
    "eval_auprc": 0.7156655937112111,
    "eval_matthews_correlation": 0.39324131637353305,
    "eval_runtime": 52.65,
    "eval_samples_per_second": 130.18,
    "eval_steps_per_second": 8.148,
    "epoch": 8.0
  }
}