{
  "experiment": "cross_length",
  "model_type": "lamar",
  "variant": "random",
  "pair_name": "XRN2_K562_ENCSR657TZB",
  "pretrain_path": "",
  "max_length": 1024,
  "n_folds": 5,
  "hyperparameters": {
    "learning_rate": 5e-05,
    "per_device_train_batch_size": 16,
    "weight_decay": 0.01,
    "warmup_ratio": 0.1,
    "num_train_epochs": 10,
    "gradient_accumulation_steps": 1,
    "early_stopping_patience": 3
  },
  "cv_metrics": {
    "epoch_mean": 4.4,
    "epoch_std": 0.48989794855663565,
    "eval_accuracy_mean": 0.9125,
    "eval_accuracy_std": 0.013339842161318421,
    "eval_auc_mean": 0.9719940207706562,
    "eval_auc_std": 0.010260949264716055,
    "eval_auprc_mean": 0.9600666316750817,
    "eval_auprc_std": 0.010521675022915096,
    "eval_f1_mean": 0.8842292220999288,
    "eval_f1_std": 0.016752927842322428,
    "eval_loss_mean": 0.279270675778389,
    "eval_loss_std": 0.06348732460741571,
    "eval_matthews_correlation_mean": 0.817746407862008,
    "eval_matthews_correlation_std": 0.02527505632806356,
    "eval_precision_mean": 0.8524617239300782,
    "eval_precision_std": 0.03848120821896672,
    "eval_recall_mean": 0.9219327731092438,
    "eval_recall_std": 0.042812961243628246,
    "eval_runtime_mean": 4.112019999999999,
    "eval_runtime_std": 0.0026072207424767415,
    "eval_samples_per_second_mean": 47.276,
    "eval_samples_per_second_std": 0.10034540348217257,
    "eval_steps_per_second_mean": 3.1614,
    "eval_steps_per_second_std": 0.0018547236990991759
  },
  "cv_fold_metrics": [
    {
      "eval_loss": 0.18524181842803955,
      "eval_accuracy": 0.9322916666666666,
      "eval_f1": 0.9103448275862068,
      "eval_precision": 0.88,
      "eval_recall": 0.9428571428571428,
      "eval_auc": 0.9813817330210773,
      "eval_auprc": 0.9663245026646006,
      "eval_matthews_correlation": 0.8573703335133581,
      "eval_runtime": 4.1158,
      "eval_samples_per_second": 47.378,
      "eval_steps_per_second": 3.159,
      "epoch": 5.0
    },
    {
      "eval_loss": 0.2911609411239624,
      "eval_accuracy": 0.9114583333333334,
      "eval_f1": 0.8702290076335878,
      "eval_precision": 0.9047619047619048,
      "eval_recall": 0.8382352941176471,
      "eval_auc": 0.9643026565464895,
      "eval_auprc": 0.9460282517053759,
      "eval_matthews_correlation": 0.8045328848645793,
      "eval_runtime": 4.1127,
      "eval_samples_per_second": 47.414,
      "eval_steps_per_second": 3.161,
      "epoch": 4.0
    },
    {
      "eval_loss": 0.24551646411418915,
      "eval_accuracy": 0.921875,
      "eval_f1": 0.8979591836734694,
      "eval_precision": 0.8571428571428571,
      "eval_recall": 0.9428571428571428,
      "eval_auc": 0.9813817330210772,
      "eval_auprc": 0.974294817320328,
      "eval_matthews_correlation": 0.8373893949259749,
      "eval_runtime": 4.1133,
      "eval_samples_per_second": 47.164,
      "eval_steps_per_second": 3.16,
      "epoch": 5.0
    },
    {
      "eval_loss": 0.2965017259120941,
      "eval_accuracy": 0.8958333333333334,
      "eval_f1": 0.8701298701298702,
      "eval_precision": 0.7976190476190477,
      "eval_recall": 0.9571428571428572,
      "eval_auc": 0.9771662763466042,
      "eval_auprc": 0.9637007679342119,
      "eval_matthews_correlation": 0.7934576918349316,
      "eval_runtime": 4.1084,
      "eval_samples_per_second": 47.221,
      "eval_steps_per_second": 3.164,
      "epoch": 4.0
    },
    {
      "eval_loss": 0.37793242931365967,
      "eval_accuracy": 0.9010416666666666,
      "eval_f1": 0.87248322147651,
      "eval_precision": 0.8227848101265823,
      "eval_recall": 0.9285714285714286,
      "eval_auc": 0.9557377049180328,
      "eval_auprc": 0.9499848187508919,
      "eval_matthews_correlation": 0.7959817341711964,
      "eval_runtime": 4.1099,
      "eval_samples_per_second": 47.203,
      "eval_steps_per_second": 3.163,
      "epoch": 4.0
    }
  ],
  "test_metrics": {
    "eval_loss": 0.2860524654388428,
    "eval_accuracy": 0.8991596638655462,
    "eval_f1": 0.8948521358159913,
    "eval_precision": 0.8997797356828194,
    "eval_recall": 0.8899782135076253,
    "eval_auc": 0.9583327809374821,
    "eval_auprc": 0.9588122395129242,
    "eval_matthews_correlation": 0.7980300445853123,
    "eval_runtime": 40.8307,
    "eval_samples_per_second": 46.73,
    "eval_steps_per_second": 2.939,
    "epoch": 4.0
  }
}