{
  "experiment": "cross_length",
  "model_type": "dnabert2",
  "variant": "pretrained_custom",
  "pair_name": "FXR2_K562_ENCSR767OEY",
  "max_length": 256,
  "n_folds": 5,
  "hyperparameters": {
    "learning_rate": 5e-05,
    "per_device_train_batch_size": 16,
    "weight_decay": 0.01,
    "warmup_ratio": 0.1,
    "num_train_epochs": 10,
    "gradient_accumulation_steps": 1,
    "early_stopping_patience": 3
  },
  "cv_metrics": {
    "epoch_mean": 6.0,
    "epoch_std": 0.6324555320336759,
    "eval_accuracy_mean": 0.9109433962264151,
    "eval_accuracy_std": 0.012513928742052644,
    "eval_auc_mean": 0.9568215771655882,
    "eval_auc_std": 0.011357847538981539,
    "eval_auprc_mean": 0.9318488079899453,
    "eval_auprc_std": 0.019908246054053662,
    "eval_f1_mean": 0.8998763022838832,
    "eval_f1_std": 0.01574571139029006,
    "eval_loss_mean": 0.3299379527568817,
    "eval_loss_std": 0.05304307018761055,
    "eval_matthews_correlation_mean": 0.8028930375258037,
    "eval_matthews_correlation_std": 0.03053421639676061,
    "eval_precision_mean": 0.9057779688744427,
    "eval_precision_std": 0.012591458148378191,
    "eval_recall_mean": 0.897445783840717,
    "eval_recall_std": 0.023032843005652087,
    "eval_runtime_mean": 0.36838,
    "eval_runtime_std": 0.0055003272629908185,
    "eval_samples_per_second_mean": 1871.7538,
    "eval_samples_per_second_std": 27.711626653085517,
    "eval_steps_per_second_mean": 119.4626,
    "eval_steps_per_second_std": 1.8050343597837677
  },
  "cv_fold_metrics": [
    {
      "eval_loss": 0.4339096248149872,
      "eval_accuracy": 0.8869565217391304,
      "eval_f1": 0.8695576302242387,
      "eval_matthews_correlation": 0.7446476784899897,
      "eval_precision": 0.8881675052751177,
      "eval_recall": 0.857126857313522,
      "eval_auc": 0.9359460165758233,
      "eval_auprc": 0.8957460307618487,
      "eval_runtime": 0.3734,
      "eval_samples_per_second": 1847.901,
      "eval_steps_per_second": 117.837,
      "epoch": 6.0
    },
    {
      "eval_loss": 0.3123936355113983,
      "eval_accuracy": 0.9130434782608695,
      "eval_f1": 0.9019598556394397,
      "eval_matthews_correlation": 0.8048527186779092,
      "eval_precision": 0.9086682836682836,
      "eval_recall": 0.8962797730157546,
      "eval_auc": 0.961696408571642,
      "eval_auprc": 0.9395627207845407,
      "eval_runtime": 0.3693,
      "eval_samples_per_second": 1868.319,
      "eval_steps_per_second": 119.139,
      "epoch": 6.0
    },
    {
      "eval_loss": 0.29923588037490845,
      "eval_accuracy": 0.9216255442670537,
      "eval_f1": 0.9148011431293165,
      "eval_matthews_correlation": 0.8322103975311693,
      "eval_precision": 0.9072685642453084,
      "eval_recall": 0.9251335645327585,
      "eval_auc": 0.9695566594807385,
      "eval_auprc": 0.9564877735851662,
      "eval_runtime": 0.3585,
      "eval_samples_per_second": 1921.777,
      "eval_steps_per_second": 122.726,
      "epoch": 7.0
    },
    {
      "eval_loss": 0.3171526789665222,
      "eval_accuracy": 0.9129172714078374,
      "eval_f1": 0.9049917264202978,
      "eval_matthews_correlation": 0.8117849762440829,
      "eval_precision": 0.8985271527966026,
      "eval_recall": 0.913393945074515,
      "eval_auc": 0.9614490580185584,
      "eval_auprc": 0.9321962047408652,
      "eval_runtime": 0.3735,
      "eval_samples_per_second": 1844.604,
      "eval_steps_per_second": 117.798,
      "epoch": 6.0
    },
    {
      "eval_loss": 0.2869979441165924,
      "eval_accuracy": 0.9201741654571843,
      "eval_f1": 0.9080711560061229,
      "eval_matthews_correlation": 0.8209694166858673,
      "eval_precision": 0.9262583383869012,
      "eval_recall": 0.8952947792670354,
      "eval_auc": 0.9554597431811791,
      "eval_auprc": 0.9352513100773053,
      "eval_runtime": 0.3672,
      "eval_samples_per_second": 1876.168,
      "eval_steps_per_second": 119.813,
      "epoch": 5.0
    }
  ],
  "test_metrics": {
    "eval_loss": 0.38773736357688904,
    "eval_accuracy": 0.8956021372790793,
    "eval_f1": 0.8945763046690239,
    "eval_matthews_correlation": 0.7924248227259159,
    "eval_precision": 0.8995744453483723,
    "eval_recall": 0.8928786656543608,
    "eval_auc": 0.9542226202904054,
    "eval_auprc": 0.9504248939658793,
    "eval_runtime": 3.0147,
    "eval_samples_per_second": 1614.076,
    "eval_steps_per_second": 101.17,
    "epoch": 6.0
  }
}