{
  "experiment": "cross_cell",
  "model_type": "lamar",
  "variant": "random",
  "pair_name": "HNRNPUL1_train_K562_test_HepG2_fixlen_101",
  "pretrain_path": "",
  "max_length": 1024,
  "n_folds": 5,
  "hyperparameters": {
    "learning_rate": 5e-05,
    "per_device_train_batch_size": 16,
    "weight_decay": 0.01,
    "warmup_ratio": 0.1,
    "num_train_epochs": 10,
    "gradient_accumulation_steps": 1,
    "early_stopping_patience": 3
  },
  "cv_metrics": {
    "epoch_mean": 8.0,
    "epoch_std": 2.449489742783178,
    "eval_accuracy_mean": 0.7416666666666667,
    "eval_accuracy_std": 0.016666666666666653,
    "eval_auc_mean": 0.844738018556859,
    "eval_auc_std": 0.028730616295446217,
    "eval_auprc_mean": 0.8509754599790856,
    "eval_auprc_std": 0.04766324656400221,
    "eval_f1_mean": 0.7382732919254658,
    "eval_f1_std": 0.03504744781901521,
    "eval_loss_mean": 0.5194802045822143,
    "eval_loss_std": 0.03983359606990536,
    "eval_matthews_correlation_mean": 0.49509897692361104,
    "eval_matthews_correlation_std": 0.04479429692125868,
    "eval_precision_mean": 0.7234187797116858,
    "eval_precision_std": 0.03823080246811793,
    "eval_recall_mean": 0.7671884057971015,
    "eval_recall_std": 0.11113247599676716,
    "eval_runtime_mean": 1.04354,
    "eval_runtime_std": 0.0013260467563400815,
    "eval_samples_per_second_mean": 55.58,
    "eval_samples_per_second_std": 0.06955285759765883,
    "eval_steps_per_second_mean": 3.8332,
    "eval_steps_per_second_std": 0.004791659420284374
  },
  "cv_fold_metrics": [
    {
      "eval_loss": 0.4567497670650482,
      "eval_accuracy": 0.75,
      "eval_f1": 0.7499999999999999,
      "eval_precision": 0.782608695652174,
      "eval_recall": 0.72,
      "eval_auc": 0.8730434782608696,
      "eval_auprc": 0.9100364123708776,
      "eval_matthews_correlation": 0.5026086956521739,
      "eval_runtime": 1.0422,
      "eval_samples_per_second": 55.649,
      "eval_steps_per_second": 3.838,
      "epoch": 10.0
    },
    {
      "eval_loss": 0.543399453163147,
      "eval_accuracy": 0.75,
      "eval_f1": 0.7857142857142856,
      "eval_precision": 0.6666666666666666,
      "eval_recall": 0.9565217391304348,
      "eval_auc": 0.8817391304347826,
      "eval_auprc": 0.8976774057899921,
      "eval_matthews_correlation": 0.5566983415443779,
      "eval_runtime": 1.0441,
      "eval_samples_per_second": 55.551,
      "eval_steps_per_second": 3.831,
      "epoch": 5.0
    },
    {
      "eval_loss": 0.5596950650215149,
      "eval_accuracy": 0.75,
      "eval_f1": 0.76,
      "eval_precision": 0.7037037037037037,
      "eval_recall": 0.8260869565217391,
      "eval_auc": 0.8208695652173913,
      "eval_auprc": 0.7952886742503955,
      "eval_matthews_correlation": 0.5096447293679517,
      "eval_runtime": 1.0456,
      "eval_samples_per_second": 55.471,
      "eval_steps_per_second": 3.826,
      "epoch": 10.0
    },
    {
      "eval_loss": 0.5488459467887878,
      "eval_accuracy": 0.75,
      "eval_f1": 0.7,
      "eval_precision": 0.7368421052631579,
      "eval_recall": 0.6666666666666666,
      "eval_auc": 0.8077601410934744,
      "eval_auprc": 0.8001030187086985,
      "eval_matthews_correlation": 0.48842211305000627,
      "eval_runtime": 1.0438,
      "eval_samples_per_second": 55.568,
      "eval_steps_per_second": 3.832,
      "epoch": 5.0
    },
    {
      "eval_loss": 0.48871079087257385,
      "eval_accuracy": 0.7083333333333334,
      "eval_f1": 0.6956521739130435,
      "eval_precision": 0.7272727272727273,
      "eval_recall": 0.6666666666666666,
      "eval_auc": 0.8402777777777778,
      "eval_auprc": 0.8517717887754643,
      "eval_matthews_correlation": 0.4181210050035454,
      "eval_runtime": 1.042,
      "eval_samples_per_second": 55.661,
      "eval_steps_per_second": 3.839,
      "epoch": 10.0
    }
  ],
  "test_metrics": {
    "eval_loss": 0.7031416893005371,
    "eval_accuracy": 0.5972222222222222,
    "eval_f1": 0.7076612903225807,
    "eval_precision": 0.552755905511811,
    "eval_recall": 0.9831932773109243,
    "eval_auc": 0.8895679483914778,
    "eval_auprc": 0.872545380186531,
    "eval_matthews_correlation": 0.3111766435885315,
    "eval_runtime": 15.6155,
    "eval_samples_per_second": 46.172,
    "eval_steps_per_second": 2.946,
    "epoch": 5.0
  }
}