{
  "experiment": "cross_length",
  "model_type": "lamar",
  "variant": "pretrained_custom",
  "pair_name": "DDX52_HepG2_ENCSR970FEW",
  "pretrain_path": "/gpfs/bwfor/work/ws/fr_ml642-thesis_work/Thesis/LAMAR/src/pretrain/saving_model/tapt_512_standard_collator_1gpu/checkpoint-265000/model.safetensors",
  "max_length": 512,
  "n_folds": 5,
  "hyperparameters": {
    "learning_rate": 5e-05,
    "per_device_train_batch_size": 16,
    "weight_decay": 0.01,
    "warmup_ratio": 0.1,
    "num_train_epochs": 10,
    "gradient_accumulation_steps": 1,
    "early_stopping_patience": 3
  },
  "cv_metrics": {
    "epoch_mean": 5.8,
    "epoch_std": 1.32664991614216,
    "eval_accuracy_mean": 0.675,
    "eval_accuracy_std": 0.07288689868556626,
    "eval_auc_mean": 0.72,
    "eval_auc_std": 0.11756794725698934,
    "eval_auprc_mean": 0.6468681318681317,
    "eval_auprc_std": 0.131162248260628,
    "eval_f1_mean": 0.3790909090909091,
    "eval_f1_std": 0.22426371725277597,
    "eval_loss_mean": 0.6323961734771728,
    "eval_loss_std": 0.06463903618009711,
    "eval_matthews_correlation_mean": 0.22921868399786677,
    "eval_matthews_correlation_std": 0.2542026122337441,
    "eval_precision_mean": 0.5700000000000001,
    "eval_precision_std": 0.33105890714493696,
    "eval_recall_mean": 0.3,
    "eval_recall_std": 0.19436506316151003,
    "eval_runtime_mean": 0.12672,
    "eval_runtime_std": 0.0007467261881037857,
    "eval_samples_per_second_mean": 129.4208,
    "eval_samples_per_second_std": 4.007452627293303,
    "eval_steps_per_second_mean": 11.05,
    "eval_steps_per_second_std": 3.873373310178093
  },
  "cv_fold_metrics": [
    {
      "eval_loss": 0.6380082368850708,
      "eval_accuracy": 0.5625,
      "eval_f1": 0.0,
      "eval_precision": 0.0,
      "eval_recall": 0.0,
      "eval_auc": 0.75,
      "eval_auprc": 0.6283730158730159,
      "eval_matthews_correlation": -0.2,
      "eval_runtime": 0.1264,
      "eval_samples_per_second": 134.534,
      "eval_steps_per_second": 15.828,
      "epoch": 4.0
    },
    {
      "eval_loss": 0.5692980885505676,
      "eval_accuracy": 0.75,
      "eval_f1": 0.5,
      "eval_precision": 1.0,
      "eval_recall": 0.3333333333333333,
      "eval_auc": 0.8833333333333333,
      "eval_auprc": 0.8523809523809522,
      "eval_matthews_correlation": 0.4879500364742666,
      "eval_runtime": 0.1269,
      "eval_samples_per_second": 133.954,
      "eval_steps_per_second": 15.759,
      "epoch": 6.0
    },
    {
      "eval_loss": 0.5806054472923279,
      "eval_accuracy": 0.75,
      "eval_f1": 0.6,
      "eval_precision": 0.75,
      "eval_recall": 0.5,
      "eval_auc": 0.7333333333333334,
      "eval_auprc": 0.6736111111111112,
      "eval_matthews_correlation": 0.4472135954999579,
      "eval_runtime": 0.1279,
      "eval_samples_per_second": 125.077,
      "eval_steps_per_second": 7.817,
      "epoch": 8.0
    },
    {
      "eval_loss": 0.6229050755500793,
      "eval_accuracy": 0.6875,
      "eval_f1": 0.5454545454545454,
      "eval_precision": 0.6,
      "eval_recall": 0.5,
      "eval_auc": 0.7166666666666667,
      "eval_auprc": 0.6396825396825396,
      "eval_matthews_correlation": 0.3133397807202561,
      "eval_runtime": 0.1268,
      "eval_samples_per_second": 126.188,
      "eval_steps_per_second": 7.887,
      "epoch": 5.0
    },
    {
      "eval_loss": 0.7511640191078186,
      "eval_accuracy": 0.625,
      "eval_f1": 0.25,
      "eval_precision": 0.5,
      "eval_recall": 0.16666666666666666,
      "eval_auc": 0.5166666666666666,
      "eval_auprc": 0.4402930402930403,
      "eval_matthews_correlation": 0.09759000729485333,
      "eval_runtime": 0.1256,
      "eval_samples_per_second": 127.351,
      "eval_steps_per_second": 7.959,
      "epoch": 6.0
    }
  ],
  "test_metrics": {
    "eval_loss": 0.6785126328468323,
    "eval_accuracy": 0.5681818181818182,
    "eval_f1": 0.3214285714285714,
    "eval_precision": 0.72,
    "eval_recall": 0.20689655172413793,
    "eval_auc": 0.718971974686814,
    "eval_auprc": 0.6942321087333342,
    "eval_matthews_correlation": 0.18366911817525303,
    "eval_runtime": 1.3223,
    "eval_samples_per_second": 142.178,
    "eval_steps_per_second": 9.075,
    "epoch": 7.0
  }
}