{
  "experiment": "cross_length",
  "model_type": "lamar",
  "variant": "random",
  "pair_name": "SRSF9_HepG2_ENCSR773KRC",
  "pretrain_path": "",
  "max_length": 1024,
  "n_folds": 5,
  "hyperparameters": {
    "learning_rate": 5e-05,
    "per_device_train_batch_size": 16,
    "weight_decay": 0.01,
    "warmup_ratio": 0.1,
    "num_train_epochs": 10,
    "gradient_accumulation_steps": 1,
    "early_stopping_patience": 3
  },
  "cv_metrics": {
    "epoch_mean": 6.0,
    "epoch_std": 1.8973665961010275,
    "eval_accuracy_mean": 0.7979166666666667,
    "eval_accuracy_std": 0.029901458530015263,
    "eval_auc_mean": 0.8961271104059427,
    "eval_auc_std": 0.01781902298504932,
    "eval_auprc_mean": 0.7122834445360344,
    "eval_auprc_std": 0.02585394397025202,
    "eval_f1_mean": 0.5412987012987014,
    "eval_f1_std": 0.21832367484271775,
    "eval_loss_mean": 0.39562149047851564,
    "eval_loss_std": 0.027499428678802017,
    "eval_matthews_correlation_mean": 0.47217099034753796,
    "eval_matthews_correlation_std": 0.1610740311696229,
    "eval_precision_mean": 0.6811742777260019,
    "eval_precision_std": 0.06416922322734149,
    "eval_recall_mean": 0.5653789173789173,
    "eval_recall_std": 0.3224483101016301,
    "eval_runtime_mean": 2.06874,
    "eval_runtime_std": 0.0010669582934678655,
    "eval_samples_per_second_mean": 49.4982,
    "eval_samples_per_second_std": 0.22633196857713306,
    "eval_steps_per_second_mean": 3.3836,
    "eval_steps_per_second_std": 0.0016248076809272864
  },
  "cv_fold_metrics": [
    {
      "eval_loss": 0.42923858761787415,
      "eval_accuracy": 0.8020833333333334,
      "eval_f1": 0.6984126984126985,
      "eval_precision": 0.5945945945945946,
      "eval_recall": 0.8461538461538461,
      "eval_auc": 0.8752747252747253,
      "eval_auprc": 0.7559466090025713,
      "eval_matthews_correlation": 0.576946148518722,
      "eval_runtime": 2.0683,
      "eval_samples_per_second": 49.799,
      "eval_steps_per_second": 3.384,
      "epoch": 6.0
    },
    {
      "eval_loss": 0.42276379466056824,
      "eval_accuracy": 0.75,
      "eval_f1": 0.19999999999999998,
      "eval_precision": 0.75,
      "eval_recall": 0.11538461538461539,
      "eval_auc": 0.8945054945054944,
      "eval_auprc": 0.7149695080477021,
      "eval_matthews_correlation": 0.22483204964917824,
      "eval_runtime": 2.0704,
      "eval_samples_per_second": 49.749,
      "eval_steps_per_second": 3.381,
      "epoch": 4.0
    },
    {
      "eval_loss": 0.37491080164909363,
      "eval_accuracy": 0.8229166666666666,
      "eval_f1": 0.7301587301587302,
      "eval_precision": 0.6216216216216216,
      "eval_recall": 0.8846153846153846,
      "eval_auc": 0.9027472527472526,
      "eval_auprc": 0.714255005096167,
      "eval_matthews_correlation": 0.6251086096124587,
      "eval_runtime": 2.0685,
      "eval_samples_per_second": 49.31,
      "eval_steps_per_second": 3.384,
      "epoch": 9.0
    },
    {
      "eval_loss": 0.3571120500564575,
      "eval_accuracy": 0.78125,
      "eval_f1": 0.36363636363636365,
      "eval_precision": 0.75,
      "eval_recall": 0.24,
      "eval_auc": 0.9261971830985916,
      "eval_auprc": 0.6994612351334676,
      "eval_matthews_correlation": 0.33635844547332117,
      "eval_runtime": 2.0672,
      "eval_samples_per_second": 49.342,
      "eval_steps_per_second": 3.386,
      "epoch": 7.0
    },
    {
      "eval_loss": 0.3940822184085846,
      "eval_accuracy": 0.8333333333333334,
      "eval_f1": 0.7142857142857143,
      "eval_precision": 0.6896551724137931,
      "eval_recall": 0.7407407407407407,
      "eval_auc": 0.88191089640365,
      "eval_auprc": 0.6767848654002641,
      "eval_matthews_correlation": 0.5976096984840096,
      "eval_runtime": 2.0693,
      "eval_samples_per_second": 49.291,
      "eval_steps_per_second": 3.383,
      "epoch": 4.0
    }
  ],
  "test_metrics": {
    "eval_loss": 0.4409864842891693,
    "eval_accuracy": 0.8050847457627118,
    "eval_f1": 0.7855477855477855,
    "eval_precision": 0.8140096618357487,
    "eval_recall": 0.759009009009009,
    "eval_auc": 0.8907567567567568,
    "eval_auprc": 0.8548430532939655,
    "eval_matthews_correlation": 0.6085555443812098,
    "eval_runtime": 20.3525,
    "eval_samples_per_second": 46.972,
    "eval_steps_per_second": 2.948,
    "epoch": 8.0
  }
}