{
  "experiment": "cross_length",
  "model_type": "lamar",
  "variant": "random",
  "pair_name": "PUM2_K562_ENCSR661ICQ",
  "pretrain_path": "",
  "max_length": 1024,
  "n_folds": 5,
  "hyperparameters": {
    "learning_rate": 5e-05,
    "per_device_train_batch_size": 16,
    "weight_decay": 0.01,
    "warmup_ratio": 0.1,
    "num_train_epochs": 10,
    "gradient_accumulation_steps": 1,
    "early_stopping_patience": 3
  },
  "cv_metrics": {
    "epoch_mean": 8.4,
    "epoch_std": 1.9595917942265424,
    "eval_accuracy_mean": 0.6853658536585365,
    "eval_accuracy_std": 0.022082096295404644,
    "eval_auc_mean": 0.6803992340754536,
    "eval_auc_std": 0.030867539257683856,
    "eval_auprc_mean": 0.5011541628992188,
    "eval_auprc_std": 0.04253950334921425,
    "eval_f1_mean": 0.33660002878451467,
    "eval_f1_std": 0.17307376061379384,
    "eval_loss_mean": 0.598186993598938,
    "eval_loss_std": 0.0265344216732674,
    "eval_matthews_correlation_mean": 0.18661733381285792,
    "eval_matthews_correlation_std": 0.10806748876158154,
    "eval_precision_mean": 0.4328906822312339,
    "eval_precision_std": 0.22429504458233185,
    "eval_recall_mean": 0.277830906324712,
    "eval_recall_std": 0.14598065158193133,
    "eval_runtime_mean": 14.07878,
    "eval_runtime_std": 0.010048562086188758,
    "eval_samples_per_second_mean": 47.262800000000006,
    "eval_samples_per_second_std": 0.03713973613261143,
    "eval_steps_per_second_mean": 2.9832,
    "eval_steps_per_second_std": 0.0023151673805581045
  },
  "cv_fold_metrics": [
    {
      "eval_loss": 0.5575908422470093,
      "eval_accuracy": 0.725609756097561,
      "eval_f1": 0.45121951219512196,
      "eval_precision": 0.6491228070175439,
      "eval_recall": 0.34579439252336447,
      "eval_auc": 0.7271958387956189,
      "eval_auprc": 0.5715893125418232,
      "eval_matthews_correlation": 0.3158719612096986,
      "eval_runtime": 14.0941,
      "eval_samples_per_second": 47.254,
      "eval_steps_per_second": 2.98,
      "epoch": 10.0
    },
    {
      "eval_loss": 0.629709005355835,
      "eval_accuracy": 0.6646341463414634,
      "eval_f1": 0.36416184971098264,
      "eval_precision": 0.48091603053435117,
      "eval_recall": 0.2930232558139535,
      "eval_auc": 0.647545219638243,
      "eval_auprc": 0.47188744013746897,
      "eval_matthews_correlation": 0.16300504915269454,
      "eval_runtime": 14.0736,
      "eval_samples_per_second": 47.323,
      "eval_steps_per_second": 2.984,
      "epoch": 10.0
    },
    {
      "eval_loss": 0.6105389595031738,
      "eval_accuracy": 0.6722560975609756,
      "eval_f1": 0.0,
      "eval_precision": 0.0,
      "eval_recall": 0.0,
      "eval_auc": 0.663608078890471,
      "eval_auprc": 0.47318761881807303,
      "eval_matthews_correlation": 0.0,
      "eval_runtime": 14.0715,
      "eval_samples_per_second": 47.259,
      "eval_steps_per_second": 2.985,
      "epoch": 6.0
    },
    {
      "eval_loss": 0.6155316233634949,
      "eval_accuracy": 0.6722560975609756,
      "eval_f1": 0.3909348441926345,
      "eval_precision": 0.49640287769784175,
      "eval_recall": 0.32242990654205606,
      "eval_auc": 0.657239819004525,
      "eval_auprc": 0.4601939220519907,
      "eval_matthews_correlation": 0.18821969030985297,
      "eval_runtime": 14.0677,
      "eval_samples_per_second": 47.271,
      "eval_steps_per_second": 2.986,
      "epoch": 6.0
    },
    {
      "eval_loss": 0.577564537525177,
      "eval_accuracy": 0.6920731707317073,
      "eval_f1": 0.47668393782383417,
      "eval_precision": 0.5380116959064327,
      "eval_recall": 0.42790697674418604,
      "eval_auc": 0.7064072140484101,
      "eval_auprc": 0.5289125209467376,
      "eval_matthews_correlation": 0.26598996839204353,
      "eval_runtime": 14.087,
      "eval_samples_per_second": 47.207,
      "eval_steps_per_second": 2.981,
      "epoch": 10.0
    }
  ],
  "test_metrics": {
    "eval_loss": 0.7043673992156982,
    "eval_accuracy": 0.5930555555555556,
    "eval_f1": 0.37850577421635634,
    "eval_precision": 0.7000871839581517,
    "eval_recall": 0.25936692506459946,
    "eval_auc": 0.6773564112314525,
    "eval_auprc": 0.637011712727713,
    "eval_matthews_correlation": 0.20640162321081185,
    "eval_runtime": 139.6434,
    "eval_samples_per_second": 46.411,
    "eval_steps_per_second": 2.907,
    "epoch": 10.0
  }
}