{
  "experiment": "cross_length",
  "model_type": "dnabert2",
  "variant": "tapt_v3",
  "pair_name": "BUD13_HepG2_ENCSR830BSQ",
  "max_length": 256,
  "n_folds": 5,
  "hyperparameters": {
    "learning_rate": 5e-05,
    "per_device_train_batch_size": 16,
    "weight_decay": 0.01,
    "warmup_ratio": 0.1,
    "num_train_epochs": 10,
    "gradient_accumulation_steps": 1,
    "early_stopping_patience": 3
  },
  "cv_metrics": {
    "epoch_mean": 7.0,
    "epoch_std": 0.8944271909999159,
    "eval_accuracy_mean": 0.8710916122720394,
    "eval_accuracy_std": 0.015073392021207482,
    "eval_auc_mean": 0.9392397615795478,
    "eval_auc_std": 0.011691457633624473,
    "eval_auprc_mean": 0.846717205803774,
    "eval_auprc_std": 0.04039456506102541,
    "eval_f1_mean": 0.8461854823262847,
    "eval_f1_std": 0.016413899462983557,
    "eval_loss_mean": 0.36548847556114195,
    "eval_loss_std": 0.06609187367336562,
    "eval_matthews_correlation_mean": 0.6994631404569909,
    "eval_matthews_correlation_std": 0.03569982266660716,
    "eval_precision_mean": 0.8479596338388223,
    "eval_precision_std": 0.026956808594595694,
    "eval_recall_mean": 0.8525509940473885,
    "eval_recall_std": 0.025871862738201884,
    "eval_runtime_mean": 0.5247400000000001,
    "eval_runtime_std": 0.004280467264213115,
    "eval_samples_per_second_mean": 1194.5754000000002,
    "eval_samples_per_second_std": 9.987078103229152,
    "eval_steps_per_second_mean": 76.2332,
    "eval_steps_per_second_std": 0.6271693232293832
  },
  "cv_fold_metrics": [
    {
      "eval_loss": 0.4842594861984253,
      "eval_accuracy": 0.8883572567783095,
      "eval_f1": 0.8686242816091954,
      "eval_matthews_correlation": 0.7391889869714608,
      "eval_precision": 0.8600308317567094,
      "eval_recall": 0.8794121990843302,
      "eval_auc": 0.9445182887805839,
      "eval_auprc": 0.8647457632674285,
      "eval_runtime": 0.5281,
      "eval_samples_per_second": 1187.375,
      "eval_steps_per_second": 75.75,
      "epoch": 8.0
    },
    {
      "eval_loss": 0.3401275873184204,
      "eval_accuracy": 0.886762360446571,
      "eval_f1": 0.8513587963658582,
      "eval_matthews_correlation": 0.7173898690961018,
      "eval_precision": 0.893593847248155,
      "eval_recall": 0.826890415005169,
      "eval_auc": 0.9485797272682519,
      "eval_auprc": 0.8921408364062402,
      "eval_runtime": 0.5261,
      "eval_samples_per_second": 1191.707,
      "eval_steps_per_second": 76.026,
      "epoch": 7.0
    },
    {
      "eval_loss": 0.3666042685508728,
      "eval_accuracy": 0.8516746411483254,
      "eval_f1": 0.8276724206718622,
      "eval_matthews_correlation": 0.6593807736517103,
      "eval_precision": 0.8175745118191162,
      "eval_recall": 0.842268498006203,
      "eval_auc": 0.9291586668635848,
      "eval_auprc": 0.8186256021089208,
      "eval_runtime": 0.527,
      "eval_samples_per_second": 1189.661,
      "eval_steps_per_second": 75.895,
      "epoch": 6.0
    },
    {
      "eval_loss": 0.35443416237831116,
      "eval_accuracy": 0.8564593301435407,
      "eval_f1": 0.8269273235842576,
      "eval_matthews_correlation": 0.653854647168515,
      "eval_precision": 0.8269273235842576,
      "eval_recall": 0.8269273235842576,
      "eval_auc": 0.9218642653842378,
      "eval_auprc": 0.7823681571030473,
      "eval_runtime": 0.5163,
      "eval_samples_per_second": 1214.36,
      "eval_steps_per_second": 77.471,
      "epoch": 8.0
    },
    {
      "eval_loss": 0.2820168733596802,
      "eval_accuracy": 0.8722044728434505,
      "eval_f1": 0.8563445894002502,
      "eval_matthews_correlation": 0.7275014253971659,
      "eval_precision": 0.8416716547858737,
      "eval_recall": 0.8872565345569823,
      "eval_auc": 0.9520778596010806,
      "eval_auprc": 0.8757056701332325,
      "eval_runtime": 0.5262,
      "eval_samples_per_second": 1189.774,
      "eval_steps_per_second": 76.024,
      "epoch": 6.0
    }
  ],
  "test_metrics": {
    "eval_loss": 0.45140084624290466,
    "eval_accuracy": 0.9072953169799299,
    "eval_f1": 0.9072121091149004,
    "eval_matthews_correlation": 0.8153028450190063,
    "eval_precision": 0.907114357329202,
    "eval_recall": 0.9081891961860846,
    "eval_auc": 0.9664916749705293,
    "eval_auprc": 0.9603616274545643,
    "eval_runtime": 6.9743,
    "eval_samples_per_second": 900.164,
    "eval_steps_per_second": 56.35,
    "epoch": 10.0
  }
}