{
  "experiment": "cross_length",
  "model_type": "lamar",
  "variant": "pretrained",
  "pair_name": "ILF3_HepG2_ENCSR786TSC",
  "pretrain_path": "/gpfs/bwfor/work/ws/fr_ml642-thesis_work/Thesis/LAMAR/weights",
  "max_length": 1024,
  "n_folds": 5,
  "hyperparameters": {
    "learning_rate": 5e-05,
    "per_device_train_batch_size": 16,
    "weight_decay": 0.01,
    "warmup_ratio": 0.1,
    "num_train_epochs": 10,
    "gradient_accumulation_steps": 1,
    "early_stopping_patience": 3
  },
  "cv_metrics": {
    "epoch_mean": 10.0,
    "epoch_std": 0.0,
    "eval_accuracy_mean": 0.8018939393939393,
    "eval_accuracy_std": 0.015037449425211518,
    "eval_auc_mean": 0.8614774262762079,
    "eval_auc_std": 0.007198708732676506,
    "eval_auprc_mean": 0.7030331906591947,
    "eval_auprc_std": 0.017467546754350895,
    "eval_f1_mean": 0.6405392457341621,
    "eval_f1_std": 0.017021900513466488,
    "eval_loss_mean": 0.4424325704574585,
    "eval_loss_std": 0.014741381107859216,
    "eval_matthews_correlation_mean": 0.5103598003892715,
    "eval_matthews_correlation_std": 0.020782853423414314,
    "eval_precision_mean": 0.6874357623176166,
    "eval_precision_std": 0.05143477184832919,
    "eval_recall_mean": 0.6075296746264488,
    "eval_recall_std": 0.057842483939668295,
    "eval_runtime_mean": 11.39476,
    "eval_runtime_std": 0.02995146740979432,
    "eval_samples_per_second_mean": 46.5304,
    "eval_samples_per_second_std": 0.14543809679722788,
    "eval_steps_per_second_mean": 2.9840000000000004,
    "eval_steps_per_second_std": 0.007823042886243168
  },
  "cv_fold_metrics": [
    {
      "eval_loss": 0.421987384557724,
      "eval_accuracy": 0.8162878787878788,
      "eval_f1": 0.662020905923345,
      "eval_precision": 0.7142857142857143,
      "eval_recall": 0.6168831168831169,
      "eval_auc": 0.8733939856934511,
      "eval_auprc": 0.7312186829457327,
      "eval_matthews_correlation": 0.5395281396373818,
      "eval_runtime": 11.3602,
      "eval_samples_per_second": 46.742,
      "eval_steps_per_second": 2.993,
      "epoch": 10.0
    },
    {
      "eval_loss": 0.4617110788822174,
      "eval_accuracy": 0.8068181818181818,
      "eval_f1": 0.6577181208053691,
      "eval_precision": 0.6758620689655173,
      "eval_recall": 0.6405228758169934,
      "eval_auc": 0.8527755991285404,
      "eval_auprc": 0.684998541629803,
      "eval_matthews_correlation": 0.5236546931145188,
      "eval_runtime": 11.3567,
      "eval_samples_per_second": 46.668,
      "eval_steps_per_second": 2.994,
      "epoch": 10.0
    },
    {
      "eval_loss": 0.4298473298549652,
      "eval_accuracy": 0.7727272727272727,
      "eval_f1": 0.6385542168674699,
      "eval_precision": 0.5921787709497207,
      "eval_recall": 0.6928104575163399,
      "eval_auc": 0.8561394335511983,
      "eval_auprc": 0.6842573555680159,
      "eval_matthews_correlation": 0.4773938739228131,
      "eval_runtime": 11.4256,
      "eval_samples_per_second": 46.387,
      "eval_steps_per_second": 2.976,
      "epoch": 10.0
    },
    {
      "eval_loss": 0.44462189078330994,
      "eval_accuracy": 0.8068181818181818,
      "eval_f1": 0.6194029850746268,
      "eval_precision": 0.7345132743362832,
      "eval_recall": 0.535483870967742,
      "eval_auc": 0.8648447634696879,
      "eval_auprc": 0.7101898192726264,
      "eval_matthews_correlation": 0.5052668503156875,
      "eval_runtime": 11.4187,
      "eval_samples_per_second": 46.415,
      "eval_steps_per_second": 2.978,
      "epoch": 10.0
    },
    {
      "eval_loss": 0.4539951682090759,
      "eval_accuracy": 0.8068181818181818,
      "eval_f1": 0.6250000000000001,
      "eval_precision": 0.7203389830508474,
      "eval_recall": 0.551948051948052,
      "eval_auc": 0.8602333495381624,
      "eval_auprc": 0.7045015538797955,
      "eval_matthews_correlation": 0.5059554449559565,
      "eval_runtime": 11.4126,
      "eval_samples_per_second": 46.44,
      "eval_steps_per_second": 2.979,
      "epoch": 10.0
    }
  ],
  "test_metrics": {
    "eval_loss": 0.7467893362045288,
    "eval_accuracy": 0.5431547619047619,
    "eval_f1": 0.061162079510703356,
    "eval_precision": 0.958904109589041,
    "eval_recall": 0.0315884476534296,
    "eval_auc": 0.7493555710007314,
    "eval_auprc": 0.6777535405926267,
    "eval_matthews_correlation": 0.12269787388014955,
    "eval_runtime": 102.0886,
    "eval_samples_per_second": 46.146,
    "eval_steps_per_second": 2.89,
    "epoch": 5.0
  }
}