{
  "experiment": "cross_length",
  "model_type": "lamar",
  "variant": "random",
  "pair_name": "RBM22_K562_ENCSR295OKT",
  "pretrain_path": "",
  "max_length": 1024,
  "n_folds": 5,
  "hyperparameters": {
    "learning_rate": 5e-05,
    "per_device_train_batch_size": 16,
    "weight_decay": 0.01,
    "warmup_ratio": 0.1,
    "num_train_epochs": 10,
    "gradient_accumulation_steps": 1,
    "early_stopping_patience": 3
  },
  "cv_metrics": {
    "epoch_mean": 9.0,
    "epoch_std": 2.0,
    "eval_accuracy_mean": 0.7277777777777777,
    "eval_accuracy_std": 0.038640077064565424,
    "eval_auc_mean": 0.6775424674152587,
    "eval_auc_std": 0.05407013658274759,
    "eval_auprc_mean": 0.39862067747613683,
    "eval_auprc_std": 0.06664713238881705,
    "eval_f1_mean": 0.14021417179311918,
    "eval_f1_std": 0.12696503330592482,
    "eval_loss_mean": 0.5654293060302734,
    "eval_loss_std": 0.06333249307290381,
    "eval_matthews_correlation_mean": 0.07571447736872684,
    "eval_matthews_correlation_std": 0.0843824429845732,
    "eval_precision_mean": 0.29088669950738916,
    "eval_precision_std": 0.2825590171026861,
    "eval_recall_mean": 0.10903271692745378,
    "eval_recall_std": 0.10586923286069061,
    "eval_runtime_mean": 3.1004599999999995,
    "eval_runtime_std": 0.001300153837051531,
    "eval_samples_per_second_mean": 48.509,
    "eval_samples_per_second_std": 0.15600897410085007,
    "eval_steps_per_second_mean": 3.2256,
    "eval_steps_per_second_std": 0.001496662954709566
  },
  "cv_fold_metrics": [
    {
      "eval_loss": 0.5092408061027527,
      "eval_accuracy": 0.7291666666666666,
      "eval_f1": 0.3157894736842105,
      "eval_precision": 0.42857142857142855,
      "eval_recall": 0.25,
      "eval_auc": 0.7098765432098766,
      "eval_auprc": 0.4332334196048942,
      "eval_matthews_correlation": 0.17039954414774924,
      "eval_runtime": 3.1003,
      "eval_samples_per_second": 48.705,
      "eval_steps_per_second": 3.226,
      "epoch": 10.0
    },
    {
      "eval_loss": 0.6423447132110596,
      "eval_accuracy": 0.6527777777777778,
      "eval_f1": 0.24242424242424243,
      "eval_precision": 0.27586206896551724,
      "eval_recall": 0.21621621621621623,
      "eval_auc": 0.5711038140944683,
      "eval_auprc": 0.2978780533123021,
      "eval_matthews_correlation": 0.02174134568303883,
      "eval_runtime": 3.1011,
      "eval_samples_per_second": 48.692,
      "eval_steps_per_second": 3.225,
      "epoch": 10.0
    },
    {
      "eval_loss": 0.5141121745109558,
      "eval_accuracy": 0.7569444444444444,
      "eval_f1": 0.0,
      "eval_precision": 0.0,
      "eval_recall": 0.0,
      "eval_auc": 0.7024901703800787,
      "eval_auprc": 0.39635394491335596,
      "eval_matthews_correlation": 0.0,
      "eval_runtime": 3.1026,
      "eval_samples_per_second": 48.347,
      "eval_steps_per_second": 3.223,
      "epoch": 10.0
    },
    {
      "eval_loss": 0.5179527401924133,
      "eval_accuracy": 0.75,
      "eval_f1": 0.14285714285714285,
      "eval_precision": 0.75,
      "eval_recall": 0.07894736842105263,
      "eval_auc": 0.7164846077457796,
      "eval_auprc": 0.4980796027480819,
      "eval_matthews_correlation": 0.18643149701284611,
      "eval_runtime": 3.0992,
      "eval_samples_per_second": 48.4,
      "eval_steps_per_second": 3.227,
      "epoch": 10.0
    },
    {
      "eval_loss": 0.6434960961341858,
      "eval_accuracy": 0.75,
      "eval_f1": 0.0,
      "eval_precision": 0.0,
      "eval_recall": 0.0,
      "eval_auc": 0.6877572016460906,
      "eval_auprc": 0.3675583668020499,
      "eval_matthews_correlation": 0.0,
      "eval_runtime": 3.0991,
      "eval_samples_per_second": 48.401,
      "eval_steps_per_second": 3.227,
      "epoch": 5.0
    }
  ],
  "test_metrics": {
    "eval_loss": 0.7229847311973572,
    "eval_accuracy": 0.5286989795918368,
    "eval_f1": 0.0,
    "eval_precision": 0.0,
    "eval_recall": 0.0,
    "eval_auc": 0.5544544758590407,
    "eval_auprc": 0.4801092387914276,
    "eval_matthews_correlation": 0.0,
    "eval_runtime": 33.8351,
    "eval_samples_per_second": 46.461,
    "eval_steps_per_second": 2.926,
    "epoch": 4.0
  }
}