{
  "experiment": "rbp",
  "model_type": "dnabert2",
  "variant": "dnabert2_tapt_v3",
  "rbp_name": "HNRNPM_HepG2_IDR",
  "weights_path": "/gpfs/bwfor/work/ws/fr_ml642-thesis_work/Thesis/DNABERT2/pretrain/models/dnabert2_tapt_v3/checkpoint-2566",
  "max_length": 512,
  "n_folds": 5,
  "hyperparameters": {
    "learning_rate": 5e-05,
    "per_device_train_batch_size": 16,
    "weight_decay": 0.01,
    "warmup_ratio": 0.1,
    "num_train_epochs": 10,
    "gradient_accumulation_steps": 1,
    "early_stopping_patience": 3
  },
  "cv_metrics": {
    "epoch_mean": 5.4,
    "epoch_std": 1.3564659966250536,
    "eval_accuracy_mean": 0.8890798226164079,
    "eval_accuracy_std": 0.012961459017610328,
    "eval_auc_mean": 0.95887102324964,
    "eval_auc_std": 0.0034607992470565845,
    "eval_auprc_mean": 0.9498475597453544,
    "eval_auprc_std": 0.0036150507455781906,
    "eval_f1_mean": 0.8907402716573024,
    "eval_f1_std": 0.01862550333120322,
    "eval_loss_mean": 0.3340871810913086,
    "eval_loss_std": 0.06270648912047354,
    "eval_matthews_correlation_mean": 0.7831609414546566,
    "eval_matthews_correlation_std": 0.023887097198684922,
    "eval_precision_mean": 0.8748561776369457,
    "eval_precision_std": 0.03136118095273485,
    "eval_recall_mean": 0.9123059866962306,
    "eval_recall_std": 0.06265025498027262,
    "eval_runtime_mean": 2.77796,
    "eval_runtime_std": 0.004150469852920309,
    "eval_samples_per_second_mean": 1298.7948,
    "eval_samples_per_second_std": 1.9348744041926453,
    "eval_steps_per_second_mean": 81.3548,
    "eval_steps_per_second_std": 0.12116831268941865
  },
  "cv_fold_metrics": [
    {
      "eval_loss": 0.34570616483688354,
      "eval_accuracy": 0.8664079822616408,
      "eval_f1": 0.8552552552552553,
      "eval_precision": 0.9331585845347313,
      "eval_recall": 0.7893569844789357,
      "eval_matthews_correlation": 0.7416753167397533,
      "eval_auc": 0.9620289784710989,
      "eval_auprc": 0.9558777044285215,
      "eval_runtime": 2.7698,
      "eval_samples_per_second": 1302.599,
      "eval_steps_per_second": 81.593,
      "epoch": 5.0
    },
    {
      "eval_loss": 0.28035780787467957,
      "eval_accuracy": 0.9065964523281597,
      "eval_f1": 0.9105388903636846,
      "eval_precision": 0.8736627610799796,
      "eval_recall": 0.9506651884700665,
      "eval_matthews_correlation": 0.8163699549522445,
      "eval_auc": 0.9639933862173735,
      "eval_auprc": 0.9519371825742343,
      "eval_runtime": 2.7804,
      "eval_samples_per_second": 1297.641,
      "eval_steps_per_second": 81.282,
      "epoch": 5.0
    },
    {
      "eval_loss": 0.4471905529499054,
      "eval_accuracy": 0.8927383592017738,
      "eval_f1": 0.8968275126632897,
      "eval_precision": 0.8638931689779148,
      "eval_recall": 0.9323725055432373,
      "eval_matthews_correlation": 0.7879561658211165,
      "eval_auc": 0.9559521585439601,
      "eval_auprc": 0.9458456737881331,
      "eval_runtime": 2.7791,
      "eval_samples_per_second": 1298.254,
      "eval_steps_per_second": 81.321,
      "epoch": 8.0
    },
    {
      "eval_loss": 0.32434237003326416,
      "eval_accuracy": 0.8883037694013304,
      "eval_f1": 0.8958925342288814,
      "eval_precision": 0.8388969521044993,
      "eval_recall": 0.9611973392461197,
      "eval_matthews_correlation": 0.7849944343978279,
      "eval_auc": 0.9568156007099278,
      "eval_auprc": 0.9475434399168083,
      "eval_runtime": 2.7812,
      "eval_samples_per_second": 1297.294,
      "eval_steps_per_second": 81.261,
      "epoch": 5.0
    },
    {
      "eval_loss": 0.2728390097618103,
      "eval_accuracy": 0.8913525498891353,
      "eval_f1": 0.895187165775401,
      "eval_precision": 0.8646694214876033,
      "eval_recall": 0.9279379157427938,
      "eval_matthews_correlation": 0.784808835362341,
      "eval_auc": 0.9555649923058391,
      "eval_auprc": 0.9480337980190743,
      "eval_runtime": 2.7793,
      "eval_samples_per_second": 1298.186,
      "eval_steps_per_second": 81.317,
      "epoch": 4.0
    }
  ],
  "test_metrics": {
    "eval_loss": 0.29627934098243713,
    "eval_accuracy": 0.907035175879397,
    "eval_f1": 0.90914671577655,
    "eval_precision": 0.8889555822328932,
    "eval_recall": 0.9302763819095478,
    "eval_matthews_correlation": 0.8149512255940672,
    "eval_auc": 0.9613362036312215,
    "eval_auprc": 0.9538559817340834,
    "eval_runtime": 2.4098,
    "eval_samples_per_second": 1321.275,
    "eval_steps_per_second": 82.58,
    "epoch": 4.0
  }
}