{
  "experiment": "cross_length",
  "model_type": "lamar",
  "variant": "pretrained",
  "pair_name": "FTO_HepG2_ENCSR903PRV",
  "pretrain_path": "/gpfs/bwfor/work/ws/fr_ml642-thesis_work/Thesis/LAMAR/weights",
  "max_length": 1024,
  "n_folds": 5,
  "hyperparameters": {
    "learning_rate": 5e-05,
    "per_device_train_batch_size": 16,
    "weight_decay": 0.01,
    "warmup_ratio": 0.1,
    "num_train_epochs": 10,
    "gradient_accumulation_steps": 1,
    "early_stopping_patience": 3
  },
  "cv_metrics": {
    "epoch_mean": 5.6,
    "epoch_std": 1.4966629547095764,
    "eval_accuracy_mean": 0.8375,
    "eval_accuracy_std": 0.06640573937712177,
    "eval_auc_mean": 0.9605172534963806,
    "eval_auc_std": 0.030972431185839738,
    "eval_auprc_mean": 0.9429697838373146,
    "eval_auprc_std": 0.045078710591449425,
    "eval_f1_mean": 0.810864570864571,
    "eval_f1_std": 0.063003146198101,
    "eval_loss_mean": 0.3740513026714325,
    "eval_loss_std": 0.08413139321706538,
    "eval_matthews_correlation_mean": 0.6984829578180325,
    "eval_matthews_correlation_std": 0.10688672905172157,
    "eval_precision_mean": 0.7268287268287268,
    "eval_precision_std": 0.10550031082511101,
    "eval_recall_mean": 0.9320261437908496,
    "eval_recall_std": 0.05555171074738767,
    "eval_runtime_mean": 0.83156,
    "eval_runtime_std": 0.0005748043145280051,
    "eval_samples_per_second_mean": 67.1024,
    "eval_samples_per_second_std": 0.5057452323057545,
    "eval_steps_per_second_mean": 4.8102,
    "eval_steps_per_second_std": 0.0030594117081555084
  },
  "cv_fold_metrics": [
    {
      "eval_loss": 0.4611542224884033,
      "eval_accuracy": 0.7708333333333334,
      "eval_f1": 0.7555555555555554,
      "eval_precision": 0.6071428571428571,
      "eval_recall": 1.0,
      "eval_auc": 0.9848197343453511,
      "eval_auprc": 0.9793829296424452,
      "eval_matthews_correlation": 0.6258634588505898,
      "eval_runtime": 0.8312,
      "eval_samples_per_second": 67.369,
      "eval_steps_per_second": 4.812,
      "epoch": 4.0
    },
    {
      "eval_loss": 0.3101533353328705,
      "eval_accuracy": 0.8958333333333334,
      "eval_f1": 0.8717948717948718,
      "eval_precision": 0.7727272727272727,
      "eval_recall": 1.0,
      "eval_auc": 0.9867172675521821,
      "eval_auprc": 0.9759165430878234,
      "eval_matthews_correlation": 0.8050427576484548,
      "eval_runtime": 0.831,
      "eval_samples_per_second": 67.389,
      "eval_steps_per_second": 4.813,
      "epoch": 6.0
    },
    {
      "eval_loss": 0.423351526260376,
      "eval_accuracy": 0.75,
      "eval_f1": 0.7272727272727274,
      "eval_precision": 0.6153846153846154,
      "eval_recall": 0.8888888888888888,
      "eval_auc": 0.9481481481481482,
      "eval_auprc": 0.9338863584370121,
      "eval_matthews_correlation": 0.539791896359413,
      "eval_runtime": 0.8324,
      "eval_samples_per_second": 67.279,
      "eval_steps_per_second": 4.806,
      "epoch": 4.0
    },
    {
      "eval_loss": 0.4343947172164917,
      "eval_accuracy": 0.8541666666666666,
      "eval_f1": 0.8108108108108107,
      "eval_precision": 0.75,
      "eval_recall": 0.8823529411764706,
      "eval_auc": 0.905123339658444,
      "eval_auprc": 0.8587486955566541,
      "eval_matthews_correlation": 0.6994944540094827,
      "eval_runtime": 0.8311,
      "eval_samples_per_second": 67.381,
      "eval_steps_per_second": 4.813,
      "epoch": 6.0
    },
    {
      "eval_loss": 0.241202712059021,
      "eval_accuracy": 0.9166666666666666,
      "eval_f1": 0.8888888888888888,
      "eval_precision": 0.8888888888888888,
      "eval_recall": 0.8888888888888888,
      "eval_auc": 0.9777777777777779,
      "eval_auprc": 0.9669143924626381,
      "eval_matthews_correlation": 0.8222222222222222,
      "eval_runtime": 0.8321,
      "eval_samples_per_second": 66.094,
      "eval_steps_per_second": 4.807,
      "epoch": 8.0
    }
  ],
  "test_metrics": {
    "eval_loss": 0.5203912854194641,
    "eval_accuracy": 0.8413461538461539,
    "eval_f1": 0.8209764918625678,
    "eval_precision": 0.9007936507936508,
    "eval_recall": 0.7541528239202658,
    "eval_auc": 0.9230737582670767,
    "eval_auprc": 0.928745193079306,
    "eval_matthews_correlation": 0.689196784643015,
    "eval_runtime": 10.7273,
    "eval_samples_per_second": 59.008,
    "eval_steps_per_second": 3.729,
    "epoch": 10.0
  }
}