{
  "experiment": "cross_cell",
  "model_type": "lamar",
  "variant": "pretrained_custom",
  "pair_name": "APEX1_train_K562_test_HepG2_fixlen_101",
  "pretrain_path": "/gpfs/bwfor/work/ws/fr_ml642-thesis_work/Thesis/LAMAR/src/pretrain/saving_model/tapt_512_standard_collator_1gpu/checkpoint-265000/model.safetensors",
  "max_length": 512,
  "n_folds": 5,
  "hyperparameters": {
    "learning_rate": 5e-05,
    "per_device_train_batch_size": 16,
    "weight_decay": 0.01,
    "warmup_ratio": 0.1,
    "num_train_epochs": 10,
    "gradient_accumulation_steps": 1,
    "early_stopping_patience": 3
  },
  "cv_metrics": {
    "epoch_mean": 5.4,
    "epoch_std": 0.7999999999999999,
    "eval_accuracy_mean": 0.76875,
    "eval_accuracy_std": 0.046770717334674264,
    "eval_auc_mean": 0.9060447303921568,
    "eval_auc_std": 0.060562681818341735,
    "eval_auprc_mean": 0.8894030421818652,
    "eval_auprc_std": 0.0871654767652027,
    "eval_f1_mean": 0.7362906652380337,
    "eval_f1_std": 0.09739686887968269,
    "eval_loss_mean": 0.5690327227115631,
    "eval_loss_std": 0.2313515152431098,
    "eval_matthews_correlation_mean": 0.5791881549799498,
    "eval_matthews_correlation_std": 0.09427872315073,
    "eval_precision_mean": 0.8274891774891774,
    "eval_precision_std": 0.12730438102117558,
    "eval_recall_mean": 0.725,
    "eval_recall_std": 0.22065244163616227,
    "eval_runtime_mean": 0.24657999999999997,
    "eval_runtime_std": 0.0006273754856543225,
    "eval_samples_per_second_mean": 154.107,
    "eval_samples_per_second_std": 0.3883287267251784,
    "eval_steps_per_second_mean": 12.1662,
    "eval_steps_per_second_std": 0.030720677075871866
  },
  "cv_fold_metrics": [
    {
      "eval_loss": 0.48969462513923645,
      "eval_accuracy": 0.8125,
      "eval_f1": 0.7499999999999999,
      "eval_precision": 1.0,
      "eval_recall": 0.6,
      "eval_auc": 0.9215686274509804,
      "eval_auprc": 0.9268370932996051,
      "eval_matthews_correlation": 0.6659416347320276,
      "eval_runtime": 0.246,
      "eval_samples_per_second": 154.446,
      "eval_steps_per_second": 12.193,
      "epoch": 4.0
    },
    {
      "eval_loss": 0.3494529128074646,
      "eval_accuracy": 0.78125,
      "eval_f1": 0.8108108108108109,
      "eval_precision": 0.6818181818181818,
      "eval_recall": 1.0,
      "eval_auc": 1.0,
      "eval_auprc": 1.0,
      "eval_matthews_correlation": 0.6333004963811235,
      "eval_runtime": 0.2478,
      "eval_samples_per_second": 153.346,
      "eval_steps_per_second": 12.106,
      "epoch": 6.0
    },
    {
      "eval_loss": 1.0083897113800049,
      "eval_accuracy": 0.6875,
      "eval_f1": 0.5454545454545455,
      "eval_precision": 0.8571428571428571,
      "eval_recall": 0.4,
      "eval_auc": 0.8156862745098039,
      "eval_auprc": 0.7338728662641707,
      "eval_matthews_correlation": 0.41184152944810126,
      "eval_runtime": 0.2464,
      "eval_samples_per_second": 154.242,
      "eval_steps_per_second": 12.177,
      "epoch": 6.0
    },
    {
      "eval_loss": 0.42735809087753296,
      "eval_accuracy": 0.8125,
      "eval_f1": 0.7857142857142857,
      "eval_precision": 0.9166666666666666,
      "eval_recall": 0.6875,
      "eval_auc": 0.91796875,
      "eval_auprc": 0.9014698386408913,
      "eval_matthews_correlation": 0.6454972243679028,
      "eval_runtime": 0.2463,
      "eval_samples_per_second": 154.267,
      "eval_steps_per_second": 12.179,
      "epoch": 5.0
    },
    {
      "eval_loss": 0.5702682733535767,
      "eval_accuracy": 0.75,
      "eval_f1": 0.7894736842105263,
      "eval_precision": 0.6818181818181818,
      "eval_recall": 0.9375,
      "eval_auc": 0.875,
      "eval_auprc": 0.8848354127046583,
      "eval_matthews_correlation": 0.5393598899705937,
      "eval_runtime": 0.2464,
      "eval_samples_per_second": 154.234,
      "eval_steps_per_second": 12.176,
      "epoch": 6.0
    }
  ],
  "test_metrics": {
    "eval_loss": 0.7543483972549438,
    "eval_accuracy": 0.684593023255814,
    "eval_f1": 0.6413223140495867,
    "eval_precision": 0.7185185185185186,
    "eval_recall": 0.5791044776119403,
    "eval_auc": 0.7449114202359308,
    "eval_auprc": 0.7545145755468685,
    "eval_matthews_correlation": 0.372400981343897,
    "eval_runtime": 5.1675,
    "eval_samples_per_second": 133.141,
    "eval_steps_per_second": 8.321,
    "epoch": 5.0
  }
}