{
  "experiment": "cross_length",
  "model_type": "dnabert2",
  "variant": "tapt_v3",
  "pair_name": "EIF3D_HepG2_ENCSR041NUV",
  "max_length": 256,
  "n_folds": 5,
  "hyperparameters": {
    "learning_rate": 5e-05,
    "per_device_train_batch_size": 16,
    "weight_decay": 0.01,
    "warmup_ratio": 0.1,
    "num_train_epochs": 10,
    "gradient_accumulation_steps": 1,
    "early_stopping_patience": 3
  },
  "cv_metrics": {
    "epoch_mean": 6.6,
    "epoch_std": 0.8,
    "eval_accuracy_mean": 0.7741521317829457,
    "eval_accuracy_std": 0.02445198107155878,
    "eval_auc_mean": 0.8439577656968961,
    "eval_auc_std": 0.03113807735958119,
    "eval_auprc_mean": 0.6660869395051764,
    "eval_auprc_std": 0.09607258235194963,
    "eval_f1_mean": 0.7032502687567829,
    "eval_f1_std": 0.040581373196611634,
    "eval_loss_mean": 0.5593122601509094,
    "eval_loss_std": 0.13060969552287952,
    "eval_matthews_correlation_mean": 0.4548488018171528,
    "eval_matthews_correlation_std": 0.0560676296075419,
    "eval_precision_mean": 0.7582385985878362,
    "eval_precision_std": 0.046607670588288796,
    "eval_recall_mean": 0.7086510662597618,
    "eval_recall_std": 0.057794558420651024,
    "eval_runtime_mean": 0.12738,
    "eval_runtime_std": 0.003965551664018512,
    "eval_samples_per_second_mean": 1008.816,
    "eval_samples_per_second_std": 29.14886504136999,
    "eval_steps_per_second_mean": 65.90700000000001,
    "eval_steps_per_second_std": 2.476813678902799
  },
  "cv_fold_metrics": [
    {
      "eval_loss": 0.4392136037349701,
      "eval_accuracy": 0.8062015503875969,
      "eval_f1": 0.7650273224043717,
      "eval_matthews_correlation": 0.5301825491131835,
      "eval_precision": 0.7630133024869867,
      "eval_recall": 0.7671856639247944,
      "eval_auc": 0.8736780258519389,
      "eval_auprc": 0.7314070563658798,
      "eval_runtime": 0.1306,
      "eval_samples_per_second": 987.562,
      "eval_steps_per_second": 68.9,
      "epoch": 6.0
    },
    {
      "eval_loss": 0.4507681131362915,
      "eval_accuracy": 0.7364341085271318,
      "eval_f1": 0.7224050632911392,
      "eval_matthews_correlation": 0.5119402363177429,
      "eval_precision": 0.7316017316017316,
      "eval_recall": 0.7829024676850764,
      "eval_auc": 0.8789659224441834,
      "eval_auprc": 0.768232627913844,
      "eval_runtime": 0.132,
      "eval_samples_per_second": 977.252,
      "eval_steps_per_second": 68.18,
      "epoch": 6.0
    },
    {
      "eval_loss": 0.4901568591594696,
      "eval_accuracy": 0.7578125,
      "eval_f1": 0.6924746183058204,
      "eval_matthews_correlation": 0.3860614555243981,
      "eval_precision": 0.6984051036682616,
      "eval_recall": 0.6878019323671498,
      "eval_auc": 0.8010265700483091,
      "eval_auprc": 0.5005671878531648,
      "eval_runtime": 0.1277,
      "eval_samples_per_second": 1001.993,
      "eval_steps_per_second": 62.625,
      "epoch": 6.0
    },
    {
      "eval_loss": 0.7787967324256897,
      "eval_accuracy": 0.7890625,
      "eval_f1": 0.6953186987569426,
      "eval_matthews_correlation": 0.42668392362694174,
      "eval_precision": 0.7590120160213618,
      "eval_recall": 0.6757246376811594,
      "eval_auc": 0.8149154589371981,
      "eval_auprc": 0.6201107776812572,
      "eval_runtime": 0.1259,
      "eval_samples_per_second": 1016.555,
      "eval_steps_per_second": 63.535,
      "epoch": 8.0
    },
    {
      "eval_loss": 0.6376259922981262,
      "eval_accuracy": 0.78125,
      "eval_f1": 0.6410256410256411,
      "eval_matthews_correlation": 0.4193758445034979,
      "eval_precision": 0.8391608391608392,
      "eval_recall": 0.6296406296406296,
      "eval_auc": 0.8512028512028512,
      "eval_auprc": 0.7101170477117361,
      "eval_runtime": 0.1207,
      "eval_samples_per_second": 1060.718,
      "eval_steps_per_second": 66.295,
      "epoch": 7.0
    }
  ],
  "test_metrics": {
    "eval_loss": 0.753563642501831,
    "eval_accuracy": 0.8188464662875711,
    "eval_f1": 0.8160417407993397,
    "eval_matthews_correlation": 0.639745243402816,
    "eval_precision": 0.8253532547653095,
    "eval_recall": 0.8144843108698531,
    "eval_auc": 0.8988931550377334,
    "eval_auprc": 0.8766575211438673,
    "eval_runtime": 1.3737,
    "eval_samples_per_second": 896.116,
    "eval_steps_per_second": 56.053,
    "epoch": 9.0
  }
}