{
  "experiment": "cross_length",
  "model_type": "lamar",
  "variant": "tapt_512",
  "pair_name": "GRSF1_HepG2_ENCSR668MJX",
  "pretrain_path": "/gpfs/bwfor/work/ws/fr_ml642-thesis_work/Thesis/LAMAR/src/pretrain/saving_model/tapt_lamar/checkpoint-98000/model.safetensors",
  "max_length": 1024,
  "n_folds": 5,
  "hyperparameters": {
    "learning_rate": 5e-05,
    "per_device_train_batch_size": 16,
    "weight_decay": 0.01,
    "warmup_ratio": 0.1,
    "num_train_epochs": 10,
    "gradient_accumulation_steps": 1,
    "early_stopping_patience": 3
  },
  "cv_metrics": {
    "epoch_mean": 6.6,
    "epoch_std": 1.0198039027185568,
    "eval_accuracy_mean": 0.8421875,
    "eval_accuracy_std": 0.03542432515235823,
    "eval_auc_mean": 0.9360269689271057,
    "eval_auc_std": 0.01607135679736529,
    "eval_auprc_mean": 0.8929183041034252,
    "eval_auprc_std": 0.0364128447004191,
    "eval_f1_mean": 0.7736391179431366,
    "eval_f1_std": 0.03693204491347248,
    "eval_loss_mean": 0.3672966599464417,
    "eval_loss_std": 0.06234591890245288,
    "eval_matthews_correlation_mean": 0.6682985626477318,
    "eval_matthews_correlation_std": 0.054040848596585554,
    "eval_precision_mean": 0.7624498400138285,
    "eval_precision_std": 0.09835264236774112,
    "eval_recall_mean": 0.8112956810631229,
    "eval_recall_std": 0.10845388175960664,
    "eval_runtime_mean": 2.2080399999999996,
    "eval_runtime_std": 0.0004127953488110551,
    "eval_samples_per_second_mean": 58.242000000000004,
    "eval_samples_per_second_std": 0.2178577517555911,
    "eval_steps_per_second_mean": 3.8948,
    "eval_steps_per_second_std": 0.22151695194724935
  },
  "cv_fold_metrics": [
    {
      "eval_loss": 0.38267335295677185,
      "eval_accuracy": 0.8046875,
      "eval_f1": 0.7524752475247525,
      "eval_precision": 0.6440677966101694,
      "eval_recall": 0.9047619047619048,
      "eval_auc": 0.9324473975636767,
      "eval_auprc": 0.8891980616321773,
      "eval_matthews_correlation": 0.6222229382343096,
      "eval_runtime": 2.2086,
      "eval_samples_per_second": 58.407,
      "eval_steps_per_second": 4.075,
      "epoch": 8.0
    },
    {
      "eval_loss": 0.42467963695526123,
      "eval_accuracy": 0.8046875,
      "eval_f1": 0.761904761904762,
      "eval_precision": 0.6451612903225806,
      "eval_recall": 0.9302325581395349,
      "eval_auc": 0.9488372093023256,
      "eval_auprc": 0.9272388484870155,
      "eval_matthews_correlation": 0.6345459188217509,
      "eval_runtime": 2.2084,
      "eval_samples_per_second": 58.414,
      "eval_steps_per_second": 4.075,
      "epoch": 5.0
    },
    {
      "eval_loss": 0.25171351432800293,
      "eval_accuracy": 0.8984375,
      "eval_f1": 0.8470588235294119,
      "eval_precision": 0.8372093023255814,
      "eval_recall": 0.8571428571428571,
      "eval_auc": 0.9598560354374308,
      "eval_auprc": 0.9370671962219798,
      "eval_matthews_correlation": 0.7711707868976074,
      "eval_runtime": 2.2075,
      "eval_samples_per_second": 58.438,
      "eval_steps_per_second": 4.077,
      "epoch": 7.0
    },
    {
      "eval_loss": 0.36016517877578735,
      "eval_accuracy": 0.859375,
      "eval_f1": 0.7567567567567567,
      "eval_precision": 0.875,
      "eval_recall": 0.6666666666666666,
      "eval_auc": 0.9191583610188261,
      "eval_auprc": 0.8369038218197784,
      "eval_matthews_correlation": 0.6724554873216074,
      "eval_runtime": 2.208,
      "eval_samples_per_second": 57.971,
      "eval_steps_per_second": 3.623,
      "epoch": 6.0
    },
    {
      "eval_loss": 0.4172516167163849,
      "eval_accuracy": 0.84375,
      "eval_f1": 0.75,
      "eval_precision": 0.8108108108108109,
      "eval_recall": 0.6976744186046512,
      "eval_auc": 0.9198358413132695,
      "eval_auprc": 0.8741835923561745,
      "eval_matthews_correlation": 0.6410976819633832,
      "eval_runtime": 2.2077,
      "eval_samples_per_second": 57.98,
      "eval_steps_per_second": 3.624,
      "epoch": 7.0
    }
  ],
  "test_metrics": {
    "eval_loss": 0.4502345323562622,
    "eval_accuracy": 0.8168402777777778,
    "eval_f1": 0.7840327533265098,
    "eval_precision": 0.9011764705882352,
    "eval_recall": 0.6938405797101449,
    "eval_auc": 0.9202657004830918,
    "eval_auprc": 0.9102257842063188,
    "eval_matthews_correlation": 0.645887850072597,
    "eval_runtime": 19.8141,
    "eval_samples_per_second": 58.544,
    "eval_steps_per_second": 3.684,
    "epoch": 6.0
  }
}