{
  "experiment": "rbp",
  "model_type": "dnabert2",
  "variant": "dnabert2_random",
  "rbp_name": "QKI_K562_IDR",
  "weights_path": "",
  "max_length": 512,
  "n_folds": 5,
  "hyperparameters": {
    "learning_rate": 5e-05,
    "per_device_train_batch_size": 16,
    "weight_decay": 0.01,
    "warmup_ratio": 0.1,
    "num_train_epochs": 10,
    "gradient_accumulation_steps": 1,
    "early_stopping_patience": 3
  },
  "cv_metrics": {
    "epoch_mean": 7.2,
    "epoch_std": 0.7483314773547882,
    "eval_accuracy_mean": 0.8961222361728842,
    "eval_accuracy_std": 0.0059531518326178525,
    "eval_auc_mean": 0.9563864193316836,
    "eval_auc_std": 0.0030944929180698063,
    "eval_auprc_mean": 0.9570715201025164,
    "eval_auprc_std": 0.006064192947599307,
    "eval_f1_mean": 0.893505132466443,
    "eval_f1_std": 0.006130713805454892,
    "eval_loss_mean": 0.3529683709144592,
    "eval_loss_std": 0.05269292812725623,
    "eval_matthews_correlation_mean": 0.7941719716124024,
    "eval_matthews_correlation_std": 0.01200734496823336,
    "eval_precision_mean": 0.917756775718004,
    "eval_precision_std": 0.023666655607600163,
    "eval_recall_mean": 0.8716416892571566,
    "eval_recall_std": 0.023919234593760153,
    "eval_runtime_mean": 0.5010799999999999,
    "eval_runtime_std": 0.0025332982453710215,
    "eval_samples_per_second_mean": 1367.8737999999998,
    "eval_samples_per_second_std": 5.996633835744837,
    "eval_steps_per_second_mean": 85.81679999999999,
    "eval_steps_per_second_std": 0.43228573883485766
  },
  "cv_fold_metrics": [
    {
      "eval_loss": 0.41286617517471313,
      "eval_accuracy": 0.8892128279883382,
      "eval_f1": 0.8904899135446686,
      "eval_precision": 0.8803418803418803,
      "eval_recall": 0.9008746355685131,
      "eval_matthews_correlation": 0.7786374706844789,
      "eval_auc": 0.9515932987105713,
      "eval_auprc": 0.9518044201820839,
      "eval_runtime": 0.5054,
      "eval_samples_per_second": 1357.297,
      "eval_steps_per_second": 85.078,
      "epoch": 8.0
    },
    {
      "eval_loss": 0.29199478030204773,
      "eval_accuracy": 0.892128279883382,
      "eval_f1": 0.8898809523809523,
      "eval_precision": 0.9088145896656535,
      "eval_recall": 0.8717201166180758,
      "eval_matthews_correlation": 0.7849106520904443,
      "eval_auc": 0.9541602563557701,
      "eval_auprc": 0.9483574418447449,
      "eval_runtime": 0.5025,
      "eval_samples_per_second": 1365.232,
      "eval_steps_per_second": 85.576,
      "epoch": 6.0
    },
    {
      "eval_loss": 0.28754371404647827,
      "eval_accuracy": 0.9065693430656935,
      "eval_f1": 0.9050445103857567,
      "eval_precision": 0.9214501510574018,
      "eval_recall": 0.8892128279883382,
      "eval_matthews_correlation": 0.8136473483056438,
      "eval_auc": 0.9592603958876783,
      "eval_auprc": 0.9627362977112986,
      "eval_runtime": 0.4989,
      "eval_samples_per_second": 1372.974,
      "eval_steps_per_second": 86.187,
      "epoch": 7.0
    },
    {
      "eval_loss": 0.3796742260456085,
      "eval_accuracy": 0.8948905109489051,
      "eval_f1": 0.8878504672897196,
      "eval_precision": 0.9531772575250836,
      "eval_recall": 0.8309037900874635,
      "eval_matthews_correlation": 0.7964168326019172,
      "eval_auc": 0.9597036809711355,
      "eval_auprc": 0.9638300775263217,
      "eval_runtime": 0.4989,
      "eval_samples_per_second": 1372.929,
      "eval_steps_per_second": 86.184,
      "epoch": 7.0
    },
    {
      "eval_loss": 0.3927629590034485,
      "eval_accuracy": 0.8978102189781022,
      "eval_f1": 0.8942598187311178,
      "eval_precision": 0.925,
      "eval_recall": 0.8654970760233918,
      "eval_matthews_correlation": 0.7972475543795281,
      "eval_auc": 0.9572144647332618,
      "eval_auprc": 0.9586293632481334,
      "eval_runtime": 0.4997,
      "eval_samples_per_second": 1370.937,
      "eval_steps_per_second": 86.059,
      "epoch": 8.0
    }
  ],
  "test_metrics": {
    "eval_loss": 0.3647642135620117,
    "eval_accuracy": 0.8975206611570248,
    "eval_f1": 0.89419795221843,
    "eval_precision": 0.9225352112676056,
    "eval_recall": 0.8675496688741722,
    "eval_matthews_correlation": 0.7964321179111831,
    "eval_auc": 0.9549428452779053,
    "eval_auprc": 0.9619075659574038,
    "eval_runtime": 0.4401,
    "eval_samples_per_second": 1374.68,
    "eval_steps_per_second": 86.344,
    "epoch": 8.0
  }
}