{
  "experiment": "cross_length",
  "model_type": "dnabert2",
  "variant": "pretrained",
  "pair_name": "APEX1_HepG2_ENCSR554GSW",
  "max_length": 256,
  "n_folds": 5,
  "hyperparameters": {
    "learning_rate": 5e-05,
    "per_device_train_batch_size": 16,
    "weight_decay": 0.01,
    "warmup_ratio": 0.1,
    "num_train_epochs": 10,
    "gradient_accumulation_steps": 1,
    "early_stopping_patience": 3
  },
  "cv_metrics": {
    "epoch_mean": 5.8,
    "epoch_std": 1.32664991614216,
    "eval_accuracy_mean": 0.7306122448979592,
    "eval_accuracy_std": 0.08101809486236411,
    "eval_auc_mean": 0.7743935106583664,
    "eval_auc_std": 0.051295537890283384,
    "eval_auprc_mean": 0.7434842763849208,
    "eval_auprc_std": 0.061519596320629366,
    "eval_f1_mean": 0.6585946541641844,
    "eval_f1_std": 0.13647367350266934,
    "eval_loss_mean": 0.5720507979393006,
    "eval_loss_std": 0.04424533205881975,
    "eval_matthews_correlation_mean": 0.40194607980385627,
    "eval_matthews_correlation_std": 0.1930487089567414,
    "eval_precision_mean": 0.7657785864248712,
    "eval_precision_std": 0.09160698293188069,
    "eval_recall_mean": 0.6702075080173552,
    "eval_recall_std": 0.10243294058473766,
    "eval_runtime_mean": 0.03942,
    "eval_runtime_std": 0.0010457533169921096,
    "eval_samples_per_second_mean": 1244.1486,
    "eval_samples_per_second_std": 32.161998107082816,
    "eval_steps_per_second_mean": 101.5632,
    "eval_steps_per_second_std": 2.6254266243793563
  },
  "cv_fold_metrics": [
    {
      "eval_loss": 0.504574179649353,
      "eval_accuracy": 0.8163265306122449,
      "eval_f1": 0.7796101949025487,
      "eval_matthews_correlation": 0.604613181301581,
      "eval_precision": 0.8492822966507176,
      "eval_recall": 0.7616487455197133,
      "eval_auc": 0.8709677419354839,
      "eval_auprc": 0.8422005646266537,
      "eval_runtime": 0.041,
      "eval_samples_per_second": 1195.988,
      "eval_steps_per_second": 97.632,
      "epoch": 5.0
    },
    {
      "eval_loss": 0.5930120944976807,
      "eval_accuracy": 0.7755102040816326,
      "eval_f1": 0.7306346826586707,
      "eval_matthews_correlation": 0.5031541200557678,
      "eval_precision": 0.7906698564593302,
      "eval_recall": 0.717741935483871,
      "eval_auc": 0.7258064516129032,
      "eval_auprc": 0.7101632290882591,
      "eval_runtime": 0.0394,
      "eval_samples_per_second": 1245.144,
      "eval_steps_per_second": 101.644,
      "epoch": 8.0
    },
    {
      "eval_loss": 0.5793938040733337,
      "eval_accuracy": 0.6326530612244898,
      "eval_f1": 0.5676470588235294,
      "eval_matthews_correlation": 0.15670614180495773,
      "eval_precision": 0.5878378378378378,
      "eval_recall": 0.5698924731182795,
      "eval_auc": 0.7383512544802867,
      "eval_auprc": 0.6590714509656963,
      "eval_runtime": 0.0383,
      "eval_samples_per_second": 1277.749,
      "eval_steps_per_second": 104.306,
      "epoch": 6.0
    },
    {
      "eval_loss": 0.5470576882362366,
      "eval_accuracy": 0.7959183673469388,
      "eval_f1": 0.7804659498207885,
      "eval_matthews_correlation": 0.5638878933294721,
      "eval_precision": 0.7886029411764706,
      "eval_recall": 0.775438596491228,
      "eval_auc": 0.7614035087719299,
      "eval_auprc": 0.7725090434275568,
      "eval_runtime": 0.0401,
      "eval_samples_per_second": 1222.378,
      "eval_steps_per_second": 99.786,
      "epoch": 6.0
    },
    {
      "eval_loss": 0.6362162232398987,
      "eval_accuracy": 0.6326530612244898,
      "eval_f1": 0.4346153846153846,
      "eval_matthews_correlation": 0.18136906252750293,
      "eval_precision": 0.8125,
      "eval_recall": 0.5263157894736842,
      "eval_auc": 0.775438596491228,
      "eval_auprc": 0.7334770938164379,
      "eval_runtime": 0.0383,
      "eval_samples_per_second": 1279.484,
      "eval_steps_per_second": 104.448,
      "epoch": 4.0
    }
  ],
  "test_metrics": {
    "eval_loss": 0.8239997625350952,
    "eval_accuracy": 0.7230483271375465,
    "eval_f1": 0.7092999220322387,
    "eval_matthews_correlation": 0.4749788293807554,
    "eval_precision": 0.7596560846560847,
    "eval_recall": 0.7172150988284438,
    "eval_auc": 0.7827987330041355,
    "eval_auprc": 0.8083584270824035,
    "eval_runtime": 0.3253,
    "eval_samples_per_second": 1653.651,
    "eval_steps_per_second": 104.506,
    "epoch": 10.0
  }
}