{
  "experiment": "cross_length",
  "model_type": "lamar",
  "variant": "tapt_512",
  "pair_name": "FKBP4_HepG2_ENCSR018ZUE",
  "pretrain_path": "/gpfs/bwfor/work/ws/fr_ml642-thesis_work/Thesis/LAMAR/src/pretrain/saving_model/tapt_lamar/checkpoint-98000/model.safetensors",
  "max_length": 1024,
  "n_folds": 5,
  "hyperparameters": {
    "learning_rate": 5e-05,
    "per_device_train_batch_size": 16,
    "weight_decay": 0.01,
    "warmup_ratio": 0.1,
    "num_train_epochs": 10,
    "gradient_accumulation_steps": 1,
    "early_stopping_patience": 3
  },
  "cv_metrics": {
    "epoch_mean": 4.8,
    "epoch_std": 0.7483314773547882,
    "eval_accuracy_mean": 0.8408333333333333,
    "eval_accuracy_std": 0.02392116682401223,
    "eval_auc_mean": 0.9420442444968062,
    "eval_auc_std": 0.015917818484445952,
    "eval_auprc_mean": 0.8808375882362259,
    "eval_auprc_std": 0.027780416216060297,
    "eval_f1_mean": 0.7973159244990924,
    "eval_f1_std": 0.02271671095079685,
    "eval_loss_mean": 0.3538600325584412,
    "eval_loss_std": 0.06518177773726883,
    "eval_matthews_correlation_mean": 0.6870764756204137,
    "eval_matthews_correlation_std": 0.032017644139075,
    "eval_precision_mean": 0.7347757259770288,
    "eval_precision_std": 0.06659820873465697,
    "eval_recall_mean": 0.889187675070028,
    "eval_recall_std": 0.09176803193884715,
    "eval_runtime_mean": 5.1673,
    "eval_runtime_std": 0.003292415526630891,
    "eval_samples_per_second_mean": 48.0328,
    "eval_samples_per_second_std": 0.09146452864362348,
    "eval_steps_per_second_mean": 3.0964,
    "eval_steps_per_second_std": 0.002059126028197432
  },
  "cv_fold_metrics": [
    {
      "eval_loss": 0.47625529766082764,
      "eval_accuracy": 0.7958333333333333,
      "eval_f1": 0.7677725118483413,
      "eval_precision": 0.6428571428571429,
      "eval_recall": 0.9529411764705882,
      "eval_auc": 0.9193927893738141,
      "eval_auprc": 0.843167690955798,
      "eval_matthews_correlation": 0.6346017034520358,
      "eval_runtime": 5.1653,
      "eval_samples_per_second": 48.206,
      "eval_steps_per_second": 3.098,
      "epoch": 4.0
    },
    {
      "eval_loss": 0.3179628551006317,
      "eval_accuracy": 0.85,
      "eval_f1": 0.7721518987341772,
      "eval_precision": 0.8356164383561644,
      "eval_recall": 0.7176470588235294,
      "eval_auc": 0.937381404174573,
      "eval_auprc": 0.8638522590235802,
      "eval_matthews_correlation": 0.6655644385862168,
      "eval_runtime": 5.1624,
      "eval_samples_per_second": 48.04,
      "eval_steps_per_second": 3.099,
      "epoch": 6.0
    },
    {
      "eval_loss": 0.3085438907146454,
      "eval_accuracy": 0.8666666666666667,
      "eval_f1": 0.8222222222222222,
      "eval_precision": 0.7789473684210526,
      "eval_recall": 0.8705882352941177,
      "eval_auc": 0.9356356736242883,
      "eval_auprc": 0.8745290460926316,
      "eval_matthews_correlation": 0.7189165960829398,
      "eval_runtime": 5.1722,
      "eval_samples_per_second": 47.948,
      "eval_steps_per_second": 3.093,
      "epoch": 5.0
    },
    {
      "eval_loss": 0.30107757449150085,
      "eval_accuracy": 0.8416666666666667,
      "eval_f1": 0.81,
      "eval_precision": 0.6982758620689655,
      "eval_recall": 0.9642857142857143,
      "eval_auc": 0.9667277167277167,
      "eval_auprc": 0.9225699571871807,
      "eval_matthews_correlation": 0.7062375866554393,
      "eval_runtime": 5.168,
      "eval_samples_per_second": 47.988,
      "eval_steps_per_second": 3.096,
      "epoch": 5.0
    },
    {
      "eval_loss": 0.3654605448246002,
      "eval_accuracy": 0.85,
      "eval_f1": 0.8144329896907216,
      "eval_precision": 0.7181818181818181,
      "eval_recall": 0.9404761904761905,
      "eval_auc": 0.9510836385836386,
      "eval_auprc": 0.9000689879219395,
      "eval_matthews_correlation": 0.7100620533254365,
      "eval_runtime": 5.1686,
      "eval_samples_per_second": 47.982,
      "eval_steps_per_second": 3.096,
      "epoch": 4.0
    }
  ],
  "test_metrics": {
    "eval_loss": 0.2630921006202698,
    "eval_accuracy": 0.8981681034482759,
    "eval_f1": 0.8943543879262158,
    "eval_precision": 0.8820286659316428,
    "eval_recall": 0.9070294784580499,
    "eval_auc": 0.9543901064874958,
    "eval_auprc": 0.936420405406888,
    "eval_matthews_correlation": 0.7963971910890528,
    "eval_runtime": 40.0828,
    "eval_samples_per_second": 46.579,
    "eval_steps_per_second": 2.919,
    "epoch": 4.0
  }
}