{
  "experiment": "cross_length",
  "model_type": "lamar",
  "variant": "tapt_1024",
  "pair_name": "ADAR_K562_ENCSR202LKI",
  "pretrain_path": "/gpfs/bwfor/work/ws/fr_ml642-thesis_work/Thesis/LAMAR/src/pretrain/saving_model/tapt_1024_standard_collator/checkpoint-134000/model.safetensors",
  "max_length": 1024,
  "n_folds": 5,
  "hyperparameters": {
    "learning_rate": 5e-05,
    "per_device_train_batch_size": 16,
    "weight_decay": 0.01,
    "warmup_ratio": 0.1,
    "num_train_epochs": 10,
    "gradient_accumulation_steps": 1,
    "early_stopping_patience": 3
  },
  "cv_metrics": {
    "epoch_mean": 7.2,
    "epoch_std": 1.469693845669907,
    "eval_accuracy_mean": 0.6875,
    "eval_accuracy_std": 0.046770717334674285,
    "eval_auc_mean": 0.7785262624772677,
    "eval_auc_std": 0.057987434324116384,
    "eval_auprc_mean": 0.655028263423185,
    "eval_auprc_std": 0.05560089639107731,
    "eval_f1_mean": 0.5886247353027647,
    "eval_f1_std": 0.062109641117887956,
    "eval_loss_mean": 0.6111769318580628,
    "eval_loss_std": 0.11213355084252186,
    "eval_matthews_correlation_mean": 0.36294225225658333,
    "eval_matthews_correlation_std": 0.087312013488921,
    "eval_precision_mean": 0.5959136873488863,
    "eval_precision_std": 0.08668457831284436,
    "eval_recall_mean": 0.6263864611473065,
    "eval_recall_std": 0.17674961792207008,
    "eval_runtime_mean": 1.7223,
    "eval_runtime_std": 0.0010545141061170894,
    "eval_samples_per_second_mean": 54.578199999999995,
    "eval_samples_per_second_std": 0.033647585351699996,
    "eval_steps_per_second_mean": 3.4838,
    "eval_steps_per_second_std": 0.0020396078054371507
  },
  "cv_fold_metrics": [
    {
      "eval_loss": 0.5424985885620117,
      "eval_accuracy": 0.7375,
      "eval_f1": 0.5882352941176471,
      "eval_precision": 0.6521739130434783,
      "eval_recall": 0.5357142857142857,
      "eval_auc": 0.8001373626373627,
      "eval_auprc": 0.6556165551530986,
      "eval_matthews_correlation": 0.40243223280133583,
      "eval_runtime": 1.7242,
      "eval_samples_per_second": 54.517,
      "eval_steps_per_second": 3.48,
      "epoch": 9.0
    },
    {
      "eval_loss": 0.8105757832527161,
      "eval_accuracy": 0.6,
      "eval_f1": 0.5555555555555556,
      "eval_precision": 0.46511627906976744,
      "eval_recall": 0.6896551724137931,
      "eval_auc": 0.7011494252873564,
      "eval_auprc": 0.6574775675101256,
      "eval_matthews_correlation": 0.23012061635332393,
      "eval_runtime": 1.7218,
      "eval_samples_per_second": 54.596,
      "eval_steps_per_second": 3.485,
      "epoch": 8.0
    },
    {
      "eval_loss": 0.6408299207687378,
      "eval_accuracy": 0.6875,
      "eval_f1": 0.5614035087719299,
      "eval_precision": 0.5714285714285714,
      "eval_recall": 0.5517241379310345,
      "eval_auc": 0.7363083164300203,
      "eval_auprc": 0.5992267669545159,
      "eval_matthews_correlation": 0.31891950297370053,
      "eval_runtime": 1.7222,
      "eval_samples_per_second": 54.582,
      "eval_steps_per_second": 3.484,
      "epoch": 6.0
    },
    {
      "eval_loss": 0.48275160789489746,
      "eval_accuracy": 0.7125,
      "eval_f1": 0.5306122448979592,
      "eval_precision": 0.7222222222222222,
      "eval_recall": 0.41935483870967744,
      "eval_auc": 0.8709677419354838,
      "eval_auprc": 0.7553870060749517,
      "eval_matthews_correlation": 0.37019969278033793,
      "eval_runtime": 1.721,
      "eval_samples_per_second": 54.618,
      "eval_steps_per_second": 3.486,
      "epoch": 5.0
    },
    {
      "eval_loss": 0.5792287588119507,
      "eval_accuracy": 0.7,
      "eval_f1": 0.7073170731707317,
      "eval_precision": 0.5686274509803921,
      "eval_recall": 0.9354838709677419,
      "eval_auc": 0.7840684660961158,
      "eval_auprc": 0.6074334214232333,
      "eval_matthews_correlation": 0.4930392163742186,
      "eval_runtime": 1.7223,
      "eval_samples_per_second": 54.578,
      "eval_steps_per_second": 3.484,
      "epoch": 8.0
    }
  ],
  "test_metrics": {
    "eval_loss": 0.6230595111846924,
    "eval_accuracy": 0.6327054794520548,
    "eval_f1": 0.5352112676056338,
    "eval_precision": 0.6977401129943502,
    "eval_recall": 0.43409490333919154,
    "eval_auc": 0.7755397836464406,
    "eval_auprc": 0.6813309878544933,
    "eval_matthews_correlation": 0.2778338561030836,
    "eval_runtime": 25.1476,
    "eval_samples_per_second": 46.605,
    "eval_steps_per_second": 2.943,
    "epoch": 6.0
  }
}