{
  "experiment": "cross_length",
  "model_type": "lamar",
  "variant": "tapt_1024",
  "pair_name": "BUD13_HepG2_ENCSR830BSQ",
  "pretrain_path": "/gpfs/bwfor/work/ws/fr_ml642-thesis_work/Thesis/LAMAR/src/pretrain/saving_model/tapt_1024_standard_collator/checkpoint-134000/model.safetensors",
  "max_length": 1024,
  "n_folds": 5,
  "hyperparameters": {
    "learning_rate": 5e-05,
    "per_device_train_batch_size": 16,
    "weight_decay": 0.01,
    "warmup_ratio": 0.1,
    "num_train_epochs": 10,
    "gradient_accumulation_steps": 1,
    "early_stopping_patience": 3
  },
  "cv_metrics": {
    "epoch_mean": 8.6,
    "epoch_std": 1.2,
    "eval_accuracy_mean": 0.7961538461538462,
    "eval_accuracy_std": 0.004796996649710206,
    "eval_auc_mean": 0.8486751252076241,
    "eval_auc_std": 0.004325630898852405,
    "eval_auprc_mean": 0.6981844358033682,
    "eval_auprc_std": 0.020893941990323975,
    "eval_f1_mean": 0.6512202184728368,
    "eval_f1_std": 0.008896482190659203,
    "eval_loss_mean": 0.46198402643203734,
    "eval_loss_std": 0.03044306287866652,
    "eval_matthews_correlation_mean": 0.5074458621913086,
    "eval_matthews_correlation_std": 0.011105544228852396,
    "eval_precision_mean": 0.6509203572971665,
    "eval_precision_std": 0.010700814422991546,
    "eval_recall_mean": 0.6520161449515676,
    "eval_recall_std": 0.019149339798437724,
    "eval_runtime_mean": 13.32826,
    "eval_runtime_std": 0.007529833995513766,
    "eval_samples_per_second_mean": 47.028000000000006,
    "eval_samples_per_second_std": 0.034322004603460826,
    "eval_steps_per_second_mean": 3.0012,
    "eval_steps_per_second_std": 0.0014696938456698538
  },
  "cv_fold_metrics": [
    {
      "eval_loss": 0.4422462582588196,
      "eval_accuracy": 0.7964743589743589,
      "eval_f1": 0.6595174262734583,
      "eval_precision": 0.643979057591623,
      "eval_recall": 0.6758241758241759,
      "eval_auc": 0.8492988911540948,
      "eval_auprc": 0.7162986691335127,
      "eval_matthews_correlation": 0.5147998529405016,
      "eval_runtime": 13.3387,
      "eval_samples_per_second": 47.006,
      "eval_steps_per_second": 2.999,
      "epoch": 7.0
    },
    {
      "eval_loss": 0.44754332304000854,
      "eval_accuracy": 0.7868589743589743,
      "eval_f1": 0.6376021798365124,
      "eval_precision": 0.6358695652173914,
      "eval_recall": 0.639344262295082,
      "eval_auc": 0.8553337546311786,
      "eval_auprc": 0.6995694298429432,
      "eval_matthews_correlation": 0.48664258000504723,
      "eval_runtime": 13.3349,
      "eval_samples_per_second": 47.02,
      "eval_steps_per_second": 3.0,
      "epoch": 8.0
    },
    {
      "eval_loss": 0.4483133554458618,
      "eval_accuracy": 0.7980769230769231,
      "eval_f1": 0.6594594594594595,
      "eval_precision": 0.648936170212766,
      "eval_recall": 0.6703296703296703,
      "eval_auc": 0.8462284322012829,
      "eval_auprc": 0.6965915012883397,
      "eval_matthews_correlation": 0.5161422224481192,
      "eval_runtime": 13.3254,
      "eval_samples_per_second": 47.053,
      "eval_steps_per_second": 3.002,
      "epoch": 8.0
    },
    {
      "eval_loss": 0.5226790308952332,
      "eval_accuracy": 0.7996794871794872,
      "eval_f1": 0.6438746438746439,
      "eval_precision": 0.6647058823529411,
      "eval_recall": 0.6243093922651933,
      "eval_auc": 0.8423107142411733,
      "eval_auprc": 0.6601633921388781,
      "eval_matthews_correlation": 0.5051916704676117,
      "eval_runtime": 13.3179,
      "eval_samples_per_second": 47.079,
      "eval_steps_per_second": 3.003,
      "epoch": 10.0
    },
    {
      "eval_loss": 0.44913816452026367,
      "eval_accuracy": 0.7996794871794872,
      "eval_f1": 0.6556473829201102,
      "eval_precision": 0.6611111111111111,
      "eval_recall": 0.6502732240437158,
      "eval_auc": 0.850203833810391,
      "eval_auprc": 0.7182991866131672,
      "eval_matthews_correlation": 0.5144529850952635,
      "eval_runtime": 13.3244,
      "eval_samples_per_second": 46.982,
      "eval_steps_per_second": 3.002,
      "epoch": 10.0
    }
  ],
  "test_metrics": {
    "eval_loss": 0.5653772354125977,
    "eval_accuracy": 0.7665816326530612,
    "eval_f1": 0.7379162191192268,
    "eval_precision": 0.7884468247895945,
    "eval_recall": 0.6934724091520862,
    "eval_auc": 0.8340916228231168,
    "eval_auprc": 0.8080047621178451,
    "eval_matthews_correlation": 0.5326073260906162,
    "eval_runtime": 134.406,
    "eval_samples_per_second": 46.709,
    "eval_steps_per_second": 2.924,
    "epoch": 10.0
  }
}