{
  "experiment": "cross_length",
  "model_type": "lamar",
  "variant": "pretrained_custom",
  "pair_name": "DDX55_K562_ENCSR923NKN",
  "pretrain_path": "/gpfs/bwfor/work/ws/fr_ml642-thesis_work/Thesis/LAMAR/src/pretrain/saving_model/tapt_512_standard_collator_1gpu/checkpoint-265000/model.safetensors",
  "max_length": 512,
  "n_folds": 5,
  "hyperparameters": {
    "learning_rate": 5e-05,
    "per_device_train_batch_size": 16,
    "weight_decay": 0.01,
    "warmup_ratio": 0.1,
    "num_train_epochs": 10,
    "gradient_accumulation_steps": 1,
    "early_stopping_patience": 3
  },
  "cv_metrics": {
    "epoch_mean": 7.6,
    "epoch_std": 1.3564659966250536,
    "eval_accuracy_mean": 0.721875,
    "eval_accuracy_std": 0.01530931089239486,
    "eval_auc_mean": 0.7731718531957451,
    "eval_auc_std": 0.033350318328196224,
    "eval_auprc_mean": 0.6316766420386793,
    "eval_auprc_std": 0.06140390014250768,
    "eval_f1_mean": 0.5320705511862405,
    "eval_f1_std": 0.058581776712956966,
    "eval_loss_mean": 0.5783450722694397,
    "eval_loss_std": 0.046559503925368236,
    "eval_matthews_correlation_mean": 0.3617758662722458,
    "eval_matthews_correlation_std": 0.04729383037718681,
    "eval_precision_mean": 0.6647948659527605,
    "eval_precision_std": 0.04838454815075673,
    "eval_recall_mean": 0.45140096618357484,
    "eval_recall_std": 0.0800339492482792,
    "eval_runtime_mean": 0.96376,
    "eval_runtime_std": 0.0005782732917920185,
    "eval_samples_per_second_mean": 133.8524,
    "eval_samples_per_second_std": 0.07871111738502755,
    "eval_steps_per_second_mean": 9.338400000000002,
    "eval_steps_per_second_std": 0.005314132102234712
  },
  "cv_fold_metrics": [
    {
      "eval_loss": 0.5292506217956543,
      "eval_accuracy": 0.7265625,
      "eval_f1": 0.5679012345679012,
      "eval_precision": 0.6388888888888888,
      "eval_recall": 0.5111111111111111,
      "eval_auc": 0.7903614457831325,
      "eval_auprc": 0.6483332320213069,
      "eval_matthews_correlation": 0.37644151967345507,
      "eval_runtime": 0.9649,
      "eval_samples_per_second": 133.698,
      "eval_steps_per_second": 9.328,
      "epoch": 9.0
    },
    {
      "eval_loss": 0.5525751113891602,
      "eval_accuracy": 0.6953125,
      "eval_f1": 0.417910447761194,
      "eval_precision": 0.6363636363636364,
      "eval_recall": 0.3111111111111111,
      "eval_auc": 0.7777777777777778,
      "eval_auprc": 0.6090264433481488,
      "eval_matthews_correlation": 0.2717470211821459,
      "eval_runtime": 0.9633,
      "eval_samples_per_second": 133.918,
      "eval_steps_per_second": 9.343,
      "epoch": 6.0
    },
    {
      "eval_loss": 0.5414484739303589,
      "eval_accuracy": 0.7421875,
      "eval_f1": 0.5352112676056338,
      "eval_precision": 0.76,
      "eval_recall": 0.41304347826086957,
      "eval_auc": 0.8205196182396606,
      "eval_auprc": 0.7311601842981388,
      "eval_matthews_correlation": 0.41135195573622974,
      "eval_runtime": 0.9635,
      "eval_samples_per_second": 133.893,
      "eval_steps_per_second": 9.341,
      "epoch": 6.0
    },
    {
      "eval_loss": 0.6253384947776794,
      "eval_accuracy": 0.7265625,
      "eval_f1": 0.5679012345679013,
      "eval_precision": 0.6571428571428571,
      "eval_recall": 0.5,
      "eval_auc": 0.7560975609756098,
      "eval_auprc": 0.6284894659251841,
      "eval_matthews_correlation": 0.38071018114721916,
      "eval_runtime": 0.9635,
      "eval_samples_per_second": 133.88,
      "eval_steps_per_second": 9.34,
      "epoch": 8.0
    },
    {
      "eval_loss": 0.6431126594543457,
      "eval_accuracy": 0.71875,
      "eval_f1": 0.5714285714285715,
      "eval_precision": 0.631578947368421,
      "eval_recall": 0.5217391304347826,
      "eval_auc": 0.721102863202545,
      "eval_auprc": 0.5413738846006182,
      "eval_matthews_correlation": 0.36862865362217895,
      "eval_runtime": 0.9636,
      "eval_samples_per_second": 133.873,
      "eval_steps_per_second": 9.34,
      "epoch": 9.0
    }
  ],
  "test_metrics": {
    "eval_loss": 0.6130470633506775,
    "eval_accuracy": 0.6896802325581395,
    "eval_f1": 0.647398843930636,
    "eval_precision": 0.7153284671532847,
    "eval_recall": 0.5912518853695324,
    "eval_auc": 0.7303175882501021,
    "eval_auprc": 0.7082682572506895,
    "eval_matthews_correlation": 0.3801661583828537,
    "eval_runtime": 10.3025,
    "eval_samples_per_second": 134.045,
    "eval_steps_per_second": 8.445,
    "epoch": 5.0
  }
}