{
  "experiment": "cross_cell",
  "model_type": "lamar",
  "variant": "pretrained",
  "pair_name": "RBM22_train_K562_test_HepG2_fixlen_101",
  "pretrain_path": "/gpfs/bwfor/work/ws/fr_ml642-thesis_work/Thesis/LAMAR/weights",
  "max_length": 1024,
  "n_folds": 5,
  "hyperparameters": {
    "learning_rate": 5e-05,
    "per_device_train_batch_size": 16,
    "weight_decay": 0.01,
    "warmup_ratio": 0.1,
    "num_train_epochs": 10,
    "gradient_accumulation_steps": 1,
    "early_stopping_patience": 3
  },
  "cv_metrics": {
    "epoch_mean": 9.0,
    "epoch_std": 1.5491933384829668,
    "eval_accuracy_mean": 0.6638988095238096,
    "eval_accuracy_std": 0.03620662625239334,
    "eval_auc_mean": 0.7127765117049937,
    "eval_auc_std": 0.028934039989719537,
    "eval_auprc_mean": 0.6414570338440292,
    "eval_auprc_std": 0.030396855677139976,
    "eval_f1_mean": 0.6404112868209566,
    "eval_f1_std": 0.03593828068249216,
    "eval_loss_mean": 0.6545794486999512,
    "eval_loss_std": 0.0563596836917973,
    "eval_matthews_correlation_mean": 0.3306286066238248,
    "eval_matthews_correlation_std": 0.06588293566236278,
    "eval_precision_mean": 0.6149239892780048,
    "eval_precision_std": 0.03885281278461602,
    "eval_recall_mean": 0.6745779893865,
    "eval_recall_std": 0.07163214494567008,
    "eval_runtime_mean": 7.06656,
    "eval_runtime_std": 0.17033677935196484,
    "eval_samples_per_second_mean": 47.5176,
    "eval_samples_per_second_std": 1.0866257129297088,
    "eval_steps_per_second_mean": 2.9736000000000002,
    "eval_steps_per_second_std": 0.07219584475577531
  },
  "cv_fold_metrics": [
    {
      "eval_loss": 0.6658980846405029,
      "eval_accuracy": 0.6547619047619048,
      "eval_f1": 0.6,
      "eval_precision": 0.6214285714285714,
      "eval_recall": 0.58,
      "eval_auc": 0.6901075268817204,
      "eval_auprc": 0.6249677363778605,
      "eval_matthews_correlation": 0.297516602952269,
      "eval_runtime": 7.2043,
      "eval_samples_per_second": 46.639,
      "eval_steps_per_second": 2.915,
      "epoch": 9.0
    },
    {
      "eval_loss": 0.6258638501167297,
      "eval_accuracy": 0.6785714285714286,
      "eval_f1": 0.64,
      "eval_precision": 0.64,
      "eval_recall": 0.64,
      "eval_auc": 0.7053405017921147,
      "eval_auprc": 0.6193419718965861,
      "eval_matthews_correlation": 0.3496774193548387,
      "eval_runtime": 7.2101,
      "eval_samples_per_second": 46.602,
      "eval_steps_per_second": 2.913,
      "epoch": 6.0
    },
    {
      "eval_loss": 0.5984885096549988,
      "eval_accuracy": 0.7142857142857143,
      "eval_f1": 0.7073170731707319,
      "eval_precision": 0.651685393258427,
      "eval_recall": 0.7733333333333333,
      "eval_auc": 0.7587455197132617,
      "eval_auprc": 0.6773847717462401,
      "eval_matthews_correlation": 0.43824425692747004,
      "eval_runtime": 7.2024,
      "eval_samples_per_second": 46.651,
      "eval_steps_per_second": 2.916,
      "epoch": 10.0
    },
    {
      "eval_loss": 0.7587138414382935,
      "eval_accuracy": 0.603125,
      "eval_f1": 0.6253687315634218,
      "eval_precision": 0.5408163265306123,
      "eval_recall": 0.7412587412587412,
      "eval_auc": 0.6785982379202717,
      "eval_auprc": 0.6069869183756569,
      "eval_matthews_correlation": 0.23755775259381454,
      "eval_runtime": 6.863,
      "eval_samples_per_second": 48.812,
      "eval_steps_per_second": 3.06,
      "epoch": 10.0
    },
    {
      "eval_loss": 0.623932957649231,
      "eval_accuracy": 0.66875,
      "eval_f1": 0.6293706293706294,
      "eval_precision": 0.6206896551724138,
      "eval_recall": 0.6382978723404256,
      "eval_auc": 0.7310907722175998,
      "eval_auprc": 0.6786037708238025,
      "eval_matthews_correlation": 0.33014700129073177,
      "eval_runtime": 6.853,
      "eval_samples_per_second": 48.884,
      "eval_steps_per_second": 3.064,
      "epoch": 10.0
    }
  ],
  "test_metrics": {
    "eval_loss": 0.6712878942489624,
    "eval_accuracy": 0.6476190476190476,
    "eval_f1": 0.6407766990291263,
    "eval_precision": 0.6189917936694022,
    "eval_recall": 0.6641509433962264,
    "eval_auc": 0.7045464236222151,
    "eval_auprc": 0.6730991259763637,
    "eval_matthews_correlation": 0.29652844805226913,
    "eval_runtime": 72.0433,
    "eval_samples_per_second": 46.722,
    "eval_steps_per_second": 2.929,
    "epoch": 10.0
  }
}