{
  "experiment": "cross_length",
  "model_type": "dnabert2",
  "variant": "pretrained_custom",
  "pair_name": "FXR2_HepG2_ENCSR973HOJ",
  "max_length": 256,
  "n_folds": 5,
  "hyperparameters": {
    "learning_rate": 5e-05,
    "per_device_train_batch_size": 16,
    "weight_decay": 0.01,
    "warmup_ratio": 0.1,
    "num_train_epochs": 10,
    "gradient_accumulation_steps": 1,
    "early_stopping_patience": 3
  },
  "cv_metrics": {
    "epoch_mean": 7.2,
    "epoch_std": 1.16619037896906,
    "eval_accuracy_mean": 0.9069234523849599,
    "eval_accuracy_std": 0.008529050225678106,
    "eval_auc_mean": 0.9632783882783883,
    "eval_auc_std": 0.0037798496415879573,
    "eval_auprc_mean": 0.9246228477374079,
    "eval_auprc_std": 0.012046307781735061,
    "eval_f1_mean": 0.8984584150292687,
    "eval_f1_std": 0.009056912634254562,
    "eval_loss_mean": 0.35051743388175965,
    "eval_loss_std": 0.04431125674225416,
    "eval_matthews_correlation_mean": 0.7989904333484759,
    "eval_matthews_correlation_std": 0.01835500761315657,
    "eval_precision_mean": 0.8951085395481858,
    "eval_precision_std": 0.010721242084533959,
    "eval_recall_mean": 0.9040172139973202,
    "eval_recall_std": 0.011069217803741222,
    "eval_runtime_mean": 0.41944,
    "eval_runtime_std": 0.008895077290276915,
    "eval_samples_per_second_mean": 1163.5593999999999,
    "eval_samples_per_second_std": 25.525000329872654,
    "eval_steps_per_second_mean": 73.944,
    "eval_steps_per_second_std": 1.5877472090984739
  },
  "cv_fold_metrics": [
    {
      "eval_loss": 0.3645861744880676,
      "eval_accuracy": 0.9159836065573771,
      "eval_f1": 0.9068246908980837,
      "eval_matthews_correlation": 0.8137328354034097,
      "eval_precision": 0.9086095936541196,
      "eval_recall": 0.9051306783402274,
      "eval_auc": 0.96254938695257,
      "eval_auprc": 0.911364210645023,
      "eval_runtime": 0.4274,
      "eval_samples_per_second": 1141.92,
      "eval_steps_per_second": 72.54,
      "epoch": 8.0
    },
    {
      "eval_loss": 0.3473092317581177,
      "eval_accuracy": 0.9057377049180327,
      "eval_f1": 0.8950086058519794,
      "eval_matthews_correlation": 0.7903489617709674,
      "eval_precision": 0.8986503067484664,
      "eval_recall": 0.8917289606944779,
      "eval_auc": 0.9636808814527648,
      "eval_auprc": 0.9137625877266319,
      "eval_runtime": 0.4184,
      "eval_samples_per_second": 1166.396,
      "eval_steps_per_second": 74.095,
      "epoch": 7.0
    },
    {
      "eval_loss": 0.4254927635192871,
      "eval_accuracy": 0.9036885245901639,
      "eval_f1": 0.8959606268853054,
      "eval_matthews_correlation": 0.7944409980107126,
      "eval_precision": 0.8891440575375632,
      "eval_recall": 0.9054645619632358,
      "eval_auc": 0.9629018196657454,
      "eval_auprc": 0.9278625138647943,
      "eval_runtime": 0.4044,
      "eval_samples_per_second": 1206.847,
      "eval_steps_per_second": 76.664,
      "epoch": 9.0
    },
    {
      "eval_loss": 0.29527032375335693,
      "eval_accuracy": 0.9159836065573771,
      "eval_f1": 0.9098799630655586,
      "eval_matthews_correlation": 0.8243930847226625,
      "eval_precision": 0.901463963963964,
      "eval_recall": 0.9232160412531765,
      "eval_auc": 0.9695609430357441,
      "eval_auprc": 0.9451462217290829,
      "eval_runtime": 0.4175,
      "eval_samples_per_second": 1168.749,
      "eval_steps_per_second": 74.244,
      "epoch": 6.0
    },
    {
      "eval_loss": 0.31992867588996887,
      "eval_accuracy": 0.893223819301848,
      "eval_f1": 0.8846181884454164,
      "eval_matthews_correlation": 0.7720362868346272,
      "eval_precision": 0.8776747758368163,
      "eval_recall": 0.894545827735483,
      "eval_auc": 0.9576989102851172,
      "eval_auprc": 0.9249787047215063,
      "eval_runtime": 0.4295,
      "eval_samples_per_second": 1133.885,
      "eval_steps_per_second": 72.177,
      "epoch": 6.0
    }
  ],
  "test_metrics": {
    "eval_loss": 0.2890695333480835,
    "eval_accuracy": 0.9399392888117953,
    "eval_f1": 0.9398546605171273,
    "eval_matthews_correlation": 0.8797292591057132,
    "eval_precision": 0.9397571636076775,
    "eval_recall": 0.9399721217600965,
    "eval_auc": 0.9797748078661844,
    "eval_auprc": 0.9765657676729713,
    "eval_runtime": 5.0632,
    "eval_samples_per_second": 910.892,
    "eval_steps_per_second": 57.079,
    "epoch": 10.0
  }
}