{
  "experiment": "cross_length",
  "model_type": "lamar",
  "variant": "random",
  "pair_name": "GRWD1_K562_ENCSR999YGP",
  "pretrain_path": "",
  "max_length": 1024,
  "n_folds": 5,
  "hyperparameters": {
    "learning_rate": 5e-05,
    "per_device_train_batch_size": 16,
    "weight_decay": 0.01,
    "warmup_ratio": 0.1,
    "num_train_epochs": 10,
    "gradient_accumulation_steps": 1,
    "early_stopping_patience": 3
  },
  "cv_metrics": {
    "epoch_mean": 8.4,
    "epoch_std": 1.4966629547095764,
    "eval_accuracy_mean": 0.7618055555555555,
    "eval_accuracy_std": 0.020931481768196574,
    "eval_auc_mean": 0.8264752936270053,
    "eval_auc_std": 0.012652492588809681,
    "eval_auprc_mean": 0.6269980178269023,
    "eval_auprc_std": 0.024613773238166534,
    "eval_f1_mean": 0.5927667820790202,
    "eval_f1_std": 0.047648098714875686,
    "eval_loss_mean": 0.46138123273849485,
    "eval_loss_std": 0.0182625532535546,
    "eval_matthews_correlation_mean": 0.4313450346599554,
    "eval_matthews_correlation_std": 0.05289104019889573,
    "eval_precision_mean": 0.5924828003308693,
    "eval_precision_std": 0.051626488862976556,
    "eval_recall_mean": 0.6085058798066517,
    "eval_recall_std": 0.10133777308719533,
    "eval_runtime_mean": 12.36412,
    "eval_runtime_std": 0.007338773739529178,
    "eval_samples_per_second_mean": 46.5866,
    "eval_samples_per_second_std": 0.027601449237314453,
    "eval_steps_per_second_mean": 2.9118,
    "eval_steps_per_second_std": 0.001720465053408594
  },
  "cv_fold_metrics": [
    {
      "eval_loss": 0.44599485397338867,
      "eval_accuracy": 0.7795138888888888,
      "eval_f1": 0.5347985347985348,
      "eval_precision": 0.6822429906542056,
      "eval_recall": 0.4397590361445783,
      "eval_auc": 0.834778136937996,
      "eval_auprc": 0.6492985125272113,
      "eval_matthews_correlation": 0.4155580580561003,
      "eval_runtime": 12.3771,
      "eval_samples_per_second": 46.538,
      "eval_steps_per_second": 2.909,
      "epoch": 8.0
    },
    {
      "eval_loss": 0.4713926315307617,
      "eval_accuracy": 0.7690972222222222,
      "eval_f1": 0.623229461756374,
      "eval_precision": 0.5882352941176471,
      "eval_recall": 0.6626506024096386,
      "eval_auc": 0.8265794886864531,
      "eval_auprc": 0.6496701463686358,
      "eval_matthews_correlation": 0.4593068265892524,
      "eval_runtime": 12.3639,
      "eval_samples_per_second": 46.587,
      "eval_steps_per_second": 2.912,
      "epoch": 10.0
    },
    {
      "eval_loss": 0.4688202440738678,
      "eval_accuracy": 0.7291666666666666,
      "eval_f1": 0.5593220338983051,
      "eval_precision": 0.5294117647058824,
      "eval_recall": 0.592814371257485,
      "eval_auc": 0.8125265361697144,
      "eval_auprc": 0.5985845073162295,
      "eval_matthews_correlation": 0.365948556749971,
      "eval_runtime": 12.3561,
      "eval_samples_per_second": 46.617,
      "eval_steps_per_second": 2.914,
      "epoch": 6.0
    },
    {
      "eval_loss": 0.4351186156272888,
      "eval_accuracy": 0.7847222222222222,
      "eval_f1": 0.6684491978609626,
      "eval_precision": 0.6038647342995169,
      "eval_recall": 0.7485029940119761,
      "eval_auc": 0.845394785002123,
      "eval_auprc": 0.6418854854591637,
      "eval_matthews_correlation": 0.5182188239830747,
      "eval_runtime": 12.3653,
      "eval_samples_per_second": 46.582,
      "eval_steps_per_second": 2.911,
      "epoch": 8.0
    },
    {
      "eval_loss": 0.48557981848716736,
      "eval_accuracy": 0.7465277777777778,
      "eval_f1": 0.5780346820809248,
      "eval_precision": 0.5586592178770949,
      "eval_recall": 0.5988023952095808,
      "eval_auc": 0.8130975213387406,
      "eval_auprc": 0.5955514374632718,
      "eval_matthews_correlation": 0.39769290792137835,
      "eval_runtime": 12.3582,
      "eval_samples_per_second": 46.609,
      "eval_steps_per_second": 2.913,
      "epoch": 10.0
    }
  ],
  "test_metrics": {
    "eval_loss": 0.9857345819473267,
    "eval_accuracy": 0.5422297297297297,
    "eval_f1": 0.09666666666666668,
    "eval_precision": 0.7631578947368421,
    "eval_recall": 0.051601423487544484,
    "eval_auc": 0.729769884770743,
    "eval_auprc": 0.6563864926019353,
    "eval_matthews_correlation": 0.10520278458823855,
    "eval_runtime": 127.4143,
    "eval_samples_per_second": 46.518,
    "eval_steps_per_second": 2.912,
    "epoch": 5.0
  }
}