{
  "experiment": "cross_length",
  "model_type": "lamar",
  "variant": "pretrained",
  "pair_name": "ELAVL1_HepG2_ENCSR296TSJ",
  "pretrain_path": "/gpfs/bwfor/work/ws/fr_ml642-thesis_work/Thesis/LAMAR/weights",
  "max_length": 1024,
  "n_folds": 5,
  "hyperparameters": {
    "learning_rate": 5e-05,
    "per_device_train_batch_size": 16,
    "weight_decay": 0.01,
    "warmup_ratio": 0.1,
    "num_train_epochs": 10,
    "gradient_accumulation_steps": 1,
    "early_stopping_patience": 3
  },
  "cv_metrics": {
    "epoch_mean": 9.2,
    "epoch_std": 1.5999999999999999,
    "eval_accuracy_mean": 0.8902027027027026,
    "eval_accuracy_std": 0.010412861491501621,
    "eval_auc_mean": 0.9456921154200228,
    "eval_auc_std": 0.0032422140147934306,
    "eval_auprc_mean": 0.8906623321887045,
    "eval_auprc_std": 0.010674996691738003,
    "eval_f1_mean": 0.7992337942354553,
    "eval_f1_std": 0.013530749774616564,
    "eval_loss_mean": 0.3273133099079132,
    "eval_loss_std": 0.03266045960355791,
    "eval_matthews_correlation_mean": 0.7281888315429399,
    "eval_matthews_correlation_std": 0.017639343605421878,
    "eval_precision_mean": 0.8156620398223623,
    "eval_precision_std": 0.061328824269034805,
    "eval_recall_mean": 0.7926830693372666,
    "eval_recall_std": 0.06462688273148963,
    "eval_runtime_mean": 12.73678,
    "eval_runtime_std": 0.0018829763673503563,
    "eval_samples_per_second_mean": 47.2962,
    "eval_samples_per_second_std": 0.03677716682943405,
    "eval_steps_per_second_mean": 2.9834,
    "eval_steps_per_second_std": 0.0004898979485565817
  },
  "cv_fold_metrics": [
    {
      "eval_loss": 0.3327184319496155,
      "eval_accuracy": 0.9003378378378378,
      "eval_f1": 0.7958477508650518,
      "eval_precision": 0.8984375,
      "eval_recall": 0.7142857142857143,
      "eval_auc": 0.9503537922785374,
      "eval_auprc": 0.8984600880270852,
      "eval_matthews_correlation": 0.739472419933632,
      "eval_runtime": 12.7369,
      "eval_samples_per_second": 47.343,
      "eval_steps_per_second": 2.983,
      "epoch": 10.0
    },
    {
      "eval_loss": 0.2668986916542053,
      "eval_accuracy": 0.902027027027027,
      "eval_f1": 0.81875,
      "eval_precision": 0.8397435897435898,
      "eval_recall": 0.7987804878048781,
      "eval_auc": 0.9409904262594028,
      "eval_auprc": 0.8981955880250685,
      "eval_matthews_correlation": 0.7521191574861247,
      "eval_runtime": 12.7382,
      "eval_samples_per_second": 47.338,
      "eval_steps_per_second": 2.983,
      "epoch": 10.0
    },
    {
      "eval_loss": 0.338894248008728,
      "eval_accuracy": 0.8733108108108109,
      "eval_f1": 0.7899159663865546,
      "eval_precision": 0.7305699481865285,
      "eval_recall": 0.8597560975609756,
      "eval_auc": 0.9447942785502622,
      "eval_auprc": 0.8896099413374801,
      "eval_matthews_correlation": 0.7048366814782465,
      "eval_runtime": 12.7394,
      "eval_samples_per_second": 47.255,
      "eval_steps_per_second": 2.983,
      "epoch": 6.0
    },
    {
      "eval_loss": 0.33203864097595215,
      "eval_accuracy": 0.8868243243243243,
      "eval_f1": 0.8101983002832862,
      "eval_precision": 0.7606382978723404,
      "eval_recall": 0.8666666666666667,
      "eval_auc": 0.9480945284223973,
      "eval_auprc": 0.8967361932247323,
      "eval_matthews_correlation": 0.7332141966901564,
      "eval_runtime": 12.735,
      "eval_samples_per_second": 47.271,
      "eval_steps_per_second": 2.984,
      "epoch": 10.0
    },
    {
      "eval_loss": 0.36601653695106506,
      "eval_accuracy": 0.8885135135135135,
      "eval_f1": 0.7814569536423842,
      "eval_precision": 0.8489208633093526,
      "eval_recall": 0.7239263803680982,
      "eval_auc": 0.9442275515895148,
      "eval_auprc": 0.8703098503291559,
      "eval_matthews_correlation": 0.7113017021265398,
      "eval_runtime": 12.7344,
      "eval_samples_per_second": 47.274,
      "eval_steps_per_second": 2.984,
      "epoch": 10.0
    }
  ],
  "test_metrics": {
    "eval_loss": 0.4785551130771637,
    "eval_accuracy": 0.7568516042780749,
    "eval_f1": 0.7000618429189858,
    "eval_precision": 0.8397626112759644,
    "eval_recall": 0.6002120890774125,
    "eval_auc": 0.873908057760382,
    "eval_auprc": 0.8415606424729789,
    "eval_matthews_correlation": 0.5251424198292299,
    "eval_runtime": 129.1263,
    "eval_samples_per_second": 46.427,
    "eval_steps_per_second": 2.904,
    "epoch": 4.0
  }
}