{
  "experiment": "cross_cell",
  "model_type": "dnabert2",
  "variant": "pretrained",
  "pair_name": "YBX3_train_K562_test_HepG2_fixlen_101",
  "max_length": 128,
  "n_folds": 5,
  "hyperparameters": {
    "learning_rate": 5e-05,
    "per_device_train_batch_size": 16,
    "weight_decay": 0.01,
    "warmup_ratio": 0.1,
    "num_train_epochs": 10,
    "gradient_accumulation_steps": 1,
    "early_stopping_patience": 3
  },
  "cv_metrics": {
    "epoch_mean": 5.8,
    "epoch_std": 1.16619037896906,
    "eval_accuracy_mean": 0.8555441855744832,
    "eval_accuracy_std": 0.006962251048348612,
    "eval_auc_mean": 0.9338318253542939,
    "eval_auc_std": 0.0025183893170798457,
    "eval_auprc_mean": 0.9302696697134403,
    "eval_auprc_std": 0.005173266817638566,
    "eval_f1_mean": 0.8553639839446842,
    "eval_f1_std": 0.007056824916911017,
    "eval_loss_mean": 0.4137188017368317,
    "eval_loss_std": 0.07575371426875353,
    "eval_matthews_correlation_mean": 0.712707895867249,
    "eval_matthews_correlation_std": 0.011919270738361586,
    "eval_precision_mean": 0.8570473781921425,
    "eval_precision_std": 0.005310875770503532,
    "eval_recall_mean": 0.8556635837231765,
    "eval_recall_std": 0.006631677427938441,
    "eval_runtime_mean": 3.1842200000000007,
    "eval_runtime_std": 0.003439418555511868,
    "eval_samples_per_second_mean": 1279.1868,
    "eval_samples_per_second_std": 1.3803784118856741,
    "eval_steps_per_second_mean": 80.08260000000001,
    "eval_steps_per_second_std": 0.08581048886936614
  },
  "cv_fold_metrics": [
    {
      "eval_loss": 0.5498363375663757,
      "eval_accuracy": 0.8426607756504664,
      "eval_f1": 0.8424022665679597,
      "eval_matthews_correlation": 0.6910390585860667,
      "eval_precision": 0.847229672361346,
      "eval_recall": 0.8438178088612258,
      "eval_auc": 0.9291301563666314,
      "eval_auprc": 0.9211723387386546,
      "eval_runtime": 3.1839,
      "eval_samples_per_second": 1279.565,
      "eval_steps_per_second": 80.091,
      "epoch": 7.0
    },
    {
      "eval_loss": 0.43997204303741455,
      "eval_accuracy": 0.8588264178738031,
      "eval_f1": 0.8586734484825127,
      "eval_matthews_correlation": 0.7176167337925589,
      "eval_precision": 0.859104479198681,
      "eval_recall": 0.8585124987637525,
      "eval_auc": 0.9355024954108081,
      "eval_auprc": 0.9353442246025492,
      "eval_runtime": 3.1802,
      "eval_samples_per_second": 1280.719,
      "eval_steps_per_second": 80.182,
      "epoch": 6.0
    },
    {
      "eval_loss": 0.3458503186702728,
      "eval_accuracy": 0.8585808986005401,
      "eval_f1": 0.8585804808888631,
      "eval_matthews_correlation": 0.7177590468515828,
      "eval_precision": 0.8588564984026115,
      "eval_recall": 0.8589025499263077,
      "eval_auc": 0.9363726930415549,
      "eval_auprc": 0.9352032983992372,
      "eval_runtime": 3.1902,
      "eval_samples_per_second": 1276.74,
      "eval_steps_per_second": 79.933,
      "epoch": 4.0
    },
    {
      "eval_loss": 0.35224729776382446,
      "eval_accuracy": 0.854652590228333,
      "eval_f1": 0.8541671202745549,
      "eval_matthews_correlation": 0.7107313819094713,
      "eval_precision": 0.8569066325376105,
      "eval_recall": 0.8538314023750426,
      "eval_auc": 0.93373158594272,
      "eval_auprc": 0.930336446154725,
      "eval_runtime": 3.1851,
      "eval_samples_per_second": 1278.782,
      "eval_steps_per_second": 80.061,
      "epoch": 5.0
    },
    {
      "eval_loss": 0.38068801164627075,
      "eval_accuracy": 0.8630002455192732,
      "eval_f1": 0.86299660350953,
      "eval_matthews_correlation": 0.7263932581965654,
      "eval_precision": 0.8631396084604641,
      "eval_recall": 0.8632536586895535,
      "eval_auc": 0.934422196009755,
      "eval_auprc": 0.9292920406720357,
      "eval_runtime": 3.1817,
      "eval_samples_per_second": 1280.128,
      "eval_steps_per_second": 80.146,
      "epoch": 7.0
    }
  ],
  "test_metrics": {
    "eval_loss": 0.5477780699729919,
    "eval_accuracy": 0.79173938336242,
    "eval_f1": 0.7797542016205228,
    "eval_matthews_correlation": 0.5595177021640281,
    "eval_precision": 0.7794378397856259,
    "eval_recall": 0.78008023114826,
    "eval_auc": 0.8472877916225954,
    "eval_auprc": 0.7850190721280286,
    "eval_runtime": 1.2861,
    "eval_samples_per_second": 1336.631,
    "eval_steps_per_second": 83.977,
    "epoch": 6.0
  }
}