{
  "experiment": "cross_length",
  "model_type": "dnabert2",
  "variant": "random",
  "pair_name": "DROSHA_HepG2_ENCSR834YLD",
  "max_length": 256,
  "n_folds": 5,
  "hyperparameters": {
    "learning_rate": 5e-05,
    "per_device_train_batch_size": 16,
    "weight_decay": 0.01,
    "warmup_ratio": 0.1,
    "num_train_epochs": 10,
    "gradient_accumulation_steps": 1,
    "early_stopping_patience": 3
  },
  "cv_metrics": {
    "epoch_mean": 5.8,
    "epoch_std": 1.16619037896906,
    "eval_accuracy_mean": 0.6085471933871587,
    "eval_accuracy_std": 0.14187361224531778,
    "eval_auc_mean": 0.7727587146519185,
    "eval_auc_std": 0.026923258500368315,
    "eval_auprc_mean": 0.6927086942925826,
    "eval_auprc_std": 0.022565953808912506,
    "eval_f1_mean": 0.5592480508698804,
    "eval_f1_std": 0.15681318571763345,
    "eval_loss_mean": 0.6882587432861328,
    "eval_loss_std": 0.09990254549882213,
    "eval_matthews_correlation_mean": 0.28510696105052163,
    "eval_matthews_correlation_std": 0.14714478510975246,
    "eval_precision_mean": 0.5962765005942652,
    "eval_precision_std": 0.2097183043313353,
    "eval_recall_mean": 0.6282178612518419,
    "eval_recall_std": 0.07042083306580552,
    "eval_runtime_mean": 0.26482,
    "eval_runtime_std": 0.008189114726269259,
    "eval_samples_per_second_mean": 1089.2604,
    "eval_samples_per_second_std": 32.62327349975788,
    "eval_steps_per_second_mean": 68.757,
    "eval_steps_per_second_std": 1.5059132777155522
  },
  "cv_fold_metrics": [
    {
      "eval_loss": 0.621251106262207,
      "eval_accuracy": 0.6920415224913494,
      "eval_f1": 0.6866235364352985,
      "eval_matthews_correlation": 0.4052323770125918,
      "eval_precision": 0.6945242885886749,
      "eval_recall": 0.7110446985446985,
      "eval_auc": 0.8022349272349273,
      "eval_auprc": 0.7106464276655101,
      "eval_runtime": 0.2765,
      "eval_samples_per_second": 1045.263,
      "eval_steps_per_second": 68.72,
      "epoch": 6.0
    },
    {
      "eval_loss": 0.6652600169181824,
      "eval_accuracy": 0.5451388888888888,
      "eval_f1": 0.5383203416586106,
      "eval_matthews_correlation": 0.295431072771084,
      "eval_precision": 0.6667112299465241,
      "eval_recall": 0.630884282340593,
      "eval_auc": 0.8061401207032274,
      "eval_auprc": 0.7278175071723371,
      "eval_runtime": 0.2533,
      "eval_samples_per_second": 1136.928,
      "eval_steps_per_second": 71.058,
      "epoch": 5.0
    },
    {
      "eval_loss": 0.845758318901062,
      "eval_accuracy": 0.3576388888888889,
      "eval_f1": 0.2634271099744246,
      "eval_matthews_correlation": 0.0,
      "eval_precision": 0.17881944444444445,
      "eval_recall": 0.5,
      "eval_auc": 0.7480451325111518,
      "eval_auprc": 0.6695868512969096,
      "eval_runtime": 0.2591,
      "eval_samples_per_second": 1111.402,
      "eval_steps_per_second": 69.463,
      "epoch": 5.0
    },
    {
      "eval_loss": 0.5601727366447449,
      "eval_accuracy": 0.71875,
      "eval_f1": 0.6333401442874432,
      "eval_matthews_correlation": 0.34701173539371016,
      "eval_precision": 0.7270032339202299,
      "eval_recall": 0.632616111256888,
      "eval_auc": 0.765993177643663,
      "eval_auprc": 0.6799093012997721,
      "eval_runtime": 0.2646,
      "eval_samples_per_second": 1088.397,
      "eval_steps_per_second": 68.025,
      "epoch": 5.0
    },
    {
      "eval_loss": 0.7488515377044678,
      "eval_accuracy": 0.7291666666666666,
      "eval_f1": 0.6745291219936251,
      "eval_matthews_correlation": 0.37785962007522217,
      "eval_precision": 0.7143243060714527,
      "eval_recall": 0.6665442141170297,
      "eval_auc": 0.741380215166623,
      "eval_auprc": 0.6755833840283842,
      "eval_runtime": 0.2706,
      "eval_samples_per_second": 1064.312,
      "eval_steps_per_second": 66.519,
      "epoch": 8.0
    }
  ],
  "test_metrics": {
    "eval_loss": 0.48565706610679626,
    "eval_accuracy": 0.777599142550911,
    "eval_f1": 0.7770920557795187,
    "eval_matthews_correlation": 0.554259843979713,
    "eval_precision": 0.7769453825751256,
    "eval_recall": 0.7773145843703335,
    "eval_auc": 0.8522217152443633,
    "eval_auprc": 0.8550959757031162,
    "eval_runtime": 2.0498,
    "eval_samples_per_second": 910.337,
    "eval_steps_per_second": 57.079,
    "epoch": 7.0
  }
}