{
  "experiment": "cross_cell",
  "model_type": "lamar",
  "variant": "random",
  "pair_name": "APEX1_train_K562_test_HepG2_fixlen_101",
  "pretrain_path": "",
  "max_length": 1024,
  "n_folds": 5,
  "hyperparameters": {
    "learning_rate": 5e-05,
    "per_device_train_batch_size": 16,
    "weight_decay": 0.01,
    "warmup_ratio": 0.1,
    "num_train_epochs": 10,
    "gradient_accumulation_steps": 1,
    "early_stopping_patience": 3
  },
  "cv_metrics": {
    "epoch_mean": 5.4,
    "epoch_std": 1.3564659966250536,
    "eval_accuracy_mean": 0.79375,
    "eval_accuracy_std": 0.06434768838116875,
    "eval_auc_mean": 0.8935110294117647,
    "eval_auc_std": 0.05362669397020764,
    "eval_auprc_mean": 0.8949492077271202,
    "eval_auprc_std": 0.04824167694605822,
    "eval_f1_mean": 0.7881123058542413,
    "eval_f1_std": 0.04422712506469052,
    "eval_loss_mean": 0.5405399262905121,
    "eval_loss_std": 0.19453423835784386,
    "eval_matthews_correlation_mean": 0.599105978163441,
    "eval_matthews_correlation_std": 0.11819007896972915,
    "eval_precision_mean": 0.813809523809524,
    "eval_precision_std": 0.11485374708713096,
    "eval_recall_mean": 0.7791666666666666,
    "eval_recall_std": 0.05257270098529171,
    "eval_runtime_mean": 0.68592,
    "eval_runtime_std": 0.00048332183894377186,
    "eval_samples_per_second_mean": 55.3996,
    "eval_samples_per_second_std": 0.03993294379331456,
    "eval_steps_per_second_mean": 4.373800000000001,
    "eval_steps_per_second_std": 0.0031874754901017174
  },
  "cv_fold_metrics": [
    {
      "eval_loss": 0.4163917005062103,
      "eval_accuracy": 0.84375,
      "eval_f1": 0.8148148148148148,
      "eval_precision": 0.9166666666666666,
      "eval_recall": 0.7333333333333333,
      "eval_auc": 0.9176470588235294,
      "eval_auprc": 0.9155017966782673,
      "eval_matthews_correlation": 0.6952687917708212,
      "eval_runtime": 0.685,
      "eval_samples_per_second": 55.475,
      "eval_steps_per_second": 4.38,
      "epoch": 7.0
    },
    {
      "eval_loss": 0.2737453877925873,
      "eval_accuracy": 0.84375,
      "eval_f1": 0.8148148148148148,
      "eval_precision": 0.9166666666666666,
      "eval_recall": 0.7333333333333333,
      "eval_auc": 0.9647058823529411,
      "eval_auprc": 0.9562715062715063,
      "eval_matthews_correlation": 0.6952687917708212,
      "eval_runtime": 0.6864,
      "eval_samples_per_second": 55.36,
      "eval_steps_per_second": 4.371,
      "epoch": 4.0
    },
    {
      "eval_loss": 0.8108618259429932,
      "eval_accuracy": 0.6875,
      "eval_f1": 0.7222222222222222,
      "eval_precision": 0.6190476190476191,
      "eval_recall": 0.8666666666666667,
      "eval_auc": 0.8117647058823529,
      "eval_auprc": 0.8139424214130098,
      "eval_matthews_correlation": 0.4161455870818984,
      "eval_runtime": 0.6862,
      "eval_samples_per_second": 55.374,
      "eval_steps_per_second": 4.372,
      "epoch": 7.0
    },
    {
      "eval_loss": 0.4953109920024872,
      "eval_accuracy": 0.84375,
      "eval_f1": 0.8387096774193549,
      "eval_precision": 0.8666666666666667,
      "eval_recall": 0.8125,
      "eval_auc": 0.91796875,
      "eval_auprc": 0.9156218803864432,
      "eval_matthews_correlation": 0.6888467201936644,
      "eval_runtime": 0.686,
      "eval_samples_per_second": 55.397,
      "eval_steps_per_second": 4.373,
      "epoch": 5.0
    },
    {
      "eval_loss": 0.7063897252082825,
      "eval_accuracy": 0.75,
      "eval_f1": 0.75,
      "eval_precision": 0.75,
      "eval_recall": 0.75,
      "eval_auc": 0.85546875,
      "eval_auprc": 0.873408433886375,
      "eval_matthews_correlation": 0.5,
      "eval_runtime": 0.686,
      "eval_samples_per_second": 55.392,
      "eval_steps_per_second": 4.373,
      "epoch": 4.0
    }
  ],
  "test_metrics": {
    "eval_loss": 0.7054367065429688,
    "eval_accuracy": 0.6686046511627907,
    "eval_f1": 0.5808823529411764,
    "eval_precision": 0.7559808612440191,
    "eval_recall": 0.4716417910447761,
    "eval_auc": 0.7395036150691303,
    "eval_auprc": 0.7441996108494169,
    "eval_matthews_correlation": 0.3555796094721206,
    "eval_runtime": 14.6785,
    "eval_samples_per_second": 46.871,
    "eval_steps_per_second": 2.929,
    "epoch": 9.0
  }
}