{
  "experiment": "cross_length",
  "model_type": "dnabert2",
  "variant": "tapt_v3",
  "pair_name": "DGCR8_HepG2_ENCSR061SZV",
  "max_length": 256,
  "n_folds": 5,
  "hyperparameters": {
    "learning_rate": 5e-05,
    "per_device_train_batch_size": 16,
    "weight_decay": 0.01,
    "warmup_ratio": 0.1,
    "num_train_epochs": 10,
    "gradient_accumulation_steps": 1,
    "early_stopping_patience": 3
  },
  "cv_metrics": {
    "epoch_mean": 5.4,
    "epoch_std": 1.0198039027185568,
    "eval_accuracy_mean": 0.7648241206030152,
    "eval_accuracy_std": 0.041608525717556695,
    "eval_auc_mean": 0.8641813555238214,
    "eval_auc_std": 0.006995471049636021,
    "eval_auprc_mean": 0.8148668146592989,
    "eval_auprc_std": 0.015876864540839516,
    "eval_f1_mean": 0.7234600037017612,
    "eval_f1_std": 0.09752093497143177,
    "eval_loss_mean": 0.4745937943458557,
    "eval_loss_std": 0.029449085399746736,
    "eval_matthews_correlation_mean": 0.49769724241859176,
    "eval_matthews_correlation_std": 0.10460588033268643,
    "eval_precision_mean": 0.7768508613843649,
    "eval_precision_std": 0.009366509286302845,
    "eval_recall_mean": 0.7359300458971691,
    "eval_recall_std": 0.08256773616286907,
    "eval_runtime_mean": 0.11545999999999998,
    "eval_runtime_std": 0.0021731083728153103,
    "eval_samples_per_second_mean": 1723.9721999999997,
    "eval_samples_per_second_std": 32.51026179162509,
    "eval_steps_per_second_mean": 112.6212,
    "eval_steps_per_second_std": 2.1235695797406793
  },
  "cv_fold_metrics": [
    {
      "eval_loss": 0.5256443619728088,
      "eval_accuracy": 0.6834170854271356,
      "eval_f1": 0.5287727870700996,
      "eval_matthews_correlation": 0.289005825663284,
      "eval_precision": 0.7925579322638145,
      "eval_recall": 0.5713742117851707,
      "eval_auc": 0.859860839312894,
      "eval_auprc": 0.7969463569945057,
      "eval_runtime": 0.1133,
      "eval_samples_per_second": 1756.15,
      "eval_steps_per_second": 114.723,
      "epoch": 4.0
    },
    {
      "eval_loss": 0.4856767952442169,
      "eval_accuracy": 0.7688442211055276,
      "eval_f1": 0.763095238095238,
      "eval_matthews_correlation": 0.5458987664889907,
      "eval_precision": 0.7633603238866397,
      "eval_recall": 0.7828875842574472,
      "eval_auc": 0.8698630136986302,
      "eval_auprc": 0.8278897222972895,
      "eval_runtime": 0.1172,
      "eval_samples_per_second": 1697.653,
      "eval_steps_per_second": 110.902,
      "epoch": 6.0
    },
    {
      "eval_loss": 0.45536795258522034,
      "eval_accuracy": 0.7939698492462312,
      "eval_f1": 0.7812424591790225,
      "eval_matthews_correlation": 0.5635796839401506,
      "eval_precision": 0.7781839372748465,
      "eval_recall": 0.7854424874972821,
      "eval_auc": 0.8738856273102849,
      "eval_auprc": 0.8354620078295434,
      "eval_runtime": 0.1149,
      "eval_samples_per_second": 1731.914,
      "eval_steps_per_second": 113.14,
      "epoch": 5.0
    },
    {
      "eval_loss": 0.4657312035560608,
      "eval_accuracy": 0.7889447236180904,
      "eval_f1": 0.7700814260563381,
      "eval_matthews_correlation": 0.5417857197843172,
      "eval_precision": 0.776044005388415,
      "eval_recall": 0.7658378378378379,
      "eval_auc": 0.8542702702702702,
      "eval_auprc": 0.8175599385941832,
      "eval_runtime": 0.1187,
      "eval_samples_per_second": 1675.852,
      "eval_steps_per_second": 109.478,
      "epoch": 7.0
    },
    {
      "eval_loss": 0.4405486583709717,
      "eval_accuracy": 0.7889447236180904,
      "eval_f1": 0.774108108108108,
      "eval_matthews_correlation": 0.5482162162162162,
      "eval_precision": 0.774108108108108,
      "eval_recall": 0.774108108108108,
      "eval_auc": 0.8630270270270272,
      "eval_auprc": 0.7964760475809733,
      "eval_runtime": 0.1132,
      "eval_samples_per_second": 1758.292,
      "eval_steps_per_second": 114.863,
      "epoch": 5.0
    }
  ],
  "test_metrics": {
    "eval_loss": 0.3819843530654907,
    "eval_accuracy": 0.8523489932885906,
    "eval_f1": 0.8511770508710176,
    "eval_matthews_correlation": 0.7051593729328136,
    "eval_precision": 0.8551329147138126,
    "eval_recall": 0.850044814654615,
    "eval_auc": 0.9123193478910357,
    "eval_auprc": 0.9090639032475565,
    "eval_runtime": 0.7864,
    "eval_samples_per_second": 1705.254,
    "eval_steps_per_second": 106.817,
    "epoch": 5.0
  }
}