{
  "experiment": "cross_cell",
  "model_type": "dnabert2",
  "variant": "pretrained",
  "pair_name": "TRA2A_train_K562_test_HepG2_fixlen_101",
  "max_length": 128,
  "n_folds": 5,
  "hyperparameters": {
    "learning_rate": 5e-05,
    "per_device_train_batch_size": 16,
    "weight_decay": 0.01,
    "warmup_ratio": 0.1,
    "num_train_epochs": 10,
    "gradient_accumulation_steps": 1,
    "early_stopping_patience": 3
  },
  "cv_metrics": {
    "epoch_mean": 6.0,
    "epoch_std": 0.8944271909999159,
    "eval_accuracy_mean": 0.9170761670761671,
    "eval_accuracy_std": 0.006819878231629026,
    "eval_auc_mean": 0.977441728859666,
    "eval_auc_std": 0.005978055148272459,
    "eval_auprc_mean": 0.9687201860820064,
    "eval_auprc_std": 0.010601451493041019,
    "eval_f1_mean": 0.9149116686660015,
    "eval_f1_std": 0.007059812288541386,
    "eval_loss_mean": 0.2665668249130249,
    "eval_loss_std": 0.052976154760329054,
    "eval_matthews_correlation_mean": 0.8337978240666419,
    "eval_matthews_correlation_std": 0.016205136590253938,
    "eval_precision_mean": 0.9200885315172249,
    "eval_precision_std": 0.011020261705278776,
    "eval_recall_mean": 0.9138332628596798,
    "eval_recall_std": 0.009808402492824284,
    "eval_runtime_mean": 0.3234,
    "eval_runtime_std": 0.013773162309360907,
    "eval_samples_per_second_mean": 1262.4797999999998,
    "eval_samples_per_second_std": 50.050955257217595,
    "eval_steps_per_second_mean": 80.5326,
    "eval_steps_per_second_std": 3.22436130729793
  },
  "cv_fold_metrics": [
    {
      "eval_loss": 0.2343938797712326,
      "eval_accuracy": 0.9240196078431373,
      "eval_f1": 0.9233189647332716,
      "eval_matthews_correlation": 0.8507229010750059,
      "eval_precision": 0.9215483187204934,
      "eval_recall": 0.929209074187615,
      "eval_auc": 0.9873451870018394,
      "eval_auprc": 0.9832861856272513,
      "eval_runtime": 0.3163,
      "eval_samples_per_second": 1290.105,
      "eval_steps_per_second": 82.213,
      "epoch": 6.0
    },
    {
      "eval_loss": 0.3658722937107086,
      "eval_accuracy": 0.9044117647058824,
      "eval_f1": 0.9019224724018269,
      "eval_matthews_correlation": 0.8044025744585656,
      "eval_precision": 0.9044642857142857,
      "eval_recall": 0.8999509503372164,
      "eval_auc": 0.9697608828939301,
      "eval_auprc": 0.9634617207576462,
      "eval_runtime": 0.3509,
      "eval_samples_per_second": 1162.747,
      "eval_steps_per_second": 74.097,
      "epoch": 7.0
    },
    {
      "eval_loss": 0.21660053730010986,
      "eval_accuracy": 0.9215686274509803,
      "eval_f1": 0.917741935483871,
      "eval_matthews_correlation": 0.8464249148574983,
      "eval_precision": 0.937616362921201,
      "eval_recall": 0.9092826486817903,
      "eval_auc": 0.979889638258737,
      "eval_auprc": 0.9767048644986596,
      "eval_runtime": 0.3156,
      "eval_samples_per_second": 1292.675,
      "eval_steps_per_second": 82.376,
      "epoch": 5.0
    },
    {
      "eval_loss": 0.2423037737607956,
      "eval_accuracy": 0.918918918918919,
      "eval_f1": 0.9161469161469161,
      "eval_matthews_correlation": 0.8349517599531849,
      "eval_precision": 0.9233110164333536,
      "eval_recall": 0.9117211780375907,
      "eval_auc": 0.9766415075723941,
      "eval_auprc": 0.9674520425616202,
      "eval_runtime": 0.3162,
      "eval_samples_per_second": 1287.016,
      "eval_steps_per_second": 82.217,
      "epoch": 5.0
    },
    {
      "eval_loss": 0.27366364002227783,
      "eval_accuracy": 0.9164619164619164,
      "eval_f1": 0.9154280545641226,
      "eval_matthews_correlation": 0.8324869699889549,
      "eval_precision": 0.9135026737967914,
      "eval_recall": 0.9190024630541872,
      "eval_auc": 0.9735714285714286,
      "eval_auprc": 0.9526961169648542,
      "eval_runtime": 0.318,
      "eval_samples_per_second": 1279.856,
      "eval_steps_per_second": 81.76,
      "epoch": 7.0
    }
  ],
  "test_metrics": {
    "eval_loss": 0.2714269161224365,
    "eval_accuracy": 0.9145646867371847,
    "eval_f1": 0.9107526323979459,
    "eval_matthews_correlation": 0.8227655552785884,
    "eval_precision": 0.9069234729364858,
    "eval_recall": 0.9158909500033585,
    "eval_auc": 0.968963403712245,
    "eval_auprc": 0.9522014627371759,
    "eval_runtime": 0.924,
    "eval_samples_per_second": 1330.113,
    "eval_steps_per_second": 83.335,
    "epoch": 6.0
  }
}