{
  "experiment": "cross_cell",
  "model_type": "dnabert2",
  "variant": "pretrained",
  "pair_name": "RBFOX2_train_K562_test_HepG2_fixlen_101",
  "max_length": 128,
  "n_folds": 5,
  "hyperparameters": {
    "learning_rate": 5e-05,
    "per_device_train_batch_size": 16,
    "weight_decay": 0.01,
    "warmup_ratio": 0.1,
    "num_train_epochs": 10,
    "gradient_accumulation_steps": 1,
    "early_stopping_patience": 3
  },
  "cv_metrics": {
    "epoch_mean": 6.2,
    "epoch_std": 0.39999999999999997,
    "eval_accuracy_mean": 0.837488959703802,
    "eval_accuracy_std": 0.012068972673188147,
    "eval_auc_mean": 0.9073908352635751,
    "eval_auc_std": 0.00835980607624929,
    "eval_auprc_mean": 0.8686427372289105,
    "eval_auprc_std": 0.021185062043072595,
    "eval_f1_mean": 0.8247128720533471,
    "eval_f1_std": 0.012486610524640581,
    "eval_loss_mean": 0.44329423904418946,
    "eval_loss_std": 0.02914264321825834,
    "eval_matthews_correlation_mean": 0.658350881795098,
    "eval_matthews_correlation_std": 0.02695725411976811,
    "eval_precision_mean": 0.8394605165478213,
    "eval_precision_std": 0.01942403906762005,
    "eval_recall_mean": 0.8195483836823826,
    "eval_recall_std": 0.01527056654221651,
    "eval_runtime_mean": 0.7279199999999999,
    "eval_runtime_std": 0.001913530767978385,
    "eval_samples_per_second_mean": 1266.3498,
    "eval_samples_per_second_std": 3.215262564706002,
    "eval_steps_per_second_mean": 79.67920000000001,
    "eval_steps_per_second_std": 0.21115529829961763
  },
  "cv_fold_metrics": [
    {
      "eval_loss": 0.44782790541648865,
      "eval_accuracy": 0.8405639913232104,
      "eval_f1": 0.8229246553776246,
      "eval_matthews_correlation": 0.662946016154549,
      "eval_precision": 0.8538551843636589,
      "eval_recall": 0.8105065573120964,
      "eval_auc": 0.9213865446333056,
      "eval_auprc": 0.8933689910894773,
      "eval_runtime": 0.7291,
      "eval_samples_per_second": 1264.588,
      "eval_steps_per_second": 79.551,
      "epoch": 7.0
    },
    {
      "eval_loss": 0.4570682644844055,
      "eval_accuracy": 0.8264642082429501,
      "eval_f1": 0.817158721895838,
      "eval_matthews_correlation": 0.634317443791676,
      "eval_precision": 0.817158721895838,
      "eval_recall": 0.817158721895838,
      "eval_auc": 0.8991943680126919,
      "eval_auprc": 0.8544929596486202,
      "eval_runtime": 0.7293,
      "eval_samples_per_second": 1264.191,
      "eval_steps_per_second": 79.526,
      "epoch": 6.0
    },
    {
      "eval_loss": 0.43272167444229126,
      "eval_accuracy": 0.8383947939262473,
      "eval_f1": 0.8331809378092688,
      "eval_matthews_correlation": 0.6705764449369087,
      "eval_precision": 0.8293532338308458,
      "eval_recall": 0.8413301603827372,
      "eval_auc": 0.9054064103517514,
      "eval_auprc": 0.8518998700299752,
      "eval_runtime": 0.7248,
      "eval_samples_per_second": 1272.154,
      "eval_steps_per_second": 80.027,
      "epoch": 6.0
    },
    {
      "eval_loss": 0.3952990472316742,
      "eval_accuracy": 0.8579175704989154,
      "eval_f1": 0.8431392411639036,
      "eval_matthews_correlation": 0.6997677673787736,
      "eval_precision": 0.869885859929078,
      "eval_recall": 0.8309635358568206,
      "eval_auc": 0.9116134949555043,
      "eval_auprc": 0.8955281872324342,
      "eval_runtime": 0.7298,
      "eval_samples_per_second": 1263.351,
      "eval_steps_per_second": 79.473,
      "epoch": 6.0
    },
    {
      "eval_loss": 0.48355430364608765,
      "eval_accuracy": 0.8241042345276873,
      "eval_f1": 0.8071608040201006,
      "eval_matthews_correlation": 0.6241467367135825,
      "eval_precision": 0.8270495827196858,
      "eval_recall": 0.7977829429644199,
      "eval_auc": 0.8993533583646223,
      "eval_auprc": 0.8479236781440452,
      "eval_runtime": 0.7266,
      "eval_samples_per_second": 1267.465,
      "eval_steps_per_second": 79.819,
      "epoch": 6.0
    }
  ],
  "test_metrics": {
    "eval_loss": 0.2781926393508911,
    "eval_accuracy": 0.894545096494683,
    "eval_f1": 0.8940992096635525,
    "eval_matthews_correlation": 0.7902567284153849,
    "eval_precision": 0.893391048215295,
    "eval_recall": 0.8968733526340995,
    "eval_auc": 0.9584777539199696,
    "eval_auprc": 0.9381202045415078,
    "eval_runtime": 8.8782,
    "eval_samples_per_second": 1143.927,
    "eval_steps_per_second": 71.524,
    "epoch": 5.0
  }
}