{
  "experiment": "cross_length",
  "model_type": "lamar",
  "variant": "random",
  "pair_name": "NOLC1_HepG2_ENCSR194HZU",
  "pretrain_path": "",
  "max_length": 1024,
  "n_folds": 5,
  "hyperparameters": {
    "learning_rate": 5e-05,
    "per_device_train_batch_size": 16,
    "weight_decay": 0.01,
    "warmup_ratio": 0.1,
    "num_train_epochs": 10,
    "gradient_accumulation_steps": 1,
    "early_stopping_patience": 3
  },
  "cv_metrics": {
    "epoch_mean": 5.4,
    "epoch_std": 1.8547236990991407,
    "eval_accuracy_mean": 0.56875,
    "eval_accuracy_std": 0.08761153605547617,
    "eval_auc_mean": 0.6617377776871415,
    "eval_auc_std": 0.06291317730858971,
    "eval_auprc_mean": 0.4971441980484938,
    "eval_auprc_std": 0.05789788744418749,
    "eval_f1_mean": 0.35272162386081196,
    "eval_f1_std": 0.29057803452556696,
    "eval_loss_mean": 0.7337421536445617,
    "eval_loss_std": 0.069923722363308,
    "eval_matthews_correlation_mean": 0.13106430599178107,
    "eval_matthews_correlation_std": 0.1440697530816023,
    "eval_precision_mean": 0.26537149404932425,
    "eval_precision_std": 0.22137067697801624,
    "eval_recall_mean": 0.533608695652174,
    "eval_recall_std": 0.43588580908688346,
    "eval_runtime_mean": 1.3622599999999998,
    "eval_runtime_std": 0.0015551205741034847,
    "eval_samples_per_second_mean": 48.303200000000004,
    "eval_samples_per_second_std": 0.28153394111545427,
    "eval_steps_per_second_mean": 3.6706000000000003,
    "eval_steps_per_second_std": 0.004079215610874257
  },
  "cv_fold_metrics": [
    {
      "eval_loss": 0.8457211256027222,
      "eval_accuracy": 0.625,
      "eval_f1": 0.0,
      "eval_precision": 0.0,
      "eval_recall": 0.0,
      "eval_auc": 0.696875,
      "eval_auprc": 0.5264150361556061,
      "eval_matthews_correlation": 0.0,
      "eval_runtime": 1.362,
      "eval_samples_per_second": 48.459,
      "eval_steps_per_second": 3.671,
      "epoch": 4.0
    },
    {
      "eval_loss": 0.7310571670532227,
      "eval_accuracy": 0.40625,
      "eval_f1": 0.525,
      "eval_precision": 0.3684210526315789,
      "eval_recall": 0.9130434782608695,
      "eval_auc": 0.5397667020148462,
      "eval_auprc": 0.3944807643450856,
      "eval_matthews_correlation": 0.053798683181449536,
      "eval_runtime": 1.3621,
      "eval_samples_per_second": 48.455,
      "eval_steps_per_second": 3.671,
      "epoch": 5.0
    },
    {
      "eval_loss": 0.6438143849372864,
      "eval_accuracy": 0.625,
      "eval_f1": 0.6470588235294118,
      "eval_precision": 0.5116279069767442,
      "eval_recall": 0.88,
      "eval_auc": 0.683076923076923,
      "eval_auprc": 0.5174636109719248,
      "eval_matthews_correlation": 0.3548935043611978,
      "eval_runtime": 1.3607,
      "eval_samples_per_second": 48.506,
      "eval_steps_per_second": 3.675,
      "epoch": 9.0
    },
    {
      "eval_loss": 0.766636073589325,
      "eval_accuracy": 0.640625,
      "eval_f1": 0.0,
      "eval_precision": 0.0,
      "eval_recall": 0.0,
      "eval_auc": 0.6712619300106044,
      "eval_auprc": 0.4815915724275772,
      "eval_matthews_correlation": 0.0,
      "eval_runtime": 1.3652,
      "eval_samples_per_second": 48.346,
      "eval_steps_per_second": 3.663,
      "epoch": 4.0
    },
    {
      "eval_loss": 0.6814820170402527,
      "eval_accuracy": 0.546875,
      "eval_f1": 0.591549295774648,
      "eval_precision": 0.44680851063829785,
      "eval_recall": 0.875,
      "eval_auc": 0.7177083333333333,
      "eval_auprc": 0.5657700063422754,
      "eval_matthews_correlation": 0.246629342416258,
      "eval_runtime": 1.3613,
      "eval_samples_per_second": 47.75,
      "eval_steps_per_second": 3.673,
      "epoch": 5.0
    }
  ],
  "test_metrics": {
    "eval_loss": 0.6954688429832458,
    "eval_accuracy": 0.5433673469387755,
    "eval_f1": 0.5350649350649351,
    "eval_precision": 0.5309278350515464,
    "eval_recall": 0.5392670157068062,
    "eval_auc": 0.5675028001354483,
    "eval_auprc": 0.5306318864041446,
    "eval_matthews_correlation": 0.0865070407192444,
    "eval_runtime": 16.7077,
    "eval_samples_per_second": 47.044,
    "eval_steps_per_second": 2.993,
    "epoch": 10.0
  }
}