{
  "experiment": "cross_cell",
  "model_type": "lamar",
  "variant": "pretrained_custom",
  "pair_name": "DHX30_train_K562_test_HepG2_fixlen_101",
  "pretrain_path": "/gpfs/bwfor/work/ws/fr_ml642-thesis_work/Thesis/LAMAR/src/pretrain/saving_model/tapt_512_standard_collator_1gpu/checkpoint-265000/model.safetensors",
  "max_length": 512,
  "n_folds": 5,
  "hyperparameters": {
    "learning_rate": 5e-05,
    "per_device_train_batch_size": 16,
    "weight_decay": 0.01,
    "warmup_ratio": 0.1,
    "num_train_epochs": 10,
    "gradient_accumulation_steps": 1,
    "early_stopping_patience": 3
  },
  "cv_metrics": {
    "epoch_mean": 8.4,
    "epoch_std": 1.3564659966250536,
    "eval_accuracy_mean": 0.7774101307189542,
    "eval_accuracy_std": 0.0249983312485046,
    "eval_auc_mean": 0.8668442479097394,
    "eval_auc_std": 0.022433333316155376,
    "eval_auprc_mean": 0.8743936888723693,
    "eval_auprc_std": 0.01976373928423582,
    "eval_f1_mean": 0.7746200733875279,
    "eval_f1_std": 0.022360011635829066,
    "eval_loss_mean": 0.5141165614128113,
    "eval_loss_std": 0.06128740442261841,
    "eval_matthews_correlation_mean": 0.5554181641177502,
    "eval_matthews_correlation_std": 0.049547688004299734,
    "eval_precision_mean": 0.7732499306613553,
    "eval_precision_std": 0.03626323444059241,
    "eval_recall_mean": 0.7769216548363964,
    "eval_recall_std": 0.01960001086683683,
    "eval_runtime_mean": 2.19756,
    "eval_runtime_std": 0.04933240719851405,
    "eval_samples_per_second_mean": 131.0286,
    "eval_samples_per_second_std": 2.8553433839032385,
    "eval_steps_per_second_mean": 8.1952,
    "eval_steps_per_second_std": 0.19040735279920273
  },
  "cv_fold_metrics": [
    {
      "eval_loss": 0.4116206765174866,
      "eval_accuracy": 0.8229166666666666,
      "eval_f1": 0.8172043010752689,
      "eval_precision": 0.8321167883211679,
      "eval_recall": 0.8028169014084507,
      "eval_auc": 0.9076789504148177,
      "eval_auprc": 0.912577730795012,
      "eval_matthews_correlation": 0.6459841085318779,
      "eval_runtime": 2.2225,
      "eval_samples_per_second": 129.585,
      "eval_steps_per_second": 8.099,
      "epoch": 7.0
    },
    {
      "eval_loss": 0.5472362041473389,
      "eval_accuracy": 0.7604166666666666,
      "eval_f1": 0.7661016949152544,
      "eval_precision": 0.738562091503268,
      "eval_recall": 0.795774647887324,
      "eval_auc": 0.8476750916457652,
      "eval_auprc": 0.8609737565613379,
      "eval_matthews_correlation": 0.5227737561474559,
      "eval_runtime": 2.2213,
      "eval_samples_per_second": 129.655,
      "eval_steps_per_second": 8.103,
      "epoch": 7.0
    },
    {
      "eval_loss": 0.5981766581535339,
      "eval_accuracy": 0.75,
      "eval_f1": 0.7517241379310345,
      "eval_precision": 0.7315436241610739,
      "eval_recall": 0.7730496453900709,
      "eval_auc": 0.8483620398514016,
      "eval_auprc": 0.8583986725167426,
      "eval_matthews_correlation": 0.501134261981269,
      "eval_runtime": 2.2227,
      "eval_samples_per_second": 129.572,
      "eval_steps_per_second": 8.098,
      "epoch": 10.0
    },
    {
      "eval_loss": 0.5052738189697266,
      "eval_accuracy": 0.7743055555555556,
      "eval_f1": 0.7653429602888088,
      "eval_precision": 0.7794117647058824,
      "eval_recall": 0.75177304964539,
      "eval_auc": 0.8570463646451487,
      "eval_auprc": 0.8667980470098358,
      "eval_matthews_correlation": 0.5484195279197848,
      "eval_runtime": 2.2224,
      "eval_samples_per_second": 129.592,
      "eval_steps_per_second": 8.1,
      "epoch": 10.0
    },
    {
      "eval_loss": 0.5082754492759705,
      "eval_accuracy": 0.7794117647058824,
      "eval_f1": 0.7727272727272727,
      "eval_precision": 0.7846153846153846,
      "eval_recall": 0.7611940298507462,
      "eval_auc": 0.8734587929915638,
      "eval_auprc": 0.8732202374789184,
      "eval_matthews_correlation": 0.5587791660083636,
      "eval_runtime": 2.0989,
      "eval_samples_per_second": 136.739,
      "eval_steps_per_second": 8.576,
      "epoch": 8.0
    }
  ],
  "test_metrics": {
    "eval_loss": 0.6212426424026489,
    "eval_accuracy": 0.7291666666666666,
    "eval_f1": 0.5185185185185185,
    "eval_precision": 0.9545454545454546,
    "eval_recall": 0.3559322033898305,
    "eval_auc": 0.7503489531405781,
    "eval_auprc": 0.7183820816457441,
    "eval_matthews_correlation": 0.470450643542606,
    "eval_runtime": 1.1179,
    "eval_samples_per_second": 135.077,
    "eval_steps_per_second": 8.946,
    "epoch": 8.0
  }
}