{
  "experiment": "cross_length",
  "model_type": "lamar",
  "variant": "random",
  "pair_name": "UCHL5_HepG2_ENCSR490IEE",
  "pretrain_path": "",
  "max_length": 1024,
  "n_folds": 5,
  "hyperparameters": {
    "learning_rate": 5e-05,
    "per_device_train_batch_size": 16,
    "weight_decay": 0.01,
    "warmup_ratio": 0.1,
    "num_train_epochs": 10,
    "gradient_accumulation_steps": 1,
    "early_stopping_patience": 3
  },
  "cv_metrics": {
    "epoch_mean": 7.6,
    "epoch_std": 2.244994432064365,
    "eval_accuracy_mean": 0.703125,
    "eval_accuracy_std": 0.025555355052806445,
    "eval_auc_mean": 0.7852877662692984,
    "eval_auc_std": 0.022526003647291765,
    "eval_auprc_mean": 0.6240097481035096,
    "eval_auprc_std": 0.034982647321523765,
    "eval_f1_mean": 0.5703531408016483,
    "eval_f1_std": 0.06559516977557286,
    "eval_loss_mean": 0.5770852088928222,
    "eval_loss_std": 0.052075819229199787,
    "eval_matthews_correlation_mean": 0.3754405017402506,
    "eval_matthews_correlation_std": 0.046588673348227826,
    "eval_precision_mean": 0.5724803130432177,
    "eval_precision_std": 0.05663153798548703,
    "eval_recall_mean": 0.6232558139534884,
    "eval_recall_std": 0.20428084889300235,
    "eval_runtime_mean": 5.49498,
    "eval_runtime_std": 0.008214231552616748,
    "eval_samples_per_second_mean": 47.2068,
    "eval_samples_per_second_std": 0.07078813459895725,
    "eval_steps_per_second_mean": 3.0935999999999995,
    "eval_steps_per_second_std": 0.004498888751680803
  },
  "cv_fold_metrics": [
    {
      "eval_loss": 0.6605638265609741,
      "eval_accuracy": 0.6640625,
      "eval_f1": 0.6504065040650407,
      "eval_precision": 0.5,
      "eval_recall": 0.9302325581395349,
      "eval_auc": 0.8277017783857729,
      "eval_auprc": 0.6921565730599964,
      "eval_matthews_correlation": 0.4484354928469311,
      "eval_runtime": 5.503,
      "eval_samples_per_second": 47.247,
      "eval_steps_per_second": 3.089,
      "epoch": 4.0
    },
    {
      "eval_loss": 0.6078698635101318,
      "eval_accuracy": 0.6875,
      "eval_f1": 0.6261682242990655,
      "eval_precision": 0.5234375,
      "eval_recall": 0.7790697674418605,
      "eval_auc": 0.7742818057455539,
      "eval_auprc": 0.6067726422668017,
      "eval_matthews_correlation": 0.3969790161473096,
      "eval_runtime": 5.4996,
      "eval_samples_per_second": 47.276,
      "eval_steps_per_second": 3.091,
      "epoch": 7.0
    },
    {
      "eval_loss": 0.5375818014144897,
      "eval_accuracy": 0.73828125,
      "eval_f1": 0.5562913907284769,
      "eval_precision": 0.6268656716417911,
      "eval_recall": 0.5,
      "eval_auc": 0.7705564784053156,
      "eval_auprc": 0.619141039872857,
      "eval_matthews_correlation": 0.37882353392085993,
      "eval_runtime": 5.5021,
      "eval_samples_per_second": 47.073,
      "eval_steps_per_second": 3.09,
      "epoch": 7.0
    },
    {
      "eval_loss": 0.565082848072052,
      "eval_accuracy": 0.70703125,
      "eval_f1": 0.5562130177514794,
      "eval_precision": 0.5662650602409639,
      "eval_recall": 0.5465116279069767,
      "eval_auc": 0.7655266757865937,
      "eval_auprc": 0.6078532370191252,
      "eval_matthews_correlation": 0.3377755275508025,
      "eval_runtime": 5.4868,
      "eval_samples_per_second": 47.204,
      "eval_steps_per_second": 3.098,
      "epoch": 10.0
    },
    {
      "eval_loss": 0.5143277049064636,
      "eval_accuracy": 0.71875,
      "eval_f1": 0.46268656716417916,
      "eval_precision": 0.6458333333333334,
      "eval_recall": 0.36046511627906974,
      "eval_auc": 0.788372093023256,
      "eval_auprc": 0.5941252482987683,
      "eval_matthews_correlation": 0.31518893823534994,
      "eval_runtime": 5.4834,
      "eval_samples_per_second": 47.234,
      "eval_steps_per_second": 3.1,
      "epoch": 10.0
    }
  ],
  "test_metrics": {
    "eval_loss": 0.5792604088783264,
    "eval_accuracy": 0.6865079365079365,
    "eval_f1": 0.6764505119453924,
    "eval_precision": 0.6741496598639456,
    "eval_recall": 0.6787671232876712,
    "eval_auc": 0.7641321865255929,
    "eval_auprc": 0.7358649601711338,
    "eval_matthews_correlation": 0.3724244904617375,
    "eval_runtime": 65.1371,
    "eval_samples_per_second": 46.64,
    "eval_steps_per_second": 2.917,
    "epoch": 9.0
  }
}