{
  "experiment": "cross_length",
  "model_type": "lamar",
  "variant": "tapt_1024",
  "pair_name": "FXR1_K562_ENCSR774RFN",
  "pretrain_path": "/gpfs/bwfor/work/ws/fr_ml642-thesis_work/Thesis/LAMAR/src/pretrain/saving_model/tapt_1024_standard_collator/checkpoint-134000/model.safetensors",
  "max_length": 1024,
  "n_folds": 5,
  "hyperparameters": {
    "learning_rate": 5e-05,
    "per_device_train_batch_size": 16,
    "weight_decay": 0.01,
    "warmup_ratio": 0.1,
    "num_train_epochs": 10,
    "gradient_accumulation_steps": 1,
    "early_stopping_patience": 3
  },
  "cv_metrics": {
    "epoch_mean": 6.4,
    "epoch_std": 2.244994432064365,
    "eval_accuracy_mean": 0.6975,
    "eval_accuracy_std": 0.03273950213427198,
    "eval_auc_mean": 0.800250874125874,
    "eval_auc_std": 0.02844751138489285,
    "eval_auprc_mean": 0.6575449917743335,
    "eval_auprc_std": 0.07839791354013444,
    "eval_f1_mean": 0.5468606954977113,
    "eval_f1_std": 0.146209967096758,
    "eval_loss_mean": 0.5568386793136597,
    "eval_loss_std": 0.04348421973820947,
    "eval_matthews_correlation_mean": 0.38034787849895546,
    "eval_matthews_correlation_std": 0.08804389252224004,
    "eval_precision_mean": 0.608459772159081,
    "eval_precision_std": 0.09876027370571973,
    "eval_recall_mean": 0.6145454545454545,
    "eval_recall_std": 0.2891498288868349,
    "eval_runtime_mean": 3.4394199999999997,
    "eval_runtime_std": 0.002058543174188979,
    "eval_samples_per_second_mean": 46.5774,
    "eval_samples_per_second_std": 0.12814460581702378,
    "eval_steps_per_second_mean": 2.9656,
    "eval_steps_per_second_std": 0.11671092493849917
  },
  "cv_fold_metrics": [
    {
      "eval_loss": 0.5388082265853882,
      "eval_accuracy": 0.69375,
      "eval_f1": 0.6666666666666666,
      "eval_precision": 0.532608695652174,
      "eval_recall": 0.8909090909090909,
      "eval_auc": 0.8020779220779221,
      "eval_auprc": 0.6476930931167402,
      "eval_matthews_correlation": 0.46250925929956566,
      "eval_runtime": 3.4381,
      "eval_samples_per_second": 46.828,
      "eval_steps_per_second": 3.199,
      "epoch": 5.0
    },
    {
      "eval_loss": 0.5542711615562439,
      "eval_accuracy": 0.6875,
      "eval_f1": 0.28571428571428575,
      "eval_precision": 0.6666666666666666,
      "eval_recall": 0.18181818181818182,
      "eval_auc": 0.7755844155844156,
      "eval_auprc": 0.6059084900486564,
      "eval_matthews_correlation": 0.21867346044008387,
      "eval_runtime": 3.4402,
      "eval_samples_per_second": 46.509,
      "eval_steps_per_second": 2.907,
      "epoch": 4.0
    },
    {
      "eval_loss": 0.5000491738319397,
      "eval_accuracy": 0.7375,
      "eval_f1": 0.48780487804878053,
      "eval_precision": 0.7692307692307693,
      "eval_recall": 0.35714285714285715,
      "eval_auc": 0.8203983516483516,
      "eval_auprc": 0.7174524787617449,
      "eval_matthews_correlation": 0.38716556556013465,
      "eval_runtime": 3.4425,
      "eval_samples_per_second": 46.477,
      "eval_steps_per_second": 2.905,
      "epoch": 8.0
    },
    {
      "eval_loss": 0.6336325407028198,
      "eval_accuracy": 0.64375,
      "eval_f1": 0.6274509803921569,
      "eval_precision": 0.4948453608247423,
      "eval_recall": 0.8571428571428571,
      "eval_auc": 0.7627060439560439,
      "eval_auprc": 0.5479325060774219,
      "eval_matthews_correlation": 0.3768161273503781,
      "eval_runtime": 3.4399,
      "eval_samples_per_second": 46.512,
      "eval_steps_per_second": 2.907,
      "epoch": 5.0
    },
    {
      "eval_loss": 0.5574322938919067,
      "eval_accuracy": 0.725,
      "eval_f1": 0.6666666666666667,
      "eval_precision": 0.5789473684210527,
      "eval_recall": 0.7857142857142857,
      "eval_auc": 0.8404876373626373,
      "eval_auprc": 0.7687383908671039,
      "eval_matthews_correlation": 0.45657497984461515,
      "eval_runtime": 3.4364,
      "eval_samples_per_second": 46.561,
      "eval_steps_per_second": 2.91,
      "epoch": 10.0
    }
  ],
  "test_metrics": {
    "eval_loss": 0.5294981002807617,
    "eval_accuracy": 0.7777061855670103,
    "eval_f1": 0.7582340574632096,
    "eval_precision": 0.7967599410898379,
    "eval_recall": 0.7232620320855615,
    "eval_auc": 0.8412549551706707,
    "eval_auprc": 0.8240109074892674,
    "eval_matthews_correlation": 0.5556188970474789,
    "eval_runtime": 33.4687,
    "eval_samples_per_second": 46.76,
    "eval_steps_per_second": 2.928,
    "epoch": 10.0
  }
}