{
  "experiment": "cross_length",
  "model_type": "dnabert2",
  "variant": "pretrained_custom",
  "pair_name": "GARS_K562_ENCSR448GXJ",
  "max_length": 256,
  "n_folds": 5,
  "hyperparameters": {
    "learning_rate": 5e-05,
    "per_device_train_batch_size": 16,
    "weight_decay": 0.01,
    "warmup_ratio": 0.1,
    "num_train_epochs": 10,
    "gradient_accumulation_steps": 1,
    "early_stopping_patience": 3
  },
  "cv_metrics": {
    "epoch_mean": 8.0,
    "epoch_std": 0.6324555320336759,
    "eval_accuracy_mean": 0.8460227272727273,
    "eval_accuracy_std": 0.07303733620100641,
    "eval_auc_mean": 0.8988427800269905,
    "eval_auc_std": 0.06424196399002156,
    "eval_auprc_mean": 0.8852812028603262,
    "eval_auprc_std": 0.05972319335667798,
    "eval_f1_mean": 0.8349922669668786,
    "eval_f1_std": 0.07767128968950178,
    "eval_loss_mean": 0.45403302907943727,
    "eval_loss_std": 0.12417059089808397,
    "eval_matthews_correlation_mean": 0.6933881504811202,
    "eval_matthews_correlation_std": 0.1496626914022415,
    "eval_precision_mean": 0.8612877318759672,
    "eval_precision_std": 0.07687486917336281,
    "eval_recall_mean": 0.834298245614035,
    "eval_recall_std": 0.07915779193928474,
    "eval_runtime_mean": 0.04042,
    "eval_runtime_std": 0.004964836351784416,
    "eval_samples_per_second_mean": 811.6314,
    "eval_samples_per_second_std": 83.23630828094193,
    "eval_steps_per_second_mean": 58.7918,
    "eval_steps_per_second_std": 4.676474672229071
  },
  "cv_fold_metrics": [
    {
      "eval_loss": 0.5665358901023865,
      "eval_accuracy": 0.8181818181818182,
      "eval_f1": 0.7847826086956522,
      "eval_matthews_correlation": 0.6435846357954427,
      "eval_precision": 0.8846153846153846,
      "eval_recall": 0.7692307692307692,
      "eval_auc": 0.823076923076923,
      "eval_auprc": 0.8120589112491947,
      "eval_runtime": 0.0466,
      "eval_samples_per_second": 708.327,
      "eval_steps_per_second": 64.393,
      "epoch": 8.0
    },
    {
      "eval_loss": 0.45318472385406494,
      "eval_accuracy": 0.8181818181818182,
      "eval_f1": 0.8035714285714286,
      "eval_matthews_correlation": 0.6139406135149205,
      "eval_precision": 0.8181818181818182,
      "eval_recall": 0.7961538461538462,
      "eval_auc": 0.8615384615384616,
      "eval_auprc": 0.8604090595394942,
      "eval_runtime": 0.0464,
      "eval_samples_per_second": 711.074,
      "eval_steps_per_second": 64.643,
      "epoch": 7.0
    },
    {
      "eval_loss": 0.28192847967147827,
      "eval_accuracy": 0.96875,
      "eval_f1": 0.9660657476139979,
      "eval_matthews_correlation": 0.9343531843023135,
      "eval_precision": 0.9761904761904762,
      "eval_recall": 0.9583333333333333,
      "eval_auc": 0.9958333333333333,
      "eval_auprc": 0.9935897435897435,
      "eval_runtime": 0.0363,
      "eval_samples_per_second": 880.913,
      "eval_steps_per_second": 55.057,
      "epoch": 8.0
    },
    {
      "eval_loss": 0.6126850247383118,
      "eval_accuracy": 0.75,
      "eval_f1": 0.746031746031746,
      "eval_matthews_correlation": 0.498071218278486,
      "eval_precision": 0.7450980392156863,
      "eval_recall": 0.7530364372469636,
      "eval_auc": 0.8623481781376519,
      "eval_auprc": 0.8742047426257953,
      "eval_runtime": 0.0364,
      "eval_samples_per_second": 877.929,
      "eval_steps_per_second": 54.871,
      "epoch": 9.0
    },
    {
      "eval_loss": 0.3558310270309448,
      "eval_accuracy": 0.875,
      "eval_f1": 0.8745098039215686,
      "eval_matthews_correlation": 0.7769911005144381,
      "eval_precision": 0.8823529411764706,
      "eval_recall": 0.8947368421052632,
      "eval_auc": 0.951417004048583,
      "eval_auprc": 0.8861435572974035,
      "eval_runtime": 0.0364,
      "eval_samples_per_second": 879.914,
      "eval_steps_per_second": 54.995,
      "epoch": 8.0
    }
  ],
  "test_metrics": {
    "eval_loss": 0.454298198223114,
    "eval_accuracy": 0.8133595284872298,
    "eval_f1": 0.8110726913985427,
    "eval_matthews_correlation": 0.636404584265405,
    "eval_precision": 0.8248736276119644,
    "eval_recall": 0.8116679536679536,
    "eval_auc": 0.8607567567567567,
    "eval_auprc": 0.8841845107057646,
    "eval_runtime": 0.5788,
    "eval_samples_per_second": 879.413,
    "eval_steps_per_second": 55.287,
    "epoch": 9.0
  }
}