{
  "experiment": "cross_length",
  "model_type": "lamar",
  "variant": "random",
  "pair_name": "QKI_K562_ENCSR366YOG",
  "pretrain_path": "",
  "max_length": 1024,
  "n_folds": 5,
  "hyperparameters": {
    "learning_rate": 5e-05,
    "per_device_train_batch_size": 16,
    "weight_decay": 0.01,
    "warmup_ratio": 0.1,
    "num_train_epochs": 10,
    "gradient_accumulation_steps": 1,
    "early_stopping_patience": 3
  },
  "cv_metrics": {
    "epoch_mean": 7.8,
    "epoch_std": 1.16619037896906,
    "eval_accuracy_mean": 0.8099999999999999,
    "eval_accuracy_std": 0.013462912017836249,
    "eval_auc_mean": 0.8328931375844408,
    "eval_auc_std": 0.026569033658244562,
    "eval_auprc_mean": 0.6706897402513989,
    "eval_auprc_std": 0.04062890600016206,
    "eval_f1_mean": 0.621334397423323,
    "eval_f1_std": 0.026607175458816128,
    "eval_loss_mean": 0.4553010046482086,
    "eval_loss_std": 0.04909940701372232,
    "eval_matthews_correlation_mean": 0.4985087758486343,
    "eval_matthews_correlation_std": 0.03197384716711248,
    "eval_precision_mean": 0.6660838243046228,
    "eval_precision_std": 0.03730898165705601,
    "eval_recall_mean": 0.5853469278649712,
    "eval_recall_std": 0.04349752287720458,
    "eval_runtime_mean": 6.8897,
    "eval_runtime_std": 0.005322405471213242,
    "eval_samples_per_second_mean": 48.47800000000001,
    "eval_samples_per_second_std": 0.03774652301868426,
    "eval_steps_per_second_mean": 3.0479999999999996,
    "eval_steps_per_second_std": 0.002280350850198336
  },
  "cv_fold_metrics": [
    {
      "eval_loss": 0.4664236903190613,
      "eval_accuracy": 0.809375,
      "eval_f1": 0.5906040268456376,
      "eval_precision": 0.6984126984126984,
      "eval_recall": 0.5116279069767442,
      "eval_auc": 0.7865732458755714,
      "eval_auprc": 0.6461351856916775,
      "eval_matthews_correlation": 0.4798706504263619,
      "eval_runtime": 6.8932,
      "eval_samples_per_second": 48.453,
      "eval_steps_per_second": 3.046,
      "epoch": 7.0
    },
    {
      "eval_loss": 0.4244421124458313,
      "eval_accuracy": 0.815625,
      "eval_f1": 0.6193548387096774,
      "eval_precision": 0.676056338028169,
      "eval_recall": 0.5714285714285714,
      "eval_auc": 0.8407990314769976,
      "eval_auprc": 0.6956079087290867,
      "eval_matthews_correlation": 0.5019015254834918,
      "eval_runtime": 6.8824,
      "eval_samples_per_second": 48.53,
      "eval_steps_per_second": 3.051,
      "epoch": 10.0
    },
    {
      "eval_loss": 0.42448490858078003,
      "eval_accuracy": 0.821875,
      "eval_f1": 0.6627218934911242,
      "eval_precision": 0.6829268292682927,
      "eval_recall": 0.6436781609195402,
      "eval_auc": 0.8599970401065562,
      "eval_auprc": 0.7157483358724235,
      "eval_matthews_correlation": 0.5422847911138323,
      "eval_runtime": 6.8972,
      "eval_samples_per_second": 48.425,
      "eval_steps_per_second": 3.045,
      "epoch": 8.0
    },
    {
      "eval_loss": 0.5467223525047302,
      "eval_accuracy": 0.784375,
      "eval_f1": 0.5964912280701755,
      "eval_precision": 0.5930232558139535,
      "eval_recall": 0.6,
      "eval_auc": 0.822377972465582,
      "eval_auprc": 0.603437457091002,
      "eval_matthews_correlation": 0.4493908677052664,
      "eval_runtime": 6.8904,
      "eval_samples_per_second": 48.473,
      "eval_steps_per_second": 3.048,
      "epoch": 7.0
    },
    {
      "eval_loss": 0.41443195939064026,
      "eval_accuracy": 0.81875,
      "eval_f1": 0.6375000000000001,
      "eval_precision": 0.68,
      "eval_recall": 0.6,
      "eval_auc": 0.8547183979974968,
      "eval_auprc": 0.6925198138728056,
      "eval_matthews_correlation": 0.5190960445142192,
      "eval_runtime": 6.8853,
      "eval_samples_per_second": 48.509,
      "eval_steps_per_second": 3.05,
      "epoch": 7.0
    }
  ],
  "test_metrics": {
    "eval_loss": 0.5764068961143494,
    "eval_accuracy": 0.7152777777777778,
    "eval_f1": 0.7131122604198357,
    "eval_precision": 0.6786334684423856,
    "eval_recall": 0.7512820512820513,
    "eval_auc": 0.7891779358388947,
    "eval_auprc": 0.7618507494133314,
    "eval_matthews_correlation": 0.43416974611747416,
    "eval_runtime": 71.4911,
    "eval_samples_per_second": 46.341,
    "eval_steps_per_second": 2.909,
    "epoch": 4.0
  }
}