{
  "experiment": "cross_cell",
  "model_type": "lamar",
  "variant": "pretrained",
  "pair_name": "TROVE2_train_K562_test_HepG2_fixlen_101",
  "pretrain_path": "/gpfs/bwfor/work/ws/fr_ml642-thesis_work/Thesis/LAMAR/weights",
  "max_length": 1024,
  "n_folds": 5,
  "hyperparameters": {
    "learning_rate": 5e-05,
    "per_device_train_batch_size": 16,
    "weight_decay": 0.01,
    "warmup_ratio": 0.1,
    "num_train_epochs": 10,
    "gradient_accumulation_steps": 1,
    "early_stopping_patience": 3
  },
  "cv_metrics": {
    "epoch_mean": 8.4,
    "epoch_std": 1.8547236990991407,
    "eval_accuracy_mean": 0.7375,
    "eval_accuracy_std": 0.03976974544878586,
    "eval_auc_mean": 0.8115694953864802,
    "eval_auc_std": 0.031943171742885336,
    "eval_auprc_mean": 0.779273346267067,
    "eval_auprc_std": 0.02581166683141169,
    "eval_f1_mean": 0.7053810937075771,
    "eval_f1_std": 0.058902349307666066,
    "eval_loss_mean": 0.5831390380859375,
    "eval_loss_std": 0.061848502555629986,
    "eval_matthews_correlation_mean": 0.4814382886175492,
    "eval_matthews_correlation_std": 0.0673148886006355,
    "eval_precision_mean": 0.7058776787241576,
    "eval_precision_std": 0.061080139965734255,
    "eval_recall_mean": 0.728,
    "eval_recall_std": 0.12780467187249647,
    "eval_runtime_mean": 2.41262,
    "eval_runtime_std": 0.0016338910612399718,
    "eval_samples_per_second_mean": 47.7496,
    "eval_samples_per_second_std": 0.18340621581615013,
    "eval_steps_per_second_mean": 3.3158000000000003,
    "eval_steps_per_second_std": 0.0024000000000000835
  },
  "cv_fold_metrics": [
    {
      "eval_loss": 0.600730299949646,
      "eval_accuracy": 0.7321428571428571,
      "eval_f1": 0.7000000000000001,
      "eval_precision": 0.6862745098039216,
      "eval_recall": 0.7142857142857143,
      "eval_auc": 0.8341431810819566,
      "eval_auprc": 0.8156704593296761,
      "eval_matthews_correlation": 0.4585384489841141,
      "eval_runtime": 2.4111,
      "eval_samples_per_second": 48.112,
      "eval_steps_per_second": 3.318,
      "epoch": 9.0
    },
    {
      "eval_loss": 0.5814134478569031,
      "eval_accuracy": 0.6785714285714286,
      "eval_f1": 0.7049180327868853,
      "eval_precision": 0.5972222222222222,
      "eval_recall": 0.86,
      "eval_auc": 0.7887096774193548,
      "eval_auprc": 0.7676886321681253,
      "eval_matthews_correlation": 0.4069644599772661,
      "eval_runtime": 2.4118,
      "eval_samples_per_second": 47.683,
      "eval_steps_per_second": 3.317,
      "epoch": 5.0
    },
    {
      "eval_loss": 0.6783632040023804,
      "eval_accuracy": 0.7857142857142857,
      "eval_f1": 0.7647058823529412,
      "eval_precision": 0.7358490566037735,
      "eval_recall": 0.7959183673469388,
      "eval_auc": 0.7696793002915452,
      "eval_auprc": 0.7381730431763831,
      "eval_matthews_correlation": 0.5700150282232418,
      "eval_runtime": 2.4112,
      "eval_samples_per_second": 47.694,
      "eval_steps_per_second": 3.318,
      "epoch": 10.0
    },
    {
      "eval_loss": 0.5698767304420471,
      "eval_accuracy": 0.7142857142857143,
      "eval_f1": 0.6,
      "eval_precision": 0.7741935483870968,
      "eval_recall": 0.4897959183673469,
      "eval_auc": 0.8059604794298673,
      "eval_auprc": 0.7823987099602805,
      "eval_matthews_correlation": 0.4198777294868734,
      "eval_runtime": 2.4153,
      "eval_samples_per_second": 47.614,
      "eval_steps_per_second": 3.312,
      "epoch": 8.0
    },
    {
      "eval_loss": 0.48531150817871094,
      "eval_accuracy": 0.7767857142857143,
      "eval_f1": 0.7572815533980584,
      "eval_precision": 0.7358490566037735,
      "eval_recall": 0.78,
      "eval_auc": 0.8593548387096773,
      "eval_auprc": 0.7924358867008696,
      "eval_matthews_correlation": 0.5517957764162508,
      "eval_runtime": 2.4137,
      "eval_samples_per_second": 47.645,
      "eval_steps_per_second": 3.314,
      "epoch": 10.0
    }
  ],
  "test_metrics": {
    "eval_loss": 0.6735446453094482,
    "eval_accuracy": 0.7777777777777778,
    "eval_f1": 0.5897435897435899,
    "eval_precision": 0.6216216216216216,
    "eval_recall": 0.5609756097560976,
    "eval_auc": 0.780251006393559,
    "eval_auprc": 0.5596166431216522,
    "eval_matthews_correlation": 0.43899660470341606,
    "eval_runtime": 3.095,
    "eval_samples_per_second": 49.111,
    "eval_steps_per_second": 3.231,
    "epoch": 8.0
  }
}