{
  "experiment": "cross_cell",
  "model_type": "dnabert2",
  "variant": "pretrained",
  "pair_name": "AQR_train_K562_test_HepG2_fixlen_101",
  "max_length": 128,
  "n_folds": 5,
  "hyperparameters": {
    "learning_rate": 5e-05,
    "per_device_train_batch_size": 16,
    "weight_decay": 0.01,
    "warmup_ratio": 0.1,
    "num_train_epochs": 10,
    "gradient_accumulation_steps": 1,
    "early_stopping_patience": 3
  },
  "cv_metrics": {
    "epoch_mean": 5.4,
    "epoch_std": 1.4966629547095764,
    "eval_accuracy_mean": 0.8795475262675684,
    "eval_accuracy_std": 0.005786112549282649,
    "eval_auc_mean": 0.9460024852617623,
    "eval_auc_std": 0.0017567698545407548,
    "eval_auprc_mean": 0.9282061066897611,
    "eval_auprc_std": 0.003348334212938593,
    "eval_f1_mean": 0.8781177654623635,
    "eval_f1_std": 0.005219005766145006,
    "eval_loss_mean": 0.3743306279182434,
    "eval_loss_std": 0.06609121127744219,
    "eval_matthews_correlation_mean": 0.758706338421393,
    "eval_matthews_correlation_std": 0.007490471352823528,
    "eval_precision_mean": 0.8798134448205834,
    "eval_precision_std": 0.005050591325054955,
    "eval_recall_mean": 0.8789030106066633,
    "eval_recall_std": 0.003128063209774746,
    "eval_runtime_mean": 4.87868,
    "eval_runtime_std": 0.005782179519869532,
    "eval_samples_per_second_mean": 1247.3446,
    "eval_samples_per_second_std": 1.4299743494202837,
    "eval_steps_per_second_mean": 78.095,
    "eval_steps_per_second_std": 0.09252242971301615
  },
  "cv_fold_metrics": [
    {
      "eval_loss": 0.40276452898979187,
      "eval_accuracy": 0.8795596450870851,
      "eval_f1": 0.8772263745004021,
      "eval_matthews_correlation": 0.7558229116345139,
      "eval_precision": 0.880839561932931,
      "eval_recall": 0.8750058626080182,
      "eval_auc": 0.9473652045659358,
      "eval_auprc": 0.9273738166506358,
      "eval_runtime": 4.8885,
      "eval_samples_per_second": 1244.959,
      "eval_steps_per_second": 77.938,
      "epoch": 4.0
    },
    {
      "eval_loss": 0.30389025807380676,
      "eval_accuracy": 0.8869536641472231,
      "eval_f1": 0.8849962207105064,
      "eval_matthews_correlation": 0.770727231344876,
      "eval_precision": 0.8874205048902856,
      "eval_recall": 0.88331764687104,
      "eval_auc": 0.9446655624009439,
      "eval_auprc": 0.9221378575952024,
      "eval_runtime": 4.8763,
      "eval_samples_per_second": 1248.075,
      "eval_steps_per_second": 78.133,
      "epoch": 4.0
    },
    {
      "eval_loss": 0.4878544807434082,
      "eval_accuracy": 0.8803615447822515,
      "eval_f1": 0.8793579380814398,
      "eval_matthews_correlation": 0.7593652779361898,
      "eval_precision": 0.8783530789501062,
      "eval_recall": 0.881016871155916,
      "eval_auc": 0.9437308991905948,
      "eval_auprc": 0.929558482179752,
      "eval_runtime": 4.8723,
      "eval_samples_per_second": 1248.9,
      "eval_steps_per_second": 78.197,
      "epoch": 8.0
    },
    {
      "eval_loss": 0.35624784231185913,
      "eval_accuracy": 0.8691865242399343,
      "eval_f1": 0.8690074263182661,
      "eval_matthews_correlation": 0.7475112790149591,
      "eval_precision": 0.8717123517503726,
      "eval_recall": 0.8758101591347103,
      "eval_auc": 0.9485580255598084,
      "eval_auprc": 0.9317927083114615,
      "eval_runtime": 4.8747,
      "eval_samples_per_second": 1248.282,
      "eval_steps_per_second": 78.159,
      "epoch": 5.0
    },
    {
      "eval_loss": 0.3208960294723511,
      "eval_accuracy": 0.8816762530813476,
      "eval_f1": 0.8800008677012031,
      "eval_matthews_correlation": 0.7601049921764264,
      "eval_precision": 0.8807417265792218,
      "eval_recall": 0.879364513263632,
      "eval_auc": 0.9456927345915285,
      "eval_auprc": 0.9301676687117536,
      "eval_runtime": 4.8816,
      "eval_samples_per_second": 1246.507,
      "eval_steps_per_second": 78.048,
      "epoch": 6.0
    }
  ],
  "test_metrics": {
    "eval_loss": 0.42280587553977966,
    "eval_accuracy": 0.8369458816948678,
    "eval_f1": 0.8319497751071256,
    "eval_matthews_correlation": 0.6705181811585612,
    "eval_precision": 0.8280108004043023,
    "eval_recall": 0.8426675514266755,
    "eval_auc": 0.9094240179246641,
    "eval_auprc": 0.8270129394091855,
    "eval_runtime": 12.4935,
    "eval_samples_per_second": 1144.753,
    "eval_steps_per_second": 71.557,
    "epoch": 4.0
  }
}