{
  "experiment": "cross_cell",
  "model_type": "lamar",
  "variant": "tapt_512",
  "pair_name": "SRSF9_train_K562_test_HepG2_fixlen_101",
  "pretrain_path": "/gpfs/bwfor/work/ws/fr_ml642-thesis_work/Thesis/LAMAR/src/pretrain/saving_model/tapt_lamar/checkpoint-98000/model.safetensors",
  "max_length": 1024,
  "n_folds": 5,
  "hyperparameters": {
    "learning_rate": 5e-05,
    "per_device_train_batch_size": 16,
    "weight_decay": 0.01,
    "warmup_ratio": 0.1,
    "num_train_epochs": 10,
    "gradient_accumulation_steps": 1,
    "early_stopping_patience": 3
  },
  "cv_metrics": {
    "epoch_mean": 7.6,
    "epoch_std": 2.0591260281974,
    "eval_accuracy_mean": 0.778125,
    "eval_accuracy_std": 0.040019526483955306,
    "eval_auc_mean": 0.8715017533314645,
    "eval_auc_std": 0.03721827396840188,
    "eval_auprc_mean": 0.8908410238803588,
    "eval_auprc_std": 0.03855316074445548,
    "eval_f1_mean": 0.7457135025441439,
    "eval_f1_std": 0.07433665097436067,
    "eval_loss_mean": 0.5570756077766419,
    "eval_loss_std": 0.11028300728539364,
    "eval_matthews_correlation_mean": 0.5829305307090499,
    "eval_matthews_correlation_std": 0.0667535074705252,
    "eval_precision_mean": 0.881217032967033,
    "eval_precision_std": 0.08519977464787276,
    "eval_recall_mean": 0.6658648870105227,
    "eval_recall_std": 0.11913863527075952,
    "eval_runtime_mean": 1.37796,
    "eval_runtime_std": 0.0015081114017207037,
    "eval_samples_per_second_mean": 55.0098,
    "eval_samples_per_second_std": 0.2596123263637531,
    "eval_steps_per_second_mean": 3.6284,
    "eval_steps_per_second_std": 0.004079215610874201
  },
  "cv_fold_metrics": [
    {
      "eval_loss": 0.5811257362365723,
      "eval_accuracy": 0.78125,
      "eval_f1": 0.7741935483870968,
      "eval_precision": 0.8571428571428571,
      "eval_recall": 0.7058823529411765,
      "eval_auc": 0.8352941176470589,
      "eval_auprc": 0.8528167480674728,
      "eval_matthews_correlation": 0.5759469664695669,
      "eval_runtime": 1.3807,
      "eval_samples_per_second": 55.045,
      "eval_steps_per_second": 3.621,
      "epoch": 9.0
    },
    {
      "eval_loss": 0.6476672291755676,
      "eval_accuracy": 0.71875,
      "eval_f1": 0.6086956521739131,
      "eval_precision": 1.0,
      "eval_recall": 0.4375,
      "eval_auc": 0.912109375,
      "eval_auprc": 0.931286316933421,
      "eval_matthews_correlation": 0.5291502622129182,
      "eval_runtime": 1.378,
      "eval_samples_per_second": 55.152,
      "eval_steps_per_second": 3.628,
      "epoch": 4.0
    },
    {
      "eval_loss": 0.3409109115600586,
      "eval_accuracy": 0.84375,
      "eval_f1": 0.8275862068965517,
      "eval_precision": 0.96,
      "eval_recall": 0.7272727272727273,
      "eval_auc": 0.9178885630498533,
      "eval_auprc": 0.9410786518124128,
      "eval_matthews_correlation": 0.7119171841925561,
      "eval_runtime": 1.3778,
      "eval_samples_per_second": 55.162,
      "eval_steps_per_second": 3.629,
      "epoch": 8.0
    },
    {
      "eval_loss": 0.5992981195449829,
      "eval_accuracy": 0.78125,
      "eval_f1": 0.78125,
      "eval_precision": 0.78125,
      "eval_recall": 0.78125,
      "eval_auc": 0.8623046875,
      "eval_auprc": 0.879340356320404,
      "eval_matthews_correlation": 0.5625,
      "eval_runtime": 1.3771,
      "eval_samples_per_second": 55.19,
      "eval_steps_per_second": 3.631,
      "epoch": 7.0
    },
    {
      "eval_loss": 0.6163760423660278,
      "eval_accuracy": 0.765625,
      "eval_f1": 0.7368421052631579,
      "eval_precision": 0.8076923076923077,
      "eval_recall": 0.6774193548387096,
      "eval_auc": 0.8299120234604105,
      "eval_auprc": 0.849683046268084,
      "eval_matthews_correlation": 0.5351382406702081,
      "eval_runtime": 1.3762,
      "eval_samples_per_second": 54.5,
      "eval_steps_per_second": 3.633,
      "epoch": 10.0
    }
  ],
  "test_metrics": {
    "eval_loss": 0.5300230383872986,
    "eval_accuracy": 0.7414383561643836,
    "eval_f1": 0.6980000000000001,
    "eval_precision": 0.8389423076923077,
    "eval_recall": 0.5976027397260274,
    "eval_auc": 0.8671713736160629,
    "eval_auprc": 0.8314208301568097,
    "eval_matthews_correlation": 0.5041891815273616,
    "eval_runtime": 25.1045,
    "eval_samples_per_second": 46.884,
    "eval_steps_per_second": 2.948,
    "epoch": 5.0
  }
}