{
  "experiment": "cross_cell",
  "model_type": "dnabert2",
  "variant": "pretrained",
  "pair_name": "RPS3_train_K562_test_HepG2_fixlen_101",
  "max_length": 128,
  "n_folds": 5,
  "hyperparameters": {
    "learning_rate": 5e-05,
    "per_device_train_batch_size": 16,
    "weight_decay": 0.01,
    "warmup_ratio": 0.1,
    "num_train_epochs": 10,
    "gradient_accumulation_steps": 1,
    "early_stopping_patience": 3
  },
  "cv_metrics": {
    "epoch_mean": 6.8,
    "epoch_std": 1.32664991614216,
    "eval_accuracy_mean": 0.8703699059561127,
    "eval_accuracy_std": 0.010246316723935325,
    "eval_auc_mean": 0.9433128306395879,
    "eval_auc_std": 0.009222768521540964,
    "eval_auprc_mean": 0.9044788089087282,
    "eval_auprc_std": 0.024218192894814496,
    "eval_f1_mean": 0.8630871169494789,
    "eval_f1_std": 0.010596950482716461,
    "eval_loss_mean": 0.41122004985809324,
    "eval_loss_std": 0.1001732290311483,
    "eval_matthews_correlation_mean": 0.7323538887198936,
    "eval_matthews_correlation_std": 0.020737983723116766,
    "eval_precision_mean": 0.8673988952541812,
    "eval_precision_std": 0.013393355574037542,
    "eval_recall_mean": 0.8652225382100557,
    "eval_recall_std": 0.015142975463236265,
    "eval_runtime_mean": 0.41886,
    "eval_runtime_std": 0.0008260750571225323,
    "eval_samples_per_second_mean": 1315.0522,
    "eval_samples_per_second_std": 2.6863787074796655,
    "eval_steps_per_second_mean": 83.5638,
    "eval_steps_per_second_std": 0.16601373437158476
  },
  "cv_fold_metrics": [
    {
      "eval_loss": 0.4363521337509155,
      "eval_accuracy": 0.8747731397459165,
      "eval_f1": 0.8619383608652864,
      "eval_matthews_correlation": 0.734292263353842,
      "eval_precision": 0.8851552432963121,
      "eval_recall": 0.8499790911625313,
      "eval_auc": 0.9387371062168943,
      "eval_auprc": 0.8661849235106317,
      "eval_runtime": 0.4176,
      "eval_samples_per_second": 1319.482,
      "eval_steps_per_second": 83.815,
      "epoch": 7.0
    },
    {
      "eval_loss": 0.31049594283103943,
      "eval_accuracy": 0.8620689655172413,
      "eval_f1": 0.8583739177489178,
      "eval_matthews_correlation": 0.7263010410833116,
      "eval_precision": 0.8544621513944223,
      "eval_recall": 0.8720518539169222,
      "eval_auc": 0.9486618344020074,
      "eval_auprc": 0.9249797031336144,
      "eval_runtime": 0.4189,
      "eval_samples_per_second": 1315.38,
      "eval_steps_per_second": 83.554,
      "epoch": 5.0
    },
    {
      "eval_loss": 0.5894503593444824,
      "eval_accuracy": 0.8584392014519057,
      "eval_f1": 0.8485196672775976,
      "eval_matthews_correlation": 0.698280198054122,
      "eval_precision": 0.8540361118264801,
      "eval_recall": 0.8443117938442701,
      "eval_auc": 0.9272972672121111,
      "eval_auprc": 0.8929104544385081,
      "eval_runtime": 0.4189,
      "eval_samples_per_second": 1315.44,
      "eval_steps_per_second": 83.558,
      "epoch": 9.0
    },
    {
      "eval_loss": 0.32552751898765564,
      "eval_accuracy": 0.8874773139745916,
      "eval_f1": 0.8809520490660719,
      "eval_matthews_correlation": 0.761929889891673,
      "eval_precision": 0.881650607457059,
      "eval_recall": 0.8802805142761729,
      "eval_auc": 0.9521762119441197,
      "eval_auprc": 0.9346679452005061,
      "eval_runtime": 0.4202,
      "eval_samples_per_second": 1311.262,
      "eval_steps_per_second": 83.293,
      "epoch": 6.0
    },
    {
      "eval_loss": 0.3942742943763733,
      "eval_accuracy": 0.8690909090909091,
      "eval_f1": 0.865651589789521,
      "eval_matthews_correlation": 0.7409660512165192,
      "eval_precision": 0.8616903622966329,
      "eval_recall": 0.8794894378503824,
      "eval_auc": 0.9496917334228075,
      "eval_auprc": 0.9036510182603809,
      "eval_runtime": 0.4187,
      "eval_samples_per_second": 1313.697,
      "eval_steps_per_second": 83.599,
      "epoch": 7.0
    }
  ],
  "test_metrics": {
    "eval_loss": 0.42457905411720276,
    "eval_accuracy": 0.8803128689492326,
    "eval_f1": 0.8772226562919787,
    "eval_matthews_correlation": 0.7625624142611321,
    "eval_precision": 0.8896333238513843,
    "eval_recall": 0.8731081250288321,
    "eval_auc": 0.9617554912647208,
    "eval_auprc": 0.9426296976515618,
    "eval_runtime": 5.4343,
    "eval_samples_per_second": 1246.903,
    "eval_steps_per_second": 78.023,
    "epoch": 6.0
  }
}