{
  "experiment": "cross_length",
  "model_type": "dnabert2",
  "variant": "random",
  "pair_name": "HNRNPK_HepG2_ENCSR828ZID",
  "max_length": 256,
  "n_folds": 5,
  "hyperparameters": {
    "learning_rate": 5e-05,
    "per_device_train_batch_size": 16,
    "weight_decay": 0.01,
    "warmup_ratio": 0.1,
    "num_train_epochs": 10,
    "gradient_accumulation_steps": 1,
    "early_stopping_patience": 3
  },
  "cv_metrics": {
    "epoch_mean": 6.6,
    "epoch_std": 1.0198039027185568,
    "eval_accuracy_mean": 0.9292500377480305,
    "eval_accuracy_std": 0.022538234798831484,
    "eval_auc_mean": 0.9820595193564092,
    "eval_auc_std": 0.002740823244367623,
    "eval_auprc_mean": 0.963905015146319,
    "eval_auprc_std": 0.0056874512511539835,
    "eval_f1_mean": 0.9205238453622417,
    "eval_f1_std": 0.022168399704815715,
    "eval_loss_mean": 0.28038730323314665,
    "eval_loss_std": 0.05114447449476115,
    "eval_matthews_correlation_mean": 0.8455509654051218,
    "eval_matthews_correlation_std": 0.03683795114697528,
    "eval_precision_mean": 0.9210197298452562,
    "eval_precision_std": 0.028264081383271345,
    "eval_recall_mean": 0.9248265191648043,
    "eval_recall_std": 0.009581681296492896,
    "eval_runtime_mean": 0.45220000000000005,
    "eval_runtime_std": 0.006277579151233378,
    "eval_samples_per_second_mean": 1937.913,
    "eval_samples_per_second_std": 26.820577943064528,
    "eval_steps_per_second_mean": 121.6452,
    "eval_steps_per_second_std": 1.705185432731583
  },
  "cv_fold_metrics": [
    {
      "eval_loss": 0.3383333086967468,
      "eval_accuracy": 0.8848346636259977,
      "eval_f1": 0.8769498989365767,
      "eval_matthews_correlation": 0.7736761739356887,
      "eval_precision": 0.8663983678339708,
      "eval_recall": 0.9084180462199843,
      "eval_auc": 0.982744697527492,
      "eval_auprc": 0.9649028362612458,
      "eval_runtime": 0.4573,
      "eval_samples_per_second": 1917.711,
      "eval_steps_per_second": 120.267,
      "epoch": 5.0
    },
    {
      "eval_loss": 0.19425149261951447,
      "eval_accuracy": 0.9474885844748858,
      "eval_f1": 0.9392850900719008,
      "eval_matthews_correlation": 0.8790374770062758,
      "eval_precision": 0.9446677441981031,
      "eval_recall": 0.934429355436512,
      "eval_auc": 0.9837682264821027,
      "eval_auprc": 0.9672432988729533,
      "eval_runtime": 0.4583,
      "eval_samples_per_second": 1911.223,
      "eval_steps_per_second": 119.997,
      "epoch": 7.0
    },
    {
      "eval_loss": 0.3081361651420593,
      "eval_accuracy": 0.9360730593607306,
      "eval_f1": 0.9279584104326373,
      "eval_matthews_correlation": 0.8566966485181121,
      "eval_precision": 0.9224683085733496,
      "eval_recall": 0.9343101794194937,
      "eval_auc": 0.9856750427543961,
      "eval_auprc": 0.9722045969069579,
      "eval_runtime": 0.4477,
      "eval_samples_per_second": 1956.759,
      "eval_steps_per_second": 122.856,
      "epoch": 8.0
    },
    {
      "eval_loss": 0.25293493270874023,
      "eval_accuracy": 0.9394977168949772,
      "eval_f1": 0.9295622292853511,
      "eval_matthews_correlation": 0.8602981688642778,
      "eval_precision": 0.9383912655971479,
      "eval_recall": 0.9220618642704341,
      "eval_auc": 0.9802882867851674,
      "eval_auprc": 0.9569229512123294,
      "eval_runtime": 0.4421,
      "eval_samples_per_second": 1981.328,
      "eval_steps_per_second": 124.398,
      "epoch": 7.0
    },
    {
      "eval_loss": 0.3082806169986725,
      "eval_accuracy": 0.9383561643835616,
      "eval_f1": 0.9288635980847428,
      "eval_matthews_correlation": 0.8580463587012541,
      "eval_precision": 0.9331729630237093,
      "eval_recall": 0.9249131504775978,
      "eval_auc": 0.9778213432328878,
      "eval_auprc": 0.9582513924781079,
      "eval_runtime": 0.4556,
      "eval_samples_per_second": 1922.544,
      "eval_steps_per_second": 120.708,
      "epoch": 6.0
    }
  ],
  "test_metrics": {
    "eval_loss": 0.3267480134963989,
    "eval_accuracy": 0.908107348601939,
    "eval_f1": 0.9066307722601248,
    "eval_matthews_correlation": 0.8228355075154372,
    "eval_precision": 0.9190318729551501,
    "eval_recall": 0.90394198874023,
    "eval_auc": 0.9833498607577691,
    "eval_auprc": 0.9802246277928507,
    "eval_runtime": 4.1536,
    "eval_samples_per_second": 1713.472,
    "eval_steps_per_second": 107.137,
    "epoch": 7.0
  }
}