{
  "experiment": "cross_length",
  "model_type": "lamar",
  "variant": "pretrained",
  "pair_name": "ELAVL1_K562_ENCSR090LNQ",
  "pretrain_path": "/gpfs/bwfor/work/ws/fr_ml642-thesis_work/Thesis/LAMAR/weights",
  "max_length": 1024,
  "n_folds": 5,
  "hyperparameters": {
    "learning_rate": 5e-05,
    "per_device_train_batch_size": 16,
    "weight_decay": 0.01,
    "warmup_ratio": 0.1,
    "num_train_epochs": 10,
    "gradient_accumulation_steps": 1,
    "early_stopping_patience": 3
  },
  "cv_metrics": {
    "epoch_mean": 8.4,
    "epoch_std": 1.2,
    "eval_accuracy_mean": 0.9103260869565218,
    "eval_accuracy_std": 0.009076068876721285,
    "eval_auc_mean": 0.9615372161607804,
    "eval_auc_std": 0.007684892551475195,
    "eval_auprc_mean": 0.9191162238329476,
    "eval_auprc_std": 0.0177837968948106,
    "eval_f1_mean": 0.8435882552326129,
    "eval_f1_std": 0.015325536681242582,
    "eval_loss_mean": 0.2557061791419983,
    "eval_loss_std": 0.03702791028348329,
    "eval_matthews_correlation_mean": 0.7821382469616285,
    "eval_matthews_correlation_std": 0.021247040402902227,
    "eval_precision_mean": 0.8493386899098931,
    "eval_precision_std": 0.035887869029568524,
    "eval_recall_mean": 0.8407574945935758,
    "eval_recall_std": 0.04001725005670358,
    "eval_runtime_mean": 19.003359999999997,
    "eval_runtime_std": 0.01650776786849189,
    "eval_samples_per_second_mean": 58.1476,
    "eval_samples_per_second_std": 0.05054740349414744,
    "eval_steps_per_second_mean": 3.6836000000000007,
    "eval_steps_per_second_std": 0.003322649545167217
  },
  "cv_fold_metrics": [
    {
      "eval_loss": 0.24148420989513397,
      "eval_accuracy": 0.9085144927536232,
      "eval_f1": 0.8346972176759411,
      "eval_precision": 0.8673469387755102,
      "eval_recall": 0.804416403785489,
      "eval_auc": 0.9627303300077361,
      "eval_auprc": 0.9222245324185421,
      "eval_matthews_correlation": 0.7726234508972242,
      "eval_runtime": 18.9971,
      "eval_samples_per_second": 58.167,
      "eval_steps_per_second": 3.685,
      "epoch": 9.0
    },
    {
      "eval_loss": 0.32671716809272766,
      "eval_accuracy": 0.894927536231884,
      "eval_f1": 0.8226299694189603,
      "eval_precision": 0.8005952380952381,
      "eval_recall": 0.8459119496855346,
      "eval_auc": 0.9467649271048378,
      "eval_auprc": 0.8856506144216184,
      "eval_matthews_correlation": 0.74863650103993,
      "eval_runtime": 18.992,
      "eval_samples_per_second": 58.182,
      "eval_steps_per_second": 3.686,
      "epoch": 9.0
    },
    {
      "eval_loss": 0.2339596450328827,
      "eval_accuracy": 0.9121376811594203,
      "eval_f1": 0.8550074738415545,
      "eval_precision": 0.8148148148148148,
      "eval_recall": 0.89937106918239,
      "eval_auc": 0.9677212860274937,
      "eval_auprc": 0.9365767083060047,
      "eval_matthews_correlation": 0.7941864004478101,
      "eval_runtime": 18.9958,
      "eval_samples_per_second": 58.171,
      "eval_steps_per_second": 3.685,
      "epoch": 10.0
    },
    {
      "eval_loss": 0.22200460731983185,
      "eval_accuracy": 0.9130434782608695,
      "eval_f1": 0.8394648829431439,
      "eval_precision": 0.8964285714285715,
      "eval_recall": 0.789308176100629,
      "eval_auc": 0.9674772352649351,
      "eval_auprc": 0.9312071540692006,
      "eval_matthews_correlation": 0.7831378500904017,
      "eval_runtime": 18.9957,
      "eval_samples_per_second": 58.171,
      "eval_steps_per_second": 3.685,
      "epoch": 7.0
    },
    {
      "eval_loss": 0.2543652653694153,
      "eval_accuracy": 0.9230072463768116,
      "eval_f1": 0.8661417322834647,
      "eval_precision": 0.8675078864353313,
      "eval_recall": 0.8647798742138365,
      "eval_auc": 0.9629923023988989,
      "eval_auprc": 0.9199221099493716,
      "eval_matthews_correlation": 0.812107032332776,
      "eval_runtime": 19.0362,
      "eval_samples_per_second": 58.047,
      "eval_steps_per_second": 3.677,
      "epoch": 7.0
    }
  ],
  "test_metrics": {
    "eval_loss": 0.6295638084411621,
    "eval_accuracy": 0.793571964017991,
    "eval_f1": 0.7501984351967343,
    "eval_precision": 0.8762913907284768,
    "eval_recall": 0.6558287073750991,
    "eval_auc": 0.9067454622491936,
    "eval_auprc": 0.8916971129570578,
    "eval_matthews_correlation": 0.5981601421564572,
    "eval_runtime": 183.5927,
    "eval_samples_per_second": 58.172,
    "eval_steps_per_second": 3.638,
    "epoch": 4.0
  }
}