{
  "experiment": "cross_length",
  "model_type": "lamar",
  "variant": "tapt_512",
  "pair_name": "EIF3G_K562_ENCSR023PKW",
  "pretrain_path": "/gpfs/bwfor/work/ws/fr_ml642-thesis_work/Thesis/LAMAR/src/pretrain/saving_model/tapt_lamar/checkpoint-98000/model.safetensors",
  "max_length": 1024,
  "n_folds": 5,
  "hyperparameters": {
    "learning_rate": 5e-05,
    "per_device_train_batch_size": 16,
    "weight_decay": 0.01,
    "warmup_ratio": 0.1,
    "num_train_epochs": 10,
    "gradient_accumulation_steps": 1,
    "early_stopping_patience": 3
  },
  "cv_metrics": {
    "epoch_mean": 4.8,
    "epoch_std": 1.16619037896906,
    "eval_accuracy_mean": 0.8125,
    "eval_accuracy_std": 0.07905694150420949,
    "eval_auc_mean": 0.9166666666666667,
    "eval_auc_std": 0.08027729719194862,
    "eval_auprc_mean": 0.9035978835978836,
    "eval_auprc_std": 0.08798137612109563,
    "eval_f1_mean": 0.6806526806526806,
    "eval_f1_std": 0.1739081465798559,
    "eval_loss_mean": 0.4111164063215256,
    "eval_loss_std": 0.1656230850637433,
    "eval_matthews_correlation_mean": 0.574137757286939,
    "eval_matthews_correlation_std": 0.17790747298176396,
    "eval_precision_mean": 0.8092857142857142,
    "eval_precision_std": 0.13959854978487715,
    "eval_recall_mean": 0.6499999999999999,
    "eval_recall_std": 0.23804761428476165,
    "eval_runtime_mean": 0.34703999999999996,
    "eval_runtime_std": 0.0006118823416311314,
    "eval_samples_per_second_mean": 80.111,
    "eval_samples_per_second_std": 1.2133622707172007,
    "eval_steps_per_second_mean": 5.7634,
    "eval_steps_per_second_std": 0.010031948963187548
  },
  "cv_fold_metrics": [
    {
      "eval_loss": 0.3419163227081299,
      "eval_accuracy": 0.8125,
      "eval_f1": 0.4,
      "eval_precision": 1.0,
      "eval_recall": 0.25,
      "eval_auc": 1.0,
      "eval_auprc": 1.0,
      "eval_matthews_correlation": 0.4472135954999579,
      "eval_runtime": 0.3459,
      "eval_samples_per_second": 80.953,
      "eval_steps_per_second": 5.782,
      "epoch": 4.0
    },
    {
      "eval_loss": 0.3769267499446869,
      "eval_accuracy": 0.8125,
      "eval_f1": 0.7272727272727272,
      "eval_precision": 0.8,
      "eval_recall": 0.6666666666666666,
      "eval_auc": 0.9333333333333333,
      "eval_auprc": 0.8734126984126984,
      "eval_matthews_correlation": 0.5918640302493726,
      "eval_runtime": 0.3469,
      "eval_samples_per_second": 80.727,
      "eval_steps_per_second": 5.766,
      "epoch": 4.0
    },
    {
      "eval_loss": 0.2214948683977127,
      "eval_accuracy": 0.9375,
      "eval_f1": 0.9333333333333333,
      "eval_precision": 0.875,
      "eval_recall": 1.0,
      "eval_auc": 1.0,
      "eval_auprc": 1.0,
      "eval_matthews_correlation": 0.8819171036881969,
      "eval_runtime": 0.3474,
      "eval_samples_per_second": 80.591,
      "eval_steps_per_second": 5.757,
      "epoch": 5.0
    },
    {
      "eval_loss": 0.39589184522628784,
      "eval_accuracy": 0.8125,
      "eval_f1": 0.7272727272727272,
      "eval_precision": 0.8,
      "eval_recall": 0.6666666666666666,
      "eval_auc": 0.85,
      "eval_auprc": 0.876984126984127,
      "eval_matthews_correlation": 0.5918640302493726,
      "eval_runtime": 0.3475,
      "eval_samples_per_second": 80.585,
      "eval_steps_per_second": 5.756,
      "epoch": 7.0
    },
    {
      "eval_loss": 0.7193522453308105,
      "eval_accuracy": 0.6875,
      "eval_f1": 0.6153846153846153,
      "eval_precision": 0.5714285714285714,
      "eval_recall": 0.6666666666666666,
      "eval_auc": 0.8,
      "eval_auprc": 0.7675925925925926,
      "eval_matthews_correlation": 0.3578300267477955,
      "eval_runtime": 0.3475,
      "eval_samples_per_second": 77.699,
      "eval_steps_per_second": 5.756,
      "epoch": 4.0
    }
  ],
  "test_metrics": {
    "eval_loss": 0.5970771908760071,
    "eval_accuracy": 0.7578125,
    "eval_f1": 0.6910299003322259,
    "eval_precision": 0.9122807017543859,
    "eval_recall": 0.5561497326203209,
    "eval_auc": 0.8855832134422759,
    "eval_auprc": 0.8617675804601592,
    "eval_matthews_correlation": 0.5528977236169491,
    "eval_runtime": 8.2704,
    "eval_samples_per_second": 46.793,
    "eval_steps_per_second": 3.023,
    "epoch": 7.0
  }
}