{
  "experiment": "cross_length",
  "model_type": "lamar",
  "variant": "random",
  "pair_name": "FXR2_K562_ENCSR224QWC",
  "pretrain_path": "",
  "max_length": 1024,
  "n_folds": 5,
  "hyperparameters": {
    "learning_rate": 5e-05,
    "per_device_train_batch_size": 16,
    "weight_decay": 0.01,
    "warmup_ratio": 0.1,
    "num_train_epochs": 10,
    "gradient_accumulation_steps": 1,
    "early_stopping_patience": 3
  },
  "cv_metrics": {
    "epoch_mean": 9.4,
    "epoch_std": 1.2,
    "eval_accuracy_mean": 0.7842857142857143,
    "eval_accuracy_std": 0.011031032293914646,
    "eval_auc_mean": 0.8622609777106961,
    "eval_auc_std": 0.011712699340739235,
    "eval_auprc_mean": 0.7230056333746507,
    "eval_auprc_std": 0.03334282990128117,
    "eval_f1_mean": 0.6326539730701278,
    "eval_f1_std": 0.03327920468922053,
    "eval_loss_mean": 0.4371565103530884,
    "eval_loss_std": 0.017094666298279725,
    "eval_matthews_correlation_mean": 0.4876457135126054,
    "eval_matthews_correlation_std": 0.028021902709975323,
    "eval_precision_mean": 0.685518086637261,
    "eval_precision_std": 0.04150296831894387,
    "eval_recall_mean": 0.5959232152028762,
    "eval_recall_std": 0.07431902160315372,
    "eval_runtime_mean": 12.137319999999999,
    "eval_runtime_std": 0.010826892444279378,
    "eval_samples_per_second_mean": 46.2704,
    "eval_samples_per_second_std": 0.041811960011460245,
    "eval_steps_per_second_mean": 2.966,
    "eval_steps_per_second_std": 0.002756809750418095
  },
  "cv_fold_metrics": [
    {
      "eval_loss": 0.41455551981925964,
      "eval_accuracy": 0.8053571428571429,
      "eval_f1": 0.6625386996904024,
      "eval_precision": 0.7278911564625851,
      "eval_recall": 0.6079545454545454,
      "eval_auc": 0.8790838068181819,
      "eval_auprc": 0.7682232546000222,
      "eval_matthews_correlation": 0.5315400182576729,
      "eval_runtime": 12.1352,
      "eval_samples_per_second": 46.312,
      "eval_steps_per_second": 2.967,
      "epoch": 10.0
    },
    {
      "eval_loss": 0.4470200538635254,
      "eval_accuracy": 0.7821428571428571,
      "eval_f1": 0.6702702702702703,
      "eval_precision": 0.6391752577319587,
      "eval_recall": 0.7045454545454546,
      "eval_auc": 0.8565784801136364,
      "eval_auprc": 0.6701187599411635,
      "eval_matthews_correlation": 0.5095210572178862,
      "eval_runtime": 12.1454,
      "eval_samples_per_second": 46.272,
      "eval_steps_per_second": 2.964,
      "epoch": 7.0
    },
    {
      "eval_loss": 0.41834497451782227,
      "eval_accuracy": 0.7785714285714286,
      "eval_f1": 0.6265060240963856,
      "eval_precision": 0.6709677419354839,
      "eval_recall": 0.5875706214689266,
      "eval_auc": 0.8732870145004499,
      "eval_auprc": 0.7430787291652977,
      "eval_matthews_correlation": 0.4722172332011709,
      "eval_runtime": 12.1441,
      "eval_samples_per_second": 46.277,
      "eval_steps_per_second": 2.964,
      "epoch": 10.0
    },
    {
      "eval_loss": 0.45379725098609924,
      "eval_accuracy": 0.7732142857142857,
      "eval_f1": 0.6275659824046921,
      "eval_precision": 0.6484848484848484,
      "eval_recall": 0.6079545454545454,
      "eval_auc": 0.8498757102272727,
      "eval_auprc": 0.7059131184900878,
      "eval_matthews_correlation": 0.46528047226035124,
      "eval_runtime": 12.1449,
      "eval_samples_per_second": 46.192,
      "eval_steps_per_second": 2.964,
      "epoch": 10.0
    },
    {
      "eval_loss": 0.45206475257873535,
      "eval_accuracy": 0.7821428571428571,
      "eval_f1": 0.576388888888889,
      "eval_precision": 0.7410714285714286,
      "eval_recall": 0.4715909090909091,
      "eval_auc": 0.8524798768939394,
      "eval_auprc": 0.7276943046766827,
      "eval_matthews_correlation": 0.45966978662594565,
      "eval_runtime": 12.117,
      "eval_samples_per_second": 46.299,
      "eval_steps_per_second": 2.971,
      "epoch": 10.0
    }
  ],
  "test_metrics": {
    "eval_loss": 0.558880090713501,
    "eval_accuracy": 0.6960332103321033,
    "eval_f1": 0.7344883158742949,
    "eval_precision": 0.6230348598769652,
    "eval_recall": 0.89450441609421,
    "eval_auc": 0.813954148805421,
    "eval_auprc": 0.7814211491785081,
    "eval_matthews_correlation": 0.4416495413333556,
    "eval_runtime": 94.3843,
    "eval_samples_per_second": 45.972,
    "eval_steps_per_second": 2.882,
    "epoch": 4.0
  }
}