{
  "experiment": "cross_cell",
  "model_type": "lamar",
  "variant": "pretrained_custom",
  "pair_name": "XRN2_train_K562_test_HepG2_fixlen_101",
  "pretrain_path": "/gpfs/bwfor/work/ws/fr_ml642-thesis_work/Thesis/LAMAR/src/pretrain/saving_model/tapt_512_standard_collator_1gpu/checkpoint-265000/model.safetensors",
  "max_length": 512,
  "n_folds": 5,
  "hyperparameters": {
    "learning_rate": 5e-05,
    "per_device_train_batch_size": 16,
    "weight_decay": 0.01,
    "warmup_ratio": 0.1,
    "num_train_epochs": 10,
    "gradient_accumulation_steps": 1,
    "early_stopping_patience": 3
  },
  "cv_metrics": {
    "epoch_mean": 8.8,
    "epoch_std": 0.7483314773547883,
    "eval_accuracy_mean": 0.8944444444444445,
    "eval_accuracy_std": 0.013624017564409407,
    "eval_auc_mean": 0.9618847069706753,
    "eval_auc_std": 0.004232171602824972,
    "eval_auprc_mean": 0.9541353879630841,
    "eval_auprc_std": 0.0062006310031457864,
    "eval_f1_mean": 0.8747767673053909,
    "eval_f1_std": 0.020920154726200756,
    "eval_loss_mean": 0.31288887858390807,
    "eval_loss_std": 0.029517594174742624,
    "eval_matthews_correlation_mean": 0.7894189921307803,
    "eval_matthews_correlation_std": 0.024577045637373392,
    "eval_precision_mean": 0.9079617673326743,
    "eval_precision_std": 0.04823626017175231,
    "eval_recall_mean": 0.8505178430710345,
    "eval_recall_std": 0.06510959799230527,
    "eval_runtime_mean": 1.44972,
    "eval_runtime_std": 0.0013257450735341156,
    "eval_samples_per_second_mean": 306.6782,
    "eval_samples_per_second_std": 0.5679061190020814,
    "eval_steps_per_second_mean": 19.314,
    "eval_steps_per_second_std": 0.017469974241538736
  },
  "cv_fold_metrics": [
    {
      "eval_loss": 0.28204840421676636,
      "eval_accuracy": 0.9120370370370371,
      "eval_f1": 0.8938547486033519,
      "eval_precision": 0.9467455621301775,
      "eval_recall": 0.8465608465608465,
      "eval_auc": 0.9640951945478694,
      "eval_auprc": 0.9510469287342096,
      "eval_matthews_correlation": 0.8228912397436631,
      "eval_runtime": 1.4479,
      "eval_samples_per_second": 307.336,
      "eval_steps_per_second": 19.338,
      "epoch": 9.0
    },
    {
      "eval_loss": 0.33609750866889954,
      "eval_accuracy": 0.8935185185185185,
      "eval_f1": 0.8844221105527639,
      "eval_precision": 0.8421052631578947,
      "eval_recall": 0.9312169312169312,
      "eval_auc": 0.9644653471813965,
      "eval_auprc": 0.9575254018648238,
      "eval_matthews_correlation": 0.7895905596978668,
      "eval_runtime": 1.4498,
      "eval_samples_per_second": 306.932,
      "eval_steps_per_second": 19.313,
      "epoch": 10.0
    },
    {
      "eval_loss": 0.3151399791240692,
      "eval_accuracy": 0.8888888888888888,
      "eval_f1": 0.87434554973822,
      "eval_precision": 0.8608247422680413,
      "eval_recall": 0.8882978723404256,
      "eval_auc": 0.9535228461806766,
      "eval_auprc": 0.9435310748759721,
      "eval_matthews_correlation": 0.7751116743131542,
      "eval_runtime": 1.4492,
      "eval_samples_per_second": 307.071,
      "eval_steps_per_second": 19.321,
      "epoch": 9.0
    },
    {
      "eval_loss": 0.27784913778305054,
      "eval_accuracy": 0.9050925925925926,
      "eval_f1": 0.886426592797784,
      "eval_precision": 0.9248554913294798,
      "eval_recall": 0.851063829787234,
      "eval_auc": 0.9627441576560865,
      "eval_auprc": 0.957601021340789,
      "eval_matthews_correlation": 0.8072105837383183,
      "eval_runtime": 1.4497,
      "eval_samples_per_second": 306.261,
      "eval_steps_per_second": 19.314,
      "epoch": 8.0
    },
    {
      "eval_loss": 0.35330936312675476,
      "eval_accuracy": 0.8726851851851852,
      "eval_f1": 0.8348348348348349,
      "eval_precision": 0.9652777777777778,
      "eval_recall": 0.7354497354497355,
      "eval_auc": 0.9645959892873474,
      "eval_auprc": 0.9609725129996253,
      "eval_matthews_correlation": 0.7522909031608982,
      "eval_runtime": 1.452,
      "eval_samples_per_second": 305.791,
      "eval_steps_per_second": 19.284,
      "epoch": 8.0
    }
  ],
  "test_metrics": {
    "eval_loss": 0.1855672150850296,
    "eval_accuracy": 0.9205645161290322,
    "eval_f1": 0.9161345253299277,
    "eval_precision": 0.8628708901363272,
    "eval_recall": 0.9764065335753176,
    "eval_auc": 0.9842468766380694,
    "eval_auprc": 0.9804964589002783,
    "eval_matthews_correlation": 0.8470325160893698,
    "eval_runtime": 8.281,
    "eval_samples_per_second": 299.481,
    "eval_steps_per_second": 18.718,
    "epoch": 6.0
  }
}