{
  "experiment": "cross_length",
  "model_type": "lamar",
  "variant": "pretrained",
  "pair_name": "GTF2F1_HepG2_ENCSR265ZIS",
  "pretrain_path": "/gpfs/bwfor/work/ws/fr_ml642-thesis_work/Thesis/LAMAR/weights",
  "max_length": 1024,
  "n_folds": 5,
  "hyperparameters": {
    "learning_rate": 5e-05,
    "per_device_train_batch_size": 16,
    "weight_decay": 0.01,
    "warmup_ratio": 0.1,
    "num_train_epochs": 10,
    "gradient_accumulation_steps": 1,
    "early_stopping_patience": 3
  },
  "cv_metrics": {
    "epoch_mean": 7.2,
    "epoch_std": 1.7204650534085253,
    "eval_accuracy_mean": 0.8976190476190476,
    "eval_accuracy_std": 0.007896725691322404,
    "eval_auc_mean": 0.9600653594825562,
    "eval_auc_std": 0.006535984575680571,
    "eval_auprc_mean": 0.937550236832738,
    "eval_auprc_std": 0.013441590193207365,
    "eval_f1_mean": 0.853854891732556,
    "eval_f1_std": 0.010708299679412087,
    "eval_loss_mean": 0.277713468670845,
    "eval_loss_std": 0.029788683044581238,
    "eval_matthews_correlation_mean": 0.7773380900221546,
    "eval_matthews_correlation_std": 0.0170665515707933,
    "eval_precision_mean": 0.8843201885324199,
    "eval_precision_std": 0.03235919871514896,
    "eval_recall_mean": 0.8273039539423859,
    "eval_recall_std": 0.030247435979160516,
    "eval_runtime_mean": 14.63782,
    "eval_runtime_std": 0.020550075425652355,
    "eval_samples_per_second_mean": 46.3732,
    "eval_samples_per_second_std": 0.0606709156021236,
    "eval_steps_per_second_mean": 2.9378,
    "eval_steps_per_second_std": 0.004214261501141082
  },
  "cv_fold_metrics": [
    {
      "eval_loss": 0.32501456141471863,
      "eval_accuracy": 0.8898809523809523,
      "eval_f1": 0.8495934959349594,
      "eval_precision": 0.836,
      "eval_recall": 0.8636363636363636,
      "eval_auc": 0.9485489140880262,
      "eval_auprc": 0.9196372229559255,
      "eval_matthews_correlation": 0.7630262221975398,
      "eval_runtime": 14.6475,
      "eval_samples_per_second": 46.356,
      "eval_steps_per_second": 2.936,
      "epoch": 5.0
    },
    {
      "eval_loss": 0.24253599345684052,
      "eval_accuracy": 0.9077380952380952,
      "eval_f1": 0.8652173913043478,
      "eval_precision": 0.9255813953488372,
      "eval_recall": 0.8122448979591836,
      "eval_auc": 0.9676050279596615,
      "eval_auprc": 0.9543955777312679,
      "eval_matthews_correlation": 0.7994564012383136,
      "eval_runtime": 14.6072,
      "eval_samples_per_second": 46.484,
      "eval_steps_per_second": 2.944,
      "epoch": 7.0
    },
    {
      "eval_loss": 0.2963731586933136,
      "eval_accuracy": 0.8869047619047619,
      "eval_f1": 0.8354978354978355,
      "eval_precision": 0.8853211009174312,
      "eval_recall": 0.7909836065573771,
      "eval_auc": 0.9590259690516317,
      "eval_auprc": 0.9378680424366518,
      "eval_matthews_correlation": 0.7525080875641253,
      "eval_runtime": 14.6456,
      "eval_samples_per_second": 46.362,
      "eval_steps_per_second": 2.936,
      "epoch": 8.0
    },
    {
      "eval_loss": 0.27068811655044556,
      "eval_accuracy": 0.9017857142857143,
      "eval_f1": 0.8558951965065502,
      "eval_precision": 0.9116279069767442,
      "eval_recall": 0.8065843621399177,
      "eval_auc": 0.9602866269532937,
      "eval_auprc": 0.9257112848251355,
      "eval_matthews_correlation": 0.7851953249817304,
      "eval_runtime": 14.666,
      "eval_samples_per_second": 46.298,
      "eval_steps_per_second": 2.932,
      "epoch": 6.0
    },
    {
      "eval_loss": 0.25395551323890686,
      "eval_accuracy": 0.9017857142857143,
      "eval_f1": 0.8630705394190872,
      "eval_precision": 0.8630705394190872,
      "eval_recall": 0.8630705394190872,
      "eval_auc": 0.964860259360168,
      "eval_auprc": 0.950139056214709,
      "eval_matthews_correlation": 0.7865044141290639,
      "eval_runtime": 14.6228,
      "eval_samples_per_second": 46.366,
      "eval_steps_per_second": 2.941,
      "epoch": 10.0
    }
  ],
  "test_metrics": {
    "eval_loss": 0.2965816259384155,
    "eval_accuracy": 0.9040785498489426,
    "eval_f1": 0.895986895986896,
    "eval_precision": 0.9286926994906621,
    "eval_recall": 0.865506329113924,
    "eval_auc": 0.9609775857219947,
    "eval_auprc": 0.9544288791305868,
    "eval_matthews_correlation": 0.8089190881846895,
    "eval_runtime": 115.7917,
    "eval_samples_per_second": 45.798,
    "eval_steps_per_second": 2.867,
    "epoch": 4.0
  }
}