{
  "experiment": "cross_length",
  "model_type": "lamar",
  "variant": "random",
  "pair_name": "SRSF7_K562_ENCSR468FSW",
  "pretrain_path": "",
  "max_length": 1024,
  "n_folds": 5,
  "hyperparameters": {
    "learning_rate": 5e-05,
    "per_device_train_batch_size": 16,
    "weight_decay": 0.01,
    "warmup_ratio": 0.1,
    "num_train_epochs": 10,
    "gradient_accumulation_steps": 1,
    "early_stopping_patience": 3
  },
  "cv_metrics": {
    "epoch_mean": 6.4,
    "epoch_std": 2.33238075793812,
    "eval_accuracy_mean": 0.7125,
    "eval_accuracy_std": 0.04823265376162594,
    "eval_auc_mean": 0.8433673749502569,
    "eval_auc_std": 0.048088100235719876,
    "eval_auprc_mean": 0.7172982019392207,
    "eval_auprc_std": 0.1127270693845604,
    "eval_f1_mean": 0.436952380952381,
    "eval_f1_std": 0.1775513978154302,
    "eval_loss_mean": 0.6186214685440063,
    "eval_loss_std": 0.163461131539463,
    "eval_matthews_correlation_mean": 0.347082710990111,
    "eval_matthews_correlation_std": 0.10486549711100049,
    "eval_precision_mean": 0.793939393939394,
    "eval_precision_std": 0.1738031353108841,
    "eval_recall_mean": 0.3453792569659443,
    "eval_recall_std": 0.16494990172845506,
    "eval_runtime_mean": 0.8321200000000001,
    "eval_runtime_std": 0.0007304792947099898,
    "eval_samples_per_second_mean": 65.617,
    "eval_samples_per_second_std": 0.567401445186738,
    "eval_steps_per_second_mean": 4.8072,
    "eval_steps_per_second_std": 0.004261455150532493
  },
  "cv_fold_metrics": [
    {
      "eval_loss": 0.5603045225143433,
      "eval_accuracy": 0.7083333333333334,
      "eval_f1": 0.5,
      "eval_precision": 0.6363636363636364,
      "eval_recall": 0.4117647058823529,
      "eval_auc": 0.8311195445920303,
      "eval_auprc": 0.6438270510851156,
      "eval_matthews_correlation": 0.3217242196749397,
      "eval_runtime": 0.8334,
      "eval_samples_per_second": 65.999,
      "eval_steps_per_second": 4.8,
      "epoch": 10.0
    },
    {
      "eval_loss": 0.5646433234214783,
      "eval_accuracy": 0.7708333333333334,
      "eval_f1": 0.47619047619047616,
      "eval_precision": 1.0,
      "eval_recall": 0.3125,
      "eval_auc": 0.8125,
      "eval_auprc": 0.7442167898721798,
      "eval_matthews_correlation": 0.48224282217041214,
      "eval_runtime": 0.8318,
      "eval_samples_per_second": 66.121,
      "eval_steps_per_second": 4.809,
      "epoch": 6.0
    },
    {
      "eval_loss": 0.5122193694114685,
      "eval_accuracy": 0.7291666666666666,
      "eval_f1": 0.6285714285714286,
      "eval_precision": 0.7333333333333333,
      "eval_recall": 0.55,
      "eval_auc": 0.8464285714285714,
      "eval_auprc": 0.7260293616672335,
      "eval_matthews_correlation": 0.43305019054662414,
      "eval_runtime": 0.8319,
      "eval_samples_per_second": 66.115,
      "eval_steps_per_second": 4.808,
      "epoch": 8.0
    },
    {
      "eval_loss": 0.5134385228157043,
      "eval_accuracy": 0.7291666666666666,
      "eval_f1": 0.48,
      "eval_precision": 0.6,
      "eval_recall": 0.4,
      "eval_auc": 0.793939393939394,
      "eval_auprc": 0.5679488695763205,
      "eval_matthews_correlation": 0.3181886533783943,
      "eval_runtime": 0.8312,
      "eval_samples_per_second": 64.97,
      "eval_steps_per_second": 4.813,
      "epoch": 4.0
    },
    {
      "eval_loss": 0.9425016045570374,
      "eval_accuracy": 0.625,
      "eval_f1": 0.1,
      "eval_precision": 1.0,
      "eval_recall": 0.05263157894736842,
      "eval_auc": 0.9328493647912885,
      "eval_auprc": 0.9044689374952533,
      "eval_matthews_correlation": 0.18020766918018494,
      "eval_runtime": 0.8323,
      "eval_samples_per_second": 64.88,
      "eval_steps_per_second": 4.806,
      "epoch": 4.0
    }
  ],
  "test_metrics": {
    "eval_loss": 0.617193341255188,
    "eval_accuracy": 0.6640625,
    "eval_f1": 0.5253863134657837,
    "eval_precision": 0.8263888888888888,
    "eval_recall": 0.3851132686084142,
    "eval_auc": 0.7822817978275111,
    "eval_auprc": 0.7693305629647872,
    "eval_matthews_correlation": 0.3704677911676688,
    "eval_runtime": 11.01,
    "eval_samples_per_second": 58.583,
    "eval_steps_per_second": 3.724,
    "epoch": 6.0
  }
}