{
  "experiment": "rbp",
  "model_type": "dnabert2",
  "variant": "dnabert2_pretrained",
  "rbp_name": "U2AF1_K562_200",
  "weights_path": "zhihan1996/DNABERT-2-117M",
  "max_length": 512,
  "n_folds": 5,
  "hyperparameters": {
    "learning_rate": 5e-05,
    "per_device_train_batch_size": 16,
    "weight_decay": 0.01,
    "warmup_ratio": 0.1,
    "num_train_epochs": 10,
    "gradient_accumulation_steps": 1,
    "early_stopping_patience": 3
  },
  "cv_metrics": {
    "epoch_mean": 7.0,
    "epoch_std": 1.0954451150103321,
    "eval_accuracy_mean": 0.8916201117318436,
    "eval_accuracy_std": 0.009377786452152101,
    "eval_auc_mean": 0.9577246625250366,
    "eval_auc_std": 0.006049833986696263,
    "eval_auprc_mean": 0.9621788024639304,
    "eval_auprc_std": 0.006585343726680244,
    "eval_f1_mean": 0.9015443084308655,
    "eval_f1_std": 0.008143481817096104,
    "eval_loss_mean": 0.4438764929771423,
    "eval_loss_std": 0.11539365548668568,
    "eval_matthews_correlation_mean": 0.782638267322079,
    "eval_matthews_correlation_std": 0.018679143233056094,
    "eval_precision_mean": 0.8813589296638469,
    "eval_precision_std": 0.015514021284104796,
    "eval_recall_mean": 0.9230920799692426,
    "eval_recall_std": 0.015626558957577523,
    "eval_runtime_mean": 0.30804,
    "eval_runtime_std": 0.0010268398122394791,
    "eval_samples_per_second_mean": 1743.3962,
    "eval_samples_per_second_std": 5.744884938795548,
    "eval_steps_per_second_mean": 110.3828,
    "eval_steps_per_second_std": 0.3636533514213785
  },
  "cv_fold_metrics": [
    {
      "eval_loss": 0.6129509806632996,
      "eval_accuracy": 0.88268156424581,
      "eval_f1": 0.8948247078464107,
      "eval_precision": 0.864516129032258,
      "eval_recall": 0.9273356401384083,
      "eval_matthews_correlation": 0.7649608201689773,
      "eval_auc": 0.9492340104922424,
      "eval_auprc": 0.954211256959819,
      "eval_runtime": 0.3065,
      "eval_samples_per_second": 1752.022,
      "eval_steps_per_second": 110.929,
      "epoch": 7.0
    },
    {
      "eval_loss": 0.39834797382354736,
      "eval_accuracy": 0.88268156424581,
      "eval_f1": 0.8948247078464107,
      "eval_precision": 0.864516129032258,
      "eval_recall": 0.9273356401384083,
      "eval_matthews_correlation": 0.7649608201689773,
      "eval_auc": 0.9622167652639803,
      "eval_auprc": 0.9706875197587078,
      "eval_runtime": 0.3082,
      "eval_samples_per_second": 1742.657,
      "eval_steps_per_second": 110.336,
      "epoch": 6.0
    },
    {
      "eval_loss": 0.541506826877594,
      "eval_accuracy": 0.888268156424581,
      "eval_f1": 0.8958333333333334,
      "eval_precision": 0.8989547038327527,
      "eval_recall": 0.8927335640138409,
      "eval_matthews_correlation": 0.7753762773203333,
      "eval_auc": 0.9574240986717266,
      "eval_auprc": 0.9577091512911581,
      "eval_runtime": 0.3073,
      "eval_samples_per_second": 1747.463,
      "eval_steps_per_second": 110.64,
      "epoch": 9.0
    },
    {
      "eval_loss": 0.36433902382850647,
      "eval_accuracy": 0.9068901303538175,
      "eval_f1": 0.9146757679180887,
      "eval_precision": 0.8993288590604027,
      "eval_recall": 0.9305555555555556,
      "eval_matthews_correlation": 0.812855462785572,
      "eval_auc": 0.9662539045069166,
      "eval_auprc": 0.9693034419406602,
      "eval_runtime": 0.3089,
      "eval_samples_per_second": 1738.441,
      "eval_steps_per_second": 110.069,
      "epoch": 7.0
    },
    {
      "eval_loss": 0.3022376596927643,
      "eval_accuracy": 0.8975791433891993,
      "eval_f1": 0.907563025210084,
      "eval_precision": 0.8794788273615635,
      "eval_recall": 0.9375,
      "eval_matthews_correlation": 0.7950379561665348,
      "eval_auc": 0.9534945336903168,
      "eval_auprc": 0.9589826423693071,
      "eval_runtime": 0.3093,
      "eval_samples_per_second": 1736.398,
      "eval_steps_per_second": 109.94,
      "epoch": 6.0
    }
  ],
  "test_metrics": {
    "eval_loss": 0.6908969879150391,
    "eval_accuracy": 0.875,
    "eval_f1": 0.8867924528301887,
    "eval_precision": 0.8329113924050633,
    "eval_recall": 0.9481268011527377,
    "eval_matthews_correlation": 0.7564031582682461,
    "eval_auc": 0.9570516515185103,
    "eval_auprc": 0.9529194970466148,
    "eval_runtime": 0.3741,
    "eval_samples_per_second": 1796.306,
    "eval_steps_per_second": 112.269,
    "epoch": 8.0
  }
}