{
  "experiment": "cross_length",
  "model_type": "dnabert2",
  "variant": "pretrained_custom",
  "pair_name": "DROSHA_HepG2_ENCSR834YLD",
  "max_length": 256,
  "n_folds": 5,
  "hyperparameters": {
    "learning_rate": 5e-05,
    "per_device_train_batch_size": 16,
    "weight_decay": 0.01,
    "warmup_ratio": 0.1,
    "num_train_epochs": 10,
    "gradient_accumulation_steps": 1,
    "early_stopping_patience": 3
  },
  "cv_metrics": {
    "epoch_mean": 5.6,
    "epoch_std": 0.48989794855663565,
    "eval_accuracy_mean": 0.7841767589388696,
    "eval_accuracy_std": 0.026847379964083047,
    "eval_auc_mean": 0.8516493752901519,
    "eval_auc_std": 0.02664221744872482,
    "eval_auprc_mean": 0.7857938389310337,
    "eval_auprc_std": 0.016086138257690574,
    "eval_f1_mean": 0.7614532672208414,
    "eval_f1_std": 0.0222834719295405,
    "eval_loss_mean": 0.47524550557136536,
    "eval_loss_std": 0.036416452739592924,
    "eval_matthews_correlation_mean": 0.5335624804430481,
    "eval_matthews_correlation_std": 0.04383011022406925,
    "eval_precision_mean": 0.7751918262706957,
    "eval_precision_std": 0.03204402845494695,
    "eval_recall_mean": 0.7593896211371939,
    "eval_recall_std": 0.019414195140506758,
    "eval_runtime_mean": 0.25764,
    "eval_runtime_std": 0.004757141999141921,
    "eval_samples_per_second_mean": 1119.0031999999999,
    "eval_samples_per_second_std": 20.94723461844062,
    "eval_steps_per_second_mean": 70.6622,
    "eval_steps_per_second_std": 1.9050324301701562
  },
  "cv_fold_metrics": [
    {
      "eval_loss": 0.45556607842445374,
      "eval_accuracy": 0.7854671280276817,
      "eval_f1": 0.7732817086749673,
      "eval_matthews_correlation": 0.5505643464236101,
      "eval_precision": 0.7688076122509664,
      "eval_recall": 0.7819126819126819,
      "eval_auc": 0.8654365904365905,
      "eval_auprc": 0.7948310293078653,
      "eval_runtime": 0.2587,
      "eval_samples_per_second": 1116.947,
      "eval_steps_per_second": 73.433,
      "epoch": 5.0
    },
    {
      "eval_loss": 0.43332794308662415,
      "eval_accuracy": 0.7951388888888888,
      "eval_f1": 0.7562787762302959,
      "eval_matthews_correlation": 0.5398700401939945,
      "eval_precision": 0.8016382699868938,
      "eval_recall": 0.7415638939910785,
      "eval_auc": 0.8921542902125427,
      "eval_auprc": 0.808987336877776,
      "eval_runtime": 0.2484,
      "eval_samples_per_second": 1159.302,
      "eval_steps_per_second": 72.456,
      "epoch": 6.0
    },
    {
      "eval_loss": 0.46660783886909485,
      "eval_accuracy": 0.7986111111111112,
      "eval_f1": 0.7778723404255319,
      "eval_matthews_correlation": 0.5565447376846228,
      "eval_precision": 0.7822097479354455,
      "eval_recall": 0.774389923904487,
      "eval_auc": 0.8549462083442666,
      "eval_auprc": 0.7684482137438653,
      "eval_runtime": 0.2615,
      "eval_samples_per_second": 1101.476,
      "eval_steps_per_second": 68.842,
      "epoch": 5.0
    },
    {
      "eval_loss": 0.5415506958961487,
      "eval_accuracy": 0.7326388888888888,
      "eval_f1": 0.7200812895245068,
      "eval_matthews_correlation": 0.44846141338884593,
      "eval_precision": 0.7170535011801731,
      "eval_recall": 0.7316452374704803,
      "eval_auc": 0.8278142219889792,
      "eval_auprc": 0.7668936287608208,
      "eval_runtime": 0.2587,
      "eval_samples_per_second": 1113.333,
      "eval_steps_per_second": 69.583,
      "epoch": 6.0
    },
    {
      "eval_loss": 0.47917497158050537,
      "eval_accuracy": 0.8090277777777778,
      "eval_f1": 0.779752221248905,
      "eval_matthews_correlation": 0.5723718645241672,
      "eval_precision": 0.80625,
      "eval_recall": 0.7674363684072422,
      "eval_auc": 0.8178955654683809,
      "eval_auprc": 0.7898089859648412,
      "eval_runtime": 0.2609,
      "eval_samples_per_second": 1103.958,
      "eval_steps_per_second": 68.997,
      "epoch": 6.0
    }
  ],
  "test_metrics": {
    "eval_loss": 0.4519776999950409,
    "eval_accuracy": 0.8060021436227224,
    "eval_f1": 0.8051135576789918,
    "eval_matthews_correlation": 0.6104956802489377,
    "eval_precision": 0.8057810245310245,
    "eval_recall": 0.8047155854211603,
    "eval_auc": 0.8864484818317571,
    "eval_auprc": 0.8817708038066129,
    "eval_runtime": 2.032,
    "eval_samples_per_second": 918.32,
    "eval_steps_per_second": 57.58,
    "epoch": 4.0
  }
}