{
  "experiment": "cross_length",
  "model_type": "lamar",
  "variant": "pretrained",
  "pair_name": "DDX47_K562_ENCSR631HUN",
  "pretrain_path": "/gpfs/bwfor/work/ws/fr_ml642-thesis_work/Thesis/LAMAR/weights",
  "max_length": 1024,
  "n_folds": 5,
  "hyperparameters": {
    "learning_rate": 5e-05,
    "per_device_train_batch_size": 16,
    "weight_decay": 0.01,
    "warmup_ratio": 0.1,
    "num_train_epochs": 10,
    "gradient_accumulation_steps": 1,
    "early_stopping_patience": 3
  },
  "cv_metrics": {
    "epoch_mean": 6.0,
    "epoch_std": 1.7888543819998317,
    "eval_accuracy_mean": 0.7375,
    "eval_accuracy_std": 0.0960143218483576,
    "eval_auc_mean": 0.8516904291360813,
    "eval_auc_std": 0.06630807862105147,
    "eval_auprc_mean": 0.7519396649258738,
    "eval_auprc_std": 0.07757880227714566,
    "eval_f1_mean": 0.46656346749226013,
    "eval_f1_std": 0.26948076957539957,
    "eval_loss_mean": 0.5130813837051391,
    "eval_loss_std": 0.15250983589484185,
    "eval_matthews_correlation_mean": 0.34913928025627355,
    "eval_matthews_correlation_std": 0.261531044413276,
    "eval_precision_mean": 0.525,
    "eval_precision_std": 0.31797973380564853,
    "eval_recall_mean": 0.4441919191919192,
    "eval_recall_std": 0.2637703324616123,
    "eval_runtime_mean": 0.68976,
    "eval_runtime_std": 0.0013836184445142506,
    "eval_samples_per_second_mean": 57.7014,
    "eval_samples_per_second_std": 0.5628991383898192,
    "eval_steps_per_second_mean": 4.3496,
    "eval_steps_per_second_std": 0.008546344247688513
  },
  "cv_fold_metrics": [
    {
      "eval_loss": 0.5769961476325989,
      "eval_accuracy": 0.6875,
      "eval_f1": 0.5,
      "eval_precision": 0.4166666666666667,
      "eval_recall": 0.625,
      "eval_auc": 0.8229166666666666,
      "eval_auprc": 0.7533661513924672,
      "eval_matthews_correlation": 0.29814239699997197,
      "eval_runtime": 0.6877,
      "eval_samples_per_second": 58.161,
      "eval_steps_per_second": 4.362,
      "epoch": 5.0
    },
    {
      "eval_loss": 0.7166382670402527,
      "eval_accuracy": 0.65625,
      "eval_f1": 0.4210526315789474,
      "eval_precision": 0.5,
      "eval_recall": 0.36363636363636365,
      "eval_auc": 0.748917748917749,
      "eval_auprc": 0.6099445563349306,
      "eval_matthews_correlation": 0.18993429409939658,
      "eval_runtime": 0.6912,
      "eval_samples_per_second": 57.873,
      "eval_steps_per_second": 4.341,
      "epoch": 7.0
    },
    {
      "eval_loss": 0.2676674425601959,
      "eval_accuracy": 0.90625,
      "eval_f1": 0.823529411764706,
      "eval_precision": 0.875,
      "eval_recall": 0.7777777777777778,
      "eval_auc": 0.9420289855072463,
      "eval_auprc": 0.7591269841269841,
      "eval_matthews_correlation": 0.7624437362098716,
      "eval_runtime": 0.6914,
      "eval_samples_per_second": 57.852,
      "eval_steps_per_second": 4.339,
      "epoch": 9.0
    },
    {
      "eval_loss": 0.5738316178321838,
      "eval_accuracy": 0.65625,
      "eval_f1": 0.0,
      "eval_precision": 0.0,
      "eval_recall": 0.0,
      "eval_auc": 0.8441558441558442,
      "eval_auprc": 0.7964857510910143,
      "eval_matthews_correlation": 0.0,
      "eval_runtime": 0.6894,
      "eval_samples_per_second": 58.023,
      "eval_steps_per_second": 4.352,
      "epoch": 4.0
    },
    {
      "eval_loss": 0.4302734434604645,
      "eval_accuracy": 0.78125,
      "eval_f1": 0.5882352941176471,
      "eval_precision": 0.8333333333333334,
      "eval_recall": 0.45454545454545453,
      "eval_auc": 0.9004329004329005,
      "eval_auprc": 0.8407748816839726,
      "eval_matthews_correlation": 0.49517597397212765,
      "eval_runtime": 0.6891,
      "eval_samples_per_second": 56.598,
      "eval_steps_per_second": 4.354,
      "epoch": 5.0
    }
  ],
  "test_metrics": {
    "eval_loss": 0.5367320775985718,
    "eval_accuracy": 0.8161764705882353,
    "eval_f1": 0.7899159663865547,
    "eval_precision": 0.8545454545454545,
    "eval_recall": 0.734375,
    "eval_auc": 0.9069010416666667,
    "eval_auprc": 0.8737235073018279,
    "eval_matthews_correlation": 0.6338760547021624,
    "eval_runtime": 5.8485,
    "eval_samples_per_second": 47.534,
    "eval_steps_per_second": 3.078,
    "epoch": 10.0
  }
}