{
  "experiment": "cross_cell",
  "model_type": "dnabert2",
  "variant": "tapt_v3",
  "pair_name": "PCBP1_train_K562_test_HepG2_fixlen_101",
  "max_length": 128,
  "n_folds": 5,
  "hyperparameters": {
    "learning_rate": 5e-05,
    "per_device_train_batch_size": 16,
    "weight_decay": 0.01,
    "warmup_ratio": 0.1,
    "num_train_epochs": 10,
    "gradient_accumulation_steps": 1,
    "early_stopping_patience": 3
  },
  "cv_metrics": {
    "epoch_mean": 7.2,
    "epoch_std": 1.9390719429665317,
    "eval_accuracy_mean": 0.9008210180623974,
    "eval_accuracy_std": 0.015940441510031635,
    "eval_auc_mean": 0.9624907516211865,
    "eval_auc_std": 0.009113783304426403,
    "eval_auprc_mean": 0.9516801624161367,
    "eval_auprc_std": 0.010898785960185795,
    "eval_f1_mean": 0.8993825791217102,
    "eval_f1_std": 0.016558173641475427,
    "eval_loss_mean": 0.38268482089042666,
    "eval_loss_std": 0.056203461456130595,
    "eval_matthews_correlation_mean": 0.8008956126808959,
    "eval_matthews_correlation_std": 0.03245111456349716,
    "eval_precision_mean": 0.9028436665107107,
    "eval_precision_std": 0.014612415194539199,
    "eval_recall_mean": 0.898083953518736,
    "eval_recall_std": 0.018067714512369912,
    "eval_runtime_mean": 0.48902,
    "eval_runtime_std": 0.015597999871778427,
    "eval_samples_per_second_mean": 1246.5831999999998,
    "eval_samples_per_second_std": 39.262253044877575,
    "eval_steps_per_second_mean": 79.8304,
    "eval_steps_per_second_std": 2.5141153195507915
  },
  "cv_fold_metrics": [
    {
      "eval_loss": 0.3509570062160492,
      "eval_accuracy": 0.9195402298850575,
      "eval_f1": 0.9191916183069262,
      "eval_matthews_correlation": 0.8398287899452078,
      "eval_precision": 0.9183695511297361,
      "eval_recall": 0.9214649432040736,
      "eval_auc": 0.9666731949340645,
      "eval_auprc": 0.9542486936637391,
      "eval_runtime": 0.4778,
      "eval_samples_per_second": 1274.544,
      "eval_steps_per_second": 81.621,
      "epoch": 7.0
    },
    {
      "eval_loss": 0.4751228094100952,
      "eval_accuracy": 0.9178981937602627,
      "eval_f1": 0.9170100732600732,
      "eval_matthews_correlation": 0.8342018823236493,
      "eval_precision": 0.9179613241560144,
      "eval_recall": 0.9162423292858075,
      "eval_auc": 0.9723147060103583,
      "eval_auprc": 0.9652090108288571,
      "eval_runtime": 0.5098,
      "eval_samples_per_second": 1194.496,
      "eval_steps_per_second": 76.495,
      "epoch": 10.0
    },
    {
      "eval_loss": 0.34869110584259033,
      "eval_accuracy": 0.8998357963875205,
      "eval_f1": 0.8976997662039397,
      "eval_matthews_correlation": 0.8002542660972765,
      "eval_precision": 0.9062009419152277,
      "eval_recall": 0.8941441441441442,
      "eval_auc": 0.9698285241763502,
      "eval_auprc": 0.9581230136579539,
      "eval_runtime": 0.5063,
      "eval_samples_per_second": 1202.865,
      "eval_steps_per_second": 77.031,
      "epoch": 7.0
    },
    {
      "eval_loss": 0.3206940293312073,
      "eval_accuracy": 0.8801313628899836,
      "eval_f1": 0.8779180408450201,
      "eval_matthews_correlation": 0.7589030585734027,
      "eval_precision": 0.8837554808698168,
      "eval_recall": 0.875195848021935,
      "eval_auc": 0.954954954954955,
      "eval_auprc": 0.9477839620785037,
      "eval_runtime": 0.4756,
      "eval_samples_per_second": 1280.589,
      "eval_steps_per_second": 82.008,
      "epoch": 4.0
    },
    {
      "eval_loss": 0.41795915365219116,
      "eval_accuracy": 0.8866995073891626,
      "eval_f1": 0.8850933969925923,
      "eval_matthews_correlation": 0.7712900664649436,
      "eval_precision": 0.8879310344827587,
      "eval_recall": 0.8833725029377204,
      "eval_auc": 0.948682378030204,
      "eval_auprc": 0.9330361318516295,
      "eval_runtime": 0.4756,
      "eval_samples_per_second": 1280.422,
      "eval_steps_per_second": 81.997,
      "epoch": 8.0
    }
  ],
  "test_metrics": {
    "eval_loss": 0.30500686168670654,
    "eval_accuracy": 0.8897058823529411,
    "eval_f1": 0.8847323310979034,
    "eval_matthews_correlation": 0.7729072054600176,
    "eval_precision": 0.8794104976444921,
    "eval_recall": 0.8936274509803921,
    "eval_auc": 0.9500540657439447,
    "eval_auprc": 0.9030804406285712,
    "eval_runtime": 0.8488,
    "eval_samples_per_second": 1281.764,
    "eval_steps_per_second": 80.11,
    "epoch": 5.0
  }
}