{
  "experiment": "cross_length",
  "model_type": "lamar",
  "variant": "random",
  "pair_name": "PABPN1_HepG2_ENCSR820UYE",
  "pretrain_path": "",
  "max_length": 1024,
  "n_folds": 5,
  "hyperparameters": {
    "learning_rate": 5e-05,
    "per_device_train_batch_size": 16,
    "weight_decay": 0.01,
    "warmup_ratio": 0.1,
    "num_train_epochs": 10,
    "gradient_accumulation_steps": 1,
    "early_stopping_patience": 3
  },
  "cv_metrics": {
    "epoch_mean": 7.6,
    "epoch_std": 2.1540659228538015,
    "eval_accuracy_mean": 0.7775735294117647,
    "eval_accuracy_std": 0.02653688593032145,
    "eval_auc_mean": 0.8437378140763986,
    "eval_auc_std": 0.022012593434190677,
    "eval_auprc_mean": 0.6916892507206992,
    "eval_auprc_std": 0.041990841656589,
    "eval_f1_mean": 0.6388389164114393,
    "eval_f1_std": 0.0691255551680042,
    "eval_loss_mean": 0.47099844217300413,
    "eval_loss_std": 0.03363762505323905,
    "eval_matthews_correlation_mean": 0.4900720923366116,
    "eval_matthews_correlation_std": 0.07059418211953404,
    "eval_precision_mean": 0.7045524970332937,
    "eval_precision_std": 0.04756056769677994,
    "eval_recall_mean": 0.5974772742556065,
    "eval_recall_std": 0.11673499866400207,
    "eval_runtime_mean": 11.654160000000001,
    "eval_runtime_std": 0.00686981804708091,
    "eval_samples_per_second_mean": 47.5364,
    "eval_samples_per_second_std": 0.028075612192791595,
    "eval_steps_per_second_mean": 3.003,
    "eval_steps_per_second_std": 0.0017888543819998333
  },
  "cv_fold_metrics": [
    {
      "eval_loss": 0.5060989856719971,
      "eval_accuracy": 0.7628676470588235,
      "eval_f1": 0.556701030927835,
      "eval_precision": 0.7431192660550459,
      "eval_recall": 0.44505494505494503,
      "eval_auc": 0.8353166170845728,
      "eval_auprc": 0.6791239178858409,
      "eval_matthews_correlation": 0.4334448589381376,
      "eval_runtime": 11.6583,
      "eval_samples_per_second": 47.52,
      "eval_steps_per_second": 3.002,
      "epoch": 5.0
    },
    {
      "eval_loss": 0.5133881568908691,
      "eval_accuracy": 0.7408088235294118,
      "eval_f1": 0.555205047318612,
      "eval_precision": 0.6567164179104478,
      "eval_recall": 0.4808743169398907,
      "eval_auc": 0.8066996654708384,
      "eval_auprc": 0.6193314320523895,
      "eval_matthews_correlation": 0.38758183231563803,
      "eval_runtime": 11.6506,
      "eval_samples_per_second": 47.551,
      "eval_steps_per_second": 3.004,
      "epoch": 5.0
    },
    {
      "eval_loss": 0.4645366072654724,
      "eval_accuracy": 0.7702205882352942,
      "eval_f1": 0.68671679197995,
      "eval_precision": 0.6372093023255814,
      "eval_recall": 0.7445652173913043,
      "eval_auc": 0.8458635265700483,
      "eval_auprc": 0.6939514175750308,
      "eval_matthews_correlation": 0.5108500646285402,
      "eval_runtime": 11.6618,
      "eval_samples_per_second": 47.505,
      "eval_steps_per_second": 3.001,
      "epoch": 9.0
    },
    {
      "eval_loss": 0.4298168122768402,
      "eval_accuracy": 0.8161764705882353,
      "eval_f1": 0.7191011235955056,
      "eval_precision": 0.7485380116959064,
      "eval_recall": 0.6918918918918919,
      "eval_auc": 0.8696830535270645,
      "eval_auprc": 0.7337531641460107,
      "eval_matthews_correlation": 0.5837995410920341,
      "eval_runtime": 11.6576,
      "eval_samples_per_second": 47.522,
      "eval_steps_per_second": 3.002,
      "epoch": 9.0
    },
    {
      "eval_loss": 0.4411516487598419,
      "eval_accuracy": 0.7977941176470589,
      "eval_f1": 0.6764705882352942,
      "eval_precision": 0.7371794871794872,
      "eval_recall": 0.625,
      "eval_auc": 0.8611262077294686,
      "eval_auprc": 0.7322863219442242,
      "eval_matthews_correlation": 0.5346841647087079,
      "eval_runtime": 11.6425,
      "eval_samples_per_second": 47.584,
      "eval_steps_per_second": 3.006,
      "epoch": 10.0
    }
  ],
  "test_metrics": {
    "eval_loss": 0.6528471112251282,
    "eval_accuracy": 0.6443225190839694,
    "eval_f1": 0.44879852125693154,
    "eval_precision": 0.841886269070735,
    "eval_recall": 0.3059475806451613,
    "eval_auc": 0.8078940856562646,
    "eval_auprc": 0.767751140327191,
    "eval_matthews_correlation": 0.33647365842451477,
    "eval_runtime": 89.9995,
    "eval_samples_per_second": 46.689,
    "eval_steps_per_second": 2.922,
    "epoch": 6.0
  }
}