{
  "experiment": "cross_length",
  "model_type": "lamar",
  "variant": "tapt_1024",
  "pair_name": "AATF_K562_ENCSR819XBT",
  "pretrain_path": "/gpfs/bwfor/work/ws/fr_ml642-thesis_work/Thesis/LAMAR/src/pretrain/saving_model/tapt_1024_standard_collator/checkpoint-134000/model.safetensors",
  "max_length": 1024,
  "n_folds": 5,
  "hyperparameters": {
    "learning_rate": 5e-05,
    "per_device_train_batch_size": 16,
    "weight_decay": 0.01,
    "warmup_ratio": 0.1,
    "num_train_epochs": 10,
    "gradient_accumulation_steps": 1,
    "early_stopping_patience": 3
  },
  "cv_metrics": {
    "epoch_mean": 6.6,
    "epoch_std": 1.9595917942265424,
    "eval_accuracy_mean": 0.7696428571428572,
    "eval_accuracy_std": 0.03677010764638216,
    "eval_auc_mean": 0.8334171867637366,
    "eval_auc_std": 0.04025083459185889,
    "eval_auprc_mean": 0.7782829433824464,
    "eval_auprc_std": 0.059063734677167815,
    "eval_f1_mean": 0.6433488258317025,
    "eval_f1_std": 0.056370970600602754,
    "eval_loss_mean": 0.5187845766544342,
    "eval_loss_std": 0.06940626661813933,
    "eval_matthews_correlation_mean": 0.5025148948390216,
    "eval_matthews_correlation_std": 0.0816161523483755,
    "eval_precision_mean": 0.7753079178885631,
    "eval_precision_std": 0.12049134308522587,
    "eval_recall_mean": 0.5675947629606166,
    "eval_recall_std": 0.08994990053099393,
    "eval_runtime_mean": 2.41044,
    "eval_runtime_std": 0.0013836184445141784,
    "eval_samples_per_second_mean": 51.27719999999999,
    "eval_samples_per_second_std": 0.1792589188855053,
    "eval_steps_per_second_mean": 3.3187999999999995,
    "eval_steps_per_second_std": 0.001720465053408594
  },
  "cv_fold_metrics": [
    {
      "eval_loss": 0.5426701307296753,
      "eval_accuracy": 0.75,
      "eval_f1": 0.6,
      "eval_precision": 0.7,
      "eval_recall": 0.525,
      "eval_auc": 0.7802083333333333,
      "eval_auprc": 0.7618588005791237,
      "eval_matthews_correlation": 0.43280142464036747,
      "eval_runtime": 2.4104,
      "eval_samples_per_second": 51.445,
      "eval_steps_per_second": 3.319,
      "epoch": 10.0
    },
    {
      "eval_loss": 0.3867233097553253,
      "eval_accuracy": 0.8392857142857143,
      "eval_f1": 0.75,
      "eval_precision": 0.8709677419354839,
      "eval_recall": 0.6585365853658537,
      "eval_auc": 0.9014084507042254,
      "eval_auprc": 0.8608844327353853,
      "eval_matthews_correlation": 0.6483917151804451,
      "eval_runtime": 2.4112,
      "eval_samples_per_second": 51.427,
      "eval_steps_per_second": 3.318,
      "epoch": 4.0
    },
    {
      "eval_loss": 0.5801602005958557,
      "eval_accuracy": 0.7321428571428571,
      "eval_f1": 0.6428571428571429,
      "eval_precision": 0.6136363636363636,
      "eval_recall": 0.675,
      "eval_auc": 0.8225694444444445,
      "eval_auprc": 0.7122738470790222,
      "eval_matthews_correlation": 0.43059604394375467,
      "eval_runtime": 2.4126,
      "eval_samples_per_second": 51.397,
      "eval_steps_per_second": 3.316,
      "epoch": 7.0
    },
    {
      "eval_loss": 0.5668154954910278,
      "eval_accuracy": 0.7589285714285714,
      "eval_f1": 0.6301369863013699,
      "eval_precision": 0.7419354838709677,
      "eval_recall": 0.5476190476190477,
      "eval_auc": 0.8153061224489796,
      "eval_auprc": 0.7234601193752002,
      "eval_matthews_correlation": 0.4688915501575035,
      "eval_runtime": 2.4087,
      "eval_samples_per_second": 51.064,
      "eval_steps_per_second": 3.321,
      "epoch": 6.0
    },
    {
      "eval_loss": 0.5175537467002869,
      "eval_accuracy": 0.7678571428571429,
      "eval_f1": 0.59375,
      "eval_precision": 0.95,
      "eval_recall": 0.4318181818181818,
      "eval_auc": 0.8475935828877006,
      "eval_auprc": 0.8329375171435008,
      "eval_matthews_correlation": 0.5318937402730375,
      "eval_runtime": 2.4093,
      "eval_samples_per_second": 51.053,
      "eval_steps_per_second": 3.32,
      "epoch": 6.0
    }
  ],
  "test_metrics": {
    "eval_loss": 0.7314266562461853,
    "eval_accuracy": 0.662109375,
    "eval_f1": 0.46439628482972134,
    "eval_precision": 0.974025974025974,
    "eval_recall": 0.3048780487804878,
    "eval_auc": 0.8327335106057828,
    "eval_auprc": 0.8393417704981023,
    "eval_matthews_correlation": 0.41562325200095857,
    "eval_runtime": 22.064,
    "eval_samples_per_second": 46.456,
    "eval_steps_per_second": 2.946,
    "epoch": 9.0
  }
}