{
  "experiment": "cross_length",
  "model_type": "dnabert2",
  "variant": "pretrained",
  "pair_name": "FTO_HepG2_ENCSR903PRV",
  "max_length": 256,
  "n_folds": 5,
  "hyperparameters": {
    "learning_rate": 5e-05,
    "per_device_train_batch_size": 16,
    "weight_decay": 0.01,
    "warmup_ratio": 0.1,
    "num_train_epochs": 10,
    "gradient_accumulation_steps": 1,
    "early_stopping_patience": 3
  },
  "cv_metrics": {
    "epoch_mean": 6.8,
    "epoch_std": 0.9797958971132712,
    "eval_accuracy_mean": 0.914025974025974,
    "eval_accuracy_std": 0.030605984067698842,
    "eval_auc_mean": 0.9811044417767107,
    "eval_auc_std": 0.014854433144437521,
    "eval_auprc_mean": 0.9663057311395311,
    "eval_auprc_std": 0.029236282961612906,
    "eval_f1_mean": 0.9052297606674605,
    "eval_f1_std": 0.03613975177800171,
    "eval_loss_mean": 0.26987555623054504,
    "eval_loss_std": 0.07094190204965392,
    "eval_matthews_correlation_mean": 0.8208053070293193,
    "eval_matthews_correlation_std": 0.06540037595829726,
    "eval_precision_mean": 0.9247208576083737,
    "eval_precision_std": 0.029519949878921713,
    "eval_recall_mean": 0.8970588235294118,
    "eval_recall_std": 0.039759534246763074,
    "eval_runtime_mean": 0.03848,
    "eval_runtime_std": 0.0013570556362949887,
    "eval_samples_per_second_mean": 1451.2202000000002,
    "eval_samples_per_second_std": 45.32808566617396,
    "eval_steps_per_second_mean": 104.0462,
    "eval_steps_per_second_std": 3.6518433920418882
  },
  "cv_fold_metrics": [
    {
      "eval_loss": 0.258588969707489,
      "eval_accuracy": 0.9285714285714286,
      "eval_f1": 0.9203413940256047,
      "eval_matthews_correlation": 0.852347186594598,
      "eval_precision": 0.9487179487179487,
      "eval_recall": 0.9047619047619048,
      "eval_auc": 1.0,
      "eval_auprc": 1.0,
      "eval_runtime": 0.0376,
      "eval_samples_per_second": 1489.766,
      "eval_steps_per_second": 106.412,
      "epoch": 7.0
    },
    {
      "eval_loss": 0.14661291241645813,
      "eval_accuracy": 0.9464285714285714,
      "eval_f1": 0.940990516332982,
      "eval_matthews_correlation": 0.8885233166386385,
      "eval_precision": 0.9605263157894737,
      "eval_recall": 0.9285714285714286,
      "eval_auc": 0.9959183673469387,
      "eval_auprc": 0.9931869717584003,
      "eval_runtime": 0.0409,
      "eval_samples_per_second": 1367.543,
      "eval_steps_per_second": 97.682,
      "epoch": 7.0
    },
    {
      "eval_loss": 0.2741519808769226,
      "eval_accuracy": 0.9107142857142857,
      "eval_f1": 0.9071310116086235,
      "eval_matthews_correlation": 0.8198915917499229,
      "eval_precision": 0.9010416666666667,
      "eval_recall": 0.919047619047619,
      "eval_auc": 0.9619047619047619,
      "eval_auprc": 0.9196300682793257,
      "eval_runtime": 0.0383,
      "eval_samples_per_second": 1461.184,
      "eval_steps_per_second": 104.37,
      "epoch": 7.0
    },
    {
      "eval_loss": 0.3608857989311218,
      "eval_accuracy": 0.8571428571428571,
      "eval_f1": 0.8362573099415205,
      "eval_matthews_correlation": 0.6975761364357738,
      "eval_precision": 0.8813008130081301,
      "eval_recall": 0.819047619047619,
      "eval_auc": 0.9687074829931973,
      "eval_auprc": 0.9509690329924867,
      "eval_runtime": 0.0387,
      "eval_samples_per_second": 1445.697,
      "eval_steps_per_second": 103.264,
      "epoch": 5.0
    },
    {
      "eval_loss": 0.30913811922073364,
      "eval_accuracy": 0.9272727272727272,
      "eval_f1": 0.9214285714285715,
      "eval_matthews_correlation": 0.8456883037276631,
      "eval_precision": 0.9320175438596491,
      "eval_recall": 0.9138655462184874,
      "eval_auc": 0.9789915966386554,
      "eval_auprc": 0.9677425826674431,
      "eval_runtime": 0.0369,
      "eval_samples_per_second": 1491.911,
      "eval_steps_per_second": 108.503,
      "epoch": 8.0
    }
  ],
  "test_metrics": {
    "eval_loss": 0.4111398160457611,
    "eval_accuracy": 0.8688783570300158,
    "eval_f1": 0.8682985523594661,
    "eval_matthews_correlation": 0.7519430143630079,
    "eval_precision": 0.8807133637909488,
    "eval_recall": 0.8712887112887113,
    "eval_auc": 0.9536463536463536,
    "eval_auprc": 0.9478409924713102,
    "eval_runtime": 0.3779,
    "eval_samples_per_second": 1675.03,
    "eval_steps_per_second": 105.847,
    "epoch": 8.0
  }
}