{
  "experiment": "cross_length",
  "model_type": "dnabert2",
  "variant": "pretrained",
  "pair_name": "HNRNPUL1_HepG2_ENCSR755TJC",
  "max_length": 256,
  "n_folds": 5,
  "hyperparameters": {
    "learning_rate": 5e-05,
    "per_device_train_batch_size": 16,
    "weight_decay": 0.01,
    "warmup_ratio": 0.1,
    "num_train_epochs": 10,
    "gradient_accumulation_steps": 1,
    "early_stopping_patience": 3
  },
  "cv_metrics": {
    "epoch_mean": 6.2,
    "epoch_std": 1.16619037896906,
    "eval_accuracy_mean": 0.8065789473684211,
    "eval_accuracy_std": 0.059241382473344026,
    "eval_auc_mean": 0.8813419117647058,
    "eval_auc_std": 0.0346429085012945,
    "eval_auprc_mean": 0.7663162642996527,
    "eval_auprc_std": 0.0962351696420245,
    "eval_f1_mean": 0.7139987167262051,
    "eval_f1_std": 0.1554667203630587,
    "eval_loss_mean": 0.4487557888031006,
    "eval_loss_std": 0.058826948700121354,
    "eval_matthews_correlation_mean": 0.48553972919452626,
    "eval_matthews_correlation_std": 0.2482126673336585,
    "eval_precision_mean": 0.7331788037949785,
    "eval_precision_std": 0.19709130115828483,
    "eval_recall_mean": 0.7291176470588235,
    "eval_recall_std": 0.12316525455986298,
    "eval_runtime_mean": 0.06355999999999999,
    "eval_runtime_std": 0.0020105720578979525,
    "eval_samples_per_second_mean": 894.7394,
    "eval_samples_per_second_std": 33.273890578650374,
    "eval_steps_per_second_mean": 62.99640000000001,
    "eval_steps_per_second_std": 1.92793304863006
  },
  "cv_fold_metrics": [
    {
      "eval_loss": 0.45630568265914917,
      "eval_accuracy": 0.8245614035087719,
      "eval_f1": 0.7361111111111112,
      "eval_matthews_correlation": 0.5739440431835514,
      "eval_precision": 0.9,
      "eval_recall": 0.7058823529411764,
      "eval_auc": 0.8823529411764706,
      "eval_auprc": 0.8193277681651515,
      "eval_runtime": 0.0622,
      "eval_samples_per_second": 916.507,
      "eval_steps_per_second": 64.316,
      "epoch": 5.0
    },
    {
      "eval_loss": 0.5168247818946838,
      "eval_accuracy": 0.7017543859649122,
      "eval_f1": 0.41237113402061853,
      "eval_matthews_correlation": 0.0,
      "eval_precision": 0.3508771929824561,
      "eval_recall": 0.5,
      "eval_auc": 0.8308823529411765,
      "eval_auprc": 0.6235698061708184,
      "eval_runtime": 0.0628,
      "eval_samples_per_second": 907.789,
      "eval_steps_per_second": 63.704,
      "epoch": 5.0
    },
    {
      "eval_loss": 0.48729315400123596,
      "eval_accuracy": 0.7894736842105263,
      "eval_f1": 0.7631578947368421,
      "eval_matthews_correlation": 0.5355695416036628,
      "eval_precision": 0.753968253968254,
      "eval_recall": 0.7823529411764706,
      "eval_auc": 0.8705882352941177,
      "eval_auprc": 0.7964031066972244,
      "eval_runtime": 0.0621,
      "eval_samples_per_second": 918.521,
      "eval_steps_per_second": 64.458,
      "epoch": 7.0
    },
    {
      "eval_loss": 0.4396969676017761,
      "eval_accuracy": 0.8421052631578947,
      "eval_f1": 0.8144665461121157,
      "eval_matthews_correlation": 0.6296022110770116,
      "eval_precision": 0.8098290598290598,
      "eval_recall": 0.8198529411764706,
      "eval_auc": 0.8838235294117647,
      "eval_auprc": 0.6950584182428468,
      "eval_runtime": 0.0632,
      "eval_samples_per_second": 901.559,
      "eval_steps_per_second": 63.267,
      "epoch": 8.0
    },
    {
      "eval_loss": 0.34365835785865784,
      "eval_accuracy": 0.875,
      "eval_f1": 0.8438868976503385,
      "eval_matthews_correlation": 0.6885828501084054,
      "eval_precision": 0.851219512195122,
      "eval_recall": 0.8375,
      "eval_auc": 0.9390624999999999,
      "eval_auprc": 0.8972222222222223,
      "eval_runtime": 0.0675,
      "eval_samples_per_second": 829.321,
      "eval_steps_per_second": 59.237,
      "epoch": 6.0
    }
  ],
  "test_metrics": {
    "eval_loss": 0.4048415422439575,
    "eval_accuracy": 0.8593220338983051,
    "eval_f1": 0.8564817664143302,
    "eval_matthews_correlation": 0.7274283505393409,
    "eval_precision": 0.8732964405771775,
    "eval_recall": 0.8543778801843318,
    "eval_auc": 0.9338709677419355,
    "eval_auprc": 0.9309344653870111,
    "eval_runtime": 0.6697,
    "eval_samples_per_second": 881.024,
    "eval_steps_per_second": 55.251,
    "epoch": 7.0
  }
}