{
  "experiment": "cross_length",
  "model_type": "lamar",
  "variant": "random",
  "pair_name": "HNRNPUL1_K562_ENCSR571VHI",
  "pretrain_path": "",
  "max_length": 1024,
  "n_folds": 5,
  "hyperparameters": {
    "learning_rate": 5e-05,
    "per_device_train_batch_size": 16,
    "weight_decay": 0.01,
    "warmup_ratio": 0.1,
    "num_train_epochs": 10,
    "gradient_accumulation_steps": 1,
    "early_stopping_patience": 3
  },
  "cv_metrics": {
    "epoch_mean": 5.0,
    "epoch_std": 0.6324555320336759,
    "eval_accuracy_mean": 0.6875,
    "eval_accuracy_std": 0.07905694150420949,
    "eval_auc_mean": 0.8436976911976911,
    "eval_auc_std": 0.060533974600388875,
    "eval_auprc_mean": 0.796101319315605,
    "eval_auprc_std": 0.043991234716680185,
    "eval_f1_mean": 0.2845112781954887,
    "eval_f1_std": 0.27562133591132354,
    "eval_loss_mean": 0.6464694857597351,
    "eval_loss_std": 0.15190481024258431,
    "eval_matthews_correlation_mean": 0.25794440121012135,
    "eval_matthews_correlation_std": 0.21803385048754703,
    "eval_precision_mean": 0.5166666666666667,
    "eval_precision_std": 0.44845413490245695,
    "eval_recall_mean": 0.2833333333333333,
    "eval_recall_std": 0.3711842908553348,
    "eval_runtime_mean": 0.34652,
    "eval_runtime_std": 0.0007194442299441921,
    "eval_samples_per_second_mean": 58.8702,
    "eval_samples_per_second_std": 1.5339759320145812,
    "eval_steps_per_second_mean": 5.7714,
    "eval_steps_per_second_std": 0.012499599993599867
  },
  "cv_fold_metrics": [
    {
      "eval_loss": 0.5760989785194397,
      "eval_accuracy": 0.6875,
      "eval_f1": 0.7368421052631579,
      "eval_precision": 0.5833333333333334,
      "eval_recall": 1.0,
      "eval_auc": 0.8253968253968254,
      "eval_auprc": 0.7953308596165739,
      "eval_matthews_correlation": 0.5091750772173156,
      "eval_runtime": 0.3453,
      "eval_samples_per_second": 60.822,
      "eval_steps_per_second": 5.793,
      "epoch": 4.0
    },
    {
      "eval_loss": 0.699626624584198,
      "eval_accuracy": 0.5625,
      "eval_f1": 0.0,
      "eval_precision": 0.0,
      "eval_recall": 0.0,
      "eval_auc": 0.873015873015873,
      "eval_auprc": 0.87152133580705,
      "eval_matthews_correlation": 0.0,
      "eval_runtime": 0.3461,
      "eval_samples_per_second": 60.674,
      "eval_steps_per_second": 5.778,
      "epoch": 5.0
    },
    {
      "eval_loss": 0.42088770866394043,
      "eval_accuracy": 0.8125,
      "eval_f1": 0.4,
      "eval_precision": 1.0,
      "eval_recall": 0.25,
      "eval_auc": 0.8958333333333334,
      "eval_auprc": 0.7470238095238095,
      "eval_matthews_correlation": 0.4472135954999579,
      "eval_runtime": 0.347,
      "eval_samples_per_second": 57.629,
      "eval_steps_per_second": 5.763,
      "epoch": 6.0
    },
    {
      "eval_loss": 0.8845627903938293,
      "eval_accuracy": 0.6875,
      "eval_f1": 0.0,
      "eval_precision": 0.0,
      "eval_recall": 0.0,
      "eval_auc": 0.8909090909090909,
      "eval_auprc": 0.8083333333333333,
      "eval_matthews_correlation": 0.0,
      "eval_runtime": 0.3472,
      "eval_samples_per_second": 57.597,
      "eval_steps_per_second": 5.76,
      "epoch": 5.0
    },
    {
      "eval_loss": 0.6511713266372681,
      "eval_accuracy": 0.6875,
      "eval_f1": 0.2857142857142857,
      "eval_precision": 1.0,
      "eval_recall": 0.16666666666666666,
      "eval_auc": 0.7333333333333333,
      "eval_auprc": 0.7582972582972582,
      "eval_matthews_correlation": 0.3333333333333333,
      "eval_runtime": 0.347,
      "eval_samples_per_second": 57.629,
      "eval_steps_per_second": 5.763,
      "epoch": 5.0
    }
  ],
  "test_metrics": {
    "eval_loss": 0.6097909212112427,
    "eval_accuracy": 0.6428571428571429,
    "eval_f1": 0.4666666666666667,
    "eval_precision": 0.875,
    "eval_recall": 0.3181818181818182,
    "eval_auc": 0.8263955342902711,
    "eval_auprc": 0.8102336271053489,
    "eval_matthews_correlation": 0.35807233404441635,
    "eval_runtime": 4.8299,
    "eval_samples_per_second": 48.034,
    "eval_steps_per_second": 3.106,
    "epoch": 7.0
  }
}