{
  "experiment": "cross_length",
  "model_type": "dnabert2",
  "variant": "tapt_v3",
  "pair_name": "KHDRBS1_K562_ENCSR628IDK",
  "max_length": 256,
  "n_folds": 5,
  "hyperparameters": {
    "learning_rate": 5e-05,
    "per_device_train_batch_size": 16,
    "weight_decay": 0.01,
    "warmup_ratio": 0.1,
    "num_train_epochs": 10,
    "gradient_accumulation_steps": 1,
    "early_stopping_patience": 3
  },
  "cv_metrics": {
    "epoch_mean": 6.4,
    "epoch_std": 2.244994432064365,
    "eval_accuracy_mean": 0.8958963125228185,
    "eval_accuracy_std": 0.011625762937603753,
    "eval_auc_mean": 0.9643619741149834,
    "eval_auc_std": 0.011419158883958967,
    "eval_auprc_mean": 0.9079793848048153,
    "eval_auprc_std": 0.036047765758645926,
    "eval_f1_mean": 0.8733671852650282,
    "eval_f1_std": 0.009256049427616356,
    "eval_loss_mean": 0.3883894711732864,
    "eval_loss_std": 0.1424335845114359,
    "eval_matthews_correlation_mean": 0.753473160253015,
    "eval_matthews_correlation_std": 0.020984097908752507,
    "eval_precision_mean": 0.8883311860436717,
    "eval_precision_std": 0.029085426896658793,
    "eval_recall_mean": 0.8664281736682679,
    "eval_recall_std": 0.01180513630544497,
    "eval_runtime_mean": 0.09186,
    "eval_runtime_std": 0.0005607138307550472,
    "eval_samples_per_second_mean": 1798.3296000000003,
    "eval_samples_per_second_std": 8.504542071152295,
    "eval_steps_per_second_mean": 119.74479999999998,
    "eval_steps_per_second_std": 0.7516811558100942
  },
  "cv_fold_metrics": [
    {
      "eval_loss": 0.39424896240234375,
      "eval_accuracy": 0.8855421686746988,
      "eval_f1": 0.8648150529338648,
      "eval_matthews_correlation": 0.7297155722713623,
      "eval_precision": 0.8628303495311168,
      "eval_recall": 0.8668965517241379,
      "eval_auc": 0.9555172413793104,
      "eval_auprc": 0.8554735071484203,
      "eval_runtime": 0.0927,
      "eval_samples_per_second": 1789.935,
      "eval_steps_per_second": 118.61,
      "epoch": 8.0
    },
    {
      "eval_loss": 0.23995180428028107,
      "eval_accuracy": 0.9090909090909091,
      "eval_f1": 0.8829289059174117,
      "eval_matthews_correlation": 0.7786217444520696,
      "eval_precision": 0.9225031081641111,
      "eval_recall": 0.8587262491203378,
      "eval_auc": 0.9709711470795214,
      "eval_auprc": 0.9392546011969012,
      "eval_runtime": 0.0912,
      "eval_samples_per_second": 1809.109,
      "eval_steps_per_second": 120.607,
      "epoch": 5.0
    },
    {
      "eval_loss": 0.6485191583633423,
      "eval_accuracy": 0.8787878787878788,
      "eval_f1": 0.8610175202156335,
      "eval_matthews_correlation": 0.7272673082807921,
      "eval_precision": 0.8494152046783625,
      "eval_recall": 0.8784306826178747,
      "eval_auc": 0.9570724841660802,
      "eval_auprc": 0.8842075507047178,
      "eval_runtime": 0.0919,
      "eval_samples_per_second": 1796.019,
      "eval_steps_per_second": 119.735,
      "epoch": 10.0
    },
    {
      "eval_loss": 0.3785622715950012,
      "eval_accuracy": 0.9030303030303031,
      "eval_f1": 0.8741898589401449,
      "eval_matthews_correlation": 0.7636275523294112,
      "eval_precision": 0.918285472972973,
      "eval_recall": 0.8485221674876847,
      "eval_auc": 0.9838142153413089,
      "eval_auprc": 0.9548166997649975,
      "eval_runtime": 0.0922,
      "eval_samples_per_second": 1789.083,
      "eval_steps_per_second": 119.272,
      "epoch": 4.0
    },
    {
      "eval_loss": 0.28066515922546387,
      "eval_accuracy": 0.9030303030303031,
      "eval_f1": 0.8838845883180859,
      "eval_matthews_correlation": 0.7681336239314399,
      "eval_precision": 0.8886217948717949,
      "eval_recall": 0.8795652173913043,
      "eval_auc": 0.9544347826086956,
      "eval_auprc": 0.9061445652090393,
      "eval_runtime": 0.0913,
      "eval_samples_per_second": 1807.502,
      "eval_steps_per_second": 120.5,
      "epoch": 5.0
    }
  ],
  "test_metrics": {
    "eval_loss": 0.3432711958885193,
    "eval_accuracy": 0.8551724137931035,
    "eval_f1": 0.8541455165247196,
    "eval_matthews_correlation": 0.7104910605894612,
    "eval_precision": 0.857394073589569,
    "eval_recall": 0.8531099033816425,
    "eval_auc": 0.9364988558352404,
    "eval_auprc": 0.9231916225922843,
    "eval_runtime": 0.9898,
    "eval_samples_per_second": 1757.97,
    "eval_steps_per_second": 110.126,
    "epoch": 5.0
  }
}