{
  "experiment": "cross_length",
  "model_type": "dnabert2",
  "variant": "tapt_v3",
  "pair_name": "HNRNPU_K562_ENCSR520BZQ",
  "max_length": 256,
  "n_folds": 5,
  "hyperparameters": {
    "learning_rate": 5e-05,
    "per_device_train_batch_size": 16,
    "weight_decay": 0.01,
    "warmup_ratio": 0.1,
    "num_train_epochs": 10,
    "gradient_accumulation_steps": 1,
    "early_stopping_patience": 3
  },
  "cv_metrics": {
    "epoch_mean": 8.2,
    "epoch_std": 1.8330302779823362,
    "eval_accuracy_mean": 0.6029239766081871,
    "eval_accuracy_std": 0.04773878744317789,
    "eval_auc_mean": 0.7551948051948052,
    "eval_auc_std": 0.11314084914679108,
    "eval_auprc_mean": 0.7067673520457133,
    "eval_auprc_std": 0.1306772670819538,
    "eval_f1_mean": 0.48236619064205266,
    "eval_f1_std": 0.11928609131263326,
    "eval_loss_mean": 0.6391454219818116,
    "eval_loss_std": 0.035683011432176344,
    "eval_matthews_correlation_mean": 0.0995164490323861,
    "eval_matthews_correlation_std": 0.2029118589374015,
    "eval_precision_mean": 0.4953766993240677,
    "eval_precision_std": 0.17848918701099314,
    "eval_recall_mean": 0.5522727272727274,
    "eval_recall_std": 0.08476700080635252,
    "eval_runtime_mean": 0.022419999999999995,
    "eval_runtime_std": 0.001257616793780999,
    "eval_samples_per_second_mean": 831.6002000000001,
    "eval_samples_per_second_std": 37.54712783902384,
    "eval_steps_per_second_mean": 89.4858,
    "eval_steps_per_second_std": 4.684591183870796
  },
  "cv_fold_metrics": [
    {
      "eval_loss": 0.6606574058532715,
      "eval_accuracy": 0.631578947368421,
      "eval_f1": 0.5521885521885521,
      "eval_matthews_correlation": 0.21541010921383227,
      "eval_precision": 0.6458333333333333,
      "eval_recall": 0.5795454545454546,
      "eval_auc": 0.8068181818181818,
      "eval_auprc": 0.739423076923077,
      "eval_runtime": 0.0248,
      "eval_samples_per_second": 766.466,
      "eval_steps_per_second": 80.681,
      "epoch": 10.0
    },
    {
      "eval_loss": 0.6900032758712769,
      "eval_accuracy": 0.5263157894736842,
      "eval_f1": 0.3448275862068966,
      "eval_matthews_correlation": -0.20100756305184242,
      "eval_precision": 0.2777777777777778,
      "eval_recall": 0.45454545454545453,
      "eval_auc": 0.5681818181818181,
      "eval_auprc": 0.49544940353763883,
      "eval_runtime": 0.0226,
      "eval_samples_per_second": 842.034,
      "eval_steps_per_second": 88.635,
      "epoch": 6.0
    },
    {
      "eval_loss": 0.6387218832969666,
      "eval_accuracy": 0.5789473684210527,
      "eval_f1": 0.3666666666666667,
      "eval_matthews_correlation": 0.0,
      "eval_precision": 0.2894736842105263,
      "eval_recall": 0.5,
      "eval_auc": 0.8295454545454545,
      "eval_auprc": 0.8179268648018647,
      "eval_runtime": 0.0215,
      "eval_samples_per_second": 883.266,
      "eval_steps_per_second": 92.975,
      "epoch": 6.0
    },
    {
      "eval_loss": 0.6222613453865051,
      "eval_accuracy": 0.6111111111111112,
      "eval_f1": 0.4814814814814814,
      "eval_matthews_correlation": 0.08058229640253803,
      "eval_precision": 0.5625,
      "eval_recall": 0.525974025974026,
      "eval_auc": 0.6883116883116883,
      "eval_auprc": 0.6286564625850339,
      "eval_runtime": 0.0217,
      "eval_samples_per_second": 829.679,
      "eval_steps_per_second": 92.187,
      "epoch": 10.0
    },
    {
      "eval_loss": 0.5840831995010376,
      "eval_accuracy": 0.6666666666666666,
      "eval_f1": 0.6666666666666665,
      "eval_matthews_correlation": 0.4025974025974026,
      "eval_precision": 0.7012987012987013,
      "eval_recall": 0.7012987012987013,
      "eval_auc": 0.8831168831168831,
      "eval_auprc": 0.8523809523809522,
      "eval_runtime": 0.0215,
      "eval_samples_per_second": 836.556,
      "eval_steps_per_second": 92.951,
      "epoch": 9.0
    }
  ],
  "test_metrics": {
    "eval_loss": 0.5356041193008423,
    "eval_accuracy": 0.7692307692307693,
    "eval_f1": 0.7646266646715547,
    "eval_matthews_correlation": 0.5676585689566361,
    "eval_precision": 0.7968959058067969,
    "eval_recall": 0.7713377353876254,
    "eval_auc": 0.8616776718023966,
    "eval_auprc": 0.8507276892070963,
    "eval_runtime": 0.1668,
    "eval_samples_per_second": 1715.123,
    "eval_steps_per_second": 107.945,
    "epoch": 10.0
  }
}