{
  "experiment": "cross_length",
  "model_type": "lamar",
  "variant": "tapt_512",
  "pair_name": "HNRNPUL1_K562_ENCSR571VHI",
  "pretrain_path": "/gpfs/bwfor/work/ws/fr_ml642-thesis_work/Thesis/LAMAR/src/pretrain/saving_model/tapt_lamar/checkpoint-98000/model.safetensors",
  "max_length": 1024,
  "n_folds": 5,
  "hyperparameters": {
    "learning_rate": 5e-05,
    "per_device_train_batch_size": 16,
    "weight_decay": 0.01,
    "warmup_ratio": 0.1,
    "num_train_epochs": 10,
    "gradient_accumulation_steps": 1,
    "early_stopping_patience": 3
  },
  "cv_metrics": {
    "epoch_mean": 5.8,
    "epoch_std": 2.2271057451320084,
    "eval_accuracy_mean": 0.725,
    "eval_accuracy_std": 0.08477912478906585,
    "eval_auc_mean": 0.8379617604617605,
    "eval_auc_std": 0.06022337565457117,
    "eval_auprc_mean": 0.7802169655741084,
    "eval_auprc_std": 0.07523775157375717,
    "eval_f1_mean": 0.5564102564102564,
    "eval_f1_std": 0.15298204914156208,
    "eval_loss_mean": 0.6136949062347412,
    "eval_loss_std": 0.18336379763681254,
    "eval_matthews_correlation_mean": 0.42108350597447713,
    "eval_matthews_correlation_std": 0.14673938618876867,
    "eval_precision_mean": 0.7628571428571428,
    "eval_precision_std": 0.20515797795447133,
    "eval_recall_mean": 0.5219047619047619,
    "eval_recall_std": 0.22348710311955583,
    "eval_runtime_mean": 0.28099999999999997,
    "eval_runtime_std": 0.0004604345773288462,
    "eval_samples_per_second_mean": 72.60180000000001,
    "eval_samples_per_second_std": 1.6955824250091762,
    "eval_steps_per_second_mean": 7.1178,
    "eval_steps_per_second_std": 0.01165160933090376
  },
  "cv_fold_metrics": [
    {
      "eval_loss": 0.5978571176528931,
      "eval_accuracy": 0.625,
      "eval_f1": 0.5,
      "eval_precision": 0.6,
      "eval_recall": 0.42857142857142855,
      "eval_auc": 0.7777777777777779,
      "eval_auprc": 0.6535714285714286,
      "eval_matthews_correlation": 0.22084711628963774,
      "eval_runtime": 0.2819,
      "eval_samples_per_second": 74.499,
      "eval_steps_per_second": 7.095,
      "epoch": 5.0
    },
    {
      "eval_loss": 0.5132148861885071,
      "eval_accuracy": 0.75,
      "eval_f1": 0.7142857142857143,
      "eval_precision": 0.7142857142857143,
      "eval_recall": 0.7142857142857143,
      "eval_auc": 0.873015873015873,
      "eval_auprc": 0.8520408163265306,
      "eval_matthews_correlation": 0.49206349206349204,
      "eval_runtime": 0.2806,
      "eval_samples_per_second": 74.849,
      "eval_steps_per_second": 7.128,
      "epoch": 6.0
    },
    {
      "eval_loss": 0.4252198338508606,
      "eval_accuracy": 0.875,
      "eval_f1": 0.6666666666666666,
      "eval_precision": 1.0,
      "eval_recall": 0.5,
      "eval_auc": 0.9375,
      "eval_auprc": 0.8541666666666666,
      "eval_matthews_correlation": 0.6546536707079772,
      "eval_runtime": 0.2808,
      "eval_samples_per_second": 71.235,
      "eval_steps_per_second": 7.123,
      "epoch": 4.0
    },
    {
      "eval_loss": 0.5714222192764282,
      "eval_accuracy": 0.6875,
      "eval_f1": 0.6153846153846154,
      "eval_precision": 0.5,
      "eval_recall": 0.8,
      "eval_auc": 0.8181818181818182,
      "eval_auprc": 0.7976190476190477,
      "eval_matthews_correlation": 0.40451991747794525,
      "eval_runtime": 0.2809,
      "eval_samples_per_second": 71.208,
      "eval_steps_per_second": 7.121,
      "epoch": 4.0
    },
    {
      "eval_loss": 0.9607604742050171,
      "eval_accuracy": 0.6875,
      "eval_f1": 0.2857142857142857,
      "eval_precision": 1.0,
      "eval_recall": 0.16666666666666666,
      "eval_auc": 0.7833333333333333,
      "eval_auprc": 0.7436868686868686,
      "eval_matthews_correlation": 0.3333333333333333,
      "eval_runtime": 0.2808,
      "eval_samples_per_second": 71.218,
      "eval_steps_per_second": 7.122,
      "epoch": 10.0
    }
  ],
  "test_metrics": {
    "eval_loss": 0.5614014863967896,
    "eval_accuracy": 0.7232142857142857,
    "eval_f1": 0.7596899224806202,
    "eval_precision": 0.6621621621621622,
    "eval_recall": 0.8909090909090909,
    "eval_auc": 0.8344497607655503,
    "eval_auprc": 0.826109415033248,
    "eval_matthews_correlation": 0.4775840345750368,
    "eval_runtime": 3.8587,
    "eval_samples_per_second": 60.123,
    "eval_steps_per_second": 3.887,
    "epoch": 7.0
  }
}