{
  "experiment": "rbp",
  "model_type": "lamar",
  "variant": "lamar_tapt_512",
  "rbp_name": "HNRNPM_HepG2_IDR",
  "weights_path": "/gpfs/bwfor/work/ws/fr_ml642-thesis_work/Thesis/LAMAR/src/pretrain/saving_model/tapt_lamar/checkpoint-98000",
  "max_length": 512,
  "n_folds": 5,
  "hyperparameters": {
    "learning_rate": 5e-05,
    "per_device_train_batch_size": 16,
    "weight_decay": 0.01,
    "warmup_ratio": 0.1,
    "num_train_epochs": 10,
    "gradient_accumulation_steps": 1,
    "early_stopping_patience": 3
  },
  "cv_metrics": {
    "epoch_mean": 9.0,
    "epoch_std": 1.2649110640673518,
    "eval_accuracy_mean": 0.8753880266075388,
    "eval_accuracy_std": 0.003662733600151189,
    "eval_auc_mean": 0.946602554805532,
    "eval_auc_std": 0.0029384021924469834,
    "eval_auprc_mean": 0.9341178747672864,
    "eval_auprc_std": 0.005018087150030484,
    "eval_f1_mean": 0.8795120580206955,
    "eval_f1_std": 0.005703806971186226,
    "eval_loss_mean": 0.32398115992546084,
    "eval_loss_std": 0.025938794360194743,
    "eval_matthews_correlation_mean": 0.7533604592240932,
    "eval_matthews_correlation_std": 0.008816842153817776,
    "eval_precision_mean": 0.8512041873581598,
    "eval_precision_std": 0.01184497719924686,
    "eval_recall_mean": 0.9105321507760532,
    "eval_recall_std": 0.02430341326810603,
    "eval_runtime_mean": 29.37466,
    "eval_runtime_std": 0.02325515856750898,
    "eval_samples_per_second_mean": 122.82739999999998,
    "eval_samples_per_second_std": 0.09737474005100306,
    "eval_steps_per_second_mean": 7.6938,
    "eval_steps_per_second_std": 0.006241794613730923
  },
  "cv_fold_metrics": [
    {
      "eval_loss": 0.3146849572658539,
      "eval_accuracy": 0.8747228381374723,
      "eval_f1": 0.8816134101623887,
      "eval_precision": 0.8356504468718967,
      "eval_recall": 0.9329268292682927,
      "eval_matthews_correlation": 0.7545756734015088,
      "eval_auc": 0.9492461934798748,
      "eval_auprc": 0.9376455874630512,
      "eval_runtime": 29.3662,
      "eval_samples_per_second": 122.863,
      "eval_steps_per_second": 7.696,
      "epoch": 10.0
    },
    {
      "eval_loss": 0.2940221130847931,
      "eval_accuracy": 0.8777716186252772,
      "eval_f1": 0.8814834721848965,
      "eval_precision": 0.8555033907146583,
      "eval_recall": 0.9090909090909091,
      "eval_matthews_correlation": 0.7570298349186273,
      "eval_auc": 0.9471601049159051,
      "eval_auprc": 0.9320190133139057,
      "eval_runtime": 29.3855,
      "eval_samples_per_second": 122.782,
      "eval_steps_per_second": 7.691,
      "epoch": 10.0
    },
    {
      "eval_loss": 0.33878248929977417,
      "eval_accuracy": 0.8689024390243902,
      "eval_f1": 0.8692286425214266,
      "eval_precision": 0.8670711527854384,
      "eval_recall": 0.8713968957871396,
      "eval_matthews_correlation": 0.737814059928221,
      "eval_auc": 0.9410411883422403,
      "eval_auprc": 0.9256545398191324,
      "eval_runtime": 29.337,
      "eval_samples_per_second": 122.985,
      "eval_steps_per_second": 7.704,
      "epoch": 8.0
    },
    {
      "eval_loss": 0.36672094464302063,
      "eval_accuracy": 0.8758314855875832,
      "eval_f1": 0.8787878787878788,
      "eval_precision": 0.8583509513742071,
      "eval_recall": 0.9002217294900222,
      "eval_matthews_correlation": 0.7525588749152999,
      "eval_auc": 0.9467440548473214,
      "eval_auprc": 0.940153647741097,
      "eval_runtime": 29.4077,
      "eval_samples_per_second": 122.689,
      "eval_steps_per_second": 7.685,
      "epoch": 7.0
    },
    {
      "eval_loss": 0.3056952953338623,
      "eval_accuracy": 0.8797117516629712,
      "eval_f1": 0.8864468864468864,
      "eval_precision": 0.8394449950445986,
      "eval_recall": 0.9390243902439024,
      "eval_matthews_correlation": 0.7648238529568088,
      "eval_auc": 0.9488212324423183,
      "eval_auprc": 0.9351165854992455,
      "eval_runtime": 29.3769,
      "eval_samples_per_second": 122.818,
      "eval_steps_per_second": 7.693,
      "epoch": 10.0
    }
  ],
  "test_metrics": {
    "eval_loss": 0.29504913091659546,
    "eval_accuracy": 0.8897613065326633,
    "eval_f1": 0.8924302788844621,
    "eval_precision": 0.8713345302214243,
    "eval_recall": 0.914572864321608,
    "eval_matthews_correlation": 0.7804841583830071,
    "eval_auc": 0.9510630255549102,
    "eval_auprc": 0.9374332504940233,
    "eval_runtime": 25.9013,
    "eval_samples_per_second": 122.928,
    "eval_steps_per_second": 7.683,
    "epoch": 10.0
  }
}