{
  "experiment": "cross_cell",
  "model_type": "lamar",
  "variant": "random",
  "pair_name": "FTO_train_K562_test_HepG2_fixlen_101",
  "pretrain_path": "",
  "max_length": 1024,
  "n_folds": 5,
  "hyperparameters": {
    "learning_rate": 5e-05,
    "per_device_train_batch_size": 16,
    "weight_decay": 0.01,
    "warmup_ratio": 0.1,
    "num_train_epochs": 10,
    "gradient_accumulation_steps": 1,
    "early_stopping_patience": 3
  },
  "cv_metrics": {
    "epoch_mean": 8.2,
    "epoch_std": 1.1661903789690602,
    "eval_accuracy_mean": 0.8243055555555557,
    "eval_accuracy_std": 0.005196746370519383,
    "eval_auc_mean": 0.9176728615068411,
    "eval_auc_std": 0.008241893750217126,
    "eval_auprc_mean": 0.9198498368667977,
    "eval_auprc_std": 0.008809459150666674,
    "eval_f1_mean": 0.8276330228954778,
    "eval_f1_std": 0.0054243955134918856,
    "eval_loss_mean": 0.40055283308029177,
    "eval_loss_std": 0.035793777691570786,
    "eval_matthews_correlation_mean": 0.6539729835750886,
    "eval_matthews_correlation_std": 0.010376524206800318,
    "eval_precision_mean": 0.7993547773855763,
    "eval_precision_std": 0.03183246104190734,
    "eval_recall_mean": 0.8614365067556558,
    "eval_recall_std": 0.042375833614120395,
    "eval_runtime_mean": 6.1981,
    "eval_runtime_std": 0.0037635090009191024,
    "eval_samples_per_second_mean": 47.5954,
    "eval_samples_per_second_std": 0.028793054718109196,
    "eval_steps_per_second_mean": 3.0654,
    "eval_steps_per_second_std": 0.0018547236990991375
  },
  "cv_fold_metrics": [
    {
      "eval_loss": 0.34591567516326904,
      "eval_accuracy": 0.8333333333333334,
      "eval_f1": 0.8260869565217391,
      "eval_precision": 0.8571428571428571,
      "eval_recall": 0.7972027972027972,
      "eval_auc": 0.9290571497468049,
      "eval_auprc": 0.9305577737921131,
      "eval_matthews_correlation": 0.6681043853158457,
      "eval_runtime": 6.2023,
      "eval_samples_per_second": 47.563,
      "eval_steps_per_second": 3.063,
      "epoch": 10.0
    },
    {
      "eval_loss": 0.38688725233078003,
      "eval_accuracy": 0.8263888888888888,
      "eval_f1": 0.8355263157894737,
      "eval_precision": 0.774390243902439,
      "eval_recall": 0.9071428571428571,
      "eval_auc": 0.9227799227799227,
      "eval_auprc": 0.9175747551619763,
      "eval_matthews_correlation": 0.66331818021596,
      "eval_runtime": 6.2017,
      "eval_samples_per_second": 47.568,
      "eval_steps_per_second": 3.064,
      "epoch": 9.0
    },
    {
      "eval_loss": 0.44906917214393616,
      "eval_accuracy": 0.8194444444444444,
      "eval_f1": 0.8311688311688312,
      "eval_precision": 0.7664670658682635,
      "eval_recall": 0.9078014184397163,
      "eval_auc": 0.9057268297389878,
      "eval_auprc": 0.9055513752430787,
      "eval_matthews_correlation": 0.6507096619244036,
      "eval_runtime": 6.1991,
      "eval_samples_per_second": 47.588,
      "eval_steps_per_second": 3.065,
      "epoch": 7.0
    },
    {
      "eval_loss": 0.4289449453353882,
      "eval_accuracy": 0.8194444444444444,
      "eval_f1": 0.8194444444444443,
      "eval_precision": 0.8027210884353742,
      "eval_recall": 0.8368794326241135,
      "eval_auc": 0.9114681333526319,
      "eval_auprc": 0.9179583127250157,
      "eval_matthews_correlation": 0.6396005210594876,
      "eval_runtime": 6.1942,
      "eval_samples_per_second": 47.625,
      "eval_steps_per_second": 3.067,
      "epoch": 8.0
    },
    {
      "eval_loss": 0.3919471204280853,
      "eval_accuracy": 0.8229166666666666,
      "eval_f1": 0.825938566552901,
      "eval_precision": 0.7960526315789473,
      "eval_recall": 0.8581560283687943,
      "eval_auc": 0.9193322719158586,
      "eval_auprc": 0.9276069674118039,
      "eval_matthews_correlation": 0.6481321693597456,
      "eval_runtime": 6.1932,
      "eval_samples_per_second": 47.633,
      "eval_steps_per_second": 3.068,
      "epoch": 7.0
    }
  ],
  "test_metrics": {
    "eval_loss": 0.4715058505535126,
    "eval_accuracy": 0.7729591836734694,
    "eval_f1": 0.7910798122065728,
    "eval_precision": 0.7064989517819706,
    "eval_recall": 0.8986666666666666,
    "eval_auc": 0.8907123064384679,
    "eval_auprc": 0.9026701705309371,
    "eval_matthews_correlation": 0.5693919842879405,
    "eval_runtime": 16.8655,
    "eval_samples_per_second": 46.782,
    "eval_steps_per_second": 2.965,
    "epoch": 6.0
  }
}