{
  "experiment": "cross_cell",
  "model_type": "dnabert2",
  "variant": "pretrained",
  "pair_name": "TIA1_train_K562_test_HepG2_fixlen_101",
  "max_length": 128,
  "n_folds": 5,
  "hyperparameters": {
    "learning_rate": 5e-05,
    "per_device_train_batch_size": 16,
    "weight_decay": 0.01,
    "warmup_ratio": 0.1,
    "num_train_epochs": 10,
    "gradient_accumulation_steps": 1,
    "early_stopping_patience": 3
  },
  "cv_metrics": {
    "epoch_mean": 5.4,
    "epoch_std": 0.48989794855663565,
    "eval_accuracy_mean": 0.8364111940277515,
    "eval_accuracy_std": 0.0061834642298288275,
    "eval_auc_mean": 0.9137523746545504,
    "eval_auc_std": 0.0036330222734465606,
    "eval_auprc_mean": 0.8979694817899215,
    "eval_auprc_std": 0.008255631310204428,
    "eval_f1_mean": 0.8360079402765643,
    "eval_f1_std": 0.005959450360713002,
    "eval_loss_mean": 0.43833873271942136,
    "eval_loss_std": 0.05607154166065607,
    "eval_matthews_correlation_mean": 0.6748737807293756,
    "eval_matthews_correlation_std": 0.011811248849167375,
    "eval_precision_mean": 0.8378003423637483,
    "eval_precision_std": 0.006256252098153369,
    "eval_recall_mean": 0.8370752365455527,
    "eval_recall_std": 0.005619328388487734,
    "eval_runtime_mean": 1.45208,
    "eval_runtime_std": 0.010371383707104869,
    "eval_samples_per_second_mean": 1298.3422,
    "eval_samples_per_second_std": 9.140631956270848,
    "eval_steps_per_second_mean": 81.267,
    "eval_steps_per_second_std": 0.5831037643507351
  },
  "cv_fold_metrics": [
    {
      "eval_loss": 0.5038125514984131,
      "eval_accuracy": 0.8244962884411453,
      "eval_f1": 0.8244654452530402,
      "eval_matthews_correlation": 0.6519789809286403,
      "eval_precision": 0.8256177789783503,
      "eval_recall": 0.8263616262804026,
      "eval_auc": 0.9110441767068271,
      "eval_auprc": 0.905083431762616,
      "eval_runtime": 1.4657,
      "eval_samples_per_second": 1286.751,
      "eval_steps_per_second": 80.507,
      "epoch": 6.0
    },
    {
      "eval_loss": 0.37712612748146057,
      "eval_accuracy": 0.8392572944297082,
      "eval_f1": 0.8392312328068435,
      "eval_matthews_correlation": 0.6817239536337955,
      "eval_precision": 0.8404792007536318,
      "eval_recall": 0.8412451832075207,
      "eval_auc": 0.9150776333681182,
      "eval_auprc": 0.8998168459118674,
      "eval_runtime": 1.4502,
      "eval_samples_per_second": 1299.786,
      "eval_steps_per_second": 81.366,
      "epoch": 5.0
    },
    {
      "eval_loss": 0.40149152278900146,
      "eval_accuracy": 0.8381962864721485,
      "eval_f1": 0.8372197584932114,
      "eval_matthews_correlation": 0.6751644297734117,
      "eval_precision": 0.8386729184427394,
      "eval_recall": 0.8364950239653779,
      "eval_auc": 0.914226083185385,
      "eval_auprc": 0.896897549427129,
      "eval_runtime": 1.4562,
      "eval_samples_per_second": 1294.498,
      "eval_steps_per_second": 81.035,
      "epoch": 5.0
    },
    {
      "eval_loss": 0.5084724426269531,
      "eval_accuracy": 0.8376657824933686,
      "eval_f1": 0.8376602542453021,
      "eval_matthews_correlation": 0.6816894298897646,
      "eval_precision": 0.8410905443335437,
      "eval_recall": 0.8405990627293771,
      "eval_auc": 0.9089029416746655,
      "eval_auprc": 0.8827445871981938,
      "eval_runtime": 1.434,
      "eval_samples_per_second": 1314.521,
      "eval_steps_per_second": 82.288,
      "epoch": 6.0
    },
    {
      "eval_loss": 0.4007910192012787,
      "eval_accuracy": 0.8424403183023873,
      "eval_f1": 0.8414630105844243,
      "eval_matthews_correlation": 0.6838121094212665,
      "eval_precision": 0.8431412693104758,
      "eval_recall": 0.8406752865450849,
      "eval_auc": 0.9195110383377562,
      "eval_auprc": 0.9053049946498015,
      "eval_runtime": 1.4543,
      "eval_samples_per_second": 1296.155,
      "eval_steps_per_second": 81.139,
      "epoch": 5.0
    }
  ],
  "test_metrics": {
    "eval_loss": 1.1297448873519897,
    "eval_accuracy": 0.8172335600907029,
    "eval_f1": 0.8076574672383598,
    "eval_matthews_correlation": 0.615760473476586,
    "eval_precision": 0.8055929971271234,
    "eval_recall": 0.8101845954100695,
    "eval_auc": 0.8865701516655993,
    "eval_auprc": 0.8328042021458076,
    "eval_runtime": 1.6852,
    "eval_samples_per_second": 1308.435,
    "eval_steps_per_second": 81.888,
    "epoch": 10.0
  }
}