{
  "experiment": "cross_cell",
  "model_type": "lamar",
  "variant": "tapt_1024",
  "pair_name": "GARS_train_K562_test_HepG2_fixlen_101",
  "pretrain_path": "/gpfs/bwfor/work/ws/fr_ml642-thesis_work/Thesis/LAMAR/src/pretrain/saving_model/tapt_1024_standard_collator/checkpoint-134000/model.safetensors",
  "max_length": 1024,
  "n_folds": 5,
  "hyperparameters": {
    "learning_rate": 5e-05,
    "per_device_train_batch_size": 16,
    "weight_decay": 0.01,
    "warmup_ratio": 0.1,
    "num_train_epochs": 10,
    "gradient_accumulation_steps": 1,
    "early_stopping_patience": 3
  },
  "cv_metrics": {
    "epoch_mean": 9.0,
    "epoch_std": 1.2649110640673518,
    "eval_accuracy_mean": 0.7916666666666667,
    "eval_accuracy_std": 0.06620936909196126,
    "eval_auc_mean": 0.854449743851967,
    "eval_auc_std": 0.040894339548324866,
    "eval_auprc_mean": 0.8263004953953628,
    "eval_auprc_std": 0.07470610730690554,
    "eval_f1_mean": 0.7381602501369521,
    "eval_f1_std": 0.07991298941028913,
    "eval_loss_mean": 0.4940985321998596,
    "eval_loss_std": 0.0836550541718846,
    "eval_matthews_correlation_mean": 0.5665075235987642,
    "eval_matthews_correlation_std": 0.1357920084235361,
    "eval_precision_mean": 0.7511164562122038,
    "eval_precision_std": 0.10046786492792201,
    "eval_recall_mean": 0.7283670715249663,
    "eval_recall_std": 0.06880285396120028,
    "eval_runtime_mean": 2.05976,
    "eval_runtime_std": 0.0011377170122662669,
    "eval_samples_per_second_mean": 50.783,
    "eval_samples_per_second_std": 0.22768662674825763,
    "eval_steps_per_second_mean": 3.3985999999999996,
    "eval_steps_per_second_std": 0.0018547236990991089
  },
  "cv_fold_metrics": [
    {
      "eval_loss": 0.5172753930091858,
      "eval_accuracy": 0.8020833333333334,
      "eval_f1": 0.7164179104477612,
      "eval_precision": 0.7741935483870968,
      "eval_recall": 0.6666666666666666,
      "eval_auc": 0.8662037037037037,
      "eval_auprc": 0.8256094825859239,
      "eval_matthews_correlation": 0.5694453354576203,
      "eval_runtime": 2.0589,
      "eval_samples_per_second": 50.999,
      "eval_steps_per_second": 3.4,
      "epoch": 10.0
    },
    {
      "eval_loss": 0.3629322946071625,
      "eval_accuracy": 0.8541666666666666,
      "eval_f1": 0.8205128205128205,
      "eval_precision": 0.8421052631578947,
      "eval_recall": 0.8,
      "eval_auc": 0.9071428571428571,
      "eval_auprc": 0.9095857145557702,
      "eval_matthews_correlation": 0.6984927659993961,
      "eval_runtime": 2.0596,
      "eval_samples_per_second": 50.981,
      "eval_steps_per_second": 3.399,
      "epoch": 10.0
    },
    {
      "eval_loss": 0.5785641074180603,
      "eval_accuracy": 0.6875,
      "eval_f1": 0.6153846153846154,
      "eval_precision": 0.6,
      "eval_recall": 0.631578947368421,
      "eval_auc": 0.7840290381125227,
      "eval_auprc": 0.694881053466541,
      "eval_matthews_correlation": 0.3528468611749527,
      "eval_runtime": 2.0619,
      "eval_samples_per_second": 50.923,
      "eval_steps_per_second": 3.395,
      "epoch": 7.0
    },
    {
      "eval_loss": 0.575995922088623,
      "eval_accuracy": 0.75,
      "eval_f1": 0.7073170731707318,
      "eval_precision": 0.6744186046511628,
      "eval_recall": 0.7435897435897436,
      "eval_auc": 0.8421052631578947,
      "eval_auprc": 0.8153218318853935,
      "eval_matthews_correlation": 0.49181948073319637,
      "eval_runtime": 2.0587,
      "eval_samples_per_second": 50.518,
      "eval_steps_per_second": 3.4,
      "epoch": 8.0
    },
    {
      "eval_loss": 0.4357249438762665,
      "eval_accuracy": 0.8645833333333334,
      "eval_f1": 0.8311688311688312,
      "eval_precision": 0.8648648648648649,
      "eval_recall": 0.8,
      "eval_auc": 0.8727678571428571,
      "eval_auprc": 0.8861043944831852,
      "eval_matthews_correlation": 0.7199331746286557,
      "eval_runtime": 2.0597,
      "eval_samples_per_second": 50.494,
      "eval_steps_per_second": 3.399,
      "epoch": 10.0
    }
  ],
  "test_metrics": {
    "eval_loss": 1.042649269104004,
    "eval_accuracy": 0.5279850746268657,
    "eval_f1": 0.01937984496124031,
    "eval_precision": 0.8333333333333334,
    "eval_recall": 0.00980392156862745,
    "eval_auc": 0.6904058509524807,
    "eval_auprc": 0.6385984280329349,
    "eval_matthews_correlation": 0.053718065280105934,
    "eval_runtime": 45.9499,
    "eval_samples_per_second": 46.812,
    "eval_steps_per_second": 2.938,
    "epoch": 5.0
  }
}