{
  "experiment": "cross_length",
  "model_type": "dnabert2",
  "variant": "pretrained_custom",
  "pair_name": "DGCR8_adrenal-gland_ENCSR634MFO",
  "max_length": 256,
  "n_folds": 5,
  "hyperparameters": {
    "learning_rate": 5e-05,
    "per_device_train_batch_size": 16,
    "weight_decay": 0.01,
    "warmup_ratio": 0.1,
    "num_train_epochs": 10,
    "gradient_accumulation_steps": 1,
    "early_stopping_patience": 3
  },
  "cv_metrics": {
    "epoch_mean": 7.0,
    "epoch_std": 1.2649110640673518,
    "eval_accuracy_mean": 0.7666666666666666,
    "eval_accuracy_std": 0.0228658437698754,
    "eval_auc_mean": 0.8421333333333333,
    "eval_auc_std": 0.028005933935523537,
    "eval_auprc_mean": 0.7665906634940829,
    "eval_auprc_std": 0.06818778670936007,
    "eval_f1_mean": 0.7397396383367527,
    "eval_f1_std": 0.025348161806540644,
    "eval_loss_mean": 0.5269249260425568,
    "eval_loss_std": 0.031257274870907265,
    "eval_matthews_correlation_mean": 0.4972743072914689,
    "eval_matthews_correlation_std": 0.0560879758749313,
    "eval_precision_mean": 0.7608015728977616,
    "eval_precision_std": 0.03059484543622455,
    "eval_recall_mean": 0.7378095238095239,
    "eval_recall_std": 0.03283933264710904,
    "eval_runtime_mean": 0.031219999999999998,
    "eval_runtime_std": 0.0008352245207128443,
    "eval_samples_per_second_mean": 1263.8908,
    "eval_samples_per_second_std": 48.30484480629245,
    "eval_steps_per_second_mean": 96.20920000000001,
    "eval_steps_per_second_std": 2.643379912157919
  },
  "cv_fold_metrics": [
    {
      "eval_loss": 0.5425277352333069,
      "eval_accuracy": 0.725,
      "eval_f1": 0.6925227113906359,
      "eval_matthews_correlation": 0.39440531887330776,
      "eval_precision": 0.7083333333333333,
      "eval_recall": 0.6866666666666666,
      "eval_auc": 0.8186666666666667,
      "eval_auprc": 0.7593541804805658,
      "eval_runtime": 0.0309,
      "eval_samples_per_second": 1294.538,
      "eval_steps_per_second": 97.09,
      "epoch": 6.0
    },
    {
      "eval_loss": 0.49484673142433167,
      "eval_accuracy": 0.775,
      "eval_f1": 0.7381818181818182,
      "eval_matthews_correlation": 0.5068420748999523,
      "eval_precision": 0.7833333333333334,
      "eval_recall": 0.7266666666666667,
      "eval_auc": 0.872,
      "eval_auprc": 0.8263922631313936,
      "eval_runtime": 0.0299,
      "eval_samples_per_second": 1339.723,
      "eval_steps_per_second": 100.479,
      "epoch": 6.0
    },
    {
      "eval_loss": 0.4991387724876404,
      "eval_accuracy": 0.7948717948717948,
      "eval_f1": 0.7592592592592593,
      "eval_matthews_correlation": 0.5398777456939363,
      "eval_precision": 0.7965517241379311,
      "eval_recall": 0.7457142857142858,
      "eval_auc": 0.8542857142857143,
      "eval_auprc": 0.8132319466248037,
      "eval_runtime": 0.0319,
      "eval_samples_per_second": 1223.378,
      "eval_steps_per_second": 94.106,
      "epoch": 6.0
    },
    {
      "eval_loss": 0.5185514688491821,
      "eval_accuracy": 0.7692307692307693,
      "eval_f1": 0.7636363636363637,
      "eval_matthews_correlation": 0.5538925820781526,
      "eval_precision": 0.7657894736842106,
      "eval_recall": 0.7885714285714285,
      "eval_auc": 0.8657142857142858,
      "eval_auprc": 0.7961168169182817,
      "eval_runtime": 0.0323,
      "eval_samples_per_second": 1206.825,
      "eval_steps_per_second": 92.833,
      "epoch": 9.0
    },
    {
      "eval_loss": 0.5795599222183228,
      "eval_accuracy": 0.7692307692307693,
      "eval_f1": 0.7450980392156863,
      "eval_matthews_correlation": 0.4913538149119954,
      "eval_precision": 0.75,
      "eval_recall": 0.7414285714285714,
      "eval_auc": 0.7999999999999999,
      "eval_auprc": 0.637858110315369,
      "eval_runtime": 0.0311,
      "eval_samples_per_second": 1254.99,
      "eval_steps_per_second": 96.538,
      "epoch": 8.0
    }
  ],
  "test_metrics": {
    "eval_loss": 0.4874618351459503,
    "eval_accuracy": 0.7951388888888888,
    "eval_f1": 0.7927375187538881,
    "eval_matthews_correlation": 0.5911330015526596,
    "eval_precision": 0.799404761904762,
    "eval_recall": 0.7917774447720791,
    "eval_auc": 0.8551264078890125,
    "eval_auprc": 0.854192992034313,
    "eval_runtime": 0.1723,
    "eval_samples_per_second": 1671.278,
    "eval_steps_per_second": 104.455,
    "epoch": 7.0
  }
}