{
  "experiment": "cross_length",
  "model_type": "lamar",
  "variant": "tapt_1024",
  "pair_name": "CPSF6_K562_ENCSR532VUB",
  "pretrain_path": "/gpfs/bwfor/work/ws/fr_ml642-thesis_work/Thesis/LAMAR/src/pretrain/saving_model/tapt_1024_standard_collator/checkpoint-134000/model.safetensors",
  "max_length": 1024,
  "n_folds": 5,
  "hyperparameters": {
    "learning_rate": 5e-05,
    "per_device_train_batch_size": 16,
    "weight_decay": 0.01,
    "warmup_ratio": 0.1,
    "num_train_epochs": 10,
    "gradient_accumulation_steps": 1,
    "early_stopping_patience": 3
  },
  "cv_metrics": {
    "epoch_mean": 6.6,
    "epoch_std": 1.0198039027185568,
    "eval_accuracy_mean": 0.7125,
    "eval_accuracy_std": 0.022360679774997904,
    "eval_auc_mean": 0.7862304356895041,
    "eval_auc_std": 0.049181557402607684,
    "eval_auprc_mean": 0.710382329010229,
    "eval_auprc_std": 0.026335297402239412,
    "eval_f1_mean": 0.41446725317693056,
    "eval_f1_std": 0.18690116309591454,
    "eval_loss_mean": 0.5774888277053833,
    "eval_loss_std": 0.056287413232001926,
    "eval_matthews_correlation_mean": 0.3372737691725307,
    "eval_matthews_correlation_std": 0.10881496197726108,
    "eval_precision_mean": 0.7588617886178862,
    "eval_precision_std": 0.1611099053838609,
    "eval_recall_mean": 0.3533451223106395,
    "eval_recall_std": 0.25009771466997727,
    "eval_runtime_mean": 1.3814799999999998,
    "eval_runtime_std": 0.0011889491158161036,
    "eval_samples_per_second_mean": 63.556200000000004,
    "eval_samples_per_second_std": 0.2795091411743104,
    "eval_steps_per_second_mean": 4.3432,
    "eval_steps_per_second_std": 0.003655133376499273
  },
  "cv_fold_metrics": [
    {
      "eval_loss": 0.6725723147392273,
      "eval_accuracy": 0.7,
      "eval_f1": 0.19999999999999998,
      "eval_precision": 1.0,
      "eval_recall": 0.1111111111111111,
      "eval_auc": 0.7386443046820406,
      "eval_auprc": 0.7005869860137822,
      "eval_matthews_correlation": 0.2765485065573063,
      "eval_runtime": 1.381,
      "eval_samples_per_second": 63.723,
      "eval_steps_per_second": 4.345,
      "epoch": 6.0
    },
    {
      "eval_loss": 0.4980509281158447,
      "eval_accuracy": 0.75,
      "eval_f1": 0.5454545454545454,
      "eval_precision": 0.8,
      "eval_recall": 0.41379310344827586,
      "eval_auc": 0.8309668695064232,
      "eval_auprc": 0.7596469939890962,
      "eval_matthews_correlation": 0.4371927068727665,
      "eval_runtime": 1.3813,
      "eval_samples_per_second": 63.71,
      "eval_steps_per_second": 4.344,
      "epoch": 5.0
    },
    {
      "eval_loss": 0.5854859352111816,
      "eval_accuracy": 0.725,
      "eval_f1": 0.47619047619047616,
      "eval_precision": 0.8333333333333334,
      "eval_recall": 0.3333333333333333,
      "eval_auc": 0.73,
      "eval_auprc": 0.6866908870804167,
      "eval_matthews_correlation": 0.397705839334203,
      "eval_runtime": 1.3805,
      "eval_samples_per_second": 63.746,
      "eval_steps_per_second": 4.346,
      "epoch": 8.0
    },
    {
      "eval_loss": 0.5742311477661133,
      "eval_accuracy": 0.7,
      "eval_f1": 0.6571428571428573,
      "eval_precision": 0.5609756097560976,
      "eval_recall": 0.7931034482758621,
      "eval_auc": 0.777552400270453,
      "eval_auprc": 0.6911129602522599,
      "eval_matthews_correlation": 0.423323784156012,
      "eval_runtime": 1.3838,
      "eval_samples_per_second": 63.595,
      "eval_steps_per_second": 4.336,
      "epoch": 7.0
    },
    {
      "eval_loss": 0.5571038126945496,
      "eval_accuracy": 0.6875,
      "eval_f1": 0.1935483870967742,
      "eval_precision": 0.6,
      "eval_recall": 0.11538461538461539,
      "eval_auc": 0.853988603988604,
      "eval_auprc": 0.7138738177155899,
      "eval_matthews_correlation": 0.15159800894236589,
      "eval_runtime": 1.3808,
      "eval_samples_per_second": 63.007,
      "eval_steps_per_second": 4.345,
      "epoch": 7.0
    }
  ],
  "test_metrics": {
    "eval_loss": 0.6582286357879639,
    "eval_accuracy": 0.5877016129032258,
    "eval_f1": 0.2837127845884413,
    "eval_precision": 0.8709677419354839,
    "eval_recall": 0.1694560669456067,
    "eval_auc": 0.7619539911759439,
    "eval_auprc": 0.7492436184231825,
    "eval_matthews_correlation": 0.2504686790097896,
    "eval_runtime": 17.0502,
    "eval_samples_per_second": 58.768,
    "eval_steps_per_second": 3.695,
    "epoch": 7.0
  }
}