{
  "experiment": "cross_length",
  "model_type": "dnabert2",
  "variant": "random",
  "pair_name": "APEX1_HepG2_ENCSR554GSW",
  "max_length": 256,
  "n_folds": 5,
  "hyperparameters": {
    "learning_rate": 5e-05,
    "per_device_train_batch_size": 16,
    "weight_decay": 0.01,
    "warmup_ratio": 0.1,
    "num_train_epochs": 10,
    "gradient_accumulation_steps": 1,
    "early_stopping_patience": 3
  },
  "cv_metrics": {
    "epoch_mean": 6.6,
    "epoch_std": 1.3564659966250536,
    "eval_accuracy_mean": 0.636734693877551,
    "eval_accuracy_std": 0.03957289679523534,
    "eval_auc_mean": 0.7245312205244294,
    "eval_auc_std": 0.01976024238150923,
    "eval_auprc_mean": 0.6671774005470702,
    "eval_auprc_std": 0.04959020873833628,
    "eval_f1_mean": 0.45909300866159464,
    "eval_f1_std": 0.09731787503082183,
    "eval_loss_mean": 0.6936460971832276,
    "eval_loss_std": 0.07141319655405898,
    "eval_matthews_correlation_mean": 0.09167794228183465,
    "eval_matthews_correlation_std": 0.13987095073602612,
    "eval_precision_mean": 0.45005908004684014,
    "eval_precision_std": 0.18444266470738963,
    "eval_recall_mean": 0.5329749103942653,
    "eval_recall_std": 0.04776380718932427,
    "eval_runtime_mean": 0.0386,
    "eval_runtime_std": 0.001673320053068152,
    "eval_samples_per_second_mean": 1271.6165999999998,
    "eval_samples_per_second_std": 53.519434248130835,
    "eval_steps_per_second_mean": 103.8054,
    "eval_steps_per_second_std": 4.369182193500291
  },
  "cv_fold_metrics": [
    {
      "eval_loss": 0.6186460852622986,
      "eval_accuracy": 0.6122448979591837,
      "eval_f1": 0.5347326336831584,
      "eval_matthews_correlation": 0.09731787507251476,
      "eval_precision": 0.55622009569378,
      "eval_recall": 0.5421146953405018,
      "eval_auc": 0.7204301075268816,
      "eval_auprc": 0.6530657731583467,
      "eval_runtime": 0.0381,
      "eval_samples_per_second": 1287.765,
      "eval_steps_per_second": 105.124,
      "epoch": 8.0
    },
    {
      "eval_loss": 0.7537934184074402,
      "eval_accuracy": 0.6326530612244898,
      "eval_f1": 0.3875,
      "eval_matthews_correlation": 0.0,
      "eval_precision": 0.3163265306122449,
      "eval_recall": 0.5,
      "eval_auc": 0.7025089605734767,
      "eval_auprc": 0.6175849520951914,
      "eval_runtime": 0.0393,
      "eval_samples_per_second": 1248.07,
      "eval_steps_per_second": 101.883,
      "epoch": 7.0
    },
    {
      "eval_loss": 0.6408513188362122,
      "eval_accuracy": 0.7142857142857143,
      "eval_f1": 0.6137387387387389,
      "eval_matthews_correlation": 0.36107183633665846,
      "eval_precision": 0.7655038759689923,
      "eval_recall": 0.6227598566308243,
      "eval_auc": 0.7365591397849462,
      "eval_auprc": 0.6947254205999694,
      "eval_runtime": 0.0372,
      "eval_samples_per_second": 1316.008,
      "eval_steps_per_second": 107.429,
      "epoch": 8.0
    },
    {
      "eval_loss": 0.8022399544715881,
      "eval_accuracy": 0.6122448979591837,
      "eval_f1": 0.379746835443038,
      "eval_matthews_correlation": 0.0,
      "eval_precision": 0.30612244897959184,
      "eval_recall": 0.5,
      "eval_auc": 0.7070175438596491,
      "eval_auprc": 0.6211271528963085,
      "eval_runtime": 0.0369,
      "eval_samples_per_second": 1326.78,
      "eval_steps_per_second": 108.309,
      "epoch": 5.0
    },
    {
      "eval_loss": 0.6526997089385986,
      "eval_accuracy": 0.6122448979591837,
      "eval_f1": 0.379746835443038,
      "eval_matthews_correlation": 0.0,
      "eval_precision": 0.30612244897959184,
      "eval_recall": 0.5,
      "eval_auc": 0.7561403508771929,
      "eval_auprc": 0.7493837039855351,
      "eval_runtime": 0.0415,
      "eval_samples_per_second": 1179.46,
      "eval_steps_per_second": 96.282,
      "epoch": 5.0
    }
  ],
  "test_metrics": {
    "eval_loss": 0.9772225618362427,
    "eval_accuracy": 0.5947955390334573,
    "eval_f1": 0.5743176538908246,
    "eval_matthews_correlation": 0.23045576782230945,
    "eval_precision": 0.6303620430202708,
    "eval_recall": 0.6018506991991369,
    "eval_auc": 0.736185457211226,
    "eval_auprc": 0.7521935050975275,
    "eval_runtime": 0.3337,
    "eval_samples_per_second": 1612.379,
    "eval_steps_per_second": 101.898,
    "epoch": 8.0
  }
}