RBP,GC_pos,GC_neg,GC_diff,AU_pos,AU_neg,AU_diff
ILF3_HepG2_IDR,50.62509927463334,42.01600307089532,8.60909620373802,49.37490072536666,57.98399692910468,-8.60909620373802
KHSRP_K562_IDR,30.56673603163629,40.19421064524072,-9.627474613604434,69.43326396836372,59.80578935475928,9.627474613604441
PTBP1_HepG2_IDR,43.39577740157436,41.4333920438676,1.9623853577067578,56.60422259842564,58.5666079561324,-1.9623853577067578
HNRNPL_K562_IDR,44.413082733663124,41.22349874185637,3.1895839918067566,55.586917266336876,58.77650125814363,-3.1895839918067566
HNRNPM_HepG2_IDR,49.085940444779496,42.05205763697365,7.0338828078058455,50.914059555220504,57.94794236302635,-7.0338828078058455
MATR3_K562_IDR,43.57466280979243,40.66047826156661,2.914184548225819,56.42533719020757,59.33952173843339,-2.914184548225819
QKI_K562_IDR,33.998801665880876,40.03123526638378,-6.032433600502905,66.00119833411912,59.96876473361622,6.032433600502905
GTF2F1_K562_IDR,63.27190988463814,44.719817410910665,18.552092473727477,36.72809011536185,55.280182589089335,-18.552092473727484
