{
  "experiment": "cross_cell",
  "model_type": "lamar",
  "variant": "random",
  "pair_name": "LARP4_train_K562_test_HepG2_fixlen_101",
  "pretrain_path": "",
  "max_length": 1024,
  "n_folds": 5,
  "hyperparameters": {
    "learning_rate": 5e-05,
    "per_device_train_batch_size": 16,
    "weight_decay": 0.01,
    "warmup_ratio": 0.1,
    "num_train_epochs": 10,
    "gradient_accumulation_steps": 1,
    "early_stopping_patience": 3
  },
  "cv_metrics": {
    "epoch_mean": 5.8,
    "epoch_std": 1.7204650534085253,
    "eval_accuracy_mean": 0.65,
    "eval_accuracy_std": 0.029901458530015277,
    "eval_auc_mean": 0.7561288459892782,
    "eval_auc_std": 0.0509446447266042,
    "eval_auprc_mean": 0.6466945143829468,
    "eval_auprc_std": 0.048180854725590874,
    "eval_f1_mean": 0.30851282051282053,
    "eval_f1_std": 0.25528483273613234,
    "eval_loss_mean": 0.6267444133758545,
    "eval_loss_std": 0.05550369594361262,
    "eval_matthews_correlation_mean": 0.16606762977256934,
    "eval_matthews_correlation_std": 0.1739343283925454,
    "eval_precision_mean": 0.3603374885983582,
    "eval_precision_std": 0.3235068835340949,
    "eval_recall_mean": 0.32048887122416536,
    "eval_recall_std": 0.2929041615822267,
    "eval_runtime_mean": 2.0624200000000004,
    "eval_runtime_std": 0.0023861265683111504,
    "eval_samples_per_second_mean": 52.1712,
    "eval_samples_per_second_std": 0.24372722457698423,
    "eval_steps_per_second_mean": 3.3939999999999997,
    "eval_steps_per_second_std": 0.003898717737923498
  },
  "cv_fold_metrics": [
    {
      "eval_loss": 0.6404485702514648,
      "eval_accuracy": 0.625,
      "eval_f1": 0.5384615384615384,
      "eval_precision": 0.4772727272727273,
      "eval_recall": 0.6176470588235294,
      "eval_auc": 0.6959203036053132,
      "eval_auprc": 0.5745423830414178,
      "eval_matthews_correlation": 0.2367772816613102,
      "eval_runtime": 2.0582,
      "eval_samples_per_second": 52.472,
      "eval_steps_per_second": 3.401,
      "epoch": 4.0
    },
    {
      "eval_loss": 0.7175541520118713,
      "eval_accuracy": 0.6354166666666666,
      "eval_f1": 0.0,
      "eval_precision": 0.0,
      "eval_recall": 0.0,
      "eval_auc": 0.8391840607210627,
      "eval_auprc": 0.7096921446989697,
      "eval_matthews_correlation": -0.07597694226222734,
      "eval_runtime": 2.0645,
      "eval_samples_per_second": 52.312,
      "eval_steps_per_second": 3.391,
      "epoch": 5.0
    },
    {
      "eval_loss": 0.6350583434104919,
      "eval_accuracy": 0.6354166666666666,
      "eval_f1": 0.0,
      "eval_precision": 0.0,
      "eval_recall": 0.0,
      "eval_auc": 0.7096018735362998,
      "eval_auprc": 0.6340069655518437,
      "eval_matthews_correlation": 0.0,
      "eval_runtime": 2.0647,
      "eval_samples_per_second": 52.308,
      "eval_steps_per_second": 3.39,
      "epoch": 5.0
    },
    {
      "eval_loss": 0.5539764761924744,
      "eval_accuracy": 0.6458333333333334,
      "eval_f1": 0.5641025641025642,
      "eval_precision": 0.4782608695652174,
      "eval_recall": 0.6875,
      "eval_auc": 0.77001953125,
      "eval_auprc": 0.625734268464781,
      "eval_matthews_correlation": 0.29488391230979427,
      "eval_runtime": 2.0631,
      "eval_samples_per_second": 51.863,
      "eval_steps_per_second": 3.393,
      "epoch": 6.0
    },
    {
      "eval_loss": 0.58668452501297,
      "eval_accuracy": 0.7083333333333334,
      "eval_f1": 0.44000000000000006,
      "eval_precision": 0.8461538461538461,
      "eval_recall": 0.2972972972972973,
      "eval_auc": 0.7659184608337152,
      "eval_auprc": 0.6894968101577217,
      "eval_matthews_correlation": 0.3746538971539696,
      "eval_runtime": 2.0616,
      "eval_samples_per_second": 51.901,
      "eval_steps_per_second": 3.395,
      "epoch": 9.0
    }
  ],
  "test_metrics": {
    "eval_loss": 0.7551918625831604,
    "eval_accuracy": 0.555370145631068,
    "eval_f1": 0.36379422617755597,
    "eval_precision": 0.6046176046176046,
    "eval_recall": 0.26016764979819934,
    "eval_auc": 0.6192786492455188,
    "eval_auprc": 0.579005864618727,
    "eval_matthews_correlation": 0.119732315549378,
    "eval_runtime": 141.7984,
    "eval_samples_per_second": 46.496,
    "eval_steps_per_second": 2.913,
    "epoch": 10.0
  }
}