{
  "experiment": "cross_cell",
  "model_type": "dnabert2",
  "variant": "tapt_v3",
  "pair_name": "CACTIN_train_K562_test_HepG2_fixlen_101",
  "max_length": 128,
  "n_folds": 5,
  "hyperparameters": {
    "learning_rate": 5e-05,
    "per_device_train_batch_size": 16,
    "weight_decay": 0.01,
    "warmup_ratio": 0.1,
    "num_train_epochs": 10,
    "gradient_accumulation_steps": 1,
    "early_stopping_patience": 3
  },
  "cv_metrics": {
    "epoch_mean": 6.4,
    "epoch_std": 0.7999999999999999,
    "eval_accuracy_mean": 0.7981132075471699,
    "eval_accuracy_std": 0.034066924689184534,
    "eval_auc_mean": 0.8531824548001019,
    "eval_auc_std": 0.044390689759248654,
    "eval_auprc_mean": 0.8581903446329207,
    "eval_auprc_std": 0.046182789123979745,
    "eval_f1_mean": 0.7977925616562709,
    "eval_f1_std": 0.03432285660423634,
    "eval_loss_mean": 0.5112425148487091,
    "eval_loss_std": 0.08329921370798812,
    "eval_matthews_correlation_mean": 0.5971042340580531,
    "eval_matthews_correlation_std": 0.07030749050420755,
    "eval_precision_mean": 0.7985897680998405,
    "eval_precision_std": 0.03503436156089103,
    "eval_recall_mean": 0.7985146422205247,
    "eval_recall_std": 0.0352740029014215,
    "eval_runtime_mean": 0.0967,
    "eval_runtime_std": 0.0029913207785190812,
    "eval_samples_per_second_mean": 1097.0672,
    "eval_samples_per_second_std": 33.096129921185614,
    "eval_steps_per_second_mean": 72.44760000000001,
    "eval_steps_per_second_std": 2.1855421844476
  },
  "cv_fold_metrics": [
    {
      "eval_loss": 0.4720557928085327,
      "eval_accuracy": 0.8113207547169812,
      "eval_f1": 0.8112535612535613,
      "eval_matthews_correlation": 0.6230853024407228,
      "eval_precision": 0.8113207547169812,
      "eval_recall": 0.8117647058823529,
      "eval_auc": 0.86951871657754,
      "eval_auprc": 0.8740009971982599,
      "eval_runtime": 0.0951,
      "eval_samples_per_second": 1114.609,
      "eval_steps_per_second": 73.606,
      "epoch": 5.0
    },
    {
      "eval_loss": 0.6670432090759277,
      "eval_accuracy": 0.7452830188679245,
      "eval_f1": 0.7447150120417447,
      "eval_matthews_correlation": 0.4895630850669294,
      "eval_precision": 0.745,
      "eval_recall": 0.7445632798573976,
      "eval_auc": 0.7814616755793227,
      "eval_auprc": 0.7888528174401698,
      "eval_runtime": 0.1022,
      "eval_samples_per_second": 1036.758,
      "eval_steps_per_second": 68.465,
      "epoch": 7.0
    },
    {
      "eval_loss": 0.49843958020210266,
      "eval_accuracy": 0.8018867924528302,
      "eval_f1": 0.8018691588785045,
      "eval_matthews_correlation": 0.6050241377256595,
      "eval_precision": 0.8023504273504274,
      "eval_recall": 0.8026737967914439,
      "eval_auc": 0.8381461675579323,
      "eval_auprc": 0.8342169192487133,
      "eval_runtime": 0.0961,
      "eval_samples_per_second": 1103.039,
      "eval_steps_per_second": 72.842,
      "epoch": 6.0
    },
    {
      "eval_loss": 0.4185199737548828,
      "eval_accuracy": 0.8490566037735849,
      "eval_f1": 0.8490566037735849,
      "eval_matthews_correlation": 0.7035714285714286,
      "eval_precision": 0.8517857142857144,
      "eval_recall": 0.8517857142857144,
      "eval_auc": 0.9178571428571429,
      "eval_auprc": 0.9287894135293686,
      "eval_runtime": 0.0933,
      "eval_samples_per_second": 1135.704,
      "eval_steps_per_second": 74.999,
      "epoch": 7.0
    },
    {
      "eval_loss": 0.5001540184020996,
      "eval_accuracy": 0.7830188679245284,
      "eval_f1": 0.782068472333959,
      "eval_matthews_correlation": 0.5642772164855253,
      "eval_precision": 0.7824919441460795,
      "eval_recall": 0.7817857142857143,
      "eval_auc": 0.8589285714285715,
      "eval_auprc": 0.8650915757480921,
      "eval_runtime": 0.0968,
      "eval_samples_per_second": 1095.226,
      "eval_steps_per_second": 72.326,
      "epoch": 7.0
    }
  ],
  "test_metrics": {
    "eval_loss": 0.6982741951942444,
    "eval_accuracy": 0.676678445229682,
    "eval_f1": 0.6577823152177145,
    "eval_matthews_correlation": 0.3711659224831565,
    "eval_precision": 0.7051093998288718,
    "eval_recall": 0.667915441866283,
    "eval_auc": 0.7593845768966165,
    "eval_auprc": 0.7543880353698748,
    "eval_runtime": 0.4572,
    "eval_samples_per_second": 1237.911,
    "eval_steps_per_second": 78.736,
    "epoch": 7.0
  }
}