{
  "experiment": "cross_cell",
  "model_type": "dnabert2",
  "variant": "pretrained",
  "pair_name": "FAM120A_train_K562_test_HepG2_fixlen_101",
  "max_length": 128,
  "n_folds": 5,
  "hyperparameters": {
    "learning_rate": 5e-05,
    "per_device_train_batch_size": 16,
    "weight_decay": 0.01,
    "warmup_ratio": 0.1,
    "num_train_epochs": 10,
    "gradient_accumulation_steps": 1,
    "early_stopping_patience": 3
  },
  "cv_metrics": {
    "epoch_mean": 5.2,
    "epoch_std": 0.39999999999999997,
    "eval_accuracy_mean": 0.765049751243781,
    "eval_accuracy_std": 0.015371644939042054,
    "eval_auc_mean": 0.8434201983444698,
    "eval_auc_std": 0.013502178041823054,
    "eval_auprc_mean": 0.8005709509598024,
    "eval_auprc_std": 0.022731556213795908,
    "eval_f1_mean": 0.7625486659217307,
    "eval_f1_std": 0.015880201946766814,
    "eval_loss_mean": 0.5190227806568146,
    "eval_loss_std": 0.039680643392927206,
    "eval_matthews_correlation_mean": 0.5287056139588275,
    "eval_matthews_correlation_std": 0.030408941257322943,
    "eval_precision_mean": 0.7647434295745332,
    "eval_precision_std": 0.014394222376459296,
    "eval_recall_mean": 0.7639764952885757,
    "eval_recall_std": 0.01618142734710525,
    "eval_runtime_mean": 1.20766,
    "eval_runtime_std": 0.0027111621124528244,
    "eval_samples_per_second_mean": 1331.493,
    "eval_samples_per_second_std": 3.0192972692333866,
    "eval_steps_per_second_mean": 83.6322,
    "eval_steps_per_second_std": 0.18966222607572503
  },
  "cv_fold_metrics": [
    {
      "eval_loss": 0.47578102350234985,
      "eval_accuracy": 0.775497512437811,
      "eval_f1": 0.7721466816923434,
      "eval_matthews_correlation": 0.5446763011690285,
      "eval_precision": 0.7733826673140831,
      "eval_recall": 0.7712976246536638,
      "eval_auc": 0.8553437079057745,
      "eval_auprc": 0.825270400498229,
      "eval_runtime": 1.2028,
      "eval_samples_per_second": 1336.9,
      "eval_steps_per_second": 83.972,
      "epoch": 5.0
    },
    {
      "eval_loss": 0.4854353964328766,
      "eval_accuracy": 0.7904228855721394,
      "eval_f1": 0.789189409986637,
      "eval_matthews_correlation": 0.5797422475559552,
      "eval_precision": 0.7885691161786867,
      "eval_recall": 0.7911790059622241,
      "eval_auc": 0.8638873200655203,
      "eval_auprc": 0.8313090418135628,
      "eval_runtime": 1.2069,
      "eval_samples_per_second": 1332.37,
      "eval_steps_per_second": 83.687,
      "epoch": 5.0
    },
    {
      "eval_loss": 0.5852870941162109,
      "eval_accuracy": 0.753731343283582,
      "eval_f1": 0.7536669415873496,
      "eval_matthews_correlation": 0.5195252572691749,
      "eval_precision": 0.7590051871495563,
      "eval_recall": 0.7605222852011371,
      "eval_auc": 0.8330092257243923,
      "eval_auprc": 0.7804124014955229,
      "eval_runtime": 1.2094,
      "eval_samples_per_second": 1329.53,
      "eval_steps_per_second": 83.509,
      "epoch": 6.0
    },
    {
      "eval_loss": 0.5096758008003235,
      "eval_accuracy": 0.7531094527363185,
      "eval_f1": 0.747143273041267,
      "eval_matthews_correlation": 0.49786082604897736,
      "eval_precision": 0.7527186006462723,
      "eval_recall": 0.7451990093727853,
      "eval_auc": 0.8319156558837655,
      "eval_auprc": 0.7827664013834883,
      "eval_runtime": 1.2106,
      "eval_samples_per_second": 1328.24,
      "eval_steps_per_second": 83.428,
      "epoch": 5.0
    },
    {
      "eval_loss": 0.538934588432312,
      "eval_accuracy": 0.7524875621890548,
      "eval_f1": 0.7505970233010557,
      "eval_matthews_correlation": 0.5017234377510017,
      "eval_precision": 0.7500415765840678,
      "eval_recall": 0.7516845512530683,
      "eval_auc": 0.8329450821428962,
      "eval_auprc": 0.783096509608209,
      "eval_runtime": 1.2086,
      "eval_samples_per_second": 1330.425,
      "eval_steps_per_second": 83.565,
      "epoch": 5.0
    }
  ],
  "test_metrics": {
    "eval_loss": 0.33651411533355713,
    "eval_accuracy": 0.8795781556572924,
    "eval_f1": 0.879560761326446,
    "eval_matthews_correlation": 0.764754821539771,
    "eval_precision": 0.8818568418625443,
    "eval_recall": 0.8828986893462901,
    "eval_auc": 0.9523361400831241,
    "eval_auprc": 0.9261737765360429,
    "eval_runtime": 10.5441,
    "eval_samples_per_second": 1160.084,
    "eval_steps_per_second": 72.553,
    "epoch": 5.0
  }
}