{
  "experiment": "rbp",
  "model_type": "lamar",
  "variant": "lamar_random",
  "rbp_name": "RBFOX2_K562_200",
  "weights_path": "",
  "max_length": 1024,
  "n_folds": 5,
  "hyperparameters": {
    "learning_rate": 5e-05,
    "per_device_train_batch_size": 16,
    "weight_decay": 0.01,
    "warmup_ratio": 0.1,
    "num_train_epochs": 10,
    "gradient_accumulation_steps": 1,
    "early_stopping_patience": 3
  },
  "cv_metrics": {
    "epoch_mean": 10.0,
    "epoch_std": 0.0,
    "eval_accuracy_mean": 0.8334261838440111,
    "eval_accuracy_std": 0.009460505681193145,
    "eval_auc_mean": 0.9162156387235593,
    "eval_auc_std": 0.006248707847513605,
    "eval_auprc_mean": 0.9209614799774808,
    "eval_auprc_std": 0.006018476627479281,
    "eval_f1_mean": 0.8350001592504679,
    "eval_f1_std": 0.009910666775561783,
    "eval_loss_mean": 0.3782853603363037,
    "eval_loss_std": 0.014480980563034918,
    "eval_matthews_correlation_mean": 0.6668943734385621,
    "eval_matthews_correlation_std": 0.018930644494976154,
    "eval_precision_mean": 0.8332100464671501,
    "eval_precision_std": 0.008972089912956316,
    "eval_recall_mean": 0.8368771157622857,
    "eval_recall_std": 0.013515554074902921,
    "eval_runtime_mean": 25.84864,
    "eval_runtime_std": 0.01726158741251761,
    "eval_samples_per_second_mean": 55.5542,
    "eval_samples_per_second_std": 0.03702647701307827,
    "eval_steps_per_second_mean": 3.4818,
    "eval_steps_per_second_std": 0.0024000000000000614
  },
  "cv_fold_metrics": [
    {
      "eval_loss": 0.35996872186660767,
      "eval_accuracy": 0.8467966573816156,
      "eval_f1": 0.8478561549100968,
      "eval_precision": 0.8490304709141274,
      "eval_recall": 0.8466850828729282,
      "eval_matthews_correlation": 0.6935817405058273,
      "eval_auc": 0.9237150040350115,
      "eval_auprc": 0.9268770182248717,
      "eval_runtime": 25.8184,
      "eval_samples_per_second": 55.619,
      "eval_steps_per_second": 3.486,
      "epoch": 10.0
    },
    {
      "eval_loss": 0.3829945921897888,
      "eval_accuracy": 0.8335654596100278,
      "eval_f1": 0.8361891706648389,
      "eval_precision": 0.8299319727891157,
      "eval_recall": 0.8425414364640884,
      "eval_matthews_correlation": 0.6671433748108451,
      "eval_auc": 0.9151697032714632,
      "eval_auprc": 0.9174943434224472,
      "eval_runtime": 25.8489,
      "eval_samples_per_second": 55.554,
      "eval_steps_per_second": 3.482,
      "epoch": 10.0
    },
    {
      "eval_loss": 0.3699915409088135,
      "eval_accuracy": 0.8398328690807799,
      "eval_f1": 0.842896174863388,
      "eval_precision": 0.8326585695006747,
      "eval_recall": 0.8533886583679114,
      "eval_matthews_correlation": 0.6798080180826758,
      "eval_auc": 0.9209368010413211,
      "eval_auprc": 0.9277289406373647,
      "eval_runtime": 25.8454,
      "eval_samples_per_second": 55.561,
      "eval_steps_per_second": 3.482,
      "epoch": 10.0
    },
    {
      "eval_loss": 0.37541210651397705,
      "eval_accuracy": 0.8272980501392758,
      "eval_f1": 0.8272980501392758,
      "eval_precision": 0.8330995792426368,
      "eval_recall": 0.8215767634854771,
      "eval_matthews_correlation": 0.6546763427281139,
      "eval_auc": 0.9157845117061333,
      "eval_auprc": 0.9211405673254092,
      "eval_runtime": 25.8627,
      "eval_samples_per_second": 55.524,
      "eval_steps_per_second": 3.48,
      "epoch": 10.0
    },
    {
      "eval_loss": 0.40305984020233154,
      "eval_accuracy": 0.8196378830083565,
      "eval_f1": 0.8207612456747405,
      "eval_precision": 0.8213296398891967,
      "eval_recall": 0.8201936376210235,
      "eval_matthews_correlation": 0.6392623910653482,
      "eval_auc": 0.9054721735638672,
      "eval_auprc": 0.9115665302773114,
      "eval_runtime": 25.8678,
      "eval_samples_per_second": 55.513,
      "eval_steps_per_second": 3.479,
      "epoch": 10.0
    }
  ],
  "test_metrics": {
    "eval_loss": 0.37056753039360046,
    "eval_accuracy": 0.8452115812917594,
    "eval_f1": 0.8387470997679815,
    "eval_precision": 0.8475967174677609,
    "eval_recall": 0.8300803673938002,
    "eval_matthews_correlation": 0.6900950899505858,
    "eval_auc": 0.9178775560865113,
    "eval_auprc": 0.9215123718676288,
    "eval_runtime": 32.3271,
    "eval_samples_per_second": 55.557,
    "eval_steps_per_second": 3.496,
    "epoch": 10.0
  }
}