{
  "experiment": "cross_length",
  "model_type": "lamar",
  "variant": "tapt_1024",
  "pair_name": "GARS_HepG2_ENCSR181SOG",
  "pretrain_path": "/gpfs/bwfor/work/ws/fr_ml642-thesis_work/Thesis/LAMAR/src/pretrain/saving_model/tapt_1024_standard_collator/checkpoint-134000/model.safetensors",
  "max_length": 1024,
  "n_folds": 5,
  "hyperparameters": {
    "learning_rate": 5e-05,
    "per_device_train_batch_size": 16,
    "weight_decay": 0.01,
    "warmup_ratio": 0.1,
    "num_train_epochs": 10,
    "gradient_accumulation_steps": 1,
    "early_stopping_patience": 3
  },
  "cv_metrics": {
    "epoch_mean": 6.4,
    "epoch_std": 2.244994432064365,
    "eval_accuracy_mean": 0.7644230769230769,
    "eval_accuracy_std": 0.03761078310693838,
    "eval_auc_mean": 0.8572705880063921,
    "eval_auc_std": 0.018232714912953463,
    "eval_auprc_mean": 0.8230836922368345,
    "eval_auprc_std": 0.01899778480098078,
    "eval_f1_mean": 0.6645670980238478,
    "eval_f1_std": 0.043639407218871704,
    "eval_loss_mean": 0.4699869155883789,
    "eval_loss_std": 0.04620016548170816,
    "eval_matthews_correlation_mean": 0.5022098781545863,
    "eval_matthews_correlation_std": 0.054261851603827564,
    "eval_precision_mean": 0.7346443001443002,
    "eval_precision_std": 0.09300160632130003,
    "eval_recall_mean": 0.6327686304368516,
    "eval_recall_std": 0.11630990358076,
    "eval_runtime_mean": 4.45716,
    "eval_runtime_std": 0.003594773984550574,
    "eval_samples_per_second_mean": 48.6854,
    "eval_samples_per_second_std": 0.039337513902127495,
    "eval_steps_per_second_mean": 3.1409999999999996,
    "eval_steps_per_second_std": 0.0026076809620810787
  },
  "cv_fold_metrics": [
    {
      "eval_loss": 0.39970043301582336,
      "eval_accuracy": 0.8125,
      "eval_f1": 0.7272727272727273,
      "eval_precision": 0.8125,
      "eval_recall": 0.6582278481012658,
      "eval_auc": 0.8812677853007556,
      "eval_auprc": 0.8585144130369279,
      "eval_matthews_correlation": 0.5943507972397868,
      "eval_runtime": 4.4606,
      "eval_samples_per_second": 48.648,
      "eval_steps_per_second": 3.139,
      "epoch": 4.0
    },
    {
      "eval_loss": 0.5266859531402588,
      "eval_accuracy": 0.7644230769230769,
      "eval_f1": 0.5950413223140496,
      "eval_precision": 0.8181818181818182,
      "eval_recall": 0.4675324675324675,
      "eval_auc": 0.8721126202042233,
      "eval_auprc": 0.8018927621843465,
      "eval_matthews_correlation": 0.4805677071552452,
      "eval_runtime": 4.4533,
      "eval_samples_per_second": 48.728,
      "eval_steps_per_second": 3.144,
      "epoch": 7.0
    },
    {
      "eval_loss": 0.5096018314361572,
      "eval_accuracy": 0.6971153846153846,
      "eval_f1": 0.6701570680628272,
      "eval_precision": 0.5714285714285714,
      "eval_recall": 0.810126582278481,
      "eval_auc": 0.8383868118928467,
      "eval_auprc": 0.8226030617501321,
      "eval_matthews_correlation": 0.42645298366033707,
      "eval_runtime": 4.4623,
      "eval_samples_per_second": 48.629,
      "eval_steps_per_second": 3.137,
      "epoch": 4.0
    },
    {
      "eval_loss": 0.4395196735858917,
      "eval_accuracy": 0.7788461538461539,
      "eval_f1": 0.6461538461538462,
      "eval_precision": 0.7777777777777778,
      "eval_recall": 0.5526315789473685,
      "eval_auc": 0.8597488038277512,
      "eval_auprc": 0.8178319008842843,
      "eval_matthews_correlation": 0.5071279518731975,
      "eval_runtime": 4.4544,
      "eval_samples_per_second": 48.715,
      "eval_steps_per_second": 3.143,
      "epoch": 7.0
    },
    {
      "eval_loss": 0.4744266867637634,
      "eval_accuracy": 0.7692307692307693,
      "eval_f1": 0.6842105263157895,
      "eval_precision": 0.6933333333333334,
      "eval_recall": 0.6753246753246753,
      "eval_auc": 0.8348369188063844,
      "eval_auprc": 0.8145763233284821,
      "eval_matthews_correlation": 0.5025499508443653,
      "eval_runtime": 4.4552,
      "eval_samples_per_second": 48.707,
      "eval_steps_per_second": 3.142,
      "epoch": 10.0
    }
  ],
  "test_metrics": {
    "eval_loss": 0.6332337260246277,
    "eval_accuracy": 0.6394736842105263,
    "eval_f1": 0.40948275862068967,
    "eval_precision": 0.9359605911330049,
    "eval_recall": 0.2620689655172414,
    "eval_auc": 0.8297011494252874,
    "eval_auprc": 0.8251862544822046,
    "eval_matthews_correlation": 0.3607833184285271,
    "eval_runtime": 32.6797,
    "eval_samples_per_second": 46.512,
    "eval_steps_per_second": 2.907,
    "epoch": 5.0
  }
}