{
  "experiment": "cross_cell",
  "model_type": "lamar",
  "variant": "pretrained",
  "pair_name": "CACTIN_train_K562_test_HepG2_fixlen_101",
  "pretrain_path": "/gpfs/bwfor/work/ws/fr_ml642-thesis_work/Thesis/LAMAR/weights",
  "max_length": 1024,
  "n_folds": 5,
  "hyperparameters": {
    "learning_rate": 5e-05,
    "per_device_train_batch_size": 16,
    "weight_decay": 0.01,
    "warmup_ratio": 0.1,
    "num_train_epochs": 10,
    "gradient_accumulation_steps": 1,
    "early_stopping_patience": 3
  },
  "cv_metrics": {
    "epoch_mean": 7.4,
    "epoch_std": 1.0198039027185568,
    "eval_accuracy_mean": 0.70625,
    "eval_accuracy_std": 0.04487637339278755,
    "eval_auc_mean": 0.7828416122128559,
    "eval_auc_std": 0.055484481709960225,
    "eval_auprc_mean": 0.7827995918242394,
    "eval_auprc_std": 0.04867648993385168,
    "eval_f1_mean": 0.6914205763276972,
    "eval_f1_std": 0.053643163877028464,
    "eval_loss_mean": 0.6275189280509949,
    "eval_loss_std": 0.10121725000285316,
    "eval_matthews_correlation_mean": 0.4153193245144865,
    "eval_matthews_correlation_std": 0.09137466453310449,
    "eval_precision_mean": 0.6956319875776398,
    "eval_precision_std": 0.06023664352580806,
    "eval_recall_mean": 0.6973199385155907,
    "eval_recall_std": 0.09520786705335542,
    "eval_runtime_mean": 2.0622599999999998,
    "eval_runtime_std": 0.0012092973166264885,
    "eval_samples_per_second_mean": 51.3996,
    "eval_samples_per_second_std": 0.02978321675037869,
    "eval_steps_per_second_mean": 3.3944,
    "eval_steps_per_second_std": 0.0022449944320642916
  },
  "cv_fold_metrics": [
    {
      "eval_loss": 0.525714635848999,
      "eval_accuracy": 0.7708333333333334,
      "eval_f1": 0.7708333333333333,
      "eval_precision": 0.74,
      "eval_recall": 0.8043478260869565,
      "eval_auc": 0.8339130434782609,
      "eval_auprc": 0.8147258485603517,
      "eval_matthews_correlation": 0.5443478260869565,
      "eval_runtime": 2.0612,
      "eval_samples_per_second": 51.426,
      "eval_steps_per_second": 3.396,
      "epoch": 7.0
    },
    {
      "eval_loss": 0.7709943652153015,
      "eval_accuracy": 0.6354166666666666,
      "eval_f1": 0.6153846153846154,
      "eval_precision": 0.6086956521739131,
      "eval_recall": 0.6222222222222222,
      "eval_auc": 0.6976034858387801,
      "eval_auprc": 0.7091684275148162,
      "eval_matthews_correlation": 0.2689881897152896,
      "eval_runtime": 2.062,
      "eval_samples_per_second": 51.406,
      "eval_steps_per_second": 3.395,
      "epoch": 9.0
    },
    {
      "eval_loss": 0.6551876664161682,
      "eval_accuracy": 0.6875,
      "eval_f1": 0.6875,
      "eval_precision": 0.6875,
      "eval_recall": 0.6875,
      "eval_auc": 0.7486979166666667,
      "eval_auprc": 0.7544732598667782,
      "eval_matthews_correlation": 0.375,
      "eval_runtime": 2.0646,
      "eval_samples_per_second": 51.342,
      "eval_steps_per_second": 3.39,
      "epoch": 7.0
    },
    {
      "eval_loss": 0.5003671646118164,
      "eval_accuracy": 0.7291666666666666,
      "eval_f1": 0.6578947368421052,
      "eval_precision": 0.78125,
      "eval_recall": 0.5681818181818182,
      "eval_auc": 0.8487762237762239,
      "eval_auprc": 0.8506146079056243,
      "eval_matthews_correlation": 0.45826710689153904,
      "eval_runtime": 2.062,
      "eval_samples_per_second": 51.406,
      "eval_steps_per_second": 3.395,
      "epoch": 6.0
    },
    {
      "eval_loss": 0.6853308081626892,
      "eval_accuracy": 0.7083333333333334,
      "eval_f1": 0.7254901960784315,
      "eval_precision": 0.6607142857142857,
      "eval_recall": 0.8043478260869565,
      "eval_auc": 0.7852173913043479,
      "eval_auprc": 0.7850158152736268,
      "eval_matthews_correlation": 0.42999349987864727,
      "eval_runtime": 2.0615,
      "eval_samples_per_second": 51.418,
      "eval_steps_per_second": 3.396,
      "epoch": 8.0
    }
  ],
  "test_metrics": {
    "eval_loss": 0.5768880844116211,
    "eval_accuracy": 0.7214285714285714,
    "eval_f1": 0.7078651685393259,
    "eval_precision": 0.7078651685393258,
    "eval_recall": 0.7078651685393258,
    "eval_auc": 0.773235673837737,
    "eval_auprc": 0.7288447756983711,
    "eval_matthews_correlation": 0.4416535644437627,
    "eval_runtime": 12.0309,
    "eval_samples_per_second": 47.046,
    "eval_steps_per_second": 2.992,
    "epoch": 4.0
  }
}