{
  "experiment": "cross_length",
  "model_type": "lamar",
  "variant": "random",
  "pair_name": "ZC3H11A_HepG2_ENCSR907GUB",
  "pretrain_path": "",
  "max_length": 1024,
  "n_folds": 5,
  "hyperparameters": {
    "learning_rate": 5e-05,
    "per_device_train_batch_size": 16,
    "weight_decay": 0.01,
    "warmup_ratio": 0.1,
    "num_train_epochs": 10,
    "gradient_accumulation_steps": 1,
    "early_stopping_patience": 3
  },
  "cv_metrics": {
    "epoch_mean": 6.4,
    "epoch_std": 1.2,
    "eval_accuracy_mean": 0.71,
    "eval_accuracy_std": 0.009354143466934858,
    "eval_auc_mean": 0.6296121804488025,
    "eval_auc_std": 0.01470857074152096,
    "eval_auprc_mean": 0.4004583506702293,
    "eval_auprc_std": 0.0268476829397683,
    "eval_f1_mean": 0.03389830508474576,
    "eval_f1_std": 0.06779661016949154,
    "eval_loss_mean": 0.6099881649017334,
    "eval_loss_std": 0.028373261872558498,
    "eval_matthews_correlation_mean": 0.012762027616246892,
    "eval_matthews_correlation_std": 0.02552405523249379,
    "eval_precision_mean": 0.07692307692307693,
    "eval_precision_std": 0.15384615384615385,
    "eval_recall_mean": 0.021739130434782608,
    "eval_recall_std": 0.043478260869565216,
    "eval_runtime_mean": 3.4344,
    "eval_runtime_std": 0.0019462785001124903,
    "eval_samples_per_second_mean": 49.7322,
    "eval_samples_per_second_std": 0.09980861686247325,
    "eval_steps_per_second_mean": 3.2030000000000003,
    "eval_steps_per_second_std": 0.0016733200530681793
  },
  "cv_fold_metrics": [
    {
      "eval_loss": 0.6154123544692993,
      "eval_accuracy": 0.70625,
      "eval_f1": 0.0,
      "eval_precision": 0.0,
      "eval_recall": 0.0,
      "eval_auc": 0.6236113726228582,
      "eval_auprc": 0.39668372037849425,
      "eval_matthews_correlation": 0.0,
      "eval_runtime": 3.4337,
      "eval_samples_per_second": 49.8,
      "eval_steps_per_second": 3.204,
      "epoch": 8.0
    },
    {
      "eval_loss": 0.6120623350143433,
      "eval_accuracy": 0.71875,
      "eval_f1": 0.0,
      "eval_precision": 0.0,
      "eval_recall": 0.0,
      "eval_auc": 0.6102415458937198,
      "eval_auprc": 0.3612536985764447,
      "eval_matthews_correlation": 0.0,
      "eval_runtime": 3.4332,
      "eval_samples_per_second": 49.808,
      "eval_steps_per_second": 3.204,
      "epoch": 5.0
    },
    {
      "eval_loss": 0.581317126750946,
      "eval_accuracy": 0.71875,
      "eval_f1": 0.0,
      "eval_precision": 0.0,
      "eval_recall": 0.0,
      "eval_auc": 0.6392270531400968,
      "eval_auprc": 0.415705968102436,
      "eval_matthews_correlation": 0.0,
      "eval_runtime": 3.4364,
      "eval_samples_per_second": 49.762,
      "eval_steps_per_second": 3.201,
      "epoch": 7.0
    },
    {
      "eval_loss": 0.6589497327804565,
      "eval_accuracy": 0.69375,
      "eval_f1": 0.1694915254237288,
      "eval_precision": 0.38461538461538464,
      "eval_recall": 0.10869565217391304,
      "eval_auc": 0.6224256292906178,
      "eval_auprc": 0.3875312236366215,
      "eval_matthews_correlation": 0.06381013808123447,
      "eval_runtime": 3.4369,
      "eval_samples_per_second": 49.754,
      "eval_steps_per_second": 3.201,
      "epoch": 5.0
    },
    {
      "eval_loss": 0.5821992754936218,
      "eval_accuracy": 0.7125,
      "eval_f1": 0.0,
      "eval_precision": 0.0,
      "eval_recall": 0.0,
      "eval_auc": 0.6525553012967201,
      "eval_auprc": 0.44111714265715,
      "eval_matthews_correlation": 0.0,
      "eval_runtime": 3.4318,
      "eval_samples_per_second": 49.537,
      "eval_steps_per_second": 3.205,
      "epoch": 7.0
    }
  ],
  "test_metrics": {
    "eval_loss": 0.7385568618774414,
    "eval_accuracy": 0.5485372340425532,
    "eval_f1": 0.2039859320046893,
    "eval_precision": 0.6041666666666666,
    "eval_recall": 0.1227080394922426,
    "eval_auc": 0.6593146516929682,
    "eval_auprc": 0.5886523292949956,
    "eval_matthews_correlation": 0.08653876192109759,
    "eval_runtime": 32.3787,
    "eval_samples_per_second": 46.697,
    "eval_steps_per_second": 2.934,
    "epoch": 10.0
  }
}