{
  "experiment": "cross_cell",
  "model_type": "lamar",
  "variant": "pretrained_custom",
  "pair_name": "SMNDC1_train_K562_test_HepG2_fixlen_101",
  "pretrain_path": "/gpfs/bwfor/work/ws/fr_ml642-thesis_work/Thesis/LAMAR/src/pretrain/saving_model/tapt_512_standard_collator_1gpu/checkpoint-265000/model.safetensors",
  "max_length": 512,
  "n_folds": 5,
  "hyperparameters": {
    "learning_rate": 5e-05,
    "per_device_train_batch_size": 16,
    "weight_decay": 0.01,
    "warmup_ratio": 0.1,
    "num_train_epochs": 10,
    "gradient_accumulation_steps": 1,
    "early_stopping_patience": 3
  },
  "cv_metrics": {
    "epoch_mean": 9.2,
    "epoch_std": 1.1661903789690602,
    "eval_accuracy_mean": 0.7724431818181817,
    "eval_accuracy_std": 0.01378353348944113,
    "eval_auc_mean": 0.8560048144145782,
    "eval_auc_std": 0.02321622542202733,
    "eval_auprc_mean": 0.8501049676673738,
    "eval_auprc_std": 0.024637455129036163,
    "eval_f1_mean": 0.7673214920950604,
    "eval_f1_std": 0.021868043305473355,
    "eval_loss_mean": 0.5336200296878815,
    "eval_loss_std": 0.06758516088169723,
    "eval_matthews_correlation_mean": 0.5480607370999866,
    "eval_matthews_correlation_std": 0.03168324238045359,
    "eval_precision_mean": 0.7663223588864592,
    "eval_precision_std": 0.02456546832792094,
    "eval_recall_mean": 0.7726682099586681,
    "eval_recall_std": 0.06275852231684757,
    "eval_runtime_mean": 5.42542,
    "eval_runtime_std": 0.0014565713164827775,
    "eval_samples_per_second_mean": 131.3082,
    "eval_samples_per_second_std": 0.12216939060173178,
    "eval_steps_per_second_mean": 8.2942,
    "eval_steps_per_second_std": 0.0021354156504064764
  },
  "cv_fold_metrics": [
    {
      "eval_loss": 0.44001099467277527,
      "eval_accuracy": 0.7954545454545454,
      "eval_f1": 0.808,
      "eval_precision": 0.7426470588235294,
      "eval_recall": 0.8859649122807017,
      "eval_auc": 0.8874430551516913,
      "eval_auprc": 0.8824828918627075,
      "eval_matthews_correlation": 0.6033534904506126,
      "eval_runtime": 5.4249,
      "eval_samples_per_second": 131.432,
      "eval_steps_per_second": 8.295,
      "epoch": 7.0
    },
    {
      "eval_loss": 0.503003716468811,
      "eval_accuracy": 0.7684659090909091,
      "eval_f1": 0.7634252539912917,
      "eval_precision": 0.7623188405797101,
      "eval_recall": 0.7645348837209303,
      "eval_auc": 0.8593992248062015,
      "eval_auprc": 0.86677885356534,
      "eval_matthews_correlation": 0.5367246018037249,
      "eval_runtime": 5.4228,
      "eval_samples_per_second": 131.481,
      "eval_steps_per_second": 8.298,
      "epoch": 10.0
    },
    {
      "eval_loss": 0.5113475322723389,
      "eval_accuracy": 0.7599431818181818,
      "eval_f1": 0.7616361071932299,
      "eval_precision": 0.7417582417582418,
      "eval_recall": 0.782608695652174,
      "eval_auc": 0.8511242985749465,
      "eval_auprc": 0.8488927177388039,
      "eval_matthews_correlation": 0.5209700926603157,
      "eval_runtime": 5.4264,
      "eval_samples_per_second": 131.211,
      "eval_steps_per_second": 8.293,
      "epoch": 10.0
    },
    {
      "eval_loss": 0.5759506225585938,
      "eval_accuracy": 0.7585227272727273,
      "eval_f1": 0.7416413373860182,
      "eval_precision": 0.7770700636942676,
      "eval_recall": 0.7093023255813954,
      "eval_auc": 0.8163032945736434,
      "eval_auprc": 0.809408846777603,
      "eval_matthews_correlation": 0.5177507172099515,
      "eval_runtime": 5.4268,
      "eval_samples_per_second": 131.201,
      "eval_steps_per_second": 8.292,
      "epoch": 9.0
    },
    {
      "eval_loss": 0.6377872824668884,
      "eval_accuracy": 0.7798295454545454,
      "eval_f1": 0.761904761904762,
      "eval_precision": 0.8078175895765473,
      "eval_recall": 0.7209302325581395,
      "eval_auc": 0.8657541989664084,
      "eval_auprc": 0.8429615283924146,
      "eval_matthews_correlation": 0.5615047833753288,
      "eval_runtime": 5.4262,
      "eval_samples_per_second": 131.216,
      "eval_steps_per_second": 8.293,
      "epoch": 10.0
    }
  ],
  "test_metrics": {
    "eval_loss": 0.5739877223968506,
    "eval_accuracy": 0.7788461538461539,
    "eval_f1": 0.6461538461538462,
    "eval_precision": 0.6461538461538462,
    "eval_recall": 0.6461538461538462,
    "eval_auc": 0.8145239376008607,
    "eval_auprc": 0.7250238178441542,
    "eval_matthews_correlation": 0.4853146853146853,
    "eval_runtime": 1.6049,
    "eval_samples_per_second": 132.715,
    "eval_steps_per_second": 8.723,
    "epoch": 10.0
  }
}