{
  "experiment": "cross_length",
  "model_type": "lamar",
  "variant": "pretrained",
  "pair_name": "EXOSC5_HepG2_ENCSR693JWP",
  "pretrain_path": "/gpfs/bwfor/work/ws/fr_ml642-thesis_work/Thesis/LAMAR/weights",
  "max_length": 1024,
  "n_folds": 5,
  "hyperparameters": {
    "learning_rate": 5e-05,
    "per_device_train_batch_size": 16,
    "weight_decay": 0.01,
    "warmup_ratio": 0.1,
    "num_train_epochs": 10,
    "gradient_accumulation_steps": 1,
    "early_stopping_patience": 3
  },
  "cv_metrics": {
    "epoch_mean": 6.2,
    "epoch_std": 1.8330302779823358,
    "eval_accuracy_mean": 0.8357142857142857,
    "eval_accuracy_std": 0.040168649568578525,
    "eval_auc_mean": 0.9376290687530722,
    "eval_auc_std": 0.02169018977266991,
    "eval_auprc_mean": 0.8885010288801375,
    "eval_auprc_std": 0.048435553413658364,
    "eval_f1_mean": 0.781455487114217,
    "eval_f1_std": 0.03742501508858201,
    "eval_loss_mean": 0.37639678120613096,
    "eval_loss_std": 0.1029263631313004,
    "eval_matthews_correlation_mean": 0.6717649425868617,
    "eval_matthews_correlation_std": 0.053313858967101294,
    "eval_precision_mean": 0.7373111121281356,
    "eval_precision_std": 0.09735742122136035,
    "eval_recall_mean": 0.8574953644273284,
    "eval_recall_std": 0.10235627494648775,
    "eval_runtime_mean": 2.3991999999999996,
    "eval_runtime_std": 0.000864869932417532,
    "eval_samples_per_second_mean": 50.9336,
    "eval_samples_per_second_std": 0.16767062950916756,
    "eval_steps_per_second_mean": 3.3344,
    "eval_steps_per_second_std": 0.0010198039027184446
  },
  "cv_fold_metrics": [
    {
      "eval_loss": 0.3736400008201599,
      "eval_accuracy": 0.8660714285714286,
      "eval_f1": 0.7887323943661972,
      "eval_precision": 0.8484848484848485,
      "eval_recall": 0.7368421052631579,
      "eval_auc": 0.930298719772404,
      "eval_auprc": 0.9020597021856869,
      "eval_matthews_correlation": 0.6950906479018227,
      "eval_runtime": 2.3992,
      "eval_samples_per_second": 51.267,
      "eval_steps_per_second": 3.334,
      "epoch": 4.0
    },
    {
      "eval_loss": 0.26153257489204407,
      "eval_accuracy": 0.8571428571428571,
      "eval_f1": 0.7777777777777778,
      "eval_precision": 0.8235294117647058,
      "eval_recall": 0.7368421052631579,
      "eval_auc": 0.9548364153627311,
      "eval_auprc": 0.9106486659610427,
      "eval_matthews_correlation": 0.6752529632113417,
      "eval_runtime": 2.3995,
      "eval_samples_per_second": 50.844,
      "eval_steps_per_second": 3.334,
      "epoch": 8.0
    },
    {
      "eval_loss": 0.5265939831733704,
      "eval_accuracy": 0.8125,
      "eval_f1": 0.7529411764705882,
      "eval_precision": 0.6530612244897959,
      "eval_recall": 0.8888888888888888,
      "eval_auc": 0.9016812865497075,
      "eval_auprc": 0.7960031555777534,
      "eval_matthews_correlation": 0.6262460891007533,
      "eval_runtime": 2.4006,
      "eval_samples_per_second": 50.821,
      "eval_steps_per_second": 3.333,
      "epoch": 7.0
    },
    {
      "eval_loss": 0.45142677426338196,
      "eval_accuracy": 0.7678571428571429,
      "eval_f1": 0.74,
      "eval_precision": 0.5967741935483871,
      "eval_recall": 0.9736842105263158,
      "eval_auc": 0.9370554765291608,
      "eval_auprc": 0.8958354553522316,
      "eval_matthews_correlation": 0.6055904381907495,
      "eval_runtime": 2.3987,
      "eval_samples_per_second": 50.861,
      "eval_steps_per_second": 3.335,
      "epoch": 4.0
    },
    {
      "eval_loss": 0.2687905728816986,
      "eval_accuracy": 0.875,
      "eval_f1": 0.8478260869565216,
      "eval_precision": 0.7647058823529411,
      "eval_recall": 0.9512195121951219,
      "eval_auc": 0.9642734455513569,
      "eval_auprc": 0.9379581653239734,
      "eval_matthews_correlation": 0.7566445745296415,
      "eval_runtime": 2.398,
      "eval_samples_per_second": 50.875,
      "eval_steps_per_second": 3.336,
      "epoch": 8.0
    }
  ],
  "test_metrics": {
    "eval_loss": 0.30675268173217773,
    "eval_accuracy": 0.8828125,
    "eval_f1": 0.8757396449704141,
    "eval_precision": 0.8747044917257684,
    "eval_recall": 0.8767772511848341,
    "eval_auc": 0.9481422600835883,
    "eval_auprc": 0.9454013993362024,
    "eval_matthews_correlation": 0.7648654047194966,
    "eval_runtime": 19.2108,
    "eval_samples_per_second": 47.265,
    "eval_steps_per_second": 2.967,
    "epoch": 5.0
  }
}