{
  "experiment": "cross_length",
  "model_type": "lamar",
  "variant": "tapt_1024",
  "pair_name": "DDX47_K562_ENCSR631HUN",
  "pretrain_path": "/gpfs/bwfor/work/ws/fr_ml642-thesis_work/Thesis/LAMAR/src/pretrain/saving_model/tapt_1024_standard_collator/checkpoint-134000/model.safetensors",
  "max_length": 1024,
  "n_folds": 5,
  "hyperparameters": {
    "learning_rate": 5e-05,
    "per_device_train_batch_size": 16,
    "weight_decay": 0.01,
    "warmup_ratio": 0.1,
    "num_train_epochs": 10,
    "gradient_accumulation_steps": 1,
    "early_stopping_patience": 3
  },
  "cv_metrics": {
    "epoch_mean": 5.8,
    "epoch_std": 2.2271057451320084,
    "eval_accuracy_mean": 0.7875,
    "eval_accuracy_std": 0.0637377439199098,
    "eval_auc_mean": 0.8403603190287973,
    "eval_auc_std": 0.05386308701112318,
    "eval_auprc_mean": 0.7379643964849925,
    "eval_auprc_std": 0.0631868184098724,
    "eval_f1_mean": 0.5958169934640523,
    "eval_f1_std": 0.14194513569428208,
    "eval_loss_mean": 0.4830474019050598,
    "eval_loss_std": 0.10181877936185756,
    "eval_matthews_correlation_mean": 0.5005813851336525,
    "eval_matthews_correlation_std": 0.15026302578622058,
    "eval_precision_mean": 0.765,
    "eval_precision_std": 0.16852299546352717,
    "eval_recall_mean": 0.5351010101010101,
    "eval_recall_std": 0.18733289325861385,
    "eval_runtime_mean": 0.6935,
    "eval_runtime_std": 0.001388524396616812,
    "eval_samples_per_second_mean": 57.3898,
    "eval_samples_per_second_std": 0.6489580571963018,
    "eval_steps_per_second_mean": 4.3258,
    "eval_steps_per_second_std": 0.008657944328765188
  },
  "cv_fold_metrics": [
    {
      "eval_loss": 0.46935492753982544,
      "eval_accuracy": 0.75,
      "eval_f1": 0.5555555555555556,
      "eval_precision": 0.5,
      "eval_recall": 0.625,
      "eval_auc": 0.8385416666666667,
      "eval_auprc": 0.7151881207028266,
      "eval_matthews_correlation": 0.3892494720807615,
      "eval_runtime": 0.6922,
      "eval_samples_per_second": 57.79,
      "eval_steps_per_second": 4.334,
      "epoch": 4.0
    },
    {
      "eval_loss": 0.6442536115646362,
      "eval_accuracy": 0.71875,
      "eval_f1": 0.39999999999999997,
      "eval_precision": 0.75,
      "eval_recall": 0.2727272727272727,
      "eval_auc": 0.7619047619047619,
      "eval_auprc": 0.6239091935732252,
      "eval_matthews_correlation": 0.32328707534629597,
      "eval_runtime": 0.692,
      "eval_samples_per_second": 57.8,
      "eval_steps_per_second": 4.335,
      "epoch": 5.0
    },
    {
      "eval_loss": 0.3448758125305176,
      "eval_accuracy": 0.90625,
      "eval_f1": 0.823529411764706,
      "eval_precision": 0.875,
      "eval_recall": 0.7777777777777778,
      "eval_auc": 0.9130434782608696,
      "eval_auprc": 0.7912257495590829,
      "eval_matthews_correlation": 0.7624437362098716,
      "eval_runtime": 0.6952,
      "eval_samples_per_second": 57.534,
      "eval_steps_per_second": 4.315,
      "epoch": 10.0
    },
    {
      "eval_loss": 0.5354962348937988,
      "eval_accuracy": 0.78125,
      "eval_f1": 0.5333333333333333,
      "eval_precision": 1.0,
      "eval_recall": 0.36363636363636365,
      "eval_auc": 0.8051948051948052,
      "eval_auprc": 0.7724430451703178,
      "eval_matthews_correlation": 0.5222329678670935,
      "eval_runtime": 0.693,
      "eval_samples_per_second": 57.719,
      "eval_steps_per_second": 4.329,
      "epoch": 4.0
    },
    {
      "eval_loss": 0.421256422996521,
      "eval_accuracy": 0.78125,
      "eval_f1": 0.6666666666666666,
      "eval_precision": 0.7,
      "eval_recall": 0.6363636363636364,
      "eval_auc": 0.8831168831168832,
      "eval_auprc": 0.7870558734195099,
      "eval_matthews_correlation": 0.5056936741642399,
      "eval_runtime": 0.6951,
      "eval_samples_per_second": 56.106,
      "eval_steps_per_second": 4.316,
      "epoch": 6.0
    }
  ],
  "test_metrics": {
    "eval_loss": 0.4939727187156677,
    "eval_accuracy": 0.7536764705882353,
    "eval_f1": 0.6763285024154589,
    "eval_precision": 0.8860759493670886,
    "eval_recall": 0.546875,
    "eval_auc": 0.8880208333333333,
    "eval_auprc": 0.8729382706234543,
    "eval_matthews_correlation": 0.5325688373084674,
    "eval_runtime": 5.8979,
    "eval_samples_per_second": 47.135,
    "eval_steps_per_second": 3.052,
    "epoch": 8.0
  }
}