{
  "experiment": "cross_length",
  "model_type": "lamar",
  "variant": "tapt_1024",
  "pair_name": "HNRNPC_HepG2_ENCSR550DVK",
  "pretrain_path": "/gpfs/bwfor/work/ws/fr_ml642-thesis_work/Thesis/LAMAR/src/pretrain/saving_model/tapt_1024_standard_collator/checkpoint-134000/model.safetensors",
  "max_length": 1024,
  "n_folds": 5,
  "hyperparameters": {
    "learning_rate": 5e-05,
    "per_device_train_batch_size": 16,
    "weight_decay": 0.01,
    "warmup_ratio": 0.1,
    "num_train_epochs": 10,
    "gradient_accumulation_steps": 1,
    "early_stopping_patience": 3
  },
  "cv_metrics": {
    "epoch_mean": 8.2,
    "epoch_std": 0.7483314773547883,
    "eval_accuracy_mean": 0.9314814814814815,
    "eval_accuracy_std": 0.01940030262940461,
    "eval_auc_mean": 0.9793427346157342,
    "eval_auc_std": 0.005723961535560326,
    "eval_auprc_mean": 0.9537486736157799,
    "eval_auprc_std": 0.007251733424492345,
    "eval_f1_mean": 0.8751530188248937,
    "eval_f1_std": 0.0355486681580381,
    "eval_loss_mean": 0.21946461498737335,
    "eval_loss_std": 0.056151178208643536,
    "eval_matthews_correlation_mean": 0.8323839440081973,
    "eval_matthews_correlation_std": 0.04486591011018561,
    "eval_precision_mean": 0.8986869176066969,
    "eval_precision_std": 0.06005314735475897,
    "eval_recall_mean": 0.8612925077902723,
    "eval_recall_std": 0.07716726165542295,
    "eval_runtime_mean": 7.435420000000001,
    "eval_runtime_std": 0.0019813126961688732,
    "eval_samples_per_second_mean": 58.584199999999996,
    "eval_samples_per_second_std": 0.07380894254763451,
    "eval_steps_per_second_mean": 3.7656,
    "eval_steps_per_second_std": 0.001019803902718584
  },
  "cv_fold_metrics": [
    {
      "eval_loss": 0.2802516222000122,
      "eval_accuracy": 0.9166666666666666,
      "eval_f1": 0.8317757009345794,
      "eval_precision": 0.956989247311828,
      "eval_recall": 0.7355371900826446,
      "eval_auc": 0.9797241635885308,
      "eval_auprc": 0.9460845322447708,
      "eval_matthews_correlation": 0.7895413140279781,
      "eval_runtime": 7.4335,
      "eval_samples_per_second": 58.653,
      "eval_steps_per_second": 3.767,
      "epoch": 9.0
    },
    {
      "eval_loss": 0.1376315951347351,
      "eval_accuracy": 0.9606481481481481,
      "eval_f1": 0.9317269076305222,
      "eval_precision": 0.90625,
      "eval_recall": 0.9586776859504132,
      "eval_auc": 0.988546676941883,
      "eval_auprc": 0.966130600774776,
      "eval_matthews_correlation": 0.9048208150145578,
      "eval_runtime": 7.4344,
      "eval_samples_per_second": 58.646,
      "eval_steps_per_second": 3.766,
      "epoch": 9.0
    },
    {
      "eval_loss": 0.24542874097824097,
      "eval_accuracy": 0.9328703703703703,
      "eval_f1": 0.8733624454148472,
      "eval_precision": 0.9259259259259259,
      "eval_recall": 0.8264462809917356,
      "eval_auc": 0.9744359703435996,
      "eval_auprc": 0.9574388107704374,
      "eval_matthews_correlation": 0.8303681756708667,
      "eval_runtime": 7.4363,
      "eval_samples_per_second": 58.631,
      "eval_steps_per_second": 3.765,
      "epoch": 8.0
    },
    {
      "eval_loss": 0.26541444659233093,
      "eval_accuracy": 0.9050925925925926,
      "eval_f1": 0.8452830188679246,
      "eval_precision": 0.7832167832167832,
      "eval_recall": 0.9180327868852459,
      "eval_auc": 0.972316234796404,
      "eval_auprc": 0.9485640723407852,
      "eval_matthews_correlation": 0.782554391174139,
      "eval_runtime": 7.434,
      "eval_samples_per_second": 58.515,
      "eval_steps_per_second": 3.766,
      "epoch": 8.0
    },
    {
      "eval_loss": 0.16859667003154755,
      "eval_accuracy": 0.9421296296296297,
      "eval_f1": 0.8936170212765957,
      "eval_precision": 0.9210526315789473,
      "eval_recall": 0.8677685950413223,
      "eval_auc": 0.9816906274082537,
      "eval_auprc": 0.9505253519481301,
      "eval_matthews_correlation": 0.8546350241534443,
      "eval_runtime": 7.4389,
      "eval_samples_per_second": 58.476,
      "eval_steps_per_second": 3.764,
      "epoch": 7.0
    }
  ],
  "test_metrics": {
    "eval_loss": 0.7085384130477905,
    "eval_accuracy": 0.777317880794702,
    "eval_f1": 0.7039075399009357,
    "eval_precision": 0.9573353293413174,
    "eval_recall": 0.5565709312445605,
    "eval_auc": 0.9376122677624343,
    "eval_auprc": 0.924691144424436,
    "eval_matthews_correlation": 0.5963388871403623,
    "eval_runtime": 83.0352,
    "eval_samples_per_second": 58.313,
    "eval_steps_per_second": 3.649,
    "epoch": 9.0
  }
}