{
  "experiment": "cross_cell",
  "model_type": "dnabert2",
  "variant": "pretrained",
  "pair_name": "SND1_train_K562_test_HepG2_fixlen_101",
  "max_length": 128,
  "n_folds": 5,
  "hyperparameters": {
    "learning_rate": 5e-05,
    "per_device_train_batch_size": 16,
    "weight_decay": 0.01,
    "warmup_ratio": 0.1,
    "num_train_epochs": 10,
    "gradient_accumulation_steps": 1,
    "early_stopping_patience": 3
  },
  "cv_metrics": {
    "epoch_mean": 7.4,
    "epoch_std": 1.7435595774162693,
    "eval_accuracy_mean": 0.8923789211144328,
    "eval_accuracy_std": 0.018326528590633936,
    "eval_auc_mean": 0.9552009480293746,
    "eval_auc_std": 0.010734569212853066,
    "eval_auprc_mean": 0.9169423393560413,
    "eval_auprc_std": 0.018559751879295695,
    "eval_f1_mean": 0.8874055865528087,
    "eval_f1_std": 0.01831255727481123,
    "eval_loss_mean": 0.4373868465423584,
    "eval_loss_std": 0.11653213394394513,
    "eval_matthews_correlation_mean": 0.7778098791699836,
    "eval_matthews_correlation_std": 0.034281515120361296,
    "eval_precision_mean": 0.8832597549804492,
    "eval_precision_std": 0.01896596674918266,
    "eval_recall_mean": 0.8946513242653769,
    "eval_recall_std": 0.015414595408141555,
    "eval_runtime_mean": 0.6201000000000001,
    "eval_runtime_std": 0.0032453043000618804,
    "eval_samples_per_second_mean": 1336.6044000000002,
    "eval_samples_per_second_std": 7.414736370229225,
    "eval_steps_per_second_mean": 83.86019999999999,
    "eval_steps_per_second_std": 0.4412624615804063
  },
  "cv_fold_metrics": [
    {
      "eval_loss": 0.5548722743988037,
      "eval_accuracy": 0.8600723763570567,
      "eval_f1": 0.8552706038167479,
      "eval_matthews_correlation": 0.7182995780179852,
      "eval_precision": 0.8504024596065102,
      "eval_recall": 0.8681154838069731,
      "eval_auc": 0.9383307295541338,
      "eval_auprc": 0.8831186929590255,
      "eval_runtime": 0.6161,
      "eval_samples_per_second": 1345.641,
      "eval_steps_per_second": 84.407,
      "epoch": 8.0
    },
    {
      "eval_loss": 0.33331847190856934,
      "eval_accuracy": 0.8866103739445115,
      "eval_f1": 0.8811944285208991,
      "eval_matthews_correlation": 0.7645854469194657,
      "eval_precision": 0.8765517863587152,
      "eval_recall": 0.888121187323315,
      "eval_auc": 0.9481723949809057,
      "eval_auprc": 0.9146292653010759,
      "eval_runtime": 0.6164,
      "eval_samples_per_second": 1344.905,
      "eval_steps_per_second": 84.361,
      "epoch": 6.0
    },
    {
      "eval_loss": 0.27028945088386536,
      "eval_accuracy": 0.8962605548854041,
      "eval_f1": 0.8916504559270517,
      "eval_matthews_correlation": 0.7865626583092719,
      "eval_precision": 0.8863796838162257,
      "eval_recall": 0.9003062540296582,
      "eval_auc": 0.958351931756187,
      "eval_auprc": 0.9204763564583079,
      "eval_runtime": 0.6213,
      "eval_samples_per_second": 1334.314,
      "eval_steps_per_second": 83.696,
      "epoch": 5.0
    },
    {
      "eval_loss": 0.4721837341785431,
      "eval_accuracy": 0.9083232810615199,
      "eval_f1": 0.9027175591377926,
      "eval_matthews_correlation": 0.8055409581305333,
      "eval_precision": 0.9012880158525027,
      "eval_recall": 0.9042584188860785,
      "eval_auc": 0.9626605663839706,
      "eval_auprc": 0.9294374348521103,
      "eval_runtime": 0.6229,
      "eval_samples_per_second": 1330.796,
      "eval_steps_per_second": 83.476,
      "epoch": 8.0
    },
    {
      "eval_loss": 0.5562703013420105,
      "eval_accuracy": 0.9106280193236715,
      "eval_f1": 0.906194885361552,
      "eval_matthews_correlation": 0.8140607544726617,
      "eval_precision": 0.9016768292682926,
      "eval_recall": 0.9124552772808587,
      "eval_auc": 0.9684891174716757,
      "eval_auprc": 0.9370499472096868,
      "eval_runtime": 0.6238,
      "eval_samples_per_second": 1327.366,
      "eval_steps_per_second": 83.361,
      "epoch": 10.0
    }
  ],
  "test_metrics": {
    "eval_loss": 0.5162583589553833,
    "eval_accuracy": 0.8895184135977338,
    "eval_f1": 0.8867876869089728,
    "eval_matthews_correlation": 0.7739136936077474,
    "eval_precision": 0.8852976382772516,
    "eval_recall": 0.8886232003858019,
    "eval_auc": 0.9544716272575711,
    "eval_auprc": 0.9226740854557567,
    "eval_runtime": 4.7671,
    "eval_samples_per_second": 1258.846,
    "eval_steps_per_second": 78.875,
    "epoch": 8.0
  }
}