{
  "experiment": "cross_length",
  "model_type": "lamar",
  "variant": "tapt_1024",
  "pair_name": "HNRNPC_K562_ENCSR249ROI",
  "pretrain_path": "/gpfs/bwfor/work/ws/fr_ml642-thesis_work/Thesis/LAMAR/src/pretrain/saving_model/tapt_1024_standard_collator/checkpoint-134000/model.safetensors",
  "max_length": 1024,
  "n_folds": 5,
  "hyperparameters": {
    "learning_rate": 5e-05,
    "per_device_train_batch_size": 16,
    "weight_decay": 0.01,
    "warmup_ratio": 0.1,
    "num_train_epochs": 10,
    "gradient_accumulation_steps": 1,
    "early_stopping_patience": 3
  },
  "cv_metrics": {
    "epoch_mean": 8.2,
    "epoch_std": 1.6,
    "eval_accuracy_mean": 0.8791666666666668,
    "eval_accuracy_std": 0.062360956446232345,
    "eval_auc_mean": 0.9679646335868168,
    "eval_auc_std": 0.023067523904877044,
    "eval_auprc_mean": 0.947395477684965,
    "eval_auprc_std": 0.03516339666343468,
    "eval_f1_mean": 0.8278473658818746,
    "eval_f1_std": 0.07918798559195374,
    "eval_loss_mean": 0.33550132624804974,
    "eval_loss_std": 0.23936488177706725,
    "eval_matthews_correlation_mean": 0.7483671391900233,
    "eval_matthews_correlation_std": 0.11941110799369922,
    "eval_precision_mean": 0.8207692307692307,
    "eval_precision_std": 0.1378676723131044,
    "eval_recall_mean": 0.8566666666666667,
    "eval_recall_std": 0.0974180567337379,
    "eval_runtime_mean": 1.0365,
    "eval_runtime_std": 0.0015139352694220132,
    "eval_samples_per_second_mean": 54.2216,
    "eval_samples_per_second_std": 0.4621950237724326,
    "eval_steps_per_second_mean": 3.8590000000000004,
    "eval_steps_per_second_std": 0.0059329587896765805
  },
  "cv_fold_metrics": [
    {
      "eval_loss": 0.220342218875885,
      "eval_accuracy": 0.8958333333333334,
      "eval_f1": 0.8387096774193549,
      "eval_precision": 0.8666666666666667,
      "eval_recall": 0.8125,
      "eval_auc": 0.970703125,
      "eval_auprc": 0.9459729050189577,
      "eval_matthews_correlation": 0.7627700713964738,
      "eval_runtime": 1.0337,
      "eval_samples_per_second": 55.144,
      "eval_steps_per_second": 3.87,
      "epoch": 8.0
    },
    {
      "eval_loss": 0.24068088829517365,
      "eval_accuracy": 0.8958333333333334,
      "eval_f1": 0.8148148148148148,
      "eval_precision": 0.9166666666666666,
      "eval_recall": 0.7333333333333333,
      "eval_auc": 0.9777777777777777,
      "eval_auprc": 0.955001665001665,
      "eval_matthews_correlation": 0.7525489793561388,
      "eval_runtime": 1.0367,
      "eval_samples_per_second": 54.016,
      "eval_steps_per_second": 3.858,
      "epoch": 6.0
    },
    {
      "eval_loss": 0.4762486517429352,
      "eval_accuracy": 0.8125,
      "eval_f1": 0.7906976744186047,
      "eval_precision": 0.6538461538461539,
      "eval_recall": 1.0,
      "eval_auc": 0.9620493358633776,
      "eval_auprc": 0.946524962926347,
      "eval_matthews_correlation": 0.6811900257025386,
      "eval_runtime": 1.0383,
      "eval_samples_per_second": 53.933,
      "eval_steps_per_second": 3.852,
      "epoch": 7.0
    },
    {
      "eval_loss": 0.022253355011343956,
      "eval_accuracy": 0.9791666666666666,
      "eval_f1": 0.967741935483871,
      "eval_precision": 1.0,
      "eval_recall": 0.9375,
      "eval_auc": 1.0,
      "eval_auprc": 1.0,
      "eval_matthews_correlation": 0.9534625892455922,
      "eval_runtime": 1.0368,
      "eval_samples_per_second": 54.013,
      "eval_steps_per_second": 3.858,
      "epoch": 10.0
    },
    {
      "eval_loss": 0.7179815173149109,
      "eval_accuracy": 0.8125,
      "eval_f1": 0.7272727272727272,
      "eval_precision": 0.6666666666666666,
      "eval_recall": 0.8,
      "eval_auc": 0.9292929292929294,
      "eval_auprc": 0.8894778554778555,
      "eval_matthews_correlation": 0.5918640302493726,
      "eval_runtime": 1.037,
      "eval_samples_per_second": 54.002,
      "eval_steps_per_second": 3.857,
      "epoch": 10.0
    }
  ],
  "test_metrics": {
    "eval_loss": 0.6778723001480103,
    "eval_accuracy": 0.7102272727272727,
    "eval_f1": 0.5767634854771784,
    "eval_precision": 0.9652777777777778,
    "eval_recall": 0.41124260355029585,
    "eval_auc": 0.9490897920910532,
    "eval_auprc": 0.9312797749181216,
    "eval_matthews_correlation": 0.4924358849158678,
    "eval_runtime": 15.2071,
    "eval_samples_per_second": 46.426,
    "eval_steps_per_second": 2.959,
    "epoch": 6.0
  }
}