{
  "experiment": "cross_length",
  "model_type": "lamar",
  "variant": "tapt_1024",
  "pair_name": "FUS_HepG2_ENCSR464OSH",
  "pretrain_path": "/gpfs/bwfor/work/ws/fr_ml642-thesis_work/Thesis/LAMAR/src/pretrain/saving_model/tapt_1024_standard_collator/checkpoint-134000/model.safetensors",
  "max_length": 1024,
  "n_folds": 5,
  "hyperparameters": {
    "learning_rate": 5e-05,
    "per_device_train_batch_size": 16,
    "weight_decay": 0.01,
    "warmup_ratio": 0.1,
    "num_train_epochs": 10,
    "gradient_accumulation_steps": 1,
    "early_stopping_patience": 3
  },
  "cv_metrics": {
    "epoch_mean": 7.2,
    "epoch_std": 1.9390719429665317,
    "eval_accuracy_mean": 0.8625,
    "eval_accuracy_std": 0.020198666072568018,
    "eval_auc_mean": 0.922747130815934,
    "eval_auc_std": 0.01584374714516943,
    "eval_auprc_mean": 0.8709037753787463,
    "eval_auprc_std": 0.0485761893114412,
    "eval_f1_mean": 0.8019800602218441,
    "eval_f1_std": 0.026424425655369507,
    "eval_loss_mean": 0.3732378602027893,
    "eval_loss_std": 0.043903965379429054,
    "eval_matthews_correlation_mean": 0.7030754121667568,
    "eval_matthews_correlation_std": 0.03865888397629849,
    "eval_precision_mean": 0.8078692681233516,
    "eval_precision_std": 0.07880836048327085,
    "eval_recall_mean": 0.8078396358543418,
    "eval_recall_std": 0.0657302777512426,
    "eval_runtime_mean": 2.0752800000000002,
    "eval_runtime_std": 0.0012843675486401954,
    "eval_samples_per_second_mean": 53.487,
    "eval_samples_per_second_std": 0.03357379930838997,
    "eval_steps_per_second_mean": 3.3731999999999998,
    "eval_steps_per_second_std": 0.00213541565040621
  },
  "cv_fold_metrics": [
    {
      "eval_loss": 0.36231300234794617,
      "eval_accuracy": 0.875,
      "eval_f1": 0.7931034482758621,
      "eval_precision": 0.8846153846153846,
      "eval_recall": 0.71875,
      "eval_auc": 0.9453125,
      "eval_auprc": 0.8821127063518107,
      "eval_matthews_correlation": 0.7127180599416806,
      "eval_runtime": 2.0737,
      "eval_samples_per_second": 53.528,
      "eval_steps_per_second": 3.376,
      "epoch": 4.0
    },
    {
      "eval_loss": 0.43768754601478577,
      "eval_accuracy": 0.8333333333333334,
      "eval_f1": 0.7647058823529413,
      "eval_precision": 0.6842105263157895,
      "eval_recall": 0.8666666666666667,
      "eval_auc": 0.896969696969697,
      "eval_auprc": 0.7749739869068111,
      "eval_matthews_correlation": 0.6491144831808963,
      "eval_runtime": 2.0741,
      "eval_samples_per_second": 53.518,
      "eval_steps_per_second": 3.375,
      "epoch": 7.0
    },
    {
      "eval_loss": 0.4096139371395111,
      "eval_accuracy": 0.84375,
      "eval_f1": 0.7945205479452055,
      "eval_precision": 0.7631578947368421,
      "eval_recall": 0.8285714285714286,
      "eval_auc": 0.9166276346604215,
      "eval_auprc": 0.9031114404426828,
      "eval_matthews_correlation": 0.670285264115132,
      "eval_runtime": 2.0773,
      "eval_samples_per_second": 53.434,
      "eval_steps_per_second": 3.37,
      "epoch": 10.0
    },
    {
      "eval_loss": 0.3287181258201599,
      "eval_accuracy": 0.8854166666666666,
      "eval_f1": 0.8450704225352113,
      "eval_precision": 0.8108108108108109,
      "eval_recall": 0.8823529411764706,
      "eval_auc": 0.9278937381404174,
      "eval_auprc": 0.8919683097923261,
      "eval_matthews_correlation": 0.7561164362711243,
      "eval_runtime": 2.0756,
      "eval_samples_per_second": 53.479,
      "eval_steps_per_second": 3.373,
      "epoch": 8.0
    },
    {
      "eval_loss": 0.3278566896915436,
      "eval_accuracy": 0.875,
      "eval_f1": 0.8125,
      "eval_precision": 0.896551724137931,
      "eval_recall": 0.7428571428571429,
      "eval_auc": 0.9269320843091334,
      "eval_auprc": 0.9023524334001009,
      "eval_matthews_correlation": 0.7271428173249503,
      "eval_runtime": 2.0757,
      "eval_samples_per_second": 53.476,
      "eval_steps_per_second": 3.372,
      "epoch": 7.0
    }
  ],
  "test_metrics": {
    "eval_loss": 0.4491206407546997,
    "eval_accuracy": 0.8125,
    "eval_f1": 0.8197718631178706,
    "eval_precision": 0.7667140825035562,
    "eval_recall": 0.880718954248366,
    "eval_auc": 0.9018455030273869,
    "eval_auprc": 0.8906836851506248,
    "eval_matthews_correlation": 0.6328764310447036,
    "eval_runtime": 27.3841,
    "eval_samples_per_second": 46.669,
    "eval_steps_per_second": 2.921,
    "epoch": 9.0
  }
}