{
  "experiment": "rbp",
  "model_type": "dnabert2",
  "variant": "dnabert2_pretrained",
  "rbp_name": "QKI_K562_IDR",
  "weights_path": "zhihan1996/DNABERT-2-117M",
  "max_length": 512,
  "n_folds": 5,
  "hyperparameters": {
    "learning_rate": 5e-05,
    "per_device_train_batch_size": 16,
    "weight_decay": 0.01,
    "warmup_ratio": 0.1,
    "num_train_epochs": 10,
    "gradient_accumulation_steps": 1,
    "early_stopping_patience": 3
  },
  "cv_metrics": {
    "epoch_mean": 5.8,
    "epoch_std": 0.9797958971132712,
    "eval_accuracy_mean": 0.9381375156944947,
    "eval_accuracy_std": 0.00971479308320179,
    "eval_auc_mean": 0.9797159297163993,
    "eval_auc_std": 0.007344923370926716,
    "eval_auprc_mean": 0.9827657032827029,
    "eval_auprc_std": 0.004158871144492519,
    "eval_f1_mean": 0.9389976729706936,
    "eval_f1_std": 0.009221918632768129,
    "eval_loss_mean": 0.22637489140033723,
    "eval_loss_std": 0.006710710975384568,
    "eval_matthews_correlation_mean": 0.8768472753527561,
    "eval_matthews_correlation_std": 0.01900368738610246,
    "eval_precision_mean": 0.9275711610277357,
    "eval_precision_std": 0.0177569104256576,
    "eval_recall_mean": 0.9510016537943498,
    "eval_recall_std": 0.010626630446936033,
    "eval_runtime_mean": 0.3374,
    "eval_runtime_std": 0.0030835044997534807,
    "eval_samples_per_second_mean": 2031.7174,
    "eval_samples_per_second_std": 17.6642285945353,
    "eval_steps_per_second_mean": 127.4644,
    "eval_steps_per_second_std": 1.1606895536705717
  },
  "cv_fold_metrics": [
    {
      "eval_loss": 0.2266225963830948,
      "eval_accuracy": 0.9402332361516035,
      "eval_f1": 0.9406657018813314,
      "eval_precision": 0.9339080459770115,
      "eval_recall": 0.9475218658892128,
      "eval_matthews_correlation": 0.8805600352339571,
      "eval_auc": 0.9825497879284991,
      "eval_auprc": 0.9837301106366055,
      "eval_runtime": 0.3434,
      "eval_samples_per_second": 1997.476,
      "eval_steps_per_second": 125.206,
      "epoch": 6.0
    },
    {
      "eval_loss": 0.2153167724609375,
      "eval_accuracy": 0.9387755102040817,
      "eval_f1": 0.9393063583815029,
      "eval_precision": 0.9312320916905444,
      "eval_recall": 0.9475218658892128,
      "eval_matthews_correlation": 0.8776853143196749,
      "eval_auc": 0.9801783270576035,
      "eval_auprc": 0.980875264503806,
      "eval_runtime": 0.336,
      "eval_samples_per_second": 2041.926,
      "eval_steps_per_second": 127.992,
      "epoch": 6.0
    },
    {
      "eval_loss": 0.2258007675409317,
      "eval_accuracy": 0.927007299270073,
      "eval_f1": 0.9277456647398844,
      "eval_precision": 0.9197707736389685,
      "eval_recall": 0.9358600583090378,
      "eval_matthews_correlation": 0.8541416345297086,
      "eval_auc": 0.965517535334936,
      "eval_auprc": 0.9757414788127052,
      "eval_runtime": 0.3371,
      "eval_samples_per_second": 2032.304,
      "eval_steps_per_second": 127.575,
      "epoch": 4.0
    },
    {
      "eval_loss": 0.22772599756717682,
      "eval_accuracy": 0.9547445255474453,
      "eval_f1": 0.9548762736535662,
      "eval_precision": 0.9534883720930233,
      "eval_recall": 0.956268221574344,
      "eval_matthews_correlation": 0.9094923490377785,
      "eval_auc": 0.9846810904813054,
      "eval_auprc": 0.9874599250553021,
      "eval_runtime": 0.3349,
      "eval_samples_per_second": 2045.469,
      "eval_steps_per_second": 128.402,
      "epoch": 7.0
    },
    {
      "eval_loss": 0.2364083230495453,
      "eval_accuracy": 0.92992700729927,
      "eval_f1": 0.9323943661971831,
      "eval_precision": 0.8994565217391305,
      "eval_recall": 0.9678362573099415,
      "eval_matthews_correlation": 0.8623570436426614,
      "eval_auc": 0.9856529077796532,
      "eval_auprc": 0.9860217374050956,
      "eval_runtime": 0.3356,
      "eval_samples_per_second": 2041.412,
      "eval_steps_per_second": 128.147,
      "epoch": 6.0
    }
  ],
  "test_metrics": {
    "eval_loss": 0.2400216907262802,
    "eval_accuracy": 0.943801652892562,
    "eval_f1": 0.9431438127090301,
    "eval_precision": 0.9527027027027027,
    "eval_recall": 0.9337748344370861,
    "eval_matthews_correlation": 0.8877739754029682,
    "eval_auc": 0.9709745809017988,
    "eval_auprc": 0.9745829424038325,
    "eval_runtime": 0.2975,
    "eval_samples_per_second": 2033.943,
    "eval_steps_per_second": 127.752,
    "epoch": 5.0
  }
}