{
  "experiment": "cross_length",
  "model_type": "lamar",
  "variant": "tapt_1024",
  "pair_name": "DEK_HepG2_ENCSR332LFL",
  "pretrain_path": "/gpfs/bwfor/work/ws/fr_ml642-thesis_work/Thesis/LAMAR/src/pretrain/saving_model/tapt_1024_standard_collator/checkpoint-134000/model.safetensors",
  "max_length": 1024,
  "n_folds": 5,
  "hyperparameters": {
    "learning_rate": 5e-05,
    "per_device_train_batch_size": 16,
    "weight_decay": 0.01,
    "warmup_ratio": 0.1,
    "num_train_epochs": 10,
    "gradient_accumulation_steps": 1,
    "early_stopping_patience": 3
  },
  "cv_metrics": {
    "epoch_mean": 6.4,
    "epoch_std": 1.4966629547095764,
    "eval_accuracy_mean": 0.6375,
    "eval_accuracy_std": 0.09185586535436917,
    "eval_auc_mean": 0.7316161616161616,
    "eval_auc_std": 0.1280191356474859,
    "eval_auprc_mean": 0.6495993820993821,
    "eval_auprc_std": 0.18767039595596896,
    "eval_f1_mean": 0.2526984126984127,
    "eval_f1_std": 0.14899140207970388,
    "eval_loss_mean": 0.6495189428329468,
    "eval_loss_std": 0.10520250025333376,
    "eval_matthews_correlation_mean": 0.15916088130146222,
    "eval_matthews_correlation_std": 0.2745951706437913,
    "eval_precision_mean": 0.65,
    "eval_precision_std": 0.43588989435406733,
    "eval_recall_mean": 0.1638095238095238,
    "eval_recall_std": 0.09275818903284529,
    "eval_runtime_mean": 0.28922,
    "eval_runtime_std": 0.015390828437741753,
    "eval_samples_per_second_mean": 87.2916,
    "eval_samples_per_second_std": 3.0246871309277616,
    "eval_steps_per_second_mean": 6.933199999999999,
    "eval_steps_per_second_std": 0.34212126505085905
  },
  "cv_fold_metrics": [
    {
      "eval_loss": 0.6927094459533691,
      "eval_accuracy": 0.5,
      "eval_f1": 0.2,
      "eval_precision": 0.25,
      "eval_recall": 0.16666666666666666,
      "eval_auc": 0.6333333333333333,
      "eval_auprc": 0.4771524771524772,
      "eval_matthews_correlation": -0.14907119849998599,
      "eval_runtime": 0.32,
      "eval_samples_per_second": 81.243,
      "eval_steps_per_second": 6.249,
      "epoch": 8.0
    },
    {
      "eval_loss": 0.6167470812797546,
      "eval_accuracy": 0.5625,
      "eval_f1": 0.0,
      "eval_precision": 0.0,
      "eval_recall": 0.0,
      "eval_auc": 0.65,
      "eval_auprc": 0.4723905723905724,
      "eval_matthews_correlation": -0.2,
      "eval_runtime": 0.2815,
      "eval_samples_per_second": 88.818,
      "eval_steps_per_second": 7.105,
      "epoch": 4.0
    },
    {
      "eval_loss": 0.47804802656173706,
      "eval_accuracy": 0.75,
      "eval_f1": 0.33333333333333337,
      "eval_precision": 1.0,
      "eval_recall": 0.2,
      "eval_auc": 0.9636363636363636,
      "eval_auprc": 0.9428571428571428,
      "eval_matthews_correlation": 0.38297084310253526,
      "eval_runtime": 0.2815,
      "eval_samples_per_second": 88.804,
      "eval_steps_per_second": 7.104,
      "epoch": 6.0
    },
    {
      "eval_loss": 0.8008519411087036,
      "eval_accuracy": 0.6875,
      "eval_f1": 0.4444444444444445,
      "eval_precision": 1.0,
      "eval_recall": 0.2857142857142857,
      "eval_auc": 0.7777777777777778,
      "eval_auprc": 0.7947802197802198,
      "eval_matthews_correlation": 0.42857142857142855,
      "eval_runtime": 0.2813,
      "eval_samples_per_second": 88.872,
      "eval_steps_per_second": 7.11,
      "epoch": 8.0
    },
    {
      "eval_loss": 0.6592382192611694,
      "eval_accuracy": 0.6875,
      "eval_f1": 0.2857142857142857,
      "eval_precision": 1.0,
      "eval_recall": 0.16666666666666666,
      "eval_auc": 0.6333333333333333,
      "eval_auprc": 0.5608164983164983,
      "eval_matthews_correlation": 0.3333333333333333,
      "eval_runtime": 0.2818,
      "eval_samples_per_second": 88.721,
      "eval_steps_per_second": 7.098,
      "epoch": 6.0
    }
  ],
  "test_metrics": {
    "eval_loss": 0.6991413235664368,
    "eval_accuracy": 0.5570652173913043,
    "eval_f1": 0.30638297872340425,
    "eval_precision": 0.6206896551724138,
    "eval_recall": 0.2033898305084746,
    "eval_auc": 0.6634424823261454,
    "eval_auprc": 0.6278413543009298,
    "eval_matthews_correlation": 0.12095100424328036,
    "eval_runtime": 6.3514,
    "eval_samples_per_second": 59.672,
    "eval_steps_per_second": 3.779,
    "epoch": 10.0
  }
}