{
  "experiment": "cross_cell",
  "model_type": "lamar",
  "variant": "tapt_1024",
  "pair_name": "SND1_train_K562_test_HepG2_fixlen_101",
  "pretrain_path": "/gpfs/bwfor/work/ws/fr_ml642-thesis_work/Thesis/LAMAR/src/pretrain/saving_model/tapt_1024_standard_collator/checkpoint-134000/model.safetensors",
  "max_length": 1024,
  "n_folds": 5,
  "hyperparameters": {
    "learning_rate": 5e-05,
    "per_device_train_batch_size": 16,
    "weight_decay": 0.01,
    "warmup_ratio": 0.1,
    "num_train_epochs": 10,
    "gradient_accumulation_steps": 1,
    "early_stopping_patience": 3
  },
  "cv_metrics": {
    "epoch_mean": 9.2,
    "epoch_std": 1.1661903789690602,
    "eval_accuracy_mean": 0.7960784313725491,
    "eval_accuracy_std": 0.009190359440810156,
    "eval_auc_mean": 0.879441940310248,
    "eval_auc_std": 0.009698846863902356,
    "eval_auprc_mean": 0.8108802110647273,
    "eval_auprc_std": 0.013499004650652796,
    "eval_f1_mean": 0.7322347582596537,
    "eval_f1_std": 0.01813727420518174,
    "eval_loss_mean": 0.5097044289112092,
    "eval_loss_std": 0.07489245960096742,
    "eval_matthews_correlation_mean": 0.5697323131792013,
    "eval_matthews_correlation_std": 0.024227395237735202,
    "eval_precision_mean": 0.7256950542180681,
    "eval_precision_std": 0.023766360687034322,
    "eval_recall_mean": 0.7421436155798764,
    "eval_recall_std": 0.051349866103233,
    "eval_runtime_mean": 14.042159999999999,
    "eval_runtime_std": 0.0030506392772662533,
    "eval_samples_per_second_mean": 59.022400000000005,
    "eval_samples_per_second_std": 0.029493050028777612,
    "eval_steps_per_second_mean": 3.7032000000000003,
    "eval_steps_per_second_std": 0.0007483314773548958
  },
  "cv_fold_metrics": [
    {
      "eval_loss": 0.5301505923271179,
      "eval_accuracy": 0.7843137254901961,
      "eval_f1": 0.7066666666666667,
      "eval_precision": 0.7235494880546075,
      "eval_recall": 0.6905537459283387,
      "eval_auc": 0.8698284302746011,
      "eval_auprc": 0.7913476435188942,
      "eval_matthews_correlation": 0.5366360409282407,
      "eval_runtime": 14.0481,
      "eval_samples_per_second": 59.012,
      "eval_steps_per_second": 3.702,
      "epoch": 9.0
    },
    {
      "eval_loss": 0.5522930026054382,
      "eval_accuracy": 0.7855392156862745,
      "eval_f1": 0.7235387045813586,
      "eval_precision": 0.7024539877300614,
      "eval_recall": 0.745928338762215,
      "eval_auc": 0.8678189974594114,
      "eval_auprc": 0.7989072560476035,
      "eval_matthews_correlation": 0.5492812011887597,
      "eval_runtime": 14.0407,
      "eval_samples_per_second": 59.043,
      "eval_steps_per_second": 3.704,
      "epoch": 10.0
    },
    {
      "eval_loss": 0.6152554154396057,
      "eval_accuracy": 0.8051470588235294,
      "eval_f1": 0.7423014586709887,
      "eval_precision": 0.745928338762215,
      "eval_recall": 0.7387096774193549,
      "eval_auc": 0.8819711844957286,
      "eval_auprc": 0.827203881436514,
      "eval_matthews_correlation": 0.5856750648134448,
      "eval_runtime": 14.0412,
      "eval_samples_per_second": 59.04,
      "eval_steps_per_second": 3.703,
      "epoch": 10.0
    },
    {
      "eval_loss": 0.41022956371307373,
      "eval_accuracy": 0.803921568627451,
      "eval_f1": 0.7604790419161677,
      "eval_precision": 0.6978021978021978,
      "eval_recall": 0.8355263157894737,
      "eval_auc": 0.8943385074013158,
      "eval_auprc": 0.8199771673115878,
      "eval_matthews_correlation": 0.6037003252307676,
      "eval_runtime": 14.0394,
      "eval_samples_per_second": 59.048,
      "eval_steps_per_second": 3.704,
      "epoch": 7.0
    },
    {
      "eval_loss": 0.44059357047080994,
      "eval_accuracy": 0.8014705882352942,
      "eval_f1": 0.7281879194630871,
      "eval_precision": 0.7587412587412588,
      "eval_recall": 0.7,
      "eval_auc": 0.8832525819201836,
      "eval_auprc": 0.8169651070090377,
      "eval_matthews_correlation": 0.5733689337347938,
      "eval_runtime": 14.0414,
      "eval_samples_per_second": 58.969,
      "eval_steps_per_second": 3.703,
      "epoch": 10.0
    }
  ],
  "test_metrics": {
    "eval_loss": 0.4530990421772003,
    "eval_accuracy": 0.8055,
    "eval_f1": 0.7502674941151294,
    "eval_precision": 0.8044974759063791,
    "eval_recall": 0.7028869286287089,
    "eval_auc": 0.889302609205619,
    "eval_auprc": 0.838842630722545,
    "eval_matthews_correlation": 0.5957963460519,
    "eval_runtime": 103.149,
    "eval_samples_per_second": 58.178,
    "eval_steps_per_second": 3.645,
    "epoch": 9.0
  }
}