{
  "experiment": "cross_length",
  "model_type": "lamar",
  "variant": "tapt_1024",
  "pair_name": "HNRNPK_K562_ENCSR268ETU",
  "pretrain_path": "/gpfs/bwfor/work/ws/fr_ml642-thesis_work/Thesis/LAMAR/src/pretrain/saving_model/tapt_1024_standard_collator/checkpoint-134000/model.safetensors",
  "max_length": 1024,
  "n_folds": 5,
  "hyperparameters": {
    "learning_rate": 5e-05,
    "per_device_train_batch_size": 16,
    "weight_decay": 0.01,
    "warmup_ratio": 0.1,
    "num_train_epochs": 10,
    "gradient_accumulation_steps": 1,
    "early_stopping_patience": 3
  },
  "cv_metrics": {
    "epoch_mean": 7.8,
    "epoch_std": 1.469693845669907,
    "eval_accuracy_mean": 0.9087500000000001,
    "eval_accuracy_std": 0.02178652743733561,
    "eval_auc_mean": 0.9696665557151825,
    "eval_auc_std": 0.005014272798815858,
    "eval_auprc_mean": 0.9344628740801448,
    "eval_auprc_std": 0.020159076566043172,
    "eval_f1_mean": 0.8682218517715261,
    "eval_f1_std": 0.025420082812903526,
    "eval_loss_mean": 0.25010802745819094,
    "eval_loss_std": 0.054382322682282165,
    "eval_matthews_correlation_mean": 0.8020487694064574,
    "eval_matthews_correlation_std": 0.03945827260240682,
    "eval_precision_mean": 0.8515997370309206,
    "eval_precision_std": 0.06050027227328571,
    "eval_recall_mean": 0.8907880070138432,
    "eval_recall_std": 0.04059604511736923,
    "eval_runtime_mean": 8.29258,
    "eval_runtime_std": 0.0036504246328332907,
    "eval_samples_per_second_mean": 59.161199999999994,
    "eval_samples_per_second_std": 0.037605318772749294,
    "eval_steps_per_second_mean": 3.7380000000000004,
    "eval_steps_per_second_std": 0.0017888543819998333
  },
  "cv_fold_metrics": [
    {
      "eval_loss": 0.22334887087345123,
      "eval_accuracy": 0.9145833333333333,
      "eval_f1": 0.871473354231975,
      "eval_precision": 0.86875,
      "eval_recall": 0.8742138364779874,
      "eval_auc": 0.9674562589392426,
      "eval_auprc": 0.9194258185760545,
      "eval_matthews_correlation": 0.807520636614058,
      "eval_runtime": 8.2967,
      "eval_samples_per_second": 59.18,
      "eval_steps_per_second": 3.736,
      "epoch": 9.0
    },
    {
      "eval_loss": 0.20373700559139252,
      "eval_accuracy": 0.9354166666666667,
      "eval_f1": 0.9063444108761328,
      "eval_precision": 0.8771929824561403,
      "eval_recall": 0.9375,
      "eval_auc": 0.97703125,
      "eval_auprc": 0.9606230080185237,
      "eval_matthews_correlation": 0.8582462421481796,
      "eval_runtime": 8.2922,
      "eval_samples_per_second": 59.212,
      "eval_steps_per_second": 3.738,
      "epoch": 9.0
    },
    {
      "eval_loss": 0.2791815400123596,
      "eval_accuracy": 0.9020833333333333,
      "eval_f1": 0.8571428571428571,
      "eval_precision": 0.844311377245509,
      "eval_recall": 0.8703703703703703,
      "eval_auc": 0.9665152573957605,
      "eval_auprc": 0.9338792637142548,
      "eval_matthews_correlation": 0.7828933291702249,
      "eval_runtime": 8.2968,
      "eval_samples_per_second": 59.179,
      "eval_steps_per_second": 3.736,
      "epoch": 6.0
    },
    {
      "eval_loss": 0.20105507969856262,
      "eval_accuracy": 0.9208333333333333,
      "eval_f1": 0.8774193548387096,
      "eval_precision": 0.9251700680272109,
      "eval_recall": 0.8343558282208589,
      "eval_auc": 0.9738925122409088,
      "eval_auprc": 0.9522755510923395,
      "eval_matthews_correlation": 0.8215719150959244,
      "eval_runtime": 8.2885,
      "eval_samples_per_second": 59.118,
      "eval_steps_per_second": 3.74,
      "epoch": 6.0
    },
    {
      "eval_loss": 0.3432176411151886,
      "eval_accuracy": 0.8708333333333333,
      "eval_f1": 0.8287292817679558,
      "eval_precision": 0.7425742574257426,
      "eval_recall": 0.9375,
      "eval_auc": 0.9634375,
      "eval_auprc": 0.9061107289995518,
      "eval_matthews_correlation": 0.7400117240038998,
      "eval_runtime": 8.2887,
      "eval_samples_per_second": 59.117,
      "eval_steps_per_second": 3.74,
      "epoch": 9.0
    }
  ],
  "test_metrics": {
    "eval_loss": 0.26266947388648987,
    "eval_accuracy": 0.8920200892857143,
    "eval_f1": 0.8794016827672172,
    "eval_precision": 0.9301252471984179,
    "eval_recall": 0.8339243498817966,
    "eval_auc": 0.9602272727272728,
    "eval_auprc": 0.9571810306226962,
    "eval_matthews_correlation": 0.7859970547135587,
    "eval_runtime": 61.8428,
    "eval_samples_per_second": 58.196,
    "eval_steps_per_second": 3.638,
    "epoch": 8.0
  }
}