{
  "experiment": "cross_cell",
  "model_type": "lamar",
  "variant": "pretrained",
  "pair_name": "DDX6_train_K562_test_HepG2_fixlen_101",
  "pretrain_path": "/gpfs/bwfor/work/ws/fr_ml642-thesis_work/Thesis/LAMAR/weights",
  "max_length": 1024,
  "n_folds": 5,
  "hyperparameters": {
    "learning_rate": 5e-05,
    "per_device_train_batch_size": 16,
    "weight_decay": 0.01,
    "warmup_ratio": 0.1,
    "num_train_epochs": 10,
    "gradient_accumulation_steps": 1,
    "early_stopping_patience": 3
  },
  "cv_metrics": {
    "epoch_mean": 6.4,
    "epoch_std": 2.33238075793812,
    "eval_accuracy_mean": 0.7299342105263158,
    "eval_accuracy_std": 0.02663051927369617,
    "eval_auc_mean": 0.8054367619457181,
    "eval_auc_std": 0.026654471669930572,
    "eval_auprc_mean": 0.7964183602657513,
    "eval_auprc_std": 0.02676854941941721,
    "eval_f1_mean": 0.6872570581308652,
    "eval_f1_std": 0.06507080011221705,
    "eval_loss_mean": 0.5749618530273437,
    "eval_loss_std": 0.05745831390239427,
    "eval_matthews_correlation_mean": 0.4682581988366321,
    "eval_matthews_correlation_std": 0.043453720790615,
    "eval_precision_mean": 0.7709175553301346,
    "eval_precision_std": 0.042342896314450346,
    "eval_recall_mean": 0.6355423886672004,
    "eval_recall_std": 0.11502958378598789,
    "eval_runtime_mean": 10.46964,
    "eval_runtime_std": 0.0014108153670837971,
    "eval_samples_per_second_mean": 59.2762,
    "eval_samples_per_second_std": 0.044051787704928215,
    "eval_steps_per_second_mean": 3.725,
    "eval_steps_per_second_std": 0.0006324555320336062
  },
  "cv_fold_metrics": [
    {
      "eval_loss": 0.5445827841758728,
      "eval_accuracy": 0.7335526315789473,
      "eval_f1": 0.6966292134831461,
      "eval_precision": 0.7717842323651453,
      "eval_recall": 0.6348122866894198,
      "eval_auc": 0.8102822471423153,
      "eval_auprc": 0.7975077856099069,
      "eval_matthews_correlation": 0.47011352628703784,
      "eval_runtime": 10.4697,
      "eval_samples_per_second": 59.314,
      "eval_steps_per_second": 3.725,
      "epoch": 4.0
    },
    {
      "eval_loss": 0.5568965077400208,
      "eval_accuracy": 0.7351973684210527,
      "eval_f1": 0.7303182579564489,
      "eval_precision": 0.7147540983606557,
      "eval_recall": 0.7465753424657534,
      "eval_auc": 0.8003836483440263,
      "eval_auprc": 0.7951503168000013,
      "eval_matthews_correlation": 0.47089414019007303,
      "eval_runtime": 10.4693,
      "eval_samples_per_second": 59.316,
      "eval_steps_per_second": 3.725,
      "epoch": 8.0
    },
    {
      "eval_loss": 0.5318630337715149,
      "eval_accuracy": 0.756578947368421,
      "eval_f1": 0.7153846153846154,
      "eval_precision": 0.8193832599118943,
      "eval_recall": 0.6348122866894198,
      "eval_auc": 0.843165935316106,
      "eval_auprc": 0.8406836394070635,
      "eval_matthews_correlation": 0.5213231478096572,
      "eval_runtime": 10.4713,
      "eval_samples_per_second": 59.305,
      "eval_steps_per_second": 3.724,
      "epoch": 6.0
    },
    {
      "eval_loss": 0.6885952949523926,
      "eval_accuracy": 0.6792763157894737,
      "eval_f1": 0.5598194130925508,
      "eval_precision": 0.8157894736842105,
      "eval_recall": 0.4261168384879725,
      "eval_auc": 0.7604474942274546,
      "eval_auprc": 0.7563646212250547,
      "eval_matthews_correlation": 0.389688067926202,
      "eval_runtime": 10.4672,
      "eval_samples_per_second": 59.233,
      "eval_steps_per_second": 3.726,
      "epoch": 4.0
    },
    {
      "eval_loss": 0.5528716444969177,
      "eval_accuracy": 0.7450657894736842,
      "eval_f1": 0.7341337907375645,
      "eval_precision": 0.7328767123287672,
      "eval_recall": 0.7353951890034365,
      "eval_auc": 0.8129044846986893,
      "eval_auprc": 0.7923854382867299,
      "eval_matthews_correlation": 0.48927211197019055,
      "eval_runtime": 10.4707,
      "eval_samples_per_second": 59.213,
      "eval_steps_per_second": 3.725,
      "epoch": 10.0
    }
  ],
  "test_metrics": {
    "eval_loss": 0.6030128002166748,
    "eval_accuracy": 0.671875,
    "eval_f1": 0.6150712830957231,
    "eval_precision": 0.5807692307692308,
    "eval_recall": 0.6536796536796536,
    "eval_auc": 0.7503983938766547,
    "eval_auprc": 0.6652779626758253,
    "eval_matthews_correlation": 0.33263256661118773,
    "eval_runtime": 9.9113,
    "eval_samples_per_second": 59.023,
    "eval_steps_per_second": 3.733,
    "epoch": 10.0
  }
}