{
  "best_layer": 12,
  "best_auroc": 0.9575337009030764,
  "pilot_rbp": "GTF2F1_K562_IDR",
  "model": "lamar_tapt_custom_1gpu",
  "layer_aurocs": {
    "0": 0.9070590932092315,
    "1": 0.9566511222707547,
    "2": 0.9561923108574897,
    "3": 0.9565211075191812,
    "4": 0.9562085794931224,
    "5": 0.9559335514434117,
    "6": 0.9559322981460285,
    "7": 0.9567011181370152,
    "8": 0.9570911582348366,
    "9": 0.9567173681212962,
    "10": 0.9563110837822787,
    "11": 0.9572824322843931,
    "12": 0.9575337009030764
  }
}