{
  "experiment": "cross_cell",
  "model_type": "dnabert2",
  "variant": "tapt_v3",
  "pair_name": "WDR43_train_K562_test_HepG2_fixlen_101",
  "max_length": 128,
  "n_folds": 5,
  "hyperparameters": {
    "learning_rate": 5e-05,
    "per_device_train_batch_size": 16,
    "weight_decay": 0.01,
    "warmup_ratio": 0.1,
    "num_train_epochs": 10,
    "gradient_accumulation_steps": 1,
    "early_stopping_patience": 3
  },
  "cv_metrics": {
    "epoch_mean": 8.0,
    "epoch_std": 1.7888543819998317,
    "eval_accuracy_mean": 0.7828106852497095,
    "eval_accuracy_std": 0.03636624831459374,
    "eval_auc_mean": 0.8815477428749741,
    "eval_auc_std": 0.04780940274038302,
    "eval_auprc_mean": 0.8639075837174616,
    "eval_auprc_std": 0.0577758431679887,
    "eval_f1_mean": 0.7745778987722722,
    "eval_f1_std": 0.04064133087798413,
    "eval_loss_mean": 0.5605615317821503,
    "eval_loss_std": 0.10667045648292212,
    "eval_matthews_correlation_mean": 0.5787441299896086,
    "eval_matthews_correlation_std": 0.07113693893474106,
    "eval_precision_mean": 0.803189969072322,
    "eval_precision_std": 0.03235986904813231,
    "eval_recall_mean": 0.7765446224256292,
    "eval_recall_std": 0.04044473127876542,
    "eval_runtime_mean": 0.045739999999999996,
    "eval_runtime_std": 0.002339743575693712,
    "eval_samples_per_second_mean": 907.2764,
    "eval_samples_per_second_std": 50.099015174352466,
    "eval_steps_per_second_mean": 65.7396,
    "eval_steps_per_second_std": 3.448640926510036
  },
  "cv_fold_metrics": [
    {
      "eval_loss": 0.533753514289856,
      "eval_accuracy": 0.7619047619047619,
      "eval_f1": 0.7529411764705882,
      "eval_matthews_correlation": 0.5205661023060123,
      "eval_precision": 0.7703703703703704,
      "eval_recall": 0.7505720823798627,
      "eval_auc": 0.8100686498855836,
      "eval_auprc": 0.8485198006050407,
      "eval_runtime": 0.0431,
      "eval_samples_per_second": 973.441,
      "eval_steps_per_second": 69.532,
      "epoch": 6.0
    },
    {
      "eval_loss": 0.5163038969039917,
      "eval_accuracy": 0.7619047619047619,
      "eval_f1": 0.7529411764705882,
      "eval_matthews_correlation": 0.5205661023060123,
      "eval_precision": 0.7703703703703704,
      "eval_recall": 0.7505720823798627,
      "eval_auc": 0.851258581235698,
      "eval_auprc": 0.7634838764883579,
      "eval_runtime": 0.0476,
      "eval_samples_per_second": 882.618,
      "eval_steps_per_second": 63.044,
      "epoch": 6.0
    },
    {
      "eval_loss": 0.41594770550727844,
      "eval_accuracy": 0.8536585365853658,
      "eval_f1": 0.8514492753623188,
      "eval_matthews_correlation": 0.7070736109376171,
      "eval_precision": 0.857843137254902,
      "eval_recall": 0.8492822966507176,
      "eval_auc": 0.9258373205741627,
      "eval_auprc": 0.8924355870551475,
      "eval_runtime": 0.0481,
      "eval_samples_per_second": 851.509,
      "eval_steps_per_second": 62.306,
      "epoch": 10.0
    },
    {
      "eval_loss": 0.5975368022918701,
      "eval_accuracy": 0.7560975609756098,
      "eval_f1": 0.7371794871794872,
      "eval_matthews_correlation": 0.541191474679898,
      "eval_precision": 0.8045454545454545,
      "eval_recall": 0.7404306220095693,
      "eval_auc": 0.9401913875598085,
      "eval_auprc": 0.9370915419290031,
      "eval_runtime": 0.0427,
      "eval_samples_per_second": 961.055,
      "eval_steps_per_second": 70.321,
      "epoch": 8.0
    },
    {
      "eval_loss": 0.7392657399177551,
      "eval_accuracy": 0.7804878048780488,
      "eval_f1": 0.7783783783783784,
      "eval_matthews_correlation": 0.6043233597185036,
      "eval_precision": 0.8128205128205128,
      "eval_recall": 0.7918660287081339,
      "eval_auc": 0.8803827751196172,
      "eval_auprc": 0.878007112509759,
      "eval_runtime": 0.0472,
      "eval_samples_per_second": 867.759,
      "eval_steps_per_second": 63.495,
      "epoch": 10.0
    }
  ],
  "test_metrics": {
    "eval_loss": 0.6092156767845154,
    "eval_accuracy": 0.6861538461538461,
    "eval_f1": 0.6568322981366459,
    "eval_matthews_correlation": 0.40746054934816556,
    "eval_precision": 0.7403297400126823,
    "eval_recall": 0.6727044884939621,
    "eval_auc": 0.8387635756056809,
    "eval_auprc": 0.7885192529834403,
    "eval_runtime": 0.258,
    "eval_samples_per_second": 1259.589,
    "eval_steps_per_second": 81.389,
    "epoch": 6.0
  }
}