{
  "experiment": "cross_cell",
  "model_type": "dnabert2",
  "variant": "tapt_v3",
  "pair_name": "TAF15_train_K562_test_HepG2_fixlen_101",
  "max_length": 128,
  "n_folds": 5,
  "hyperparameters": {
    "learning_rate": 5e-05,
    "per_device_train_batch_size": 16,
    "weight_decay": 0.01,
    "warmup_ratio": 0.1,
    "num_train_epochs": 10,
    "gradient_accumulation_steps": 1,
    "early_stopping_patience": 3
  },
  "cv_metrics": {
    "epoch_mean": 5.6,
    "epoch_std": 0.7999999999999999,
    "eval_accuracy_mean": 0.8333333333333334,
    "eval_accuracy_std": 0.03542766668372976,
    "eval_auc_mean": 0.9292466569575003,
    "eval_auc_std": 0.011955917562936047,
    "eval_auprc_mean": 0.9132275888794735,
    "eval_auprc_std": 0.01763951748009366,
    "eval_f1_mean": 0.8312237465730667,
    "eval_f1_std": 0.03666837455826653,
    "eval_loss_mean": 0.4314058780670166,
    "eval_loss_std": 0.033019600477047197,
    "eval_matthews_correlation_mean": 0.68382281388402,
    "eval_matthews_correlation_std": 0.058950561202793246,
    "eval_precision_mean": 0.8494344968415224,
    "eval_precision_std": 0.02595567748131655,
    "eval_recall_mean": 0.83472792267973,
    "eval_recall_std": 0.03414199713519165,
    "eval_runtime_mean": 0.1439,
    "eval_runtime_std": 0.0051005882013744255,
    "eval_samples_per_second_mean": 1210.7812,
    "eval_samples_per_second_std": 41.58763760734668,
    "eval_steps_per_second_mean": 76.5436,
    "eval_steps_per_second_std": 2.629249444233085
  },
  "cv_fold_metrics": [
    {
      "eval_loss": 0.40644511580467224,
      "eval_accuracy": 0.896551724137931,
      "eval_f1": 0.896332583079571,
      "eval_matthews_correlation": 0.7926651661591421,
      "eval_precision": 0.896332583079571,
      "eval_recall": 0.896332583079571,
      "eval_auc": 0.9406858202038925,
      "eval_auprc": 0.9270419112660828,
      "eval_runtime": 0.153,
      "eval_samples_per_second": 1137.334,
      "eval_steps_per_second": 71.9,
      "epoch": 7.0
    },
    {
      "eval_loss": 0.44425511360168457,
      "eval_accuracy": 0.8218390804597702,
      "eval_f1": 0.8151916949326756,
      "eval_matthews_correlation": 0.6671739982315892,
      "eval_precision": 0.853448275862069,
      "eval_recall": 0.8148417847213028,
      "eval_auc": 0.9443929564411492,
      "eval_auprc": 0.9359605509813672,
      "eval_runtime": 0.146,
      "eval_samples_per_second": 1192.103,
      "eval_steps_per_second": 75.363,
      "epoch": 5.0
    },
    {
      "eval_loss": 0.3850685954093933,
      "eval_accuracy": 0.8333333333333334,
      "eval_f1": 0.8328862394436165,
      "eval_matthews_correlation": 0.6819055558974878,
      "eval_precision": 0.8444594594594594,
      "eval_recall": 0.8374817953131206,
      "eval_auc": 0.9116907189196346,
      "eval_auprc": 0.8850504025510415,
      "eval_runtime": 0.1398,
      "eval_samples_per_second": 1244.465,
      "eval_steps_per_second": 78.673,
      "epoch": 5.0
    },
    {
      "eval_loss": 0.48073068261146545,
      "eval_accuracy": 0.7873563218390804,
      "eval_f1": 0.7842131724484664,
      "eval_matthews_correlation": 0.6144625411047101,
      "eval_precision": 0.8204205069124424,
      "eval_recall": 0.7945849331391499,
      "eval_auc": 0.9230769230769231,
      "eval_auprc": 0.912137431940818,
      "eval_runtime": 0.141,
      "eval_samples_per_second": 1234.435,
      "eval_steps_per_second": 78.039,
      "epoch": 5.0
    },
    {
      "eval_loss": 0.44052988290786743,
      "eval_accuracy": 0.8275862068965517,
      "eval_f1": 0.8274950429610046,
      "eval_matthews_correlation": 0.6629068080271704,
      "eval_precision": 0.8325116588940706,
      "eval_recall": 0.830398517145505,
      "eval_auc": 0.9263868661459024,
      "eval_auprc": 0.905947647658058,
      "eval_runtime": 0.1397,
      "eval_samples_per_second": 1245.569,
      "eval_steps_per_second": 78.743,
      "epoch": 6.0
    }
  ],
  "test_metrics": {
    "eval_loss": 0.31609463691711426,
    "eval_accuracy": 0.8829479768786127,
    "eval_f1": 0.8827275694403762,
    "eval_matthews_correlation": 0.7747533623552563,
    "eval_precision": 0.8898286430288869,
    "eval_recall": 0.8849401417870519,
    "eval_auc": 0.9579842997592295,
    "eval_auprc": 0.9411811473664321,
    "eval_runtime": 1.0612,
    "eval_samples_per_second": 1304.202,
    "eval_steps_per_second": 81.984,
    "epoch": 4.0
  }
}