{
  "experiment": "cross_length",
  "model_type": "lamar",
  "variant": "pretrained",
  "pair_name": "FUS_HepG2_ENCSR464OSH",
  "pretrain_path": "/gpfs/bwfor/work/ws/fr_ml642-thesis_work/Thesis/LAMAR/weights",
  "max_length": 1024,
  "n_folds": 5,
  "hyperparameters": {
    "learning_rate": 5e-05,
    "per_device_train_batch_size": 16,
    "weight_decay": 0.01,
    "warmup_ratio": 0.1,
    "num_train_epochs": 10,
    "gradient_accumulation_steps": 1,
    "early_stopping_patience": 3
  },
  "cv_metrics": {
    "epoch_mean": 6.2,
    "epoch_std": 2.1354156504062622,
    "eval_accuracy_mean": 0.8416666666666666,
    "eval_accuracy_std": 0.03510895738823484,
    "eval_auc_mean": 0.9142820369100099,
    "eval_auc_std": 0.024749787347233116,
    "eval_auprc_mean": 0.8505793607234221,
    "eval_auprc_std": 0.06264899101364753,
    "eval_f1_mean": 0.7885326270616645,
    "eval_f1_std": 0.0420392183843762,
    "eval_loss_mean": 0.4073751986026764,
    "eval_loss_std": 0.07987697613445104,
    "eval_matthews_correlation_mean": 0.6735042062979065,
    "eval_matthews_correlation_std": 0.05863284341524039,
    "eval_precision_mean": 0.7435698014415886,
    "eval_precision_std": 0.08951619801098493,
    "eval_recall_mean": 0.8505497198879551,
    "eval_recall_std": 0.03761215433839593,
    "eval_runtime_mean": 1.65866,
    "eval_runtime_std": 0.0006374950980204048,
    "eval_samples_per_second_mean": 66.922,
    "eval_samples_per_second_std": 0.025922962793634177,
    "eval_steps_per_second_mean": 4.220000000000001,
    "eval_steps_per_second_std": 0.0016733200530682853
  },
  "cv_fold_metrics": [
    {
      "eval_loss": 0.3442971706390381,
      "eval_accuracy": 0.8229166666666666,
      "eval_f1": 0.7733333333333334,
      "eval_precision": 0.6744186046511628,
      "eval_recall": 0.90625,
      "eval_auc": 0.9423828125,
      "eval_auprc": 0.8698934409137744,
      "eval_matthews_correlation": 0.6517267037325168,
      "eval_runtime": 1.6578,
      "eval_samples_per_second": 66.956,
      "eval_steps_per_second": 4.222,
      "epoch": 7.0
    },
    {
      "eval_loss": 0.5434978604316711,
      "eval_accuracy": 0.78125,
      "eval_f1": 0.7123287671232877,
      "eval_precision": 0.6046511627906976,
      "eval_recall": 0.8666666666666667,
      "eval_auc": 0.8752525252525252,
      "eval_auprc": 0.7278246359513115,
      "eval_matthews_correlation": 0.5677309232485518,
      "eval_runtime": 1.659,
      "eval_samples_per_second": 66.908,
      "eval_steps_per_second": 4.219,
      "epoch": 4.0
    },
    {
      "eval_loss": 0.451578825712204,
      "eval_accuracy": 0.8645833333333334,
      "eval_f1": 0.8169014084507044,
      "eval_precision": 0.8055555555555556,
      "eval_recall": 0.8285714285714286,
      "eval_auc": 0.8997658079625293,
      "eval_auprc": 0.887961432359937,
      "eval_matthews_correlation": 0.7096744204084331,
      "eval_runtime": 1.6594,
      "eval_samples_per_second": 66.892,
      "eval_steps_per_second": 4.218,
      "epoch": 5.0
    },
    {
      "eval_loss": 0.33192992210388184,
      "eval_accuracy": 0.875,
      "eval_f1": 0.8181818181818182,
      "eval_precision": 0.84375,
      "eval_recall": 0.7941176470588235,
      "eval_auc": 0.937381404174573,
      "eval_auprc": 0.9009786992691652,
      "eval_matthews_correlation": 0.7238482967695945,
      "eval_runtime": 1.658,
      "eval_samples_per_second": 66.95,
      "eval_steps_per_second": 4.222,
      "epoch": 10.0
    },
    {
      "eval_loss": 0.3655722141265869,
      "eval_accuracy": 0.8645833333333334,
      "eval_f1": 0.8219178082191781,
      "eval_precision": 0.7894736842105263,
      "eval_recall": 0.8571428571428571,
      "eval_auc": 0.9166276346604215,
      "eval_auprc": 0.866238595122923,
      "eval_matthews_correlation": 0.7145406873304364,
      "eval_runtime": 1.6591,
      "eval_samples_per_second": 66.904,
      "eval_steps_per_second": 4.219,
      "epoch": 5.0
    }
  ],
  "test_metrics": {
    "eval_loss": 0.6402999758720398,
    "eval_accuracy": 0.8180379746835443,
    "eval_f1": 0.8205928237129485,
    "eval_precision": 0.7850746268656716,
    "eval_recall": 0.8594771241830066,
    "eval_auc": 0.8975199486747664,
    "eval_auprc": 0.8938632993038725,
    "eval_matthews_correlation": 0.6394553066747518,
    "eval_runtime": 21.7493,
    "eval_samples_per_second": 58.761,
    "eval_steps_per_second": 3.678,
    "epoch": 5.0
  }
}