{
  "experiment": "cross_length",
  "model_type": "dnabert2",
  "variant": "random",
  "pair_name": "HNRNPUL1_HepG2_ENCSR755TJC",
  "max_length": 256,
  "n_folds": 5,
  "hyperparameters": {
    "learning_rate": 5e-05,
    "per_device_train_batch_size": 16,
    "weight_decay": 0.01,
    "warmup_ratio": 0.1,
    "num_train_epochs": 10,
    "gradient_accumulation_steps": 1,
    "early_stopping_patience": 3
  },
  "cv_metrics": {
    "epoch_mean": 6.6,
    "epoch_std": 1.3564659966250536,
    "eval_accuracy_mean": 0.6551378446115288,
    "eval_accuracy_std": 0.14703558137167974,
    "eval_auc_mean": 0.790514705882353,
    "eval_auc_std": 0.06997450722155646,
    "eval_auprc_mean": 0.642863914425335,
    "eval_auprc_std": 0.09359804141396609,
    "eval_f1_mean": 0.4688188174786112,
    "eval_f1_std": 0.15322649902789726,
    "eval_loss_mean": 1.000016689300537,
    "eval_loss_std": 0.34989149925995155,
    "eval_matthews_correlation_mean": 0.1474455636237384,
    "eval_matthews_correlation_std": 0.21674193525516416,
    "eval_precision_mean": 0.49590095612529367,
    "eval_precision_std": 0.17789885823179485,
    "eval_recall_mean": 0.5698529411764707,
    "eval_recall_std": 0.11632901377716044,
    "eval_runtime_mean": 0.06466000000000001,
    "eval_runtime_std": 0.0038856659660861208,
    "eval_samples_per_second_mean": 881.1583999999999,
    "eval_samples_per_second_std": 48.38177674124837,
    "eval_steps_per_second_mean": 62.062400000000004,
    "eval_steps_per_second_std": 3.5323279349460197
  },
  "cv_fold_metrics": [
    {
      "eval_loss": 0.6264863014221191,
      "eval_accuracy": 0.7894736842105263,
      "eval_f1": 0.768918918918919,
      "eval_matthews_correlation": 0.5581315543438349,
      "eval_precision": 0.760230179028133,
      "eval_recall": 0.799264705882353,
      "eval_auc": 0.8308823529411765,
      "eval_auprc": 0.6577845316105326,
      "eval_runtime": 0.0715,
      "eval_samples_per_second": 797.473,
      "eval_steps_per_second": 55.963,
      "epoch": 9.0
    },
    {
      "eval_loss": 0.9298955202102661,
      "eval_accuracy": 0.7017543859649122,
      "eval_f1": 0.41237113402061853,
      "eval_matthews_correlation": 0.0,
      "eval_precision": 0.3508771929824561,
      "eval_recall": 0.5,
      "eval_auc": 0.6897058823529412,
      "eval_auprc": 0.47679890600038055,
      "eval_runtime": 0.062,
      "eval_samples_per_second": 918.835,
      "eval_steps_per_second": 64.48,
      "epoch": 6.0
    },
    {
      "eval_loss": 1.6639018058776855,
      "eval_accuracy": 0.3684210526315789,
      "eval_f1": 0.33376623376623377,
      "eval_matthews_correlation": 0.17909626377485716,
      "eval_precision": 0.660377358490566,
      "eval_recall": 0.55,
      "eval_auc": 0.8382352941176471,
      "eval_auprc": 0.7219551879749309,
      "eval_runtime": 0.0665,
      "eval_samples_per_second": 857.263,
      "eval_steps_per_second": 60.159,
      "epoch": 7.0
    },
    {
      "eval_loss": 0.9265299439430237,
      "eval_accuracy": 0.7017543859649122,
      "eval_f1": 0.41237113402061853,
      "eval_matthews_correlation": 0.0,
      "eval_precision": 0.3508771929824561,
      "eval_recall": 0.5,
      "eval_auc": 0.725,
      "eval_auprc": 0.6190929001334058,
      "eval_runtime": 0.0614,
      "eval_samples_per_second": 927.663,
      "eval_steps_per_second": 65.099,
      "epoch": 6.0
    },
    {
      "eval_loss": 0.8532698750495911,
      "eval_accuracy": 0.7142857142857143,
      "eval_f1": 0.41666666666666663,
      "eval_matthews_correlation": 0.0,
      "eval_precision": 0.35714285714285715,
      "eval_recall": 0.5,
      "eval_auc": 0.86875,
      "eval_auprc": 0.7386880464074252,
      "eval_runtime": 0.0619,
      "eval_samples_per_second": 904.558,
      "eval_steps_per_second": 64.611,
      "epoch": 5.0
    }
  ],
  "test_metrics": {
    "eval_loss": 2.0454320907592773,
    "eval_accuracy": 0.5898305084745763,
    "eval_f1": 0.48117732558139537,
    "eval_matthews_correlation": 0.27025808469285745,
    "eval_precision": 0.7684090909090908,
    "eval_recall": 0.5680299539170507,
    "eval_auc": 0.8777880184331798,
    "eval_auprc": 0.8698645082759888,
    "eval_runtime": 0.656,
    "eval_samples_per_second": 899.346,
    "eval_steps_per_second": 56.4,
    "epoch": 9.0
  }
}