{
  "experiment": "cross_length",
  "model_type": "lamar",
  "variant": "tapt_1024",
  "pair_name": "FXR2_HepG2_ENCSR270FOD",
  "pretrain_path": "/gpfs/bwfor/work/ws/fr_ml642-thesis_work/Thesis/LAMAR/src/pretrain/saving_model/tapt_1024_standard_collator/checkpoint-134000/model.safetensors",
  "max_length": 1024,
  "n_folds": 5,
  "hyperparameters": {
    "learning_rate": 5e-05,
    "per_device_train_batch_size": 16,
    "weight_decay": 0.01,
    "warmup_ratio": 0.1,
    "num_train_epochs": 10,
    "gradient_accumulation_steps": 1,
    "early_stopping_patience": 3
  },
  "cv_metrics": {
    "epoch_mean": 8.4,
    "epoch_std": 2.0591260281974,
    "eval_accuracy_mean": 0.8063988095238095,
    "eval_accuracy_std": 0.03511854317636099,
    "eval_auc_mean": 0.8755219275928011,
    "eval_auc_std": 0.033578777687749306,
    "eval_auprc_mean": 0.8008121945208642,
    "eval_auprc_std": 0.05069179402497996,
    "eval_f1_mean": 0.7338928733022045,
    "eval_f1_std": 0.04466519744482235,
    "eval_loss_mean": 0.5301677346229553,
    "eval_loss_std": 0.10825828514140405,
    "eval_matthews_correlation_mean": 0.5844691645245524,
    "eval_matthews_correlation_std": 0.07257707660702994,
    "eval_precision_mean": 0.7228331482913115,
    "eval_precision_std": 0.05978717438948112,
    "eval_recall_mean": 0.7496776959181597,
    "eval_recall_std": 0.0597799493027495,
    "eval_runtime_mean": 7.050580000000001,
    "eval_runtime_std": 0.16785004498063127,
    "eval_samples_per_second_mean": 47.595600000000005,
    "eval_samples_per_second_std": 1.0532070261824127,
    "eval_steps_per_second_mean": 2.9802,
    "eval_steps_per_second_std": 0.07042840336114393
  },
  "cv_fold_metrics": [
    {
      "eval_loss": 0.706400454044342,
      "eval_accuracy": 0.8005952380952381,
      "eval_f1": 0.7074235807860263,
      "eval_precision": 0.7431192660550459,
      "eval_recall": 0.675,
      "eval_auc": 0.8636188271604939,
      "eval_auprc": 0.8042987590210351,
      "eval_matthews_correlation": 0.5581910391706999,
      "eval_runtime": 7.2555,
      "eval_samples_per_second": 46.31,
      "eval_steps_per_second": 2.894,
      "epoch": 10.0
    },
    {
      "eval_loss": 0.5015751719474792,
      "eval_accuracy": 0.7470238095238095,
      "eval_f1": 0.6666666666666667,
      "eval_precision": 0.6296296296296297,
      "eval_recall": 0.7083333333333334,
      "eval_auc": 0.8178626543209877,
      "eval_auprc": 0.7047407091203464,
      "eval_matthews_correlation": 0.4660538062481273,
      "eval_runtime": 7.2566,
      "eval_samples_per_second": 46.303,
      "eval_steps_per_second": 2.894,
      "epoch": 5.0
    },
    {
      "eval_loss": 0.4833860993385315,
      "eval_accuracy": 0.84375,
      "eval_f1": 0.7685185185185185,
      "eval_precision": 0.8058252427184466,
      "eval_recall": 0.7345132743362832,
      "eval_auc": 0.9102646316959515,
      "eval_auprc": 0.8534763759181173,
      "eval_matthews_correlation": 0.6525669228867531,
      "eval_runtime": 6.9233,
      "eval_samples_per_second": 48.387,
      "eval_steps_per_second": 3.033,
      "epoch": 10.0
    },
    {
      "eval_loss": 0.5783514380455017,
      "eval_accuracy": 0.8,
      "eval_f1": 0.7333333333333334,
      "eval_precision": 0.6875,
      "eval_recall": 0.7857142857142857,
      "eval_auc": 0.8795501373626374,
      "eval_auprc": 0.8250184296023237,
      "eval_matthews_correlation": 0.5777466648897324,
      "eval_runtime": 6.9086,
      "eval_samples_per_second": 48.49,
      "eval_steps_per_second": 3.04,
      "epoch": 10.0
    },
    {
      "eval_loss": 0.3811255097389221,
      "eval_accuracy": 0.840625,
      "eval_f1": 0.7935222672064778,
      "eval_precision": 0.7480916030534351,
      "eval_recall": 0.8448275862068966,
      "eval_auc": 0.9063133874239351,
      "eval_auprc": 0.8165266989424979,
      "eval_matthews_correlation": 0.6677873894274494,
      "eval_runtime": 6.9089,
      "eval_samples_per_second": 48.488,
      "eval_steps_per_second": 3.04,
      "epoch": 7.0
    }
  ],
  "test_metrics": {
    "eval_loss": 0.669314444065094,
    "eval_accuracy": 0.7453208556149733,
    "eval_f1": 0.7247109826589595,
    "eval_precision": 0.7524381095273819,
    "eval_recall": 0.6989547038327526,
    "eval_auc": 0.8246440152262793,
    "eval_auprc": 0.8022270102963733,
    "eval_matthews_correlation": 0.4895180018221109,
    "eval_runtime": 64.9224,
    "eval_samples_per_second": 46.132,
    "eval_steps_per_second": 2.896,
    "epoch": 10.0
  }
}