{
  "experiment": "cross_cell",
  "model_type": "lamar",
  "variant": "tapt_1024",
  "pair_name": "DHX30_train_K562_test_HepG2_fixlen_101",
  "pretrain_path": "/gpfs/bwfor/work/ws/fr_ml642-thesis_work/Thesis/LAMAR/src/pretrain/saving_model/tapt_1024_standard_collator/checkpoint-134000/model.safetensors",
  "max_length": 1024,
  "n_folds": 5,
  "hyperparameters": {
    "learning_rate": 5e-05,
    "per_device_train_batch_size": 16,
    "weight_decay": 0.01,
    "warmup_ratio": 0.1,
    "num_train_epochs": 10,
    "gradient_accumulation_steps": 1,
    "early_stopping_patience": 3
  },
  "cv_metrics": {
    "epoch_mean": 8.8,
    "epoch_std": 0.9797958971132713,
    "eval_accuracy_mean": 0.7719771241830066,
    "eval_accuracy_std": 0.03126337340397193,
    "eval_auc_mean": 0.8677515270456789,
    "eval_auc_std": 0.024201918928968155,
    "eval_auprc_mean": 0.8708437361674115,
    "eval_auprc_std": 0.025510708613297527,
    "eval_f1_mean": 0.7579308899403874,
    "eval_f1_std": 0.05087101621133059,
    "eval_loss_mean": 0.519104278087616,
    "eval_loss_std": 0.06275059738943174,
    "eval_matthews_correlation_mean": 0.550255267127747,
    "eval_matthews_correlation_std": 0.059801839035590186,
    "eval_precision_mean": 0.7868744383300635,
    "eval_precision_std": 0.03259445968754133,
    "eval_recall_mean": 0.7419110620108924,
    "eval_recall_std": 0.10630748668781237,
    "eval_runtime_mean": 6.13808,
    "eval_runtime_std": 0.1430049146008626,
    "eval_samples_per_second_mean": 46.912600000000005,
    "eval_samples_per_second_std": 1.0651872323680946,
    "eval_steps_per_second_mean": 2.9341999999999997,
    "eval_steps_per_second_std": 0.07092362088895354
  },
  "cv_fold_metrics": [
    {
      "eval_loss": 0.4129719138145447,
      "eval_accuracy": 0.8229166666666666,
      "eval_f1": 0.8305647840531563,
      "eval_precision": 0.7861635220125787,
      "eval_recall": 0.8802816901408451,
      "eval_auc": 0.9134188693806676,
      "eval_auprc": 0.9197805459411692,
      "eval_matthews_correlation": 0.6508834323169642,
      "eval_runtime": 6.214,
      "eval_samples_per_second": 46.347,
      "eval_steps_per_second": 2.897,
      "epoch": 8.0
    },
    {
      "eval_loss": 0.5488027930259705,
      "eval_accuracy": 0.7395833333333334,
      "eval_f1": 0.714828897338403,
      "eval_precision": 0.7768595041322314,
      "eval_recall": 0.6619718309859155,
      "eval_auc": 0.8436716187536176,
      "eval_auprc": 0.8472888842959327,
      "eval_matthews_correlation": 0.48319760252059796,
      "eval_runtime": 6.2085,
      "eval_samples_per_second": 46.388,
      "eval_steps_per_second": 2.899,
      "epoch": 10.0
    },
    {
      "eval_loss": 0.6045942902565002,
      "eval_accuracy": 0.7638888888888888,
      "eval_f1": 0.7655172413793103,
      "eval_precision": 0.7449664429530202,
      "eval_recall": 0.7872340425531915,
      "eval_auc": 0.8601341245718146,
      "eval_auprc": 0.8604691563861501,
      "eval_matthews_correlation": 0.5289348335791897,
      "eval_runtime": 6.2136,
      "eval_samples_per_second": 46.35,
      "eval_steps_per_second": 2.897,
      "epoch": 10.0
    },
    {
      "eval_loss": 0.5047640204429626,
      "eval_accuracy": 0.7430555555555556,
      "eval_f1": 0.6890756302521008,
      "eval_precision": 0.845360824742268,
      "eval_recall": 0.5815602836879432,
      "eval_auc": 0.8534278959810875,
      "eval_auprc": 0.8568555938696879,
      "eval_matthews_correlation": 0.5071914410588606,
      "eval_runtime": 6.2021,
      "eval_samples_per_second": 46.436,
      "eval_steps_per_second": 2.902,
      "epoch": 8.0
    },
    {
      "eval_loss": 0.5243883728981018,
      "eval_accuracy": 0.7904411764705882,
      "eval_f1": 0.7896678966789669,
      "eval_precision": 0.781021897810219,
      "eval_recall": 0.7985074626865671,
      "eval_auc": 0.868105126541207,
      "eval_auprc": 0.869824500344117,
      "eval_matthews_correlation": 0.5810690261631222,
      "eval_runtime": 5.8522,
      "eval_samples_per_second": 49.042,
      "eval_steps_per_second": 3.076,
      "epoch": 8.0
    }
  ],
  "test_metrics": {
    "eval_loss": 0.5946416854858398,
    "eval_accuracy": 0.6875,
    "eval_f1": 0.5360824742268041,
    "eval_precision": 0.6842105263157895,
    "eval_recall": 0.4406779661016949,
    "eval_auc": 0.7561316051844468,
    "eval_auprc": 0.7075476105848825,
    "eval_matthews_correlation": 0.33418713957229934,
    "eval_runtime": 3.1061,
    "eval_samples_per_second": 48.614,
    "eval_steps_per_second": 3.219,
    "epoch": 6.0
  }
}