{
  "experiment": "cross_cell",
  "model_type": "lamar",
  "variant": "random",
  "pair_name": "RPS3_train_K562_test_HepG2_fixlen_101",
  "pretrain_path": "",
  "max_length": 1024,
  "n_folds": 5,
  "hyperparameters": {
    "learning_rate": 5e-05,
    "per_device_train_batch_size": 16,
    "weight_decay": 0.01,
    "warmup_ratio": 0.1,
    "num_train_epochs": 10,
    "gradient_accumulation_steps": 1,
    "early_stopping_patience": 3
  },
  "cv_metrics": {
    "epoch_mean": 9.8,
    "epoch_std": 0.39999999999999997,
    "eval_accuracy_mean": 0.71875,
    "eval_accuracy_std": 0.019174124721184276,
    "eval_auc_mean": 0.7903473571355693,
    "eval_auc_std": 0.015016238125231868,
    "eval_auprc_mean": 0.6706459590583378,
    "eval_auprc_std": 0.021949394396539364,
    "eval_f1_mean": 0.6215921386125306,
    "eval_f1_std": 0.034987108137871134,
    "eval_loss_mean": 0.5408657789230347,
    "eval_loss_std": 0.028031505625203304,
    "eval_matthews_correlation_mean": 0.40065098617603645,
    "eval_matthews_correlation_std": 0.04412142964637178,
    "eval_precision_mean": 0.6447900476103908,
    "eval_precision_std": 0.026178300298792794,
    "eval_recall_mean": 0.6036535336560162,
    "eval_recall_std": 0.06275807118886134,
    "eval_runtime_mean": 11.669839999999999,
    "eval_runtime_std": 0.00619728973019648,
    "eval_samples_per_second_mean": 47.1986,
    "eval_samples_per_second_std": 0.027266096163551648,
    "eval_steps_per_second_mean": 2.9989999999999997,
    "eval_steps_per_second_std": 0.0016733200530681261
  },
  "cv_fold_metrics": [
    {
      "eval_loss": 0.5278825163841248,
      "eval_accuracy": 0.7077205882352942,
      "eval_f1": 0.6112469437652812,
      "eval_precision": 0.6218905472636815,
      "eval_recall": 0.6009615384615384,
      "eval_auc": 0.7882469093406593,
      "eval_auprc": 0.6813535792324692,
      "eval_matthews_correlation": 0.3773308093792069,
      "eval_runtime": 11.6714,
      "eval_samples_per_second": 47.21,
      "eval_steps_per_second": 2.999,
      "epoch": 10.0
    },
    {
      "eval_loss": 0.5205081701278687,
      "eval_accuracy": 0.7371323529411765,
      "eval_f1": 0.6342710997442456,
      "eval_precision": 0.6813186813186813,
      "eval_recall": 0.5933014354066986,
      "eval_auc": 0.8049132328786688,
      "eval_auprc": 0.6937078558133423,
      "eval_matthews_correlation": 0.4331393273930434,
      "eval_runtime": 11.669,
      "eval_samples_per_second": 47.219,
      "eval_steps_per_second": 2.999,
      "epoch": 10.0
    },
    {
      "eval_loss": 0.5931367874145508,
      "eval_accuracy": 0.7113970588235294,
      "eval_f1": 0.579088471849866,
      "eval_precision": 0.6585365853658537,
      "eval_recall": 0.5167464114832536,
      "eval_auc": 0.7704349068056845,
      "eval_auprc": 0.6473603061620322,
      "eval_matthews_correlation": 0.37053665414097053,
      "eval_runtime": 11.6806,
      "eval_samples_per_second": 47.172,
      "eval_steps_per_second": 2.996,
      "epoch": 9.0
    },
    {
      "eval_loss": 0.546138346195221,
      "eval_accuracy": 0.6930147058823529,
      "eval_f1": 0.6014319809069213,
      "eval_precision": 0.6086956521739131,
      "eval_recall": 0.5943396226415094,
      "eval_auc": 0.7784723800863834,
      "eval_auprc": 0.6412669391189196,
      "eval_matthews_correlation": 0.3519297465793869,
      "eval_runtime": 11.666,
      "eval_samples_per_second": 47.231,
      "eval_steps_per_second": 3.0,
      "epoch": 10.0
    },
    {
      "eval_loss": 0.5166630744934082,
      "eval_accuracy": 0.7444852941176471,
      "eval_f1": 0.6819221967963387,
      "eval_precision": 0.6535087719298246,
      "eval_recall": 0.7129186602870813,
      "eval_auc": 0.8096693565664501,
      "eval_auprc": 0.6895411149649256,
      "eval_matthews_correlation": 0.47031839338757464,
      "eval_runtime": 11.6622,
      "eval_samples_per_second": 47.161,
      "eval_steps_per_second": 3.001,
      "epoch": 10.0
    }
  ],
  "test_metrics": {
    "eval_loss": 0.43750429153442383,
    "eval_accuracy": 0.7909278959810875,
    "eval_f1": 0.7723250201126307,
    "eval_precision": 0.7640878701050621,
    "eval_recall": 0.7807417046193884,
    "eval_auc": 0.8815487158658875,
    "eval_auprc": 0.8476245559212908,
    "eval_matthews_correlation": 0.579201984686737,
    "eval_runtime": 145.2159,
    "eval_samples_per_second": 46.662,
    "eval_steps_per_second": 2.92,
    "epoch": 10.0
  }
}