{
  "experiment": "rbp",
  "model_type": "lamar",
  "variant": "lamar_tapt_custom_1gpu",
  "rbp_name": "SRSF1_K562_200",
  "weights_path": "/gpfs/bwfor/work/ws/fr_ml642-thesis_work/Thesis/LAMAR/src/pretrain/saving_model/tapt_1024_custom_collator_1gpu/checkpoint-232000",
  "max_length": 1024,
  "n_folds": 5,
  "hyperparameters": {
    "learning_rate": 5e-05,
    "per_device_train_batch_size": 16,
    "weight_decay": 0.01,
    "warmup_ratio": 0.1,
    "num_train_epochs": 10,
    "gradient_accumulation_steps": 1,
    "early_stopping_patience": 3
  },
  "cv_metrics": {
    "epoch_mean": 9.0,
    "epoch_std": 0.8944271909999159,
    "eval_accuracy_mean": 0.8143899895724716,
    "eval_accuracy_std": 0.0052345778510995275,
    "eval_auc_mean": 0.9018129621574598,
    "eval_auc_std": 0.0018677837896136373,
    "eval_auprc_mean": 0.8836038909969908,
    "eval_auprc_std": 0.005927407133218177,
    "eval_f1_mean": 0.8160823855049294,
    "eval_f1_std": 0.008180304060462874,
    "eval_loss_mean": 0.42143877744674685,
    "eval_loss_std": 0.024036784538745845,
    "eval_matthews_correlation_mean": 0.6304738229076686,
    "eval_matthews_correlation_std": 0.011161447124129396,
    "eval_precision_mean": 0.8016047795697296,
    "eval_precision_std": 0.01613548366944889,
    "eval_recall_mean": 0.832421052631579,
    "eval_recall_std": 0.031243126667939613,
    "eval_runtime_mean": 12.983860000000002,
    "eval_runtime_std": 0.0029329848277820725,
    "eval_samples_per_second_mean": 73.8608,
    "eval_samples_per_second_std": 0.016868906307171114,
    "eval_steps_per_second_mean": 4.6212,
    "eval_steps_per_second_std": 0.000979795897113272
  },
  "cv_fold_metrics": [
    {
      "eval_loss": 0.4025873839855194,
      "eval_accuracy": 0.8070907194994786,
      "eval_f1": 0.806282722513089,
      "eval_precision": 0.8020833333333334,
      "eval_recall": 0.8105263157894737,
      "eval_matthews_correlation": 0.6142186078621115,
      "eval_auc": 0.9033275337103089,
      "eval_auprc": 0.8941953086176552,
      "eval_runtime": 12.9837,
      "eval_samples_per_second": 73.862,
      "eval_steps_per_second": 4.621,
      "epoch": 10.0
    },
    {
      "eval_loss": 0.4139249324798584,
      "eval_accuracy": 0.8143899895724713,
      "eval_f1": 0.825147347740668,
      "eval_precision": 0.7734806629834254,
      "eval_recall": 0.8842105263157894,
      "eval_matthews_correlation": 0.6356490828733349,
      "eval_auc": 0.9036711613745105,
      "eval_auprc": 0.8790880849857559,
      "eval_runtime": 12.9791,
      "eval_samples_per_second": 73.888,
      "eval_steps_per_second": 4.623,
      "epoch": 10.0
    },
    {
      "eval_loss": 0.4031580090522766,
      "eval_accuracy": 0.8206465067778936,
      "eval_f1": 0.824847250509165,
      "eval_precision": 0.7988165680473372,
      "eval_recall": 0.8526315789473684,
      "eval_matthews_correlation": 0.6429177180568146,
      "eval_auc": 0.9026924749891256,
      "eval_auprc": 0.8845653318149759,
      "eval_runtime": 12.9846,
      "eval_samples_per_second": 73.857,
      "eval_steps_per_second": 4.621,
      "epoch": 8.0
    },
    {
      "eval_loss": 0.46770110726356506,
      "eval_accuracy": 0.8196037539103233,
      "eval_f1": 0.816931216931217,
      "eval_precision": 0.8212765957446808,
      "eval_recall": 0.8126315789473684,
      "eval_matthews_correlation": 0.6391751754427641,
      "eval_auc": 0.9006568073075251,
      "eval_auprc": 0.8771344561445228,
      "eval_runtime": 12.9883,
      "eval_samples_per_second": 73.835,
      "eval_steps_per_second": 4.62,
      "epoch": 9.0
    },
    {
      "eval_loss": 0.41982245445251465,
      "eval_accuracy": 0.8102189781021898,
      "eval_f1": 0.8072033898305084,
      "eval_precision": 0.8123667377398721,
      "eval_recall": 0.8021052631578948,
      "eval_matthews_correlation": 0.6204085303033181,
      "eval_auc": 0.8987168334058286,
      "eval_auprc": 0.8830362734220447,
      "eval_runtime": 12.9836,
      "eval_samples_per_second": 73.862,
      "eval_steps_per_second": 4.621,
      "epoch": 8.0
    }
  ],
  "test_metrics": {
    "eval_loss": 0.418672651052475,
    "eval_accuracy": 0.8348623853211009,
    "eval_f1": 0.8405797101449275,
    "eval_precision": 0.8419354838709677,
    "eval_recall": 0.8392282958199357,
    "eval_matthews_correlation": 0.6693040888063934,
    "eval_auc": 0.9064877094629611,
    "eval_auprc": 0.8916970062057765,
    "eval_runtime": 16.2141,
    "eval_samples_per_second": 73.948,
    "eval_steps_per_second": 4.626,
    "epoch": 10.0
  }
}