{
  "experiment": "cross_length",
  "model_type": "lamar",
  "variant": "pretrained_custom",
  "pair_name": "CACTIN_HepG2_ENCSR150QBS",
  "pretrain_path": "/gpfs/bwfor/work/ws/fr_ml642-thesis_work/Thesis/LAMAR/src/pretrain/saving_model/tapt_512_standard_collator_1gpu/checkpoint-265000/model.safetensors",
  "max_length": 512,
  "n_folds": 5,
  "hyperparameters": {
    "learning_rate": 5e-05,
    "per_device_train_batch_size": 16,
    "weight_decay": 0.01,
    "warmup_ratio": 0.1,
    "num_train_epochs": 10,
    "gradient_accumulation_steps": 1,
    "early_stopping_patience": 3
  },
  "cv_metrics": {
    "epoch_mean": 6.8,
    "epoch_std": 1.9390719429665317,
    "eval_accuracy_mean": 0.75625,
    "eval_accuracy_std": 0.023385358667337132,
    "eval_auc_mean": 0.8253151234730183,
    "eval_auc_std": 0.06366427482647433,
    "eval_auprc_mean": 0.7466884970938971,
    "eval_auprc_std": 0.1166350072348289,
    "eval_f1_mean": 0.6034441602728048,
    "eval_f1_std": 0.10781217405075777,
    "eval_loss_mean": 0.540862774848938,
    "eval_loss_std": 0.061870358881449095,
    "eval_matthews_correlation_mean": 0.4833298943641752,
    "eval_matthews_correlation_std": 0.0405984440649911,
    "eval_precision_mean": 0.7864069264069264,
    "eval_precision_std": 0.13980086338796935,
    "eval_recall_mean": 0.5470629370629372,
    "eval_recall_std": 0.18445527068232057,
    "eval_runtime_mean": 0.24522,
    "eval_runtime_std": 0.000312409987036262,
    "eval_samples_per_second_mean": 168.033,
    "eval_samples_per_second_std": 1.4354806860421392,
    "eval_steps_per_second_mean": 12.2354,
    "eval_steps_per_second_std": 0.015265647709808785
  },
  "cv_fold_metrics": [
    {
      "eval_loss": 0.6392244100570679,
      "eval_accuracy": 0.75,
      "eval_f1": 0.6666666666666666,
      "eval_precision": 0.5714285714285714,
      "eval_recall": 0.8,
      "eval_auc": 0.7136363636363637,
      "eval_auprc": 0.5246645021645021,
      "eval_matthews_correlation": 0.49265895172303803,
      "eval_runtime": 0.2458,
      "eval_samples_per_second": 170.9,
      "eval_steps_per_second": 12.207,
      "epoch": 5.0
    },
    {
      "eval_loss": 0.4871710538864136,
      "eval_accuracy": 0.75,
      "eval_f1": 0.6666666666666667,
      "eval_precision": 0.7272727272727273,
      "eval_recall": 0.6153846153846154,
      "eval_auc": 0.8340080971659919,
      "eval_auprc": 0.8185897435897437,
      "eval_matthews_correlation": 0.47306844125299624,
      "eval_runtime": 0.245,
      "eval_samples_per_second": 167.358,
      "eval_steps_per_second": 12.246,
      "epoch": 10.0
    },
    {
      "eval_loss": 0.4637337923049927,
      "eval_accuracy": 0.78125,
      "eval_f1": 0.5882352941176471,
      "eval_precision": 0.8333333333333334,
      "eval_recall": 0.45454545454545453,
      "eval_auc": 0.8961038961038961,
      "eval_auprc": 0.830350487302359,
      "eval_matthews_correlation": 0.49517597397212765,
      "eval_runtime": 0.2452,
      "eval_samples_per_second": 167.243,
      "eval_steps_per_second": 12.237,
      "epoch": 6.0
    },
    {
      "eval_loss": 0.5498046875,
      "eval_accuracy": 0.78125,
      "eval_f1": 0.6956521739130435,
      "eval_precision": 0.8,
      "eval_recall": 0.6153846153846154,
      "eval_auc": 0.8744939271255061,
      "eval_auprc": 0.8265361272714215,
      "eval_matthews_correlation": 0.5405187056040147,
      "eval_runtime": 0.2452,
      "eval_samples_per_second": 167.23,
      "eval_steps_per_second": 12.236,
      "epoch": 5.0
    },
    {
      "eval_loss": 0.5643799304962158,
      "eval_accuracy": 0.71875,
      "eval_f1": 0.4,
      "eval_precision": 1.0,
      "eval_recall": 0.25,
      "eval_auc": 0.8083333333333333,
      "eval_auprc": 0.733301625141459,
      "eval_matthews_correlation": 0.4152273992686999,
      "eval_runtime": 0.2449,
      "eval_samples_per_second": 167.434,
      "eval_steps_per_second": 12.251,
      "epoch": 8.0
    }
  ],
  "test_metrics": {
    "eval_loss": 0.593652069568634,
    "eval_accuracy": 0.6919642857142857,
    "eval_f1": 0.6515151515151515,
    "eval_precision": 0.7206703910614525,
    "eval_recall": 0.5944700460829493,
    "eval_auc": 0.7566181897979132,
    "eval_auprc": 0.7449379986265433,
    "eval_matthews_correlation": 0.38569835217168075,
    "eval_runtime": 3.352,
    "eval_samples_per_second": 135.741,
    "eval_steps_per_second": 8.652,
    "epoch": 9.0
  }
}