{
  "experiment": "cross_length",
  "model_type": "lamar",
  "variant": "pretrained",
  "pair_name": "GEMIN5_K562_ENCSR238CLX",
  "pretrain_path": "/gpfs/bwfor/work/ws/fr_ml642-thesis_work/Thesis/LAMAR/weights",
  "max_length": 1024,
  "n_folds": 5,
  "hyperparameters": {
    "learning_rate": 5e-05,
    "per_device_train_batch_size": 16,
    "weight_decay": 0.01,
    "warmup_ratio": 0.1,
    "num_train_epochs": 10,
    "gradient_accumulation_steps": 1,
    "early_stopping_patience": 3
  },
  "cv_metrics": {
    "epoch_mean": 7.4,
    "epoch_std": 1.3564659966250536,
    "eval_accuracy_mean": 0.9,
    "eval_accuracy_std": 0.012549900398011139,
    "eval_auc_mean": 0.9416246614660582,
    "eval_auc_std": 0.008019542956485996,
    "eval_auprc_mean": 0.908266035125951,
    "eval_auprc_std": 0.013230704868699643,
    "eval_f1_mean": 0.8265177585636101,
    "eval_f1_std": 0.02257060265768149,
    "eval_loss_mean": 0.30188491344451907,
    "eval_loss_std": 0.037328979364032774,
    "eval_matthews_correlation_mean": 0.7618166724359654,
    "eval_matthews_correlation_std": 0.02935490902463148,
    "eval_precision_mean": 0.8932507936535234,
    "eval_precision_std": 0.03182536082423765,
    "eval_recall_mean": 0.7708861667826469,
    "eval_recall_std": 0.03901573694516309,
    "eval_runtime_mean": 6.8918800000000005,
    "eval_runtime_std": 0.01157711535746281,
    "eval_samples_per_second_mean": 59.3744,
    "eval_samples_per_second_std": 0.041610575578811704,
    "eval_steps_per_second_mean": 3.7725999999999997,
    "eval_steps_per_second_std": 0.006311893535223814
  },
  "cv_fold_metrics": [
    {
      "eval_loss": 0.3161775469779968,
      "eval_accuracy": 0.8975,
      "eval_f1": 0.8209606986899562,
      "eval_precision": 0.8785046728971962,
      "eval_recall": 0.7704918032786885,
      "eval_auc": 0.9467507960844439,
      "eval_auprc": 0.8987314085433983,
      "eval_matthews_correlation": 0.752753385746372,
      "eval_runtime": 6.915,
      "eval_samples_per_second": 59.292,
      "eval_steps_per_second": 3.76,
      "epoch": 7.0
    },
    {
      "eval_loss": 0.24941006302833557,
      "eval_accuracy": 0.92,
      "eval_f1": 0.8632478632478633,
      "eval_precision": 0.9099099099099099,
      "eval_recall": 0.8211382113821138,
      "eval_auc": 0.9499280913386751,
      "eval_auprc": 0.9248124169525125,
      "eval_matthews_correlation": 0.8090441587984277,
      "eval_runtime": 6.8858,
      "eval_samples_per_second": 59.397,
      "eval_steps_per_second": 3.776,
      "epoch": 7.0
    },
    {
      "eval_loss": 0.32412993907928467,
      "eval_accuracy": 0.89,
      "eval_f1": 0.8181818181818181,
      "eval_precision": 0.8389830508474576,
      "eval_recall": 0.7983870967741935,
      "eval_auc": 0.9280621785881255,
      "eval_auprc": 0.890421600134202,
      "eval_matthews_correlation": 0.739865564107922,
      "eval_runtime": 6.8858,
      "eval_samples_per_second": 59.398,
      "eval_steps_per_second": 3.776,
      "epoch": 10.0
    },
    {
      "eval_loss": 0.2686980962753296,
      "eval_accuracy": 0.9075,
      "eval_f1": 0.8355555555555555,
      "eval_precision": 0.9306930693069307,
      "eval_recall": 0.7580645161290323,
      "eval_auc": 0.9462949976624592,
      "eval_auprc": 0.9218514803841571,
      "eval_matthews_correlation": 0.7800035809221479,
      "eval_runtime": 6.8855,
      "eval_samples_per_second": 59.401,
      "eval_steps_per_second": 3.776,
      "epoch": 6.0
    },
    {
      "eval_loss": 0.35100892186164856,
      "eval_accuracy": 0.885,
      "eval_f1": 0.7946428571428572,
      "eval_precision": 0.9081632653061225,
      "eval_recall": 0.7063492063492064,
      "eval_auc": 0.9370872436565866,
      "eval_auprc": 0.9055132696154857,
      "eval_matthews_correlation": 0.7274166726049573,
      "eval_runtime": 6.8873,
      "eval_samples_per_second": 59.384,
      "eval_steps_per_second": 3.775,
      "epoch": 7.0
    }
  ],
  "test_metrics": {
    "eval_loss": 0.48070886731147766,
    "eval_accuracy": 0.8162967289719626,
    "eval_f1": 0.7632668423033495,
    "eval_precision": 0.9731285988483686,
    "eval_recall": 0.6278637770897832,
    "eval_auc": 0.9381126702230164,
    "eval_auprc": 0.9414377082680517,
    "eval_matthews_correlation": 0.6643941309265914,
    "eval_runtime": 58.8476,
    "eval_samples_per_second": 58.388,
    "eval_steps_per_second": 3.654,
    "epoch": 8.0
  }
}