{
  "experiment": "cross_length",
  "model_type": "lamar",
  "variant": "tapt_512",
  "pair_name": "FAM120A_K562_ENCSR006OEQ",
  "pretrain_path": "/gpfs/bwfor/work/ws/fr_ml642-thesis_work/Thesis/LAMAR/src/pretrain/saving_model/tapt_lamar/checkpoint-98000/model.safetensors",
  "max_length": 1024,
  "n_folds": 5,
  "hyperparameters": {
    "learning_rate": 5e-05,
    "per_device_train_batch_size": 16,
    "weight_decay": 0.01,
    "warmup_ratio": 0.1,
    "num_train_epochs": 10,
    "gradient_accumulation_steps": 1,
    "early_stopping_patience": 3
  },
  "cv_metrics": {
    "epoch_mean": 9.6,
    "epoch_std": 0.7999999999999999,
    "eval_accuracy_mean": 0.711574074074074,
    "eval_accuracy_std": 0.00726129034322137,
    "eval_auc_mean": 0.7303671481838234,
    "eval_auc_std": 0.021857330714502667,
    "eval_auprc_mean": 0.6170895601401618,
    "eval_auprc_std": 0.021284319400286786,
    "eval_f1_mean": 0.49481374404468126,
    "eval_f1_std": 0.07024821843417092,
    "eval_loss_mean": 0.5897275686264039,
    "eval_loss_std": 0.015402809477641296,
    "eval_matthews_correlation_mean": 0.32625444371350526,
    "eval_matthews_correlation_std": 0.03174879270892893,
    "eval_precision_mean": 0.6369153344343447,
    "eval_precision_std": 0.03122438171440549,
    "eval_recall_mean": 0.4190757675085278,
    "eval_recall_std": 0.10338623794909797,
    "eval_runtime_mean": 5.8750800000000005,
    "eval_runtime_std": 0.002430966885829681,
    "eval_samples_per_second_mean": 148.5938,
    "eval_samples_per_second_std": 0.06160973948979426,
    "eval_steps_per_second_mean": 9.3614,
    "eval_steps_per_second_std": 0.003929376540877819
  },
  "cv_fold_metrics": [
    {
      "eval_loss": 0.5760965943336487,
      "eval_accuracy": 0.7129629629629629,
      "eval_f1": 0.5767918088737202,
      "eval_precision": 0.5929824561403508,
      "eval_recall": 0.5614617940199336,
      "eval_auc": 0.7563007854221865,
      "eval_auprc": 0.6392894639237866,
      "eval_matthews_correlation": 0.3601810971268479,
      "eval_runtime": 5.8771,
      "eval_samples_per_second": 148.543,
      "eval_steps_per_second": 9.358,
      "epoch": 10.0
    },
    {
      "eval_loss": 0.5856733918190002,
      "eval_accuracy": 0.6979166666666666,
      "eval_f1": 0.37410071942446044,
      "eval_precision": 0.6724137931034483,
      "eval_recall": 0.2591362126245847,
      "eval_auc": 0.6965532299085936,
      "eval_auprc": 0.5794460856562105,
      "eval_matthews_correlation": 0.2678214111238231,
      "eval_runtime": 5.8784,
      "eval_samples_per_second": 148.509,
      "eval_steps_per_second": 9.356,
      "epoch": 10.0
    },
    {
      "eval_loss": 0.6036087274551392,
      "eval_accuracy": 0.7118055555555556,
      "eval_f1": 0.5293005671077504,
      "eval_precision": 0.6140350877192983,
      "eval_recall": 0.46511627906976744,
      "eval_auc": 0.7396068758372034,
      "eval_auprc": 0.617758307633618,
      "eval_matthews_correlation": 0.33383656738731554,
      "eval_runtime": 5.8715,
      "eval_samples_per_second": 148.684,
      "eval_steps_per_second": 9.367,
      "epoch": 10.0
    },
    {
      "eval_loss": 0.6114294528961182,
      "eval_accuracy": 0.7164351851851852,
      "eval_f1": 0.4638949671772429,
      "eval_precision": 0.6708860759493671,
      "eval_recall": 0.35451505016722407,
      "eval_auc": 0.7140912185159973,
      "eval_auprc": 0.6133943403134292,
      "eval_matthews_correlation": 0.3230163947277636,
      "eval_runtime": 5.8744,
      "eval_samples_per_second": 148.612,
      "eval_steps_per_second": 9.363,
      "epoch": 8.0
    },
    {
      "eval_loss": 0.5718296766281128,
      "eval_accuracy": 0.71875,
      "eval_f1": 0.5299806576402321,
      "eval_precision": 0.6342592592592593,
      "eval_recall": 0.45514950166112955,
      "eval_auc": 0.7452836312351367,
      "eval_auprc": 0.6355596031737648,
      "eval_matthews_correlation": 0.3464167482017761,
      "eval_runtime": 5.874,
      "eval_samples_per_second": 148.621,
      "eval_steps_per_second": 9.363,
      "epoch": 10.0
    }
  ],
  "test_metrics": {
    "eval_loss": 0.6389120221138,
    "eval_accuracy": 0.6248393316195373,
    "eval_f1": 0.595950856549576,
    "eval_precision": 0.6078362160254147,
    "eval_recall": 0.5845213849287169,
    "eval_auc": 0.6846643073388929,
    "eval_auprc": 0.6997302212247392,
    "eval_matthews_correlation": 0.24623713912132614,
    "eval_runtime": 42.1783,
    "eval_samples_per_second": 147.564,
    "eval_steps_per_second": 9.223,
    "epoch": 6.0
  }
}