{
  "experiment": "cross_cell",
  "model_type": "lamar",
  "variant": "pretrained_custom",
  "pair_name": "RPS3_train_K562_test_HepG2_fixlen_101",
  "pretrain_path": "/gpfs/bwfor/work/ws/fr_ml642-thesis_work/Thesis/LAMAR/src/pretrain/saving_model/tapt_512_standard_collator_1gpu/checkpoint-265000/model.safetensors",
  "max_length": 512,
  "n_folds": 5,
  "hyperparameters": {
    "learning_rate": 5e-05,
    "per_device_train_batch_size": 16,
    "weight_decay": 0.01,
    "warmup_ratio": 0.1,
    "num_train_epochs": 10,
    "gradient_accumulation_steps": 1,
    "early_stopping_patience": 3
  },
  "cv_metrics": {
    "epoch_mean": 8.2,
    "epoch_std": 1.3266499161421599,
    "eval_accuracy_mean": 0.7797794117647059,
    "eval_accuracy_std": 0.07203818732121148,
    "eval_auc_mean": 0.8853295298184781,
    "eval_auc_std": 0.04117466530561261,
    "eval_auprc_mean": 0.80833402972627,
    "eval_auprc_std": 0.0661653893193592,
    "eval_f1_mean": 0.7487441553018392,
    "eval_f1_std": 0.0447234477427548,
    "eval_loss_mean": 0.524391233921051,
    "eval_loss_std": 0.1511519793673239,
    "eval_matthews_correlation_mean": 0.581595047479968,
    "eval_matthews_correlation_std": 0.08194942487769873,
    "eval_precision_mean": 0.6990303654278035,
    "eval_precision_std": 0.09702917094398655,
    "eval_recall_mean": 0.8318415323504699,
    "eval_recall_std": 0.08939660686038887,
    "eval_runtime_mean": 4.2027,
    "eval_runtime_std": 0.0009380831519646962,
    "eval_samples_per_second_mean": 131.058,
    "eval_samples_per_second_std": 0.08189017035028637,
    "eval_steps_per_second_mean": 8.328,
    "eval_steps_per_second_std": 0.0017888543820002306
  },
  "cv_fold_metrics": [
    {
      "eval_loss": 0.39802125096321106,
      "eval_accuracy": 0.8308823529411765,
      "eval_f1": 0.7819905213270142,
      "eval_precision": 0.7710280373831776,
      "eval_recall": 0.7932692307692307,
      "eval_auc": 0.9071371336996337,
      "eval_auprc": 0.8457231687318463,
      "eval_matthews_correlation": 0.6440717118214065,
      "eval_runtime": 4.2042,
      "eval_samples_per_second": 131.06,
      "eval_steps_per_second": 8.325,
      "epoch": 8.0
    },
    {
      "eval_loss": 0.40366166830062866,
      "eval_accuracy": 0.8033088235294118,
      "eval_f1": 0.729113924050633,
      "eval_precision": 0.7741935483870968,
      "eval_recall": 0.6889952153110048,
      "eval_auc": 0.8961365421695351,
      "eval_auprc": 0.8136676646258083,
      "eval_matthews_correlation": 0.5779437349515664,
      "eval_runtime": 4.2024,
      "eval_samples_per_second": 131.114,
      "eval_steps_per_second": 8.329,
      "epoch": 8.0
    },
    {
      "eval_loss": 0.40594467520713806,
      "eval_accuracy": 0.7996323529411765,
      "eval_f1": 0.7714884696016772,
      "eval_precision": 0.6865671641791045,
      "eval_recall": 0.8803827751196173,
      "eval_auc": 0.9034921088338214,
      "eval_auprc": 0.8400367433691445,
      "eval_matthews_correlation": 0.6125809811394718,
      "eval_runtime": 4.2033,
      "eval_samples_per_second": 131.087,
      "eval_steps_per_second": 8.327,
      "epoch": 6.0
    },
    {
      "eval_loss": 0.7449004650115967,
      "eval_accuracy": 0.8272058823529411,
      "eval_f1": 0.7911111111111112,
      "eval_precision": 0.7478991596638656,
      "eval_recall": 0.839622641509434,
      "eval_auc": 0.9159112866560581,
      "eval_auprc": 0.8624674946623034,
      "eval_matthews_correlation": 0.6477495549656582,
      "eval_runtime": 4.202,
      "eval_samples_per_second": 131.128,
      "eval_steps_per_second": 8.329,
      "epoch": 10.0
    },
    {
      "eval_loss": 0.6694281101226807,
      "eval_accuracy": 0.6378676470588235,
      "eval_f1": 0.6700167504187603,
      "eval_precision": 0.5154639175257731,
      "eval_recall": 0.9569377990430622,
      "eval_auc": 0.8039705777333428,
      "eval_auprc": 0.6797750772422476,
      "eval_matthews_correlation": 0.42562925452173733,
      "eval_runtime": 4.2016,
      "eval_samples_per_second": 130.901,
      "eval_steps_per_second": 8.33,
      "epoch": 9.0
    }
  ],
  "test_metrics": {
    "eval_loss": 0.3550744652748108,
    "eval_accuracy": 0.8600768321513003,
    "eval_f1": 0.8540157237552027,
    "eval_precision": 0.8116026955757398,
    "eval_recall": 0.9011060507482108,
    "eval_auc": 0.9369088032114538,
    "eval_auprc": 0.9162393372028029,
    "eval_matthews_correlation": 0.7240095165800584,
    "eval_runtime": 52.1332,
    "eval_samples_per_second": 129.975,
    "eval_steps_per_second": 8.133,
    "epoch": 7.0
  }
}