{
  "experiment": "cross_length",
  "model_type": "dnabert2",
  "variant": "random",
  "pair_name": "CACTIN_HepG2_ENCSR150QBS",
  "max_length": 256,
  "n_folds": 5,
  "hyperparameters": {
    "learning_rate": 5e-05,
    "per_device_train_batch_size": 16,
    "weight_decay": 0.01,
    "warmup_ratio": 0.1,
    "num_train_epochs": 10,
    "gradient_accumulation_steps": 1,
    "early_stopping_patience": 3
  },
  "cv_metrics": {
    "epoch_mean": 8.8,
    "epoch_std": 1.5999999999999999,
    "eval_accuracy_mean": 0.6599303135888501,
    "eval_accuracy_std": 0.08104622491461097,
    "eval_auc_mean": 0.7685470085470085,
    "eval_auc_std": 0.0772138852461433,
    "eval_auprc_mean": 0.6926599606745876,
    "eval_auprc_std": 0.07977521665135621,
    "eval_f1_mean": 0.5679521303729618,
    "eval_f1_std": 0.11107033017290732,
    "eval_loss_mean": 0.9857133030891418,
    "eval_loss_std": 0.3634147129384264,
    "eval_matthews_correlation_mean": 0.27514317170667174,
    "eval_matthews_correlation_std": 0.14005592100164463,
    "eval_precision_mean": 0.6319346557913631,
    "eval_precision_std": 0.15825782920866488,
    "eval_recall_mean": 0.6127350427350428,
    "eval_recall_std": 0.058271796852532545,
    "eval_runtime_mean": 0.03112,
    "eval_runtime_std": 0.0014190137420053413,
    "eval_samples_per_second_mean": 1327.329,
    "eval_samples_per_second_std": 65.00408697920454,
    "eval_steps_per_second_mean": 96.6332,
    "eval_steps_per_second_std": 4.276529359188358
  },
  "cv_fold_metrics": [
    {
      "eval_loss": 0.8018497228622437,
      "eval_accuracy": 0.7142857142857143,
      "eval_f1": 0.6499999999999999,
      "eval_matthews_correlation": 0.33734954246999327,
      "eval_precision": 0.696969696969697,
      "eval_recall": 0.6444444444444444,
      "eval_auc": 0.7555555555555555,
      "eval_auprc": 0.6465676418918871,
      "eval_runtime": 0.03,
      "eval_samples_per_second": 1401.36,
      "eval_steps_per_second": 100.097,
      "epoch": 10.0
    },
    {
      "eval_loss": 0.6930267810821533,
      "eval_accuracy": 0.6341463414634146,
      "eval_f1": 0.38805970149253727,
      "eval_matthews_correlation": 0.0,
      "eval_precision": 0.3170731707317073,
      "eval_recall": 0.5,
      "eval_auc": 0.6820512820512821,
      "eval_auprc": 0.624648170456994,
      "eval_runtime": 0.0337,
      "eval_samples_per_second": 1215.861,
      "eval_steps_per_second": 88.965,
      "epoch": 6.0
    },
    {
      "eval_loss": 0.6677272915840149,
      "eval_accuracy": 0.7317073170731707,
      "eval_f1": 0.6676492262343405,
      "eval_matthews_correlation": 0.39267773580355203,
      "eval_precision": 0.7386363636363636,
      "eval_recall": 0.6615384615384616,
      "eval_auc": 0.9102564102564102,
      "eval_auprc": 0.8470464356142106,
      "eval_runtime": 0.0315,
      "eval_samples_per_second": 1302.342,
      "eval_steps_per_second": 95.293,
      "epoch": 10.0
    },
    {
      "eval_loss": 1.6321009397506714,
      "eval_accuracy": 0.5121951219512195,
      "eval_f1": 0.4875,
      "eval_matthews_correlation": 0.31448545101657555,
      "eval_precision": 0.7142857142857143,
      "eval_recall": 0.6153846153846154,
      "eval_auc": 0.7717948717948718,
      "eval_auprc": 0.6870756034641371,
      "eval_runtime": 0.0306,
      "eval_samples_per_second": 1340.524,
      "eval_steps_per_second": 98.087,
      "epoch": 8.0
    },
    {
      "eval_loss": 1.133861780166626,
      "eval_accuracy": 0.7073170731707317,
      "eval_f1": 0.646551724137931,
      "eval_matthews_correlation": 0.3312031292432377,
      "eval_precision": 0.6927083333333333,
      "eval_recall": 0.6423076923076922,
      "eval_auc": 0.7230769230769231,
      "eval_auprc": 0.6579619519457092,
      "eval_runtime": 0.0298,
      "eval_samples_per_second": 1376.558,
      "eval_steps_per_second": 100.724,
      "epoch": 10.0
    }
  ],
  "test_metrics": {
    "eval_loss": 1.6296215057373047,
    "eval_accuracy": 0.6153846153846154,
    "eval_f1": 0.5362037732771826,
    "eval_matthews_correlation": 0.3363347014011157,
    "eval_precision": 0.7761264080100125,
    "eval_recall": 0.6024177949709865,
    "eval_auc": 0.7802127659574468,
    "eval_auprc": 0.7928194077437193,
    "eval_runtime": 0.2831,
    "eval_samples_per_second": 1606.96,
    "eval_steps_per_second": 102.422,
    "epoch": 8.0
  }
}