{
  "experiment": "rbp",
  "model_type": "lamar",
  "variant": "lamar_tapt_512",
  "rbp_name": "TIA1_K562_200",
  "weights_path": "/gpfs/bwfor/work/ws/fr_ml642-thesis_work/Thesis/LAMAR/src/pretrain/saving_model/tapt_lamar/checkpoint-98000",
  "max_length": 512,
  "n_folds": 5,
  "hyperparameters": {
    "learning_rate": 5e-05,
    "per_device_train_batch_size": 16,
    "weight_decay": 0.01,
    "warmup_ratio": 0.1,
    "num_train_epochs": 10,
    "gradient_accumulation_steps": 1,
    "early_stopping_patience": 3
  },
  "cv_metrics": {
    "epoch_mean": 9.4,
    "epoch_std": 1.2,
    "eval_accuracy_mean": 0.8087211346684763,
    "eval_accuracy_std": 0.004967113392784163,
    "eval_auc_mean": 0.8898460149918742,
    "eval_auc_std": 0.0017531610204508633,
    "eval_auprc_mean": 0.8824113473024461,
    "eval_auprc_std": 0.004488699585657037,
    "eval_f1_mean": 0.8126413769500376,
    "eval_f1_std": 0.0027832141341210042,
    "eval_loss_mean": 0.442328953742981,
    "eval_loss_std": 0.016971555724315534,
    "eval_matthews_correlation_mean": 0.6183529726665833,
    "eval_matthews_correlation_std": 0.008828209183742924,
    "eval_precision_mean": 0.8000398179759571,
    "eval_precision_std": 0.016523587032387294,
    "eval_recall_mean": 0.8264024844579184,
    "eval_recall_std": 0.018537448228944046,
    "eval_runtime_mean": 23.643819999999998,
    "eval_runtime_std": 0.02318649606991029,
    "eval_samples_per_second_mean": 122.4086,
    "eval_samples_per_second_std": 0.11280886489988122,
    "eval_steps_per_second_mean": 7.6554,
    "eval_steps_per_second_std": 0.007282856582413209
  },
  "cv_fold_metrics": [
    {
      "eval_loss": 0.4477982223033905,
      "eval_accuracy": 0.805181347150259,
      "eval_f1": 0.8080326752893124,
      "eval_precision": 0.7993265993265993,
      "eval_recall": 0.8169304886441845,
      "eval_matthews_correlation": 0.6104735597923591,
      "eval_auc": 0.8877686703009604,
      "eval_auprc": 0.8813933830719484,
      "eval_runtime": 23.6669,
      "eval_samples_per_second": 122.323,
      "eval_steps_per_second": 7.648,
      "epoch": 10.0
    },
    {
      "eval_loss": 0.4489825665950775,
      "eval_accuracy": 0.8099516240497581,
      "eval_f1": 0.8112560054907344,
      "eval_precision": 0.8084815321477428,
      "eval_recall": 0.8140495867768595,
      "eval_matthews_correlation": 0.6199044370976783,
      "eval_auc": 0.8882167405997945,
      "eval_auprc": 0.8821794334011805,
      "eval_runtime": 23.643,
      "eval_samples_per_second": 122.404,
      "eval_steps_per_second": 7.656,
      "epoch": 10.0
    },
    {
      "eval_loss": 0.42869704961776733,
      "eval_accuracy": 0.8154803040774016,
      "eval_f1": 0.8150969529085873,
      "eval_precision": 0.8202090592334494,
      "eval_recall": 0.8100481761871989,
      "eval_matthews_correlation": 0.6310221192239378,
      "eval_auc": 0.892631388407435,
      "eval_auprc": 0.8842339977922105,
      "eval_runtime": 23.6001,
      "eval_samples_per_second": 122.627,
      "eval_steps_per_second": 7.669,
      "epoch": 10.0
    },
    {
      "eval_loss": 0.46736326813697815,
      "eval_accuracy": 0.8013130615065653,
      "eval_f1": 0.813129671758206,
      "eval_precision": 0.770320197044335,
      "eval_recall": 0.860977288368892,
      "eval_matthews_correlation": 0.606679976106927,
      "eval_auc": 0.890634753624199,
      "eval_auprc": 0.8890591516214177,
      "eval_runtime": 23.6571,
      "eval_samples_per_second": 122.331,
      "eval_steps_per_second": 7.651,
      "epoch": 7.0
    },
    {
      "eval_loss": 0.4188036620616913,
      "eval_accuracy": 0.8116793365583966,
      "eval_f1": 0.815691579303348,
      "eval_precision": 0.8018617021276596,
      "eval_recall": 0.830006882312457,
      "eval_matthews_correlation": 0.6236847711120139,
      "eval_auc": 0.889978522026982,
      "eval_auprc": 0.8751907706254736,
      "eval_runtime": 23.652,
      "eval_samples_per_second": 122.358,
      "eval_steps_per_second": 7.653,
      "epoch": 10.0
    }
  ],
  "test_metrics": {
    "eval_loss": 0.436979204416275,
    "eval_accuracy": 0.8071290411715943,
    "eval_f1": 0.804372197309417,
    "eval_precision": 0.8030218242865137,
    "eval_recall": 0.8057271195957327,
    "eval_matthews_correlation": 0.6141859000589721,
    "eval_auc": 0.8879294438514633,
    "eval_auprc": 0.8785258992246159,
    "eval_runtime": 29.565,
    "eval_samples_per_second": 122.408,
    "eval_steps_per_second": 7.678,
    "epoch": 10.0
  }
}