{
  "experiment": "cross_cell",
  "model_type": "lamar",
  "variant": "random",
  "pair_name": "DDX55_train_K562_test_HepG2_fixlen_101",
  "pretrain_path": "",
  "max_length": 1024,
  "n_folds": 5,
  "hyperparameters": {
    "learning_rate": 5e-05,
    "per_device_train_batch_size": 16,
    "weight_decay": 0.01,
    "warmup_ratio": 0.1,
    "num_train_epochs": 10,
    "gradient_accumulation_steps": 1,
    "early_stopping_patience": 3
  },
  "cv_metrics": {
    "epoch_mean": 9.2,
    "epoch_std": 1.1661903789690602,
    "eval_accuracy_mean": 0.6875,
    "eval_accuracy_std": 0.02918154382482188,
    "eval_auc_mean": 0.7475642652930572,
    "eval_auc_std": 0.02715502019167786,
    "eval_auprc_mean": 0.6997626027356958,
    "eval_auprc_std": 0.03813186993183535,
    "eval_f1_mean": 0.6347963452237193,
    "eval_f1_std": 0.06560211837177943,
    "eval_loss_mean": 0.6189187407493592,
    "eval_loss_std": 0.03721078213728754,
    "eval_matthews_correlation_mean": 0.37414703621819806,
    "eval_matthews_correlation_std": 0.06247997566135571,
    "eval_precision_mean": 0.6625709051605038,
    "eval_precision_std": 0.04992076025515927,
    "eval_recall_mean": 0.6311003350859508,
    "eval_recall_std": 0.1368768873215632,
    "eval_runtime_mean": 6.862080000000001,
    "eval_runtime_std": 0.009656169012605124,
    "eval_samples_per_second_mean": 46.837199999999996,
    "eval_samples_per_second_std": 0.11225934259561729,
    "eval_steps_per_second_mean": 3.0604,
    "eval_steps_per_second_std": 0.004223742416388489
  },
  "cv_fold_metrics": [
    {
      "eval_loss": 0.6649788618087769,
      "eval_accuracy": 0.653125,
      "eval_f1": 0.5680933852140078,
      "eval_precision": 0.6347826086956522,
      "eval_recall": 0.5140845070422535,
      "eval_auc": 0.7162130083874031,
      "eval_auprc": 0.6504827546036269,
      "eval_matthews_correlation": 0.28798860290009526,
      "eval_runtime": 6.8593,
      "eval_samples_per_second": 46.944,
      "eval_steps_per_second": 3.062,
      "epoch": 10.0
    },
    {
      "eval_loss": 0.6363332867622375,
      "eval_accuracy": 0.690625,
      "eval_f1": 0.6972477064220183,
      "eval_precision": 0.6129032258064516,
      "eval_recall": 0.8085106382978723,
      "eval_auc": 0.7690082808352153,
      "eval_auprc": 0.7205523702254335,
      "eval_matthews_correlation": 0.4088352840264781,
      "eval_runtime": 6.8569,
      "eval_samples_per_second": 46.96,
      "eval_steps_per_second": 3.063,
      "epoch": 9.0
    },
    {
      "eval_loss": 0.6214777231216431,
      "eval_accuracy": 0.678125,
      "eval_f1": 0.6688102893890675,
      "eval_precision": 0.6190476190476191,
      "eval_recall": 0.7272727272727273,
      "eval_auc": 0.7508988186954288,
      "eval_auprc": 0.6987362134340744,
      "eval_matthews_correlation": 0.3640761744879548,
      "eval_runtime": 6.8735,
      "eval_samples_per_second": 46.701,
      "eval_steps_per_second": 3.055,
      "epoch": 10.0
    },
    {
      "eval_loss": 0.551904559135437,
      "eval_accuracy": 0.740625,
      "eval_f1": 0.6959706959706959,
      "eval_precision": 0.7251908396946565,
      "eval_recall": 0.6690140845070423,
      "eval_auc": 0.7841034973888273,
      "eval_auprc": 0.7590899704360542,
      "eval_matthews_correlation": 0.4716150639957619,
      "eval_runtime": 6.8725,
      "eval_samples_per_second": 46.708,
      "eval_steps_per_second": 3.056,
      "epoch": 10.0
    },
    {
      "eval_loss": 0.6198992729187012,
      "eval_accuracy": 0.675,
      "eval_f1": 0.543859649122807,
      "eval_precision": 0.7209302325581395,
      "eval_recall": 0.43661971830985913,
      "eval_auc": 0.7175977211584111,
      "eval_auprc": 0.6699517049792896,
      "eval_matthews_correlation": 0.3382200556807,
      "eval_runtime": 6.8482,
      "eval_samples_per_second": 46.873,
      "eval_steps_per_second": 3.066,
      "epoch": 7.0
    }
  ],
  "test_metrics": {
    "eval_loss": 0.7575405836105347,
    "eval_accuracy": 0.5931122448979592,
    "eval_f1": 0.3853564547206166,
    "eval_precision": 0.6369426751592356,
    "eval_recall": 0.27624309392265195,
    "eval_auc": 0.6241581058946406,
    "eval_auprc": 0.5713067532179228,
    "eval_matthews_correlation": 0.1758634114624069,
    "eval_runtime": 50.4563,
    "eval_samples_per_second": 46.694,
    "eval_steps_per_second": 2.933,
    "epoch": 10.0
  }
}