{
  "experiment": "cross_length",
  "model_type": "lamar",
  "variant": "random",
  "pair_name": "FXR2_HepG2_ENCSR973HOJ",
  "pretrain_path": "",
  "max_length": 1024,
  "n_folds": 5,
  "hyperparameters": {
    "learning_rate": 5e-05,
    "per_device_train_batch_size": 16,
    "weight_decay": 0.01,
    "warmup_ratio": 0.1,
    "num_train_epochs": 10,
    "gradient_accumulation_steps": 1,
    "early_stopping_patience": 3
  },
  "cv_metrics": {
    "epoch_mean": 8.2,
    "epoch_std": 0.7483314773547883,
    "eval_accuracy_mean": 0.7545833333333333,
    "eval_accuracy_std": 0.014872140247978954,
    "eval_auc_mean": 0.8436189893261012,
    "eval_auc_std": 0.018341103866802717,
    "eval_auprc_mean": 0.7280714930606257,
    "eval_auprc_std": 0.02802122742190323,
    "eval_f1_mean": 0.5988124791224212,
    "eval_f1_std": 0.047300257080135195,
    "eval_loss_mean": 0.4851705372333527,
    "eval_loss_std": 0.0414012772217197,
    "eval_matthews_correlation_mean": 0.44572355945726594,
    "eval_matthews_correlation_std": 0.030442461602919135,
    "eval_precision_mean": 0.7063157048546952,
    "eval_precision_std": 0.057169716506353455,
    "eval_recall_mean": 0.538152610441767,
    "eval_recall_std": 0.11584622591566061,
    "eval_runtime_mean": 10.3209,
    "eval_runtime_std": 0.007627581530210038,
    "eval_samples_per_second_mean": 47.2632,
    "eval_samples_per_second_std": 0.030413155048431673,
    "eval_steps_per_second_mean": 3.0035999999999996,
    "eval_steps_per_second_std": 0.0023323807579381907
  },
  "cv_fold_metrics": [
    {
      "eval_loss": 0.47321465611457825,
      "eval_accuracy": 0.7354166666666667,
      "eval_f1": 0.6649076517150395,
      "eval_precision": 0.5971563981042654,
      "eval_recall": 0.75,
      "eval_auc": 0.835145757020757,
      "eval_auprc": 0.7410484896829703,
      "eval_matthews_correlation": 0.4589297848544685,
      "eval_runtime": 10.3282,
      "eval_samples_per_second": 47.249,
      "eval_steps_per_second": 3.001,
      "epoch": 8.0
    },
    {
      "eval_loss": 0.457792729139328,
      "eval_accuracy": 0.775,
      "eval_f1": 0.6326530612244898,
      "eval_precision": 0.7265625,
      "eval_recall": 0.5602409638554217,
      "eval_auc": 0.861253932929169,
      "eval_auprc": 0.7385900032224547,
      "eval_matthews_correlation": 0.48269430029947175,
      "eval_runtime": 10.3195,
      "eval_samples_per_second": 47.289,
      "eval_steps_per_second": 3.004,
      "epoch": 9.0
    },
    {
      "eval_loss": 0.5664351582527161,
      "eval_accuracy": 0.7479166666666667,
      "eval_f1": 0.5599999999999999,
      "eval_precision": 0.7064220183486238,
      "eval_recall": 0.463855421686747,
      "eval_auc": 0.8122553909907144,
      "eval_auprc": 0.6736300715422162,
      "eval_matthews_correlation": 0.4109232916028589,
      "eval_runtime": 10.3309,
      "eval_samples_per_second": 47.237,
      "eval_steps_per_second": 3.001,
      "epoch": 9.0
    },
    {
      "eval_loss": 0.47407424449920654,
      "eval_accuracy": 0.7458333333333333,
      "eval_f1": 0.5343511450381679,
      "eval_precision": 0.7446808510638298,
      "eval_recall": 0.4166666666666667,
      "eval_auc": 0.8488438644688645,
      "eval_auprc": 0.7334397179356178,
      "eval_matthews_correlation": 0.4083434841006246,
      "eval_runtime": 10.3151,
      "eval_samples_per_second": 47.309,
      "eval_steps_per_second": 3.005,
      "epoch": 8.0
    },
    {
      "eval_loss": 0.45433589816093445,
      "eval_accuracy": 0.76875,
      "eval_f1": 0.6021505376344086,
      "eval_precision": 0.7567567567567568,
      "eval_recall": 0.5,
      "eval_auc": 0.8605960012210012,
      "eval_auprc": 0.753649182919869,
      "eval_matthews_correlation": 0.4677269364289061,
      "eval_runtime": 10.3108,
      "eval_samples_per_second": 47.232,
      "eval_steps_per_second": 3.007,
      "epoch": 7.0
    }
  ],
  "test_metrics": {
    "eval_loss": 0.5978196859359741,
    "eval_accuracy": 0.6983506944444444,
    "eval_f1": 0.6817765567765568,
    "eval_precision": 0.6896711440481704,
    "eval_recall": 0.6740606609325487,
    "eval_auc": 0.7684180125603113,
    "eval_auprc": 0.7404173336534214,
    "eval_matthews_correlation": 0.3952253562888341,
    "eval_runtime": 99.4084,
    "eval_samples_per_second": 46.394,
    "eval_steps_per_second": 2.907,
    "epoch": 6.0
  }
}