{
  "experiment": "cross_length",
  "model_type": "lamar",
  "variant": "random",
  "pair_name": "ZC3H11A_K562_ENCSR712IAG",
  "pretrain_path": "",
  "max_length": 1024,
  "n_folds": 5,
  "hyperparameters": {
    "learning_rate": 5e-05,
    "per_device_train_batch_size": 16,
    "weight_decay": 0.01,
    "warmup_ratio": 0.1,
    "num_train_epochs": 10,
    "gradient_accumulation_steps": 1,
    "early_stopping_patience": 3
  },
  "cv_metrics": {
    "epoch_mean": 8.0,
    "epoch_std": 2.280350850198276,
    "eval_accuracy_mean": 0.6777777777777778,
    "eval_accuracy_std": 0.022652092264305684,
    "eval_auc_mean": 0.7060219798789003,
    "eval_auc_std": 0.067092111010824,
    "eval_auprc_mean": 0.5728902655517288,
    "eval_auprc_std": 0.08038725450006501,
    "eval_f1_mean": 0.3218042570406912,
    "eval_f1_std": 0.20355006165507952,
    "eval_loss_mean": 0.6231454253196717,
    "eval_loss_std": 0.056299738043595164,
    "eval_matthews_correlation_mean": 0.2112902669864384,
    "eval_matthews_correlation_std": 0.09043477241525895,
    "eval_precision_mean": 0.6688888888888889,
    "eval_precision_std": 0.17175923430168533,
    "eval_recall_mean": 0.27059143657462986,
    "eval_recall_std": 0.19074099580374368,
    "eval_runtime_mean": 3.09304,
    "eval_runtime_std": 0.0019324595726689276,
    "eval_samples_per_second_mean": 48.5606,
    "eval_samples_per_second_std": 0.13312941072505421,
    "eval_steps_per_second_mean": 3.2329999999999997,
    "eval_steps_per_second_std": 0.002280350850198297
  },
  "cv_fold_metrics": [
    {
      "eval_loss": 0.5449573993682861,
      "eval_accuracy": 0.7013888888888888,
      "eval_f1": 0.4691358024691358,
      "eval_precision": 0.6333333333333333,
      "eval_recall": 0.37254901960784315,
      "eval_auc": 0.7659709044908287,
      "eval_auprc": 0.6563426425252818,
      "eval_matthews_correlation": 0.2994385371511313,
      "eval_runtime": 3.093,
      "eval_samples_per_second": 48.82,
      "eval_steps_per_second": 3.233,
      "epoch": 10.0
    },
    {
      "eval_loss": 0.6620790958404541,
      "eval_accuracy": 0.6597222222222222,
      "eval_f1": 0.1090909090909091,
      "eval_precision": 0.6,
      "eval_recall": 0.06,
      "eval_auc": 0.6170212765957447,
      "eval_auprc": 0.4623208161637025,
      "eval_matthews_correlation": 0.10070013591517826,
      "eval_runtime": 3.0937,
      "eval_samples_per_second": 48.485,
      "eval_steps_per_second": 3.232,
      "epoch": 4.0
    },
    {
      "eval_loss": 0.5656020641326904,
      "eval_accuracy": 0.7083333333333334,
      "eval_f1": 0.5116279069767442,
      "eval_precision": 0.6111111111111112,
      "eval_recall": 0.44,
      "eval_auc": 0.7497872340425531,
      "eval_auprc": 0.6213559886405027,
      "eval_matthews_correlation": 0.3200177300052772,
      "eval_runtime": 3.0957,
      "eval_samples_per_second": 48.455,
      "eval_steps_per_second": 3.23,
      "epoch": 10.0
    },
    {
      "eval_loss": 0.6821028590202332,
      "eval_accuracy": 0.6527777777777778,
      "eval_f1": 0.4791666666666667,
      "eval_precision": 0.5,
      "eval_recall": 0.46,
      "eval_auc": 0.6317021276595745,
      "eval_auprc": 0.48960794371123395,
      "eval_matthews_correlation": 0.21985666194590828,
      "eval_runtime": 3.0931,
      "eval_samples_per_second": 48.495,
      "eval_steps_per_second": 3.233,
      "epoch": 9.0
    },
    {
      "eval_loss": 0.6609857082366943,
      "eval_accuracy": 0.6666666666666666,
      "eval_f1": 0.039999999999999994,
      "eval_precision": 1.0,
      "eval_recall": 0.02040816326530612,
      "eval_auc": 0.7656283566058002,
      "eval_auprc": 0.6348239367179234,
      "eval_matthews_correlation": 0.11643826991469705,
      "eval_runtime": 3.0897,
      "eval_samples_per_second": 48.548,
      "eval_steps_per_second": 3.237,
      "epoch": 7.0
    }
  ],
  "test_metrics": {
    "eval_loss": 0.6903949975967407,
    "eval_accuracy": 0.5835526315789473,
    "eval_f1": 0.31419284940411707,
    "eval_precision": 0.7552083333333334,
    "eval_recall": 0.19835841313269495,
    "eval_auc": 0.6764333109669723,
    "eval_auprc": 0.6540792705201262,
    "eval_matthews_correlation": 0.2087390216354728,
    "eval_runtime": 32.6975,
    "eval_samples_per_second": 46.517,
    "eval_steps_per_second": 2.936,
    "epoch": 9.0
  }
}