{
  "experiment": "cross_cell",
  "model_type": "lamar",
  "variant": "tapt_1024",
  "pair_name": "QKI_train_K562_test_HepG2_fixlen_101",
  "pretrain_path": "/gpfs/bwfor/work/ws/fr_ml642-thesis_work/Thesis/LAMAR/src/pretrain/saving_model/tapt_1024_standard_collator/checkpoint-134000/model.safetensors",
  "max_length": 1024,
  "n_folds": 5,
  "hyperparameters": {
    "learning_rate": 5e-05,
    "per_device_train_batch_size": 16,
    "weight_decay": 0.01,
    "warmup_ratio": 0.1,
    "num_train_epochs": 10,
    "gradient_accumulation_steps": 1,
    "early_stopping_patience": 3
  },
  "cv_metrics": {
    "epoch_mean": 10.0,
    "epoch_std": 0.0,
    "eval_accuracy_mean": 0.88125,
    "eval_accuracy_std": 0.022199307558015482,
    "eval_auc_mean": 0.9331777249361959,
    "eval_auc_std": 0.010959347094331745,
    "eval_auprc_mean": 0.8679971251598084,
    "eval_auprc_std": 0.024327542386677576,
    "eval_f1_mean": 0.7980715424643298,
    "eval_f1_std": 0.03457478714683819,
    "eval_loss_mean": 0.40752307772636415,
    "eval_loss_std": 0.020120092323561885,
    "eval_matthews_correlation_mean": 0.7164259365467783,
    "eval_matthews_correlation_std": 0.05005146604693963,
    "eval_precision_mean": 0.7807731140819346,
    "eval_precision_std": 0.053053672184607915,
    "eval_recall_mean": 0.8201357466063349,
    "eval_recall_std": 0.050833142991909275,
    "eval_runtime_mean": 11.69138,
    "eval_runtime_std": 0.01710466603006343,
    "eval_samples_per_second_mean": 47.333999999999996,
    "eval_samples_per_second_std": 0.04145841289774748,
    "eval_steps_per_second_mean": 2.9938,
    "eval_steps_per_second_std": 0.004308131845707574
  },
  "cv_fold_metrics": [
    {
      "eval_loss": 0.3828575909137726,
      "eval_accuracy": 0.8805147058823529,
      "eval_f1": 0.7962382445141065,
      "eval_precision": 0.7791411042944786,
      "eval_recall": 0.8141025641025641,
      "eval_auc": 0.9303297647369813,
      "eval_auprc": 0.8547144463498119,
      "eval_matthews_correlation": 0.7121135988862534,
      "eval_runtime": 11.7179,
      "eval_samples_per_second": 47.278,
      "eval_steps_per_second": 2.987,
      "epoch": 10.0
    },
    {
      "eval_loss": 0.387554407119751,
      "eval_accuracy": 0.8455882352941176,
      "eval_f1": 0.75,
      "eval_precision": 0.7,
      "eval_recall": 0.8076923076923077,
      "eval_auc": 0.9243655828707376,
      "eval_auprc": 0.8510417480707041,
      "eval_matthews_correlation": 0.6425452325786708,
      "eval_runtime": 11.6998,
      "eval_samples_per_second": 47.351,
      "eval_steps_per_second": 2.992,
      "epoch": 10.0
    },
    {
      "eval_loss": 0.4150184094905853,
      "eval_accuracy": 0.9136029411764706,
      "eval_f1": 0.8469055374592833,
      "eval_precision": 0.8609271523178808,
      "eval_recall": 0.8333333333333334,
      "eval_auc": 0.9384582342056569,
      "eval_auprc": 0.8651804405491336,
      "eval_matthews_correlation": 0.7869510512892478,
      "eval_runtime": 11.6672,
      "eval_samples_per_second": 47.398,
      "eval_steps_per_second": 3.0,
      "epoch": 10.0
    },
    {
      "eval_loss": 0.43773573637008667,
      "eval_accuracy": 0.8915441176470589,
      "eval_f1": 0.8238805970149254,
      "eval_precision": 0.7582417582417582,
      "eval_recall": 0.9019607843137255,
      "eval_auc": 0.9516406733196263,
      "eval_auprc": 0.915677268782363,
      "eval_matthews_correlation": 0.7522411541203188,
      "eval_runtime": 11.6908,
      "eval_samples_per_second": 47.302,
      "eval_steps_per_second": 2.994,
      "epoch": 10.0
    },
    {
      "eval_loss": 0.4144492447376251,
      "eval_accuracy": 0.875,
      "eval_f1": 0.7733333333333334,
      "eval_precision": 0.8055555555555556,
      "eval_recall": 0.7435897435897436,
      "eval_auc": 0.9210943695479779,
      "eval_auprc": 0.8533717220470299,
      "eval_matthews_correlation": 0.6882786458594012,
      "eval_runtime": 11.6812,
      "eval_samples_per_second": 47.341,
      "eval_steps_per_second": 2.996,
      "epoch": 10.0
    }
  ],
  "test_metrics": {
    "eval_loss": 0.5783748626708984,
    "eval_accuracy": 0.8560505319148937,
    "eval_f1": 0.8342393384886304,
    "eval_precision": 0.8883091472362629,
    "eval_recall": 0.7863741339491916,
    "eval_auc": 0.9166207235538488,
    "eval_auprc": 0.9127223750395166,
    "eval_matthews_correlation": 0.7119677651619496,
    "eval_runtime": 322.0091,
    "eval_samples_per_second": 46.722,
    "eval_steps_per_second": 2.922,
    "epoch": 10.0
  }
}