{
  "experiment": "cross_length",
  "model_type": "dnabert2",
  "variant": "tapt_v3",
  "pair_name": "GPKOW_K562_ENCSR647CLF",
  "max_length": 256,
  "n_folds": 5,
  "hyperparameters": {
    "learning_rate": 5e-05,
    "per_device_train_batch_size": 16,
    "weight_decay": 0.01,
    "warmup_ratio": 0.1,
    "num_train_epochs": 10,
    "gradient_accumulation_steps": 1,
    "early_stopping_patience": 3
  },
  "cv_metrics": {
    "epoch_mean": 7.0,
    "epoch_std": 1.2649110640673518,
    "eval_accuracy_mean": 0.800678314491264,
    "eval_accuracy_std": 0.063023191714024,
    "eval_auc_mean": 0.859850687103594,
    "eval_auc_std": 0.04483789842104527,
    "eval_auprc_mean": 0.7579682975046766,
    "eval_auprc_std": 0.08692983949376752,
    "eval_f1_mean": 0.7180602107434393,
    "eval_f1_std": 0.12545396923120014,
    "eval_loss_mean": 0.5168685674667358,
    "eval_loss_std": 0.09604602909403692,
    "eval_matthews_correlation_mean": 0.5007630286645423,
    "eval_matthews_correlation_std": 0.18162379872910517,
    "eval_precision_mean": 0.8003380033295728,
    "eval_precision_std": 0.047156859679532474,
    "eval_recall_mean": 0.7206307258632839,
    "eval_recall_std": 0.11871110211118008,
    "eval_runtime_mean": 0.1325,
    "eval_runtime_std": 0.0010507140429250942,
    "eval_samples_per_second_mean": 1052.1327999999999,
    "eval_samples_per_second_std": 6.581994816163253,
    "eval_steps_per_second_mean": 67.9294,
    "eval_steps_per_second_std": 0.5434359575883826
  },
  "cv_fold_metrics": [
    {
      "eval_loss": 0.48269423842430115,
      "eval_accuracy": 0.7857142857142857,
      "eval_f1": 0.7375,
      "eval_matthews_correlation": 0.4817987067736316,
      "eval_precision": 0.7558760683760684,
      "eval_recall": 0.7267992424242424,
      "eval_auc": 0.8383049242424243,
      "eval_auprc": 0.7360233935777127,
      "eval_runtime": 0.1343,
      "eval_samples_per_second": 1042.213,
      "eval_steps_per_second": 66.999,
      "epoch": 6.0
    },
    {
      "eval_loss": 0.6494982838630676,
      "eval_accuracy": 0.7428571428571429,
      "eval_f1": 0.5982142857142857,
      "eval_matthews_correlation": 0.34234100582266913,
      "eval_precision": 0.7838541666666667,
      "eval_recall": 0.6032196969696969,
      "eval_auc": 0.8354640151515152,
      "eval_auprc": 0.7172716840428963,
      "eval_runtime": 0.1324,
      "eval_samples_per_second": 1057.415,
      "eval_steps_per_second": 67.977,
      "epoch": 6.0
    },
    {
      "eval_loss": 0.4573739767074585,
      "eval_accuracy": 0.8776978417266187,
      "eval_f1": 0.8519145202732343,
      "eval_matthews_correlation": 0.7069712673228992,
      "eval_precision": 0.8665971860343928,
      "eval_recall": 0.840843023255814,
      "eval_auc": 0.8946220930232558,
      "eval_auprc": 0.840229614740509,
      "eval_runtime": 0.1328,
      "eval_samples_per_second": 1046.968,
      "eval_steps_per_second": 67.789,
      "epoch": 8.0
    },
    {
      "eval_loss": 0.389993816614151,
      "eval_accuracy": 0.8705035971223022,
      "eval_f1": 0.852127659574468,
      "eval_matthews_correlation": 0.7060583060361485,
      "eval_precision": 0.8449352451433858,
      "eval_recall": 0.861312984496124,
      "eval_auc": 0.9275678294573644,
      "eval_auprc": 0.867922330445008,
      "eval_runtime": 0.1318,
      "eval_samples_per_second": 1054.242,
      "eval_steps_per_second": 68.26,
      "epoch": 9.0
    },
    {
      "eval_loss": 0.6047825217247009,
      "eval_accuracy": 0.7266187050359713,
      "eval_f1": 0.5505445881552076,
      "eval_matthews_correlation": 0.2666458573673629,
      "eval_precision": 0.7504273504273504,
      "eval_recall": 0.5709786821705426,
      "eval_auc": 0.8032945736434108,
      "eval_auprc": 0.6283944647172578,
      "eval_runtime": 0.1312,
      "eval_samples_per_second": 1059.826,
      "eval_steps_per_second": 68.622,
      "epoch": 6.0
    }
  ],
  "test_metrics": {
    "eval_loss": 0.8590078949928284,
    "eval_accuracy": 0.8347406513872135,
    "eval_f1": 0.8327250500765877,
    "eval_matthews_correlation": 0.6738251439058742,
    "eval_precision": 0.84221851317214,
    "eval_recall": 0.831688896920799,
    "eval_auc": 0.8966737690774056,
    "eval_auprc": 0.8840449396217159,
    "eval_runtime": 1.7998,
    "eval_samples_per_second": 921.2,
    "eval_steps_per_second": 57.783,
    "epoch": 10.0
  }
}