{
  "experiment": "cross_length",
  "model_type": "dnabert2",
  "variant": "pretrained",
  "pair_name": "GTF2F1_HepG2_ENCSR265ZIS",
  "max_length": 256,
  "n_folds": 5,
  "hyperparameters": {
    "learning_rate": 5e-05,
    "per_device_train_batch_size": 16,
    "weight_decay": 0.01,
    "warmup_ratio": 0.1,
    "num_train_epochs": 10,
    "gradient_accumulation_steps": 1,
    "early_stopping_patience": 3
  },
  "cv_metrics": {
    "epoch_mean": 6.2,
    "epoch_std": 0.7483314773547882,
    "eval_accuracy_mean": 0.9287008919068038,
    "eval_accuracy_std": 0.01353504945971957,
    "eval_auc_mean": 0.9776011905134447,
    "eval_auc_std": 0.003798613318351951,
    "eval_auprc_mean": 0.9660339605081676,
    "eval_auprc_std": 0.00768046596613164,
    "eval_f1_mean": 0.9228925209448473,
    "eval_f1_std": 0.01451846251658957,
    "eval_loss_mean": 0.23468432426452637,
    "eval_loss_std": 0.05967454625183835,
    "eval_matthews_correlation_mean": 0.8467099990447592,
    "eval_matthews_correlation_std": 0.028375139079530744,
    "eval_precision_mean": 0.9235643966485856,
    "eval_precision_std": 0.01535400276216772,
    "eval_recall_mean": 0.9232083231629084,
    "eval_recall_std": 0.014747104055823466,
    "eval_runtime_mean": 0.36458,
    "eval_runtime_std": 0.014765825408692866,
    "eval_samples_per_second_mean": 1865.0436000000002,
    "eval_samples_per_second_std": 77.31283728489075,
    "eval_steps_per_second_mean": 118.14760000000001,
    "eval_steps_per_second_std": 4.964412013521841
  },
  "cv_fold_metrics": [
    {
      "eval_loss": 0.23518607020378113,
      "eval_accuracy": 0.9101620029455081,
      "eval_f1": 0.9044511344106485,
      "eval_matthews_correlation": 0.8108495014329755,
      "eval_precision": 0.8989491291225773,
      "eval_recall": 0.9120054826414314,
      "eval_auc": 0.9731125255825306,
      "eval_auprc": 0.9587137199621867,
      "eval_runtime": 0.3774,
      "eval_samples_per_second": 1799.324,
      "eval_steps_per_second": 113.948,
      "epoch": 6.0
    },
    {
      "eval_loss": 0.19615814089775085,
      "eval_accuracy": 0.9425625920471281,
      "eval_f1": 0.9372245677832907,
      "eval_matthews_correlation": 0.8750336392380682,
      "eval_precision": 0.9420596128042937,
      "eval_recall": 0.9330207101147223,
      "eval_auc": 0.9768959236936481,
      "eval_auprc": 0.9724002034748208,
      "eval_runtime": 0.3701,
      "eval_samples_per_second": 1834.828,
      "eval_steps_per_second": 116.197,
      "epoch": 6.0
    },
    {
      "eval_loss": 0.3471337854862213,
      "eval_accuracy": 0.914580265095729,
      "eval_f1": 0.9060131355365906,
      "eval_matthews_correlation": 0.8135548771831709,
      "eval_precision": 0.9140117477729801,
      "eval_recall": 0.8996695394205674,
      "eval_auc": 0.9740137817082558,
      "eval_auprc": 0.9548638502462576,
      "eval_runtime": 0.3599,
      "eval_samples_per_second": 1886.479,
      "eval_steps_per_second": 119.468,
      "epoch": 7.0
    },
    {
      "eval_loss": 0.17618431150913239,
      "eval_accuracy": 0.9366715758468336,
      "eval_f1": 0.9321102624021951,
      "eval_matthews_correlation": 0.8647802457701061,
      "eval_precision": 0.9285134711490586,
      "eval_recall": 0.9363018456974408,
      "eval_auc": 0.981796503877279,
      "eval_auprc": 0.9732283698029617,
      "eval_runtime": 0.3775,
      "eval_samples_per_second": 1798.805,
      "eval_steps_per_second": 113.915,
      "epoch": 5.0
    },
    {
      "eval_loss": 0.21875931322574615,
      "eval_accuracy": 0.93952802359882,
      "eval_f1": 0.9346635045915117,
      "eval_matthews_correlation": 0.8693317315994754,
      "eval_precision": 0.9342880223940182,
      "eval_recall": 0.9350440379403794,
      "eval_auc": 0.9821872177055104,
      "eval_auprc": 0.9709636590546106,
      "eval_runtime": 0.338,
      "eval_samples_per_second": 2005.782,
      "eval_steps_per_second": 127.21,
      "epoch": 7.0
    }
  ],
  "test_metrics": {
    "eval_loss": 0.2521931827068329,
    "eval_accuracy": 0.9287195926833868,
    "eval_f1": 0.9286824627796013,
    "eval_matthews_correlation": 0.858194621866812,
    "eval_precision": 0.9286835432018972,
    "eval_recall": 0.9295114780358222,
    "eval_auc": 0.9774185962992099,
    "eval_auprc": 0.9738674509380647,
    "eval_runtime": 3.2522,
    "eval_samples_per_second": 1630.59,
    "eval_steps_per_second": 102.085,
    "epoch": 7.0
  }
}