{
  "experiment": "cross_cell",
  "model_type": "dnabert2",
  "variant": "pretrained",
  "pair_name": "DROSHA_train_K562_test_HepG2_fixlen_101",
  "max_length": 128,
  "n_folds": 5,
  "hyperparameters": {
    "learning_rate": 5e-05,
    "per_device_train_batch_size": 16,
    "weight_decay": 0.01,
    "warmup_ratio": 0.1,
    "num_train_epochs": 10,
    "gradient_accumulation_steps": 1,
    "early_stopping_patience": 3
  },
  "cv_metrics": {
    "epoch_mean": 5.4,
    "epoch_std": 1.0198039027185568,
    "eval_accuracy_mean": 0.8753311258278146,
    "eval_accuracy_std": 0.01311609425187971,
    "eval_auc_mean": 0.9450497478298733,
    "eval_auc_std": 0.0057677412128137465,
    "eval_auprc_mean": 0.934862357184574,
    "eval_auprc_std": 0.009079139650617324,
    "eval_f1_mean": 0.8738863395076695,
    "eval_f1_std": 0.014379604318870018,
    "eval_loss_mean": 0.35651772022247313,
    "eval_loss_std": 0.07322362626358621,
    "eval_matthews_correlation_mean": 0.7511506362222028,
    "eval_matthews_correlation_std": 0.023501412442323694,
    "eval_precision_mean": 0.8783537404429506,
    "eval_precision_std": 0.007897950681790972,
    "eval_recall_mean": 0.8728641387038699,
    "eval_recall_std": 0.015617029398762925,
    "eval_runtime_mean": 0.9284800000000001,
    "eval_runtime_std": 0.010449765547609178,
    "eval_samples_per_second_mean": 1301.21,
    "eval_samples_per_second_std": 14.432349302868191,
    "eval_steps_per_second_mean": 81.86420000000001,
    "eval_steps_per_second_std": 0.9081571229693706
  },
  "cv_fold_metrics": [
    {
      "eval_loss": 0.4891640245914459,
      "eval_accuracy": 0.8509933774834437,
      "eval_f1": 0.8470485949910946,
      "eval_matthews_correlation": 0.708424631731115,
      "eval_precision": 0.8649006622516556,
      "eval_recall": 0.8438370430369703,
      "eval_auc": 0.9385095614752856,
      "eval_auprc": 0.9267464600420395,
      "eval_runtime": 0.9488,
      "eval_samples_per_second": 1273.175,
      "eval_steps_per_second": 80.1,
      "epoch": 7.0
    },
    {
      "eval_loss": 0.3000451326370239,
      "eval_accuracy": 0.8758278145695364,
      "eval_f1": 0.8744178310046573,
      "eval_matthews_correlation": 0.7509972290252829,
      "eval_precision": 0.8783106957389868,
      "eval_recall": 0.8727074362132095,
      "eval_auc": 0.9484608793636887,
      "eval_auprc": 0.941741490205636,
      "eval_runtime": 0.9226,
      "eval_samples_per_second": 1309.389,
      "eval_steps_per_second": 82.379,
      "epoch": 5.0
    },
    {
      "eval_loss": 0.3229857087135315,
      "eval_accuracy": 0.8824503311258278,
      "eval_f1": 0.8819581882492191,
      "eval_matthews_correlation": 0.7639943469337017,
      "eval_precision": 0.8816692382374701,
      "eval_recall": 0.8823253904624939,
      "eval_auc": 0.9415828436193923,
      "eval_auprc": 0.9220164373919639,
      "eval_runtime": 0.9278,
      "eval_samples_per_second": 1302.043,
      "eval_steps_per_second": 81.917,
      "epoch": 5.0
    },
    {
      "eval_loss": 0.37986648082733154,
      "eval_accuracy": 0.8774834437086093,
      "eval_f1": 0.876603674613144,
      "eval_matthews_correlation": 0.7535190920813709,
      "eval_precision": 0.8776094206207536,
      "eval_recall": 0.8759115842487059,
      "eval_auc": 0.9420966644350589,
      "eval_auprc": 0.937733268828252,
      "eval_runtime": 0.9203,
      "eval_samples_per_second": 1312.589,
      "eval_steps_per_second": 82.58,
      "epoch": 6.0
    },
    {
      "eval_loss": 0.29052725434303284,
      "eval_accuracy": 0.8899006622516556,
      "eval_f1": 0.8894034086802327,
      "eval_matthews_correlation": 0.7788178813395435,
      "eval_precision": 0.8892786853658872,
      "eval_recall": 0.8895392395579697,
      "eval_auc": 0.9545987902559413,
      "eval_auprc": 0.9460741294549787,
      "eval_runtime": 0.9229,
      "eval_samples_per_second": 1308.854,
      "eval_steps_per_second": 82.345,
      "epoch": 4.0
    }
  ],
  "test_metrics": {
    "eval_loss": 0.48841285705566406,
    "eval_accuracy": 0.7650042265426881,
    "eval_f1": 0.7498691824205512,
    "eval_matthews_correlation": 0.5077855967480046,
    "eval_precision": 0.7633311117458503,
    "eval_recall": 0.7447927730180084,
    "eval_auc": 0.853033762892681,
    "eval_auprc": 0.8062724547502045,
    "eval_runtime": 1.7896,
    "eval_samples_per_second": 1322.082,
    "eval_steps_per_second": 82.7,
    "epoch": 4.0
  }
}