{
  "experiment": "cross_length",
  "model_type": "dnabert2",
  "variant": "pretrained_custom",
  "pair_name": "EFTUD2_K562_ENCSR844RVX",
  "max_length": 256,
  "n_folds": 5,
  "hyperparameters": {
    "learning_rate": 5e-05,
    "per_device_train_batch_size": 16,
    "weight_decay": 0.01,
    "warmup_ratio": 0.1,
    "num_train_epochs": 10,
    "gradient_accumulation_steps": 1,
    "early_stopping_patience": 3
  },
  "cv_metrics": {
    "epoch_mean": 5.4,
    "epoch_std": 0.7999999999999999,
    "eval_accuracy_mean": 0.8381451299961193,
    "eval_accuracy_std": 0.011255001022841101,
    "eval_auc_mean": 0.9004400074448832,
    "eval_auc_std": 0.009958845014514186,
    "eval_auprc_mean": 0.8022381685337642,
    "eval_auprc_std": 0.020998501200631837,
    "eval_f1_mean": 0.8056082852893638,
    "eval_f1_std": 0.010105013944552724,
    "eval_loss_mean": 0.3906054198741913,
    "eval_loss_std": 0.014107845309320752,
    "eval_matthews_correlation_mean": 0.6169212429897664,
    "eval_matthews_correlation_std": 0.021082128496643864,
    "eval_precision_mean": 0.8138475430493066,
    "eval_precision_std": 0.02125605813081839,
    "eval_recall_mean": 0.8039541757721149,
    "eval_recall_std": 0.016606845735409458,
    "eval_runtime_mean": 0.44922000000000006,
    "eval_runtime_std": 0.006080263152199905,
    "eval_samples_per_second_mean": 1912.1413999999997,
    "eval_samples_per_second_std": 26.45603858932775,
    "eval_steps_per_second_mean": 120.232,
    "eval_steps_per_second_std": 1.637107693464298
  },
  "cv_fold_metrics": [
    {
      "eval_loss": 0.3815862536430359,
      "eval_accuracy": 0.8358556461001164,
      "eval_f1": 0.7909856646596846,
      "eval_matthews_correlation": 0.5927314105702732,
      "eval_precision": 0.8206971382069714,
      "eval_recall": 0.7738803088803089,
      "eval_auc": 0.903011583011583,
      "eval_auprc": 0.821328646828908,
      "eval_runtime": 0.4516,
      "eval_samples_per_second": 1902.15,
      "eval_steps_per_second": 119.576,
      "epoch": 5.0
    },
    {
      "eval_loss": 0.37220922112464905,
      "eval_accuracy": 0.8311990686845169,
      "eval_f1": 0.8019733505463599,
      "eval_matthews_correlation": 0.6044340484228068,
      "eval_precision": 0.7981210934558325,
      "eval_recall": 0.8063692295786093,
      "eval_auc": 0.8943879064608082,
      "eval_auprc": 0.8049543170229693,
      "eval_runtime": 0.4395,
      "eval_samples_per_second": 1954.519,
      "eval_steps_per_second": 122.868,
      "epoch": 5.0
    },
    {
      "eval_loss": 0.4086216688156128,
      "eval_accuracy": 0.860302677532014,
      "eval_f1": 0.8223591694929273,
      "eval_matthews_correlation": 0.6548333512056674,
      "eval_precision": 0.8527054333183655,
      "eval_recall": 0.8039411059087567,
      "eval_auc": 0.9172890144333088,
      "eval_auprc": 0.8266437119992232,
      "eval_runtime": 0.4552,
      "eval_samples_per_second": 1887.191,
      "eval_steps_per_second": 118.636,
      "epoch": 7.0
    },
    {
      "eval_loss": 0.38514047861099243,
      "eval_accuracy": 0.830034924330617,
      "eval_f1": 0.8073091436508228,
      "eval_matthews_correlation": 0.620946547780227,
      "eval_precision": 0.7971994705055018,
      "eval_recall": 0.8243399244153801,
      "eval_auc": 0.9000567529569582,
      "eval_auprc": 0.7883366623717699,
      "eval_runtime": 0.445,
      "eval_samples_per_second": 1930.261,
      "eval_steps_per_second": 121.344,
      "epoch": 5.0
    },
    {
      "eval_loss": 0.40546947717666626,
      "eval_accuracy": 0.8333333333333334,
      "eval_f1": 0.8054140980970249,
      "eval_matthews_correlation": 0.6116608569698575,
      "eval_precision": 0.8005145797598627,
      "eval_recall": 0.8112403100775194,
      "eval_auc": 0.8874547803617571,
      "eval_auprc": 0.7699275044459504,
      "eval_runtime": 0.4548,
      "eval_samples_per_second": 1886.586,
      "eval_steps_per_second": 118.736,
      "epoch": 5.0
    }
  ],
  "test_metrics": {
    "eval_loss": 0.34584012627601624,
    "eval_accuracy": 0.8529018454132121,
    "eval_f1": 0.8514312184951932,
    "eval_matthews_correlation": 0.7059647018998272,
    "eval_precision": 0.8559983812218228,
    "eval_recall": 0.8499918725880156,
    "eval_auc": 0.9354473933972403,
    "eval_auprc": 0.9206585834471595,
    "eval_runtime": 4.5286,
    "eval_samples_per_second": 1651.285,
    "eval_steps_per_second": 103.343,
    "epoch": 5.0
  }
}