{
  "experiment": "cross_length",
  "model_type": "lamar",
  "variant": "random",
  "pair_name": "HNRNPU_K562_ENCSR520BZQ",
  "pretrain_path": "",
  "max_length": 1024,
  "n_folds": 5,
  "hyperparameters": {
    "learning_rate": 5e-05,
    "per_device_train_batch_size": 16,
    "weight_decay": 0.01,
    "warmup_ratio": 0.1,
    "num_train_epochs": 10,
    "gradient_accumulation_steps": 1,
    "early_stopping_patience": 3
  },
  "cv_metrics": {
    "epoch_mean": 5.2,
    "epoch_std": 1.6,
    "eval_accuracy_mean": 0.625,
    "eval_accuracy_std": 0.06846531968814576,
    "eval_auc_mean": 0.6673015873015873,
    "eval_auc_std": 0.20008967503328515,
    "eval_auprc_mean": 0.6830667348524492,
    "eval_auprc_std": 0.1393721605716943,
    "eval_f1_mean": 0.3911111111111111,
    "eval_f1_std": 0.25823713860149244,
    "eval_loss_mean": 0.7464797258377075,
    "eval_loss_std": 0.11831708138596307,
    "eval_matthews_correlation_mean": 0.23668321435284662,
    "eval_matthews_correlation_std": 0.19452387048328768,
    "eval_precision_mean": 0.4666666666666666,
    "eval_precision_std": 0.24494897427831783,
    "eval_recall_mean": 0.419047619047619,
    "eval_recall_std": 0.3656448346752851,
    "eval_runtime_mean": 0.34746,
    "eval_runtime_std": 0.000280000000000012,
    "eval_samples_per_second_mean": 53.531600000000005,
    "eval_samples_per_second_std": 1.4391845746810943,
    "eval_steps_per_second_mean": 5.756,
    "eval_steps_per_second_std": 0.004939635614091527
  },
  "cv_fold_metrics": [
    {
      "eval_loss": 0.6314954161643982,
      "eval_accuracy": 0.625,
      "eval_f1": 0.6666666666666666,
      "eval_precision": 0.5,
      "eval_recall": 1.0,
      "eval_auc": 0.8666666666666666,
      "eval_auprc": 0.7996031746031746,
      "eval_matthews_correlation": 0.4472135954999579,
      "eval_runtime": 0.3476,
      "eval_samples_per_second": 54.654,
      "eval_steps_per_second": 5.753,
      "epoch": 4.0
    },
    {
      "eval_loss": 0.798861563205719,
      "eval_accuracy": 0.5625,
      "eval_f1": 0.22222222222222224,
      "eval_precision": 0.5,
      "eval_recall": 0.14285714285714285,
      "eval_auc": 0.4126984126984127,
      "eval_auprc": 0.49212454212454215,
      "eval_matthews_correlation": 0.047619047619047616,
      "eval_runtime": 0.3473,
      "eval_samples_per_second": 54.706,
      "eval_steps_per_second": 5.759,
      "epoch": 4.0
    },
    {
      "eval_loss": 0.8941969275474548,
      "eval_accuracy": 0.5625,
      "eval_f1": 0.0,
      "eval_precision": 0.0,
      "eval_recall": 0.0,
      "eval_auc": 0.746031746031746,
      "eval_auprc": 0.7585343228200371,
      "eval_matthews_correlation": 0.0,
      "eval_runtime": 0.347,
      "eval_samples_per_second": 54.759,
      "eval_steps_per_second": 5.764,
      "epoch": 6.0
    },
    {
      "eval_loss": 0.8234773278236389,
      "eval_accuracy": 0.625,
      "eval_f1": 0.4,
      "eval_precision": 0.6666666666666666,
      "eval_recall": 0.2857142857142857,
      "eval_auc": 0.4444444444444445,
      "eval_auprc": 0.5386827458256029,
      "eval_matthews_correlation": 0.2219167619785609,
      "eval_runtime": 0.3478,
      "eval_samples_per_second": 51.75,
      "eval_steps_per_second": 5.75,
      "epoch": 8.0
    },
    {
      "eval_loss": 0.5843673944473267,
      "eval_accuracy": 0.75,
      "eval_f1": 0.6666666666666666,
      "eval_precision": 0.6666666666666666,
      "eval_recall": 0.6666666666666666,
      "eval_auc": 0.8666666666666666,
      "eval_auprc": 0.826388888888889,
      "eval_matthews_correlation": 0.4666666666666667,
      "eval_runtime": 0.3476,
      "eval_samples_per_second": 51.789,
      "eval_steps_per_second": 5.754,
      "epoch": 4.0
    }
  ],
  "test_metrics": {
    "eval_loss": 0.5350746512413025,
    "eval_accuracy": 0.7352941176470589,
    "eval_f1": 0.6697247706422019,
    "eval_precision": 0.8588235294117647,
    "eval_recall": 0.5488721804511278,
    "eval_auc": 0.8597392762481744,
    "eval_auprc": 0.8349494644636766,
    "eval_matthews_correlation": 0.4988309824195679,
    "eval_runtime": 5.8531,
    "eval_samples_per_second": 48.863,
    "eval_steps_per_second": 3.075,
    "epoch": 6.0
  }
}