{
  "experiment": "cross_cell",
  "model_type": "lamar",
  "variant": "random",
  "pair_name": "U2AF2_train_K562_test_HepG2_fixlen_101",
  "pretrain_path": "",
  "max_length": 1024,
  "n_folds": 5,
  "hyperparameters": {
    "learning_rate": 5e-05,
    "per_device_train_batch_size": 16,
    "weight_decay": 0.01,
    "warmup_ratio": 0.1,
    "num_train_epochs": 10,
    "gradient_accumulation_steps": 1,
    "early_stopping_patience": 3
  },
  "cv_metrics": {
    "epoch_mean": 9.0,
    "epoch_std": 0.6324555320336759,
    "eval_accuracy_mean": 0.85,
    "eval_accuracy_std": 0.015064736300534905,
    "eval_auc_mean": 0.9164989451207208,
    "eval_auc_std": 0.0028649511937926114,
    "eval_auprc_mean": 0.8543986721393179,
    "eval_auprc_std": 0.006961476307663373,
    "eval_f1_mean": 0.7717389888164761,
    "eval_f1_std": 0.011862622057221977,
    "eval_loss_mean": 0.37237405180931094,
    "eval_loss_std": 0.028804144355002996,
    "eval_matthews_correlation_mean": 0.6647663454915202,
    "eval_matthews_correlation_std": 0.01957398784559908,
    "eval_precision_mean": 0.7927432256473901,
    "eval_precision_std": 0.05501917399445866,
    "eval_recall_mean": 0.7593739737825846,
    "eval_recall_std": 0.0569939562274623,
    "eval_runtime_mean": 15.64934,
    "eval_runtime_std": 0.0024046621384303103,
    "eval_samples_per_second_mean": 60.4498,
    "eval_samples_per_second_std": 0.00915204895091935,
    "eval_steps_per_second_mean": 3.8342,
    "eval_steps_per_second_std": 0.0007483314773547059
  },
  "cv_fold_metrics": [
    {
      "eval_loss": 0.3493051826953888,
      "eval_accuracy": 0.8633474576271186,
      "eval_f1": 0.7909238249594813,
      "eval_precision": 0.8079470198675497,
      "eval_recall": 0.7746031746031746,
      "eval_auc": 0.9177227647815882,
      "eval_auprc": 0.8557769406238256,
      "eval_matthews_correlation": 0.6898336564999948,
      "eval_runtime": 15.6521,
      "eval_samples_per_second": 60.439,
      "eval_steps_per_second": 3.833,
      "epoch": 9.0
    },
    {
      "eval_loss": 0.39831864833831787,
      "eval_accuracy": 0.8569915254237288,
      "eval_f1": 0.7684391080617496,
      "eval_precision": 0.8327137546468402,
      "eval_recall": 0.7133757961783439,
      "eval_auc": 0.920164796279446,
      "eval_auprc": 0.8533867474014858,
      "eval_matthews_correlation": 0.6700487448734849,
      "eval_runtime": 15.6462,
      "eval_samples_per_second": 60.462,
      "eval_steps_per_second": 3.835,
      "epoch": 9.0
    },
    {
      "eval_loss": 0.41523483395576477,
      "eval_accuracy": 0.8209745762711864,
      "eval_f1": 0.7623066104078763,
      "eval_precision": 0.6843434343434344,
      "eval_recall": 0.8603174603174604,
      "eval_auc": 0.9117520882226765,
      "eval_auprc": 0.8473000305745384,
      "eval_matthews_correlation": 0.632166115240414,
      "eval_runtime": 15.6514,
      "eval_samples_per_second": 60.442,
      "eval_steps_per_second": 3.834,
      "epoch": 8.0
    },
    {
      "eval_loss": 0.35498932003974915,
      "eval_accuracy": 0.850635593220339,
      "eval_f1": 0.758147512864494,
      "eval_precision": 0.8277153558052435,
      "eval_recall": 0.6993670886075949,
      "eval_auc": 0.9177618318148836,
      "eval_auprc": 0.866884429515824,
      "eval_matthews_correlation": 0.656039607040171,
      "eval_runtime": 15.6502,
      "eval_samples_per_second": 60.447,
      "eval_steps_per_second": 3.834,
      "epoch": 10.0
    },
    {
      "eval_loss": 0.344022274017334,
      "eval_accuracy": 0.8580508474576272,
      "eval_f1": 0.7788778877887789,
      "eval_precision": 0.8109965635738832,
      "eval_recall": 0.7492063492063492,
      "eval_auc": 0.9150932445050093,
      "eval_auprc": 0.8486452125809151,
      "eval_matthews_correlation": 0.6757436038035365,
      "eval_runtime": 15.6468,
      "eval_samples_per_second": 60.459,
      "eval_steps_per_second": 3.835,
      "epoch": 9.0
    }
  ],
  "test_metrics": {
    "eval_loss": 0.4483189582824707,
    "eval_accuracy": 0.8052591463414634,
    "eval_f1": 0.76573449472788,
    "eval_precision": 0.8509461426491994,
    "eval_recall": 0.6960352422907489,
    "eval_auc": 0.8877205967861006,
    "eval_auprc": 0.8616370650468907,
    "eval_matthews_correlation": 0.6108530192240091,
    "eval_runtime": 303.9004,
    "eval_samples_per_second": 60.464,
    "eval_steps_per_second": 3.781,
    "epoch": 8.0
  }
}