{
  "experiment": "cross_length",
  "model_type": "lamar",
  "variant": "tapt_1024",
  "pair_name": "FXR1_K562_ENCSR248TXP",
  "pretrain_path": "/gpfs/bwfor/work/ws/fr_ml642-thesis_work/Thesis/LAMAR/src/pretrain/saving_model/tapt_1024_standard_collator/checkpoint-134000/model.safetensors",
  "max_length": 1024,
  "n_folds": 5,
  "hyperparameters": {
    "learning_rate": 5e-05,
    "per_device_train_batch_size": 16,
    "weight_decay": 0.01,
    "warmup_ratio": 0.1,
    "num_train_epochs": 10,
    "gradient_accumulation_steps": 1,
    "early_stopping_patience": 3
  },
  "cv_metrics": {
    "epoch_mean": 9.2,
    "epoch_std": 0.7483314773547882,
    "eval_accuracy_mean": 0.8210000000000001,
    "eval_accuracy_std": 0.020408331631958553,
    "eval_auc_mean": 0.8946531418071298,
    "eval_auc_std": 0.01196994113811877,
    "eval_auprc_mean": 0.8264392078025725,
    "eval_auprc_std": 0.015383811287102906,
    "eval_f1_mean": 0.7298540460196347,
    "eval_f1_std": 0.039920196305780385,
    "eval_loss_mean": 0.4466624140739441,
    "eval_loss_std": 0.05380563630127295,
    "eval_matthews_correlation_mean": 0.6035510677543635,
    "eval_matthews_correlation_std": 0.046735918218963425,
    "eval_precision_mean": 0.7896250524479964,
    "eval_precision_std": 0.04185673655426022,
    "eval_recall_mean": 0.6843760063231146,
    "eval_recall_std": 0.07189524082387344,
    "eval_runtime_mean": 8.65568,
    "eval_runtime_std": 0.00580875201743003,
    "eval_samples_per_second_mean": 47.9222,
    "eval_samples_per_second_std": 0.03277438023822845,
    "eval_steps_per_second_mean": 3.0038,
    "eval_steps_per_second_std": 0.0023151673805580893
  },
  "cv_fold_metrics": [
    {
      "eval_loss": 0.39792710542678833,
      "eval_accuracy": 0.8075,
      "eval_f1": 0.6778242677824268,
      "eval_precision": 0.8350515463917526,
      "eval_recall": 0.5704225352112676,
      "eval_auc": 0.9027732285183973,
      "eval_auprc": 0.8348228145738895,
      "eval_matthews_correlation": 0.5676209184377539,
      "eval_runtime": 8.6624,
      "eval_samples_per_second": 47.908,
      "eval_steps_per_second": 3.001,
      "epoch": 8.0
    },
    {
      "eval_loss": 0.38420647382736206,
      "eval_accuracy": 0.86,
      "eval_f1": 0.8,
      "eval_precision": 0.8175182481751825,
      "eval_recall": 0.7832167832167832,
      "eval_auc": 0.9122200756442002,
      "eval_auprc": 0.8458489087755072,
      "eval_matthews_correlation": 0.692760122020758,
      "eval_runtime": 8.6586,
      "eval_samples_per_second": 47.929,
      "eval_steps_per_second": 3.003,
      "epoch": 9.0
    },
    {
      "eval_loss": 0.5331249833106995,
      "eval_accuracy": 0.82,
      "eval_f1": 0.7209302325581395,
      "eval_precision": 0.8157894736842105,
      "eval_recall": 0.6458333333333334,
      "eval_auc": 0.894504123263889,
      "eval_auprc": 0.8347788313037313,
      "eval_matthews_correlation": 0.5995045213201504,
      "eval_runtime": 8.6598,
      "eval_samples_per_second": 47.923,
      "eval_steps_per_second": 3.002,
      "epoch": 10.0
    },
    {
      "eval_loss": 0.44457289576530457,
      "eval_accuracy": 0.8025,
      "eval_f1": 0.7148014440433214,
      "eval_precision": 0.7279411764705882,
      "eval_recall": 0.7021276595744681,
      "eval_auc": 0.8846901612859059,
      "eval_auprc": 0.8057323621033153,
      "eval_matthews_correlation": 0.564040054404137,
      "eval_runtime": 8.6501,
      "eval_samples_per_second": 47.976,
      "eval_steps_per_second": 3.006,
      "epoch": 9.0
    },
    {
      "eval_loss": 0.47348061203956604,
      "eval_accuracy": 0.815,
      "eval_f1": 0.7357142857142858,
      "eval_precision": 0.7518248175182481,
      "eval_recall": 0.7202797202797203,
      "eval_auc": 0.8790781203232565,
      "eval_auprc": 0.8110131222564194,
      "eval_matthews_correlation": 0.5938297225890182,
      "eval_runtime": 8.6475,
      "eval_samples_per_second": 47.875,
      "eval_steps_per_second": 3.007,
      "epoch": 10.0
    }
  ],
  "test_metrics": {
    "eval_loss": 0.6941044926643372,
    "eval_accuracy": 0.7020285087719298,
    "eval_f1": 0.5951582867783984,
    "eval_precision": 0.8563772775991425,
    "eval_recall": 0.4560502283105023,
    "eval_auc": 0.8265370017147371,
    "eval_auprc": 0.8092474233282503,
    "eval_matthews_correlation": 0.44131039238210246,
    "eval_runtime": 79.2207,
    "eval_samples_per_second": 46.213,
    "eval_steps_per_second": 2.891,
    "epoch": 10.0
  }
}