{
  "experiment": "cross_cell",
  "model_type": "lamar",
  "variant": "pretrained",
  "pair_name": "NOLC1_train_K562_test_HepG2_fixlen_101",
  "pretrain_path": "/gpfs/bwfor/work/ws/fr_ml642-thesis_work/Thesis/LAMAR/weights",
  "max_length": 1024,
  "n_folds": 5,
  "hyperparameters": {
    "learning_rate": 5e-05,
    "per_device_train_batch_size": 16,
    "weight_decay": 0.01,
    "warmup_ratio": 0.1,
    "num_train_epochs": 10,
    "gradient_accumulation_steps": 1,
    "early_stopping_patience": 3
  },
  "cv_metrics": {
    "epoch_mean": 8.2,
    "epoch_std": 2.4,
    "eval_accuracy_mean": 0.64125,
    "eval_accuracy_std": 0.06945222178671544,
    "eval_auc_mean": 0.7350759950527678,
    "eval_auc_std": 0.02093889070657773,
    "eval_auprc_mean": 0.7167198860188455,
    "eval_auprc_std": 0.02126017269001457,
    "eval_f1_mean": 0.5538581073766095,
    "eval_f1_std": 0.2757956158198769,
    "eval_loss_mean": 0.6536411166191101,
    "eval_loss_std": 0.045698033901385895,
    "eval_matthews_correlation_mean": 0.30035043725480814,
    "eval_matthews_correlation_std": 0.1302112811340931,
    "eval_precision_mean": 0.7283740825394206,
    "eval_precision_std": 0.13806173935845148,
    "eval_recall_mean": 0.5926610974951274,
    "eval_recall_std": 0.31317955904497974,
    "eval_runtime_mean": 10.27904,
    "eval_runtime_std": 0.006873019714797694,
    "eval_samples_per_second_mean": 47.06680000000001,
    "eval_samples_per_second_std": 0.03897383737842565,
    "eval_steps_per_second_mean": 3.0157999999999996,
    "eval_steps_per_second_std": 0.002135415650406185
  },
  "cv_fold_metrics": [
    {
      "eval_loss": 0.6402522921562195,
      "eval_accuracy": 0.66875,
      "eval_f1": 0.6936416184971098,
      "eval_precision": 0.6474820143884892,
      "eval_recall": 0.7468879668049793,
      "eval_auc": 0.734231497074602,
      "eval_auprc": 0.7293218709331745,
      "eval_matthews_correlation": 0.34114652028260534,
      "eval_runtime": 10.2905,
      "eval_samples_per_second": 47.034,
      "eval_steps_per_second": 3.012,
      "epoch": 10.0
    },
    {
      "eval_loss": 0.6837064027786255,
      "eval_accuracy": 0.6583333333333333,
      "eval_f1": 0.6150234741784038,
      "eval_precision": 0.7081081081081081,
      "eval_recall": 0.5435684647302904,
      "eval_auc": 0.7087275820760778,
      "eval_auprc": 0.7013250695247487,
      "eval_matthews_correlation": 0.32630826183003736,
      "eval_runtime": 10.2725,
      "eval_samples_per_second": 47.116,
      "eval_steps_per_second": 3.018,
      "epoch": 10.0
    },
    {
      "eval_loss": 0.5936801433563232,
      "eval_accuracy": 0.6875,
      "eval_f1": 0.732142857142857,
      "eval_precision": 0.6386292834890965,
      "eval_recall": 0.8577405857740585,
      "eval_auc": 0.7719231236653414,
      "eval_auprc": 0.750237434673325,
      "eval_matthews_correlation": 0.3998717831294655,
      "eval_runtime": 10.2833,
      "eval_samples_per_second": 47.067,
      "eval_steps_per_second": 3.015,
      "epoch": 10.0
    },
    {
      "eval_loss": 0.7244070768356323,
      "eval_accuracy": 0.5041666666666667,
      "eval_f1": 0.008333333333333333,
      "eval_precision": 1.0,
      "eval_recall": 0.0041841004184100415,
      "eval_auc": 0.7234326984843487,
      "eval_auprc": 0.6897658466734193,
      "eval_matthews_correlation": 0.045881944380318306,
      "eval_runtime": 10.2754,
      "eval_samples_per_second": 47.103,
      "eval_steps_per_second": 3.017,
      "epoch": 4.0
    },
    {
      "eval_loss": 0.62615966796875,
      "eval_accuracy": 0.6875,
      "eval_f1": 0.7201492537313432,
      "eval_precision": 0.6476510067114094,
      "eval_recall": 0.8109243697478992,
      "eval_auc": 0.7370650739634695,
      "eval_auprc": 0.7129492082895597,
      "eval_matthews_correlation": 0.3885436766516145,
      "eval_runtime": 10.2735,
      "eval_samples_per_second": 47.014,
      "eval_steps_per_second": 3.017,
      "epoch": 7.0
    }
  ],
  "test_metrics": {
    "eval_loss": 0.7281378507614136,
    "eval_accuracy": 0.5,
    "eval_f1": 0.20512820512820515,
    "eval_precision": 0.48484848484848486,
    "eval_recall": 0.13008130081300814,
    "eval_auc": 0.5824837398373984,
    "eval_auprc": 0.5345856501517946,
    "eval_matthews_correlation": -0.00871279769620718,
    "eval_runtime": 21.223,
    "eval_samples_per_second": 47.26,
    "eval_steps_per_second": 2.968,
    "epoch": 4.0
  }
}