{
  "experiment": "cross_length",
  "model_type": "dnabert2",
  "variant": "tapt_v3",
  "pair_name": "DROSHA_HepG2_ENCSR834YLD",
  "max_length": 256,
  "n_folds": 5,
  "hyperparameters": {
    "learning_rate": 5e-05,
    "per_device_train_batch_size": 16,
    "weight_decay": 0.01,
    "warmup_ratio": 0.1,
    "num_train_epochs": 10,
    "gradient_accumulation_steps": 1,
    "early_stopping_patience": 3
  },
  "cv_metrics": {
    "epoch_mean": 5.4,
    "epoch_std": 0.48989794855663565,
    "eval_accuracy_mean": 0.779327662437524,
    "eval_accuracy_std": 0.02453593825518016,
    "eval_auc_mean": 0.8489533334678965,
    "eval_auc_std": 0.022440568165352844,
    "eval_auprc_mean": 0.7839816493910521,
    "eval_auprc_std": 0.027188595611074395,
    "eval_f1_mean": 0.7524079965429225,
    "eval_f1_std": 0.035177369997982,
    "eval_loss_mean": 0.4879616618156433,
    "eval_loss_std": 0.03564491559002612,
    "eval_matthews_correlation_mean": 0.5240390571471704,
    "eval_matthews_correlation_std": 0.0473343854637318,
    "eval_precision_mean": 0.7741897099101814,
    "eval_precision_std": 0.02532501336520554,
    "eval_recall_mean": 0.7525935046323396,
    "eval_recall_std": 0.03734229294659918,
    "eval_runtime_mean": 0.25954,
    "eval_runtime_std": 0.009530708263292928,
    "eval_samples_per_second_mean": 1111.8817999999999,
    "eval_samples_per_second_std": 39.5330684384605,
    "eval_steps_per_second_mean": 70.177,
    "eval_steps_per_second_std": 1.7597279335169966
  },
  "cv_fold_metrics": [
    {
      "eval_loss": 0.4841744601726532,
      "eval_accuracy": 0.7681660899653979,
      "eval_f1": 0.7569813120473914,
      "eval_matthews_correlation": 0.5210832289890058,
      "eval_precision": 0.7529140954060143,
      "eval_recall": 0.7683991683991684,
      "eval_auc": 0.8484927234927234,
      "eval_auprc": 0.7683081514190107,
      "eval_runtime": 0.274,
      "eval_samples_per_second": 1054.822,
      "eval_steps_per_second": 69.348,
      "epoch": 5.0
    },
    {
      "eval_loss": 0.4270186126232147,
      "eval_accuracy": 0.8194444444444444,
      "eval_f1": 0.7989258861439313,
      "eval_matthews_correlation": 0.6001836724152407,
      "eval_precision": 0.8076095947063688,
      "eval_recall": 0.7927578063500393,
      "eval_auc": 0.8816058777223826,
      "eval_auprc": 0.8337005791423475,
      "eval_runtime": 0.2473,
      "eval_samples_per_second": 1164.35,
      "eval_steps_per_second": 72.772,
      "epoch": 5.0
    },
    {
      "eval_loss": 0.5055869817733765,
      "eval_accuracy": 0.7604166666666666,
      "eval_f1": 0.6929495202336253,
      "eval_matthews_correlation": 0.46127171188411187,
      "eval_precision": 0.7918487394957983,
      "eval_recall": 0.6822618735240095,
      "eval_auc": 0.8620309630018368,
      "eval_auprc": 0.7834545601332568,
      "eval_runtime": 0.2628,
      "eval_samples_per_second": 1095.944,
      "eval_steps_per_second": 68.497,
      "epoch": 5.0
    },
    {
      "eval_loss": 0.5360530018806458,
      "eval_accuracy": 0.7534722222222222,
      "eval_f1": 0.7418931370940257,
      "eval_matthews_correlation": 0.4923525168288055,
      "eval_precision": 0.7382966168371361,
      "eval_recall": 0.7543164523747048,
      "eval_auc": 0.8376279191813172,
      "eval_auprc": 0.7816524933146571,
      "eval_runtime": 0.2509,
      "eval_samples_per_second": 1148.039,
      "eval_steps_per_second": 71.752,
      "epoch": 6.0
    },
    {
      "eval_loss": 0.4869752526283264,
      "eval_accuracy": 0.7951388888888888,
      "eval_f1": 0.7712901271956389,
      "eval_matthews_correlation": 0.5453041556186874,
      "eval_precision": 0.78027950310559,
      "eval_recall": 0.765232222513776,
      "eval_auc": 0.8150091839412227,
      "eval_auprc": 0.7527924629459884,
      "eval_runtime": 0.2627,
      "eval_samples_per_second": 1096.254,
      "eval_steps_per_second": 68.516,
      "epoch": 6.0
    }
  ],
  "test_metrics": {
    "eval_loss": 0.43131640553474426,
    "eval_accuracy": 0.8043944265809218,
    "eval_f1": 0.803271159636923,
    "eval_matthews_correlation": 0.6072515015204908,
    "eval_precision": 0.8045922431756434,
    "eval_recall": 0.8026623250926387,
    "eval_auc": 0.8823753756245046,
    "eval_auprc": 0.8764209108265189,
    "eval_runtime": 2.0367,
    "eval_samples_per_second": 916.203,
    "eval_steps_per_second": 57.447,
    "epoch": 6.0
  }
}