{
  "experiment": "cross_cell",
  "model_type": "dnabert2",
  "variant": "pretrained",
  "pair_name": "SNRPD3_train_K562_test_HepG2_fixlen_101",
  "max_length": 128,
  "n_folds": 5,
  "hyperparameters": {
    "learning_rate": 5e-05,
    "per_device_train_batch_size": 16,
    "weight_decay": 0.01,
    "warmup_ratio": 0.1,
    "num_train_epochs": 10,
    "gradient_accumulation_steps": 1,
    "early_stopping_patience": 3
  },
  "cv_metrics": {
    "epoch_mean": 6.4,
    "epoch_std": 1.3564659966250536,
    "eval_accuracy_mean": 0.9275862068965518,
    "eval_accuracy_std": 0.019733660590102776,
    "eval_auc_mean": 0.9775948660714286,
    "eval_auc_std": 0.0074919720947668,
    "eval_auprc_mean": 0.9775833960493869,
    "eval_auprc_std": 0.008505227877296883,
    "eval_f1_mean": 0.9274278324028217,
    "eval_f1_std": 0.01977084213932723,
    "eval_loss_mean": 0.2671072095632553,
    "eval_loss_std": 0.08217217670816883,
    "eval_matthews_correlation_mean": 0.8582018936787259,
    "eval_matthews_correlation_std": 0.03639292231166518,
    "eval_precision_mean": 0.9302646344212322,
    "eval_precision_std": 0.017482371254018865,
    "eval_recall_mean": 0.9279464285714285,
    "eval_recall_std": 0.019013035941539823,
    "eval_runtime_mean": 0.34787999999999997,
    "eval_runtime_std": 0.002073065363175993,
    "eval_samples_per_second_mean": 1333.9482,
    "eval_samples_per_second_std": 7.933207028686481,
    "eval_steps_per_second_mean": 83.37180000000001,
    "eval_steps_per_second_std": 0.49564398513448893
  },
  "cv_fold_metrics": [
    {
      "eval_loss": 0.41461583971977234,
      "eval_accuracy": 0.9245689655172413,
      "eval_f1": 0.9245686151559489,
      "eval_matthews_correlation": 0.8516227560599006,
      "eval_precision": 0.9258787190889977,
      "eval_recall": 0.9257440476190477,
      "eval_auc": 0.9689081101190476,
      "eval_auprc": 0.9649203980631528,
      "eval_runtime": 0.3461,
      "eval_samples_per_second": 1340.832,
      "eval_steps_per_second": 83.802,
      "epoch": 9.0
    },
    {
      "eval_loss": 0.25516119599342346,
      "eval_accuracy": 0.9375,
      "eval_f1": 0.9374346146156385,
      "eval_matthews_correlation": 0.8748779552264097,
      "eval_precision": 0.9373779637377964,
      "eval_recall": 0.9375,
      "eval_auc": 0.9761904761904762,
      "eval_auprc": 0.9744417029519561,
      "eval_runtime": 0.3459,
      "eval_samples_per_second": 1341.556,
      "eval_steps_per_second": 83.847,
      "epoch": 6.0
    },
    {
      "eval_loss": 0.25911036133766174,
      "eval_accuracy": 0.9267241379310345,
      "eval_f1": 0.9261755016471998,
      "eval_matthews_correlation": 0.857392151998607,
      "eval_precision": 0.9325757575757576,
      "eval_recall": 0.9248511904761905,
      "eval_auc": 0.9771949404761905,
      "eval_auprc": 0.9793890946025765,
      "eval_runtime": 0.3469,
      "eval_samples_per_second": 1337.57,
      "eval_steps_per_second": 83.598,
      "epoch": 5.0
    },
    {
      "eval_loss": 0.24609912931919098,
      "eval_accuracy": 0.8943965517241379,
      "eval_f1": 0.8942546056640017,
      "eval_matthews_correlation": 0.7976250104435046,
      "eval_precision": 0.9009097915374349,
      "eval_recall": 0.8967261904761905,
      "eval_auc": 0.9742373511904762,
      "eval_auprc": 0.9778662596200833,
      "eval_runtime": 0.3513,
      "eval_samples_per_second": 1320.876,
      "eval_steps_per_second": 82.555,
      "epoch": 6.0
    },
    {
      "eval_loss": 0.16054952144622803,
      "eval_accuracy": 0.9547413793103449,
      "eval_f1": 0.9547058249313196,
      "eval_matthews_correlation": 0.9094915946652081,
      "eval_precision": 0.9545809401661741,
      "eval_recall": 0.9549107142857143,
      "eval_auc": 0.9914434523809524,
      "eval_auprc": 0.9912995250091666,
      "eval_runtime": 0.3492,
      "eval_samples_per_second": 1328.907,
      "eval_steps_per_second": 83.057,
      "epoch": 6.0
    }
  ],
  "test_metrics": {
    "eval_loss": 1.4396220445632935,
    "eval_accuracy": 0.5925925925925926,
    "eval_f1": 0.49039988655700517,
    "eval_matthews_correlation": 0.12863636678578652,
    "eval_precision": 0.5982279912746075,
    "eval_recall": 0.5421145608424067,
    "eval_auc": 0.6986687295777576,
    "eval_auprc": 0.5776287857339826,
    "eval_runtime": 0.4528,
    "eval_samples_per_second": 1311.768,
    "eval_steps_per_second": 83.918,
    "epoch": 6.0
  }
}