{
  "experiment": "cross_cell",
  "model_type": "lamar",
  "variant": "random",
  "pair_name": "ZNF800_train_K562_test_HepG2_fixlen_101",
  "pretrain_path": "",
  "max_length": 1024,
  "n_folds": 5,
  "hyperparameters": {
    "learning_rate": 5e-05,
    "per_device_train_batch_size": 16,
    "weight_decay": 0.01,
    "warmup_ratio": 0.1,
    "num_train_epochs": 10,
    "gradient_accumulation_steps": 1,
    "early_stopping_patience": 3
  },
  "cv_metrics": {
    "epoch_mean": 9.2,
    "epoch_std": 1.1661903789690602,
    "eval_accuracy_mean": 0.7448369565217392,
    "eval_accuracy_std": 0.009887720325358852,
    "eval_auc_mean": 0.8362807989880021,
    "eval_auc_std": 0.007814632338951626,
    "eval_auprc_mean": 0.7964743941389753,
    "eval_auprc_std": 0.012020420140635977,
    "eval_f1_mean": 0.7243024578786628,
    "eval_f1_std": 0.01578005879134992,
    "eval_loss_mean": 0.49856647849082947,
    "eval_loss_std": 0.012909026880288962,
    "eval_matthews_correlation_mean": 0.48947880693351975,
    "eval_matthews_correlation_std": 0.021509003281753106,
    "eval_precision_mean": 0.7111115489225622,
    "eval_precision_std": 0.022665164483084546,
    "eval_recall_mean": 0.7410829973775723,
    "eval_recall_std": 0.048960698682140154,
    "eval_runtime_mean": 15.82226,
    "eval_runtime_std": 0.007229550470119297,
    "eval_samples_per_second_mean": 46.681200000000004,
    "eval_samples_per_second_std": 0.01856232744027388,
    "eval_steps_per_second_mean": 2.9704,
    "eval_steps_per_second_std": 0.0014966629547095778
  },
  "cv_fold_metrics": [
    {
      "eval_loss": 0.4787678122520447,
      "eval_accuracy": 0.7472826086956522,
      "eval_f1": 0.75,
      "eval_precision": 0.6821515892420538,
      "eval_recall": 0.8328358208955224,
      "eval_auc": 0.8454758625823501,
      "eval_auprc": 0.8182455784281613,
      "eval_matthews_correlation": 0.5097707876716296,
      "eval_runtime": 15.8298,
      "eval_samples_per_second": 46.684,
      "eval_steps_per_second": 2.969,
      "epoch": 10.0
    },
    {
      "eval_loss": 0.5114758014678955,
      "eval_accuracy": 0.7350543478260869,
      "eval_f1": 0.7031963470319634,
      "eval_precision": 0.7151702786377709,
      "eval_recall": 0.6916167664670658,
      "eval_auc": 0.829512616557929,
      "eval_auprc": 0.783595684340886,
      "eval_matthews_correlation": 0.4642658785413588,
      "eval_runtime": 15.8228,
      "eval_samples_per_second": 46.705,
      "eval_steps_per_second": 2.97,
      "epoch": 10.0
    },
    {
      "eval_loss": 0.5027289390563965,
      "eval_accuracy": 0.7472826086956522,
      "eval_f1": 0.7264705882352941,
      "eval_precision": 0.7138728323699421,
      "eval_recall": 0.7395209580838323,
      "eval_auc": 0.83397384335806,
      "eval_auprc": 0.787761399641709,
      "eval_matthews_correlation": 0.49202257240953334,
      "eval_runtime": 15.8285,
      "eval_samples_per_second": 46.688,
      "eval_steps_per_second": 2.969,
      "epoch": 10.0
    },
    {
      "eval_loss": 0.48867085576057434,
      "eval_accuracy": 0.7608695652173914,
      "eval_f1": 0.7283950617283951,
      "eval_precision": 0.7492063492063492,
      "eval_recall": 0.7087087087087087,
      "eval_auc": 0.8454310389794261,
      "eval_auprc": 0.7945578412443538,
      "eval_matthews_correlation": 0.5157316517530759,
      "eval_runtime": 15.8207,
      "eval_samples_per_second": 46.648,
      "eval_steps_per_second": 2.971,
      "epoch": 7.0
    },
    {
      "eval_loss": 0.5111889839172363,
      "eval_accuracy": 0.7336956521739131,
      "eval_f1": 0.7134502923976609,
      "eval_precision": 0.6951566951566952,
      "eval_recall": 0.7327327327327328,
      "eval_auc": 0.8270106334622462,
      "eval_auprc": 0.798211467039766,
      "eval_matthews_correlation": 0.46560314429200095,
      "eval_runtime": 15.8095,
      "eval_samples_per_second": 46.681,
      "eval_steps_per_second": 2.973,
      "epoch": 9.0
    }
  ],
  "test_metrics": {
    "eval_loss": 0.6347675919532776,
    "eval_accuracy": 0.6951628352490421,
    "eval_f1": 0.6539820603424844,
    "eval_precision": 0.6835227272727272,
    "eval_recall": 0.6268890046899427,
    "eval_auc": 0.7730220588693667,
    "eval_auprc": 0.7163151391635199,
    "eval_matthews_correlation": 0.38361691350932353,
    "eval_runtime": 89.8442,
    "eval_samples_per_second": 46.592,
    "eval_steps_per_second": 2.916,
    "epoch": 10.0
  }
}