{
  "experiment": "cross_length",
  "model_type": "lamar",
  "variant": "tapt_1024",
  "pair_name": "CSTF2_HepG2_ENCSR384MWO",
  "pretrain_path": "/gpfs/bwfor/work/ws/fr_ml642-thesis_work/Thesis/LAMAR/src/pretrain/saving_model/tapt_1024_standard_collator/checkpoint-134000/model.safetensors",
  "max_length": 1024,
  "n_folds": 5,
  "hyperparameters": {
    "learning_rate": 5e-05,
    "per_device_train_batch_size": 16,
    "weight_decay": 0.01,
    "warmup_ratio": 0.1,
    "num_train_epochs": 10,
    "gradient_accumulation_steps": 1,
    "early_stopping_patience": 3
  },
  "cv_metrics": {
    "epoch_mean": 9.6,
    "epoch_std": 0.7999999999999999,
    "eval_accuracy_mean": 0.728125,
    "eval_accuracy_std": 0.00954703269782467,
    "eval_auc_mean": 0.752254817632237,
    "eval_auc_std": 0.02334269792155226,
    "eval_auprc_mean": 0.5987063617894252,
    "eval_auprc_std": 0.025974032568389,
    "eval_f1_mean": 0.5218306812167108,
    "eval_f1_std": 0.02590620812618884,
    "eval_loss_mean": 0.6118053674697876,
    "eval_loss_std": 0.07087789111122014,
    "eval_matthews_correlation_mean": 0.34709274629495346,
    "eval_matthews_correlation_std": 0.01708943832930066,
    "eval_precision_mean": 0.612171527392787,
    "eval_precision_std": 0.04129743365324818,
    "eval_recall_mean": 0.4613806451612903,
    "eval_recall_std": 0.05844299017792062,
    "eval_runtime_mean": 6.3865,
    "eval_runtime_std": 0.004864154602806039,
    "eval_samples_per_second_mean": 60.565200000000004,
    "eval_samples_per_second_std": 0.0345160832076869,
    "eval_steps_per_second_mean": 3.9146,
    "eval_steps_per_second_std": 0.0031999999999999694
  },
  "cv_fold_metrics": [
    {
      "eval_loss": 0.719585120677948,
      "eval_accuracy": 0.7213541666666666,
      "eval_f1": 0.4976525821596244,
      "eval_precision": 0.5955056179775281,
      "eval_recall": 0.4274193548387097,
      "eval_auc": 0.7153535980148883,
      "eval_auprc": 0.5650206441239899,
      "eval_matthews_correlation": 0.3202034095325655,
      "eval_runtime": 6.3866,
      "eval_samples_per_second": 60.596,
      "eval_steps_per_second": 3.914,
      "epoch": 10.0
    },
    {
      "eval_loss": 0.569845974445343,
      "eval_accuracy": 0.7369791666666666,
      "eval_f1": 0.5302325581395348,
      "eval_precision": 0.6263736263736264,
      "eval_recall": 0.4596774193548387,
      "eval_auc": 0.7360111662531017,
      "eval_auprc": 0.6055203028517229,
      "eval_matthews_correlation": 0.3616743387857033,
      "eval_runtime": 6.3849,
      "eval_samples_per_second": 60.612,
      "eval_steps_per_second": 3.916,
      "epoch": 8.0
    },
    {
      "eval_loss": 0.5594936013221741,
      "eval_accuracy": 0.7213541666666666,
      "eval_f1": 0.5244444444444445,
      "eval_precision": 0.5841584158415841,
      "eval_recall": 0.47580645161290325,
      "eval_auc": 0.7652915632754342,
      "eval_auprc": 0.5821746014766758,
      "eval_matthews_correlation": 0.33376728029909136,
      "eval_runtime": 6.3922,
      "eval_samples_per_second": 60.542,
      "eval_steps_per_second": 3.911,
      "epoch": 10.0
    },
    {
      "eval_loss": 0.5382919907569885,
      "eval_accuracy": 0.7421875,
      "eval_f1": 0.4923076923076923,
      "eval_precision": 0.6857142857142857,
      "eval_recall": 0.384,
      "eval_auc": 0.7802007722007722,
      "eval_auprc": 0.6425086038219349,
      "eval_matthews_correlation": 0.36294961972703177,
      "eval_runtime": 6.3905,
      "eval_samples_per_second": 60.558,
      "eval_steps_per_second": 3.912,
      "epoch": 10.0
    },
    {
      "eval_loss": 0.6718101501464844,
      "eval_accuracy": 0.71875,
      "eval_f1": 0.5645161290322581,
      "eval_precision": 0.5691056910569106,
      "eval_recall": 0.56,
      "eval_auc": 0.7644169884169884,
      "eval_auprc": 0.5983076566728022,
      "eval_matthews_correlation": 0.35686908313037513,
      "eval_runtime": 6.3783,
      "eval_samples_per_second": 60.518,
      "eval_steps_per_second": 3.92,
      "epoch": 10.0
    }
  ],
  "test_metrics": {
    "eval_loss": 0.8423013091087341,
    "eval_accuracy": 0.59375,
    "eval_f1": 0.42846497764530556,
    "eval_precision": 0.6526674233825198,
    "eval_recall": 0.3189129229062673,
    "eval_auc": 0.6777379256681788,
    "eval_auprc": 0.6206293837672737,
    "eval_matthews_correlation": 0.19347009935557846,
    "eval_runtime": 62.5973,
    "eval_samples_per_second": 60.514,
    "eval_steps_per_second": 3.786,
    "epoch": 10.0
  }
}