{
  "experiment": "cross_cell",
  "model_type": "lamar",
  "variant": "random",
  "pair_name": "TRA2A_train_K562_test_HepG2_fixlen_101",
  "pretrain_path": "",
  "max_length": 1024,
  "n_folds": 5,
  "hyperparameters": {
    "learning_rate": 5e-05,
    "per_device_train_batch_size": 16,
    "weight_decay": 0.01,
    "warmup_ratio": 0.1,
    "num_train_epochs": 10,
    "gradient_accumulation_steps": 1,
    "early_stopping_patience": 3
  },
  "cv_metrics": {
    "epoch_mean": 8.0,
    "epoch_std": 2.280350850198276,
    "eval_accuracy_mean": 0.825,
    "eval_accuracy_std": 0.019429359227725457,
    "eval_auc_mean": 0.9138045230691384,
    "eval_auc_std": 0.019814995786775695,
    "eval_auprc_mean": 0.8892854333434774,
    "eval_auprc_std": 0.02183035495260429,
    "eval_f1_mean": 0.7809983445140587,
    "eval_f1_std": 0.03363586809816403,
    "eval_loss_mean": 0.4243920147418976,
    "eval_loss_std": 0.11423363750370236,
    "eval_matthews_correlation_mean": 0.6438314550906712,
    "eval_matthews_correlation_std": 0.04026442646937761,
    "eval_precision_mean": 0.8430338509672876,
    "eval_precision_std": 0.03213532428280633,
    "eval_recall_mean": 0.7323320999638898,
    "eval_recall_std": 0.0697739271352405,
    "eval_runtime_mean": 8.605780000000001,
    "eval_runtime_std": 0.006240640992718412,
    "eval_samples_per_second_mean": 47.3634,
    "eval_samples_per_second_std": 0.048160564780741585,
    "eval_steps_per_second_mean": 3.021,
    "eval_steps_per_second_std": 0.0022803508501982976
  },
  "cv_fold_metrics": [
    {
      "eval_loss": 0.331989586353302,
      "eval_accuracy": 0.845,
      "eval_f1": 0.8218390804597702,
      "eval_precision": 0.8125,
      "eval_recall": 0.8313953488372093,
      "eval_auc": 0.9343890248878008,
      "eval_auprc": 0.9220113869611946,
      "eval_matthews_correlation": 0.6848447149653831,
      "eval_runtime": 8.6056,
      "eval_samples_per_second": 47.411,
      "eval_steps_per_second": 3.021,
      "epoch": 10.0
    },
    {
      "eval_loss": 0.6481479406356812,
      "eval_accuracy": 0.7925,
      "eval_f1": 0.7278688524590164,
      "eval_precision": 0.8345864661654135,
      "eval_recall": 0.6453488372093024,
      "eval_auc": 0.8793349653202774,
      "eval_auprc": 0.8577566542096265,
      "eval_matthews_correlation": 0.5767795916922294,
      "eval_runtime": 8.6034,
      "eval_samples_per_second": 47.423,
      "eval_steps_per_second": 3.022,
      "epoch": 4.0
    },
    {
      "eval_loss": 0.3681316375732422,
      "eval_accuracy": 0.8425,
      "eval_f1": 0.7947882736156352,
      "eval_precision": 0.8970588235294118,
      "eval_recall": 0.7134502923976608,
      "eval_auc": 0.9258663397941725,
      "eval_auprc": 0.9019535789522377,
      "eval_matthews_correlation": 0.6812424333503576,
      "eval_runtime": 8.6166,
      "eval_samples_per_second": 47.35,
      "eval_steps_per_second": 3.017,
      "epoch": 7.0
    },
    {
      "eval_loss": 0.3687211871147156,
      "eval_accuracy": 0.815,
      "eval_f1": 0.7581699346405228,
      "eval_precision": 0.8592592592592593,
      "eval_recall": 0.6783625730994152,
      "eval_auc": 0.924819326336219,
      "eval_auprc": 0.8878828984821435,
      "eval_matthews_correlation": 0.6229164533257779,
      "eval_runtime": 8.606,
      "eval_samples_per_second": 47.292,
      "eval_steps_per_second": 3.021,
      "epoch": 9.0
    },
    {
      "eval_loss": 0.404969722032547,
      "eval_accuracy": 0.83,
      "eval_f1": 0.8023255813953488,
      "eval_precision": 0.8117647058823529,
      "eval_recall": 0.7931034482758621,
      "eval_auc": 0.904612959007222,
      "eval_auprc": 0.8768226481121842,
      "eval_matthews_correlation": 0.6533740821196086,
      "eval_runtime": 8.5973,
      "eval_samples_per_second": 47.341,
      "eval_steps_per_second": 3.024,
      "epoch": 10.0
    }
  ],
  "test_metrics": {
    "eval_loss": 0.385352224111557,
    "eval_accuracy": 0.8075657894736842,
    "eval_f1": 0.7626774847870182,
    "eval_precision": 0.7272727272727273,
    "eval_recall": 0.8017057569296375,
    "eval_auc": 0.9037885729128311,
    "eval_auprc": 0.8693849639059043,
    "eval_matthews_correlation": 0.6035155080715292,
    "eval_runtime": 26.1115,
    "eval_samples_per_second": 47.067,
    "eval_steps_per_second": 2.949,
    "epoch": 7.0
  }
}