{
  "best_layer": 5,
  "best_auroc": 0.8336906199677939,
  "pilot_rbp": "AGGF1_train_K562_test_HepG2_fixlen_101",
  "model": "dnabert2_pretrained",
  "layer_aurocs": {
    "0": 0.8176680756843802,
    "1": 0.8134561191626407,
    "2": 0.804639694041868,
    "3": 0.811971618357488,
    "4": 0.8181159420289855,
    "5": 0.8336906199677939,
    "6": 0.8319142512077295,
    "7": 0.805907809983897,
    "8": 0.8159772544283413,
    "9": 0.8336704911433174,
    "10": 0.8102606682769726,
    "11": 0.7868558776167471
  }
}