{
  "best_layer": 1,
  "best_auroc": 0.8047705314009661,
  "pilot_rbp": "AGGF1_train_K562_test_HepG2_fixlen_101",
  "model": "lamar_pretrained",
  "layer_aurocs": {
    "0": 0.7411609299516908,
    "1": 0.8047705314009661,
    "2": 0.7975140901771336,
    "3": 0.7968297101449276,
    "4": 0.7964472624798711,
    "5": 0.7943890901771338,
    "6": 0.7876811594202898,
    "7": 0.7798711755233494,
    "8": 0.7848832528180354,
    "9": 0.7660628019323672,
    "10": 0.7608242753623189,
    "11": 0.7659319645732688,
    "12": 0.7646235909822867
  }
}