{
  "best_layer": 5,
  "best_auroc": 0.8424969806763285,
  "pilot_rbp": "AGGF1_train_K562_test_HepG2_fixlen_101",
  "model": "dnabert2_tapt_v3",
  "layer_aurocs": {
    "0": 0.8181461352657002,
    "1": 0.8154891304347827,
    "2": 0.8026519726247987,
    "3": 0.8170767914653784,
    "4": 0.8152777777777779,
    "5": 0.8424969806763285,
    "6": 0.8388134057971014,
    "7": 0.8199225040257648,
    "8": 0.8291465378421901,
    "9": 0.8337233293075684,
    "10": 0.8089422302737521,
    "11": 0.7825432769726247
  }
}