{
  "best_layer": 6,
  "best_auroc": 0.8305253623188407,
  "pilot_rbp": "AGGF1_train_K562_test_HepG2_fixlen_101",
  "model": "dnabert2_tapt",
  "layer_aurocs": {
    "0": 0.8173611111111111,
    "1": 0.8071205716586153,
    "2": 0.7974738325281804,
    "3": 0.8074023752012881,
    "4": 0.8003472222222221,
    "5": 0.8176831723027377,
    "6": 0.8305253623188407,
    "7": 0.8170138888888889,
    "8": 0.8154237117552334,
    "9": 0.8170994363929145,
    "10": 0.7925171095008052,
    "11": 0.7884863123993558
  }
}