{
  "best_layer": 6,
  "best_auroc": 0.8388989533011273,
  "pilot_rbp": "AGGF1_train_K562_test_HepG2_fixlen_101",
  "model": "lamar_tapt_1024",
  "layer_aurocs": {
    "0": 0.7411986714975844,
    "1": 0.8204307568438003,
    "2": 0.8309229066022545,
    "3": 0.8329810789049921,
    "4": 0.8341485507246377,
    "5": 0.8346618357487923,
    "6": 0.8388989533011273,
    "7": 0.8327546296296295,
    "8": 0.8276419082125603,
    "9": 0.8069041867954911,
    "10": 0.7934279388083736,
    "11": 0.7778230676328504,
    "12": 0.7720863526570048
  }
}