{
  "experiment": "cross_length",
  "model_type": "lamar",
  "variant": "pretrained",
  "pair_name": "EIF3G_K562_ENCSR023PKW",
  "pretrain_path": "/gpfs/bwfor/work/ws/fr_ml642-thesis_work/Thesis/LAMAR/weights",
  "max_length": 1024,
  "n_folds": 5,
  "hyperparameters": {
    "learning_rate": 5e-05,
    "per_device_train_batch_size": 16,
    "weight_decay": 0.01,
    "warmup_ratio": 0.1,
    "num_train_epochs": 10,
    "gradient_accumulation_steps": 1,
    "early_stopping_patience": 3
  },
  "cv_metrics": {
    "epoch_mean": 4.8,
    "epoch_std": 1.16619037896906,
    "eval_accuracy_mean": 0.7875,
    "eval_accuracy_std": 0.1346291201783626,
    "eval_auc_mean": 0.9100000000000001,
    "eval_auc_std": 0.08472176684759225,
    "eval_auprc_mean": 0.8952380952380953,
    "eval_auprc_std": 0.0966473121604828,
    "eval_f1_mean": 0.611111111111111,
    "eval_f1_std": 0.3548604316149181,
    "eval_loss_mean": 0.5030286252498627,
    "eval_loss_std": 0.05937218546242182,
    "eval_matthews_correlation_mean": 0.5234672208104099,
    "eval_matthews_correlation_std": 0.3478459885521013,
    "eval_precision_mean": 0.6272727272727272,
    "eval_precision_std": 0.3395562382504591,
    "eval_recall_mean": 0.6333333333333334,
    "eval_recall_std": 0.4,
    "eval_runtime_mean": 0.34687999999999997,
    "eval_runtime_std": 0.0005075431016179756,
    "eval_samples_per_second_mean": 80.1414,
    "eval_samples_per_second_std": 1.2297254327694482,
    "eval_steps_per_second_mean": 5.7656,
    "eval_steps_per_second_std": 0.008546344247688515
  },
  "cv_fold_metrics": [
    {
      "eval_loss": 0.5400468111038208,
      "eval_accuracy": 1.0,
      "eval_f1": 1.0,
      "eval_precision": 1.0,
      "eval_recall": 1.0,
      "eval_auc": 1.0,
      "eval_auprc": 1.0,
      "eval_matthews_correlation": 1.0,
      "eval_runtime": 0.3461,
      "eval_samples_per_second": 80.893,
      "eval_steps_per_second": 5.778,
      "epoch": 4.0
    },
    {
      "eval_loss": 0.5377866625785828,
      "eval_accuracy": 0.625,
      "eval_f1": 0.0,
      "eval_precision": 0.0,
      "eval_recall": 0.0,
      "eval_auc": 0.9166666666666667,
      "eval_auprc": 0.8178571428571428,
      "eval_matthews_correlation": 0.0,
      "eval_runtime": 0.3465,
      "eval_samples_per_second": 80.815,
      "eval_steps_per_second": 5.773,
      "epoch": 4.0
    },
    {
      "eval_loss": 0.4720703661441803,
      "eval_accuracy": 0.75,
      "eval_f1": 0.7777777777777778,
      "eval_precision": 0.6363636363636364,
      "eval_recall": 1.0,
      "eval_auc": 1.0,
      "eval_auprc": 1.0,
      "eval_matthews_correlation": 0.5945883900105632,
      "eval_runtime": 0.3471,
      "eval_samples_per_second": 80.673,
      "eval_steps_per_second": 5.762,
      "epoch": 7.0
    },
    {
      "eval_loss": 0.40120911598205566,
      "eval_accuracy": 0.875,
      "eval_f1": 0.8333333333333334,
      "eval_precision": 0.8333333333333334,
      "eval_recall": 0.8333333333333334,
      "eval_auc": 0.85,
      "eval_auprc": 0.9,
      "eval_matthews_correlation": 0.7333333333333333,
      "eval_runtime": 0.3472,
      "eval_samples_per_second": 80.637,
      "eval_steps_per_second": 5.76,
      "epoch": 5.0
    },
    {
      "eval_loss": 0.5640301704406738,
      "eval_accuracy": 0.6875,
      "eval_f1": 0.4444444444444444,
      "eval_precision": 0.6666666666666666,
      "eval_recall": 0.3333333333333333,
      "eval_auc": 0.7833333333333333,
      "eval_auprc": 0.7583333333333333,
      "eval_matthews_correlation": 0.28941438070815306,
      "eval_runtime": 0.3475,
      "eval_samples_per_second": 77.689,
      "eval_steps_per_second": 5.755,
      "epoch": 4.0
    }
  ],
  "test_metrics": {
    "eval_loss": 0.48401594161987305,
    "eval_accuracy": 0.8203125,
    "eval_f1": 0.8119891008174387,
    "eval_precision": 0.8277777777777777,
    "eval_recall": 0.7967914438502673,
    "eval_auc": 0.88707619642227,
    "eval_auprc": 0.8744408906032839,
    "eval_matthews_correlation": 0.6404663147787294,
    "eval_runtime": 8.2706,
    "eval_samples_per_second": 46.792,
    "eval_steps_per_second": 3.023,
    "epoch": 7.0
  }
}