{
  "experiment": "cross_cell",
  "model_type": "lamar",
  "variant": "tapt_512",
  "pair_name": "NSUN2_train_K562_test_HepG2_fixlen_101",
  "pretrain_path": "/gpfs/bwfor/work/ws/fr_ml642-thesis_work/Thesis/LAMAR/src/pretrain/saving_model/tapt_lamar/checkpoint-98000/model.safetensors",
  "max_length": 1024,
  "n_folds": 5,
  "hyperparameters": {
    "learning_rate": 5e-05,
    "per_device_train_batch_size": 16,
    "weight_decay": 0.01,
    "warmup_ratio": 0.1,
    "num_train_epochs": 10,
    "gradient_accumulation_steps": 1,
    "early_stopping_patience": 3
  },
  "cv_metrics": {
    "epoch_mean": 5.4,
    "epoch_std": 1.0198039027185568,
    "eval_accuracy_mean": 0.7125,
    "eval_accuracy_std": 0.10897247358851683,
    "eval_auc_mean": 0.793648088023088,
    "eval_auc_std": 0.11181711222479185,
    "eval_auprc_mean": 0.7603792041292041,
    "eval_auprc_std": 0.13902832354048572,
    "eval_f1_mean": 0.5420634920634921,
    "eval_f1_std": 0.30331169509093575,
    "eval_loss_mean": 0.5677009582519531,
    "eval_loss_std": 0.08973302105523782,
    "eval_matthews_correlation_mean": 0.41706465205858256,
    "eval_matthews_correlation_std": 0.25399422131072574,
    "eval_precision_mean": 0.5988888888888889,
    "eval_precision_std": 0.3483364345068403,
    "eval_recall_mean": 0.5766666666666667,
    "eval_recall_std": 0.3608015767395949,
    "eval_runtime_mean": 0.35080000000000006,
    "eval_runtime_std": 0.0007509993342207495,
    "eval_samples_per_second_mean": 79.2526,
    "eval_samples_per_second_std": 1.1459327379911977,
    "eval_steps_per_second_mean": 5.7016,
    "eval_steps_per_second_std": 0.012499599993599755
  },
  "cv_fold_metrics": [
    {
      "eval_loss": 0.674148440361023,
      "eval_accuracy": 0.625,
      "eval_f1": 0.5714285714285714,
      "eval_precision": 0.4444444444444444,
      "eval_recall": 0.8,
      "eval_auc": 0.6909090909090909,
      "eval_auprc": 0.576923076923077,
      "eval_matthews_correlation": 0.32277655457716287,
      "eval_runtime": 0.3498,
      "eval_samples_per_second": 80.053,
      "eval_steps_per_second": 5.718,
      "epoch": 5.0
    },
    {
      "eval_loss": 0.5233418345451355,
      "eval_accuracy": 0.75,
      "eval_f1": 0.75,
      "eval_precision": 0.75,
      "eval_recall": 0.75,
      "eval_auc": 0.84375,
      "eval_auprc": 0.8334686147186148,
      "eval_matthews_correlation": 0.5,
      "eval_runtime": 0.3516,
      "eval_samples_per_second": 79.647,
      "eval_steps_per_second": 5.689,
      "epoch": 6.0
    },
    {
      "eval_loss": 0.6617619395256042,
      "eval_accuracy": 0.5625,
      "eval_f1": 0.0,
      "eval_precision": 0.0,
      "eval_recall": 0.0,
      "eval_auc": 0.6825396825396826,
      "eval_auprc": 0.6984126984126984,
      "eval_matthews_correlation": 0.0,
      "eval_runtime": 0.3502,
      "eval_samples_per_second": 79.966,
      "eval_steps_per_second": 5.712,
      "epoch": 4.0
    },
    {
      "eval_loss": 0.5440436601638794,
      "eval_accuracy": 0.75,
      "eval_f1": 0.5,
      "eval_precision": 1.0,
      "eval_recall": 0.3333333333333333,
      "eval_auc": 0.7666666666666666,
      "eval_auprc": 0.7069805194805194,
      "eval_matthews_correlation": 0.4879500364742666,
      "eval_runtime": 0.3517,
      "eval_samples_per_second": 79.61,
      "eval_steps_per_second": 5.686,
      "epoch": 7.0
    },
    {
      "eval_loss": 0.43520891666412354,
      "eval_accuracy": 0.875,
      "eval_f1": 0.888888888888889,
      "eval_precision": 0.8,
      "eval_recall": 1.0,
      "eval_auc": 0.984375,
      "eval_auprc": 0.9861111111111112,
      "eval_matthews_correlation": 0.7745966692414834,
      "eval_runtime": 0.3507,
      "eval_samples_per_second": 76.987,
      "eval_steps_per_second": 5.703,
      "epoch": 5.0
    }
  ],
  "test_metrics": {
    "eval_loss": 0.6068677306175232,
    "eval_accuracy": 0.6633064516129032,
    "eval_f1": 0.5322128851540616,
    "eval_precision": 0.7786885245901639,
    "eval_recall": 0.40425531914893614,
    "eval_auc": 0.7524578136463683,
    "eval_auprc": 0.7434586901329125,
    "eval_matthews_correlation": 0.34875983959968937,
    "eval_runtime": 10.7904,
    "eval_samples_per_second": 46.801,
    "eval_steps_per_second": 2.966,
    "epoch": 4.0
  }
}