{
  "experiment": "cross_length",
  "model_type": "lamar",
  "variant": "random",
  "pair_name": "PRP16_HepG2_ENCSR678OKJ",
  "pretrain_path": "",
  "max_length": 1024,
  "n_folds": 5,
  "hyperparameters": {
    "learning_rate": 5e-05,
    "per_device_train_batch_size": 16,
    "weight_decay": 0.01,
    "warmup_ratio": 0.1,
    "num_train_epochs": 10,
    "gradient_accumulation_steps": 1,
    "early_stopping_patience": 3
  },
  "cv_metrics": {
    "epoch_mean": 5.0,
    "epoch_std": 0.8944271909999159,
    "eval_accuracy_mean": 0.5875,
    "eval_accuracy_std": 0.09354143466934853,
    "eval_auc_mean": 0.7627272727272728,
    "eval_auc_std": 0.1364464395064763,
    "eval_auprc_mean": 0.7222459022459022,
    "eval_auprc_std": 0.19820147491623236,
    "eval_f1_mean": 0.46351172047766476,
    "eval_f1_std": 0.14897702458809536,
    "eval_loss_mean": 0.6774615406990051,
    "eval_loss_std": 0.06349258687077869,
    "eval_matthews_correlation_mean": 0.2286770648799919,
    "eval_matthews_correlation_std": 0.12048785336453956,
    "eval_precision_mean": 0.5601398601398602,
    "eval_precision_std": 0.2230582888944294,
    "eval_recall_mean": 0.6066666666666667,
    "eval_recall_std": 0.3511251755270318,
    "eval_runtime_mean": 0.34628000000000003,
    "eval_runtime_std": 0.00044452221541786837,
    "eval_samples_per_second_mean": 46.201600000000006,
    "eval_samples_per_second_std": 0.0578051900784012,
    "eval_steps_per_second_mean": 2.8874000000000004,
    "eval_steps_per_second_std": 0.0037202150475477225
  },
  "cv_fold_metrics": [
    {
      "eval_loss": 0.6650421023368835,
      "eval_accuracy": 0.6875,
      "eval_f1": 0.28571428571428575,
      "eval_precision": 0.5,
      "eval_recall": 0.2,
      "eval_auc": 0.5636363636363636,
      "eval_auprc": 0.402031302031302,
      "eval_matthews_correlation": 0.15289415743128767,
      "eval_runtime": 0.3463,
      "eval_samples_per_second": 46.198,
      "eval_steps_per_second": 2.887,
      "epoch": 4.0
    },
    {
      "eval_loss": 0.7533348202705383,
      "eval_accuracy": 0.5625,
      "eval_f1": 0.5882352941176471,
      "eval_precision": 0.45454545454545453,
      "eval_recall": 0.8333333333333334,
      "eval_auc": 0.7166666666666667,
      "eval_auprc": 0.7083333333333333,
      "eval_matthews_correlation": 0.24370871833797697,
      "eval_runtime": 0.3455,
      "eval_samples_per_second": 46.304,
      "eval_steps_per_second": 2.894,
      "epoch": 5.0
    },
    {
      "eval_loss": 0.7022194862365723,
      "eval_accuracy": 0.5625,
      "eval_f1": 0.631578947368421,
      "eval_precision": 0.46153846153846156,
      "eval_recall": 1.0,
      "eval_auc": 0.7166666666666667,
      "eval_auprc": 0.6425315425315425,
      "eval_matthews_correlation": 0.3721042037676254,
      "eval_runtime": 0.3462,
      "eval_samples_per_second": 46.21,
      "eval_steps_per_second": 2.888,
      "epoch": 6.0
    },
    {
      "eval_loss": 0.7031479477882385,
      "eval_accuracy": 0.4375,
      "eval_f1": 0.5263157894736842,
      "eval_precision": 0.38461538461538464,
      "eval_recall": 0.8333333333333334,
      "eval_auc": 0.85,
      "eval_auprc": 0.9,
      "eval_matthews_correlation": 0.041344911529736156,
      "eval_runtime": 0.3466,
      "eval_samples_per_second": 46.162,
      "eval_steps_per_second": 2.885,
      "epoch": 6.0
    },
    {
      "eval_loss": 0.563563346862793,
      "eval_accuracy": 0.6875,
      "eval_f1": 0.2857142857142857,
      "eval_precision": 1.0,
      "eval_recall": 0.16666666666666666,
      "eval_auc": 0.9666666666666668,
      "eval_auprc": 0.9583333333333334,
      "eval_matthews_correlation": 0.3333333333333333,
      "eval_runtime": 0.3468,
      "eval_samples_per_second": 46.134,
      "eval_steps_per_second": 2.883,
      "epoch": 4.0
    }
  ],
  "test_metrics": {
    "eval_loss": 0.660309910774231,
    "eval_accuracy": 0.6339285714285714,
    "eval_f1": 0.6917293233082706,
    "eval_precision": 0.5859872611464968,
    "eval_recall": 0.8440366972477065,
    "eval_auc": 0.7056242520941365,
    "eval_auprc": 0.6892602571712582,
    "eval_matthews_correlation": 0.3043671539672299,
    "eval_runtime": 4.8224,
    "eval_samples_per_second": 46.658,
    "eval_steps_per_second": 3.111,
    "epoch": 6.0
  }
}