{
  "experiment": "cross_length",
  "model_type": "lamar",
  "variant": "random",
  "pair_name": "U2AF1_K562_ENCSR862QCH",
  "pretrain_path": "",
  "max_length": 1024,
  "n_folds": 5,
  "hyperparameters": {
    "learning_rate": 5e-05,
    "per_device_train_batch_size": 16,
    "weight_decay": 0.01,
    "warmup_ratio": 0.1,
    "num_train_epochs": 10,
    "gradient_accumulation_steps": 1,
    "early_stopping_patience": 3
  },
  "cv_metrics": {
    "epoch_mean": 10.0,
    "epoch_std": 0.0,
    "eval_accuracy_mean": 0.81875,
    "eval_accuracy_std": 0.008838834764831844,
    "eval_auc_mean": 0.8650076415701416,
    "eval_auc_std": 0.012661221645971034,
    "eval_auprc_mean": 0.7690689847642709,
    "eval_auprc_std": 0.014348144834967153,
    "eval_f1_mean": 0.6742265866210074,
    "eval_f1_std": 0.013444022707655389,
    "eval_loss_mean": 0.4247229993343353,
    "eval_loss_std": 0.027857686907646055,
    "eval_matthews_correlation_mean": 0.5543079866362319,
    "eval_matthews_correlation_std": 0.021108995998769666,
    "eval_precision_mean": 0.739600549762206,
    "eval_precision_std": 0.025413486093717616,
    "eval_recall_mean": 0.6198129251700679,
    "eval_recall_std": 0.010205498767807838,
    "eval_runtime_mean": 3.4382600000000005,
    "eval_runtime_std": 0.0026956260868303337,
    "eval_samples_per_second_mean": 47.814800000000005,
    "eval_samples_per_second_std": 0.13207634156047807,
    "eval_steps_per_second_mean": 3.1992,
    "eval_steps_per_second_std": 0.002481934729198091
  },
  "cv_fold_metrics": [
    {
      "eval_loss": 0.3981107175350189,
      "eval_accuracy": 0.83125,
      "eval_f1": 0.6896551724137931,
      "eval_precision": 0.7692307692307693,
      "eval_recall": 0.625,
      "eval_auc": 0.8679315476190477,
      "eval_auprc": 0.7880315037081026,
      "eval_matthews_correlation": 0.5813215912730637,
      "eval_runtime": 3.4415,
      "eval_samples_per_second": 47.944,
      "eval_steps_per_second": 3.196,
      "epoch": 10.0
    },
    {
      "eval_loss": 0.3916548788547516,
      "eval_accuracy": 0.80625,
      "eval_f1": 0.6593406593406593,
      "eval_precision": 0.6976744186046512,
      "eval_recall": 0.625,
      "eval_auc": 0.8831845238095238,
      "eval_auprc": 0.7846036957011269,
      "eval_matthews_correlation": 0.5260891007101562,
      "eval_runtime": 3.4376,
      "eval_samples_per_second": 47.998,
      "eval_steps_per_second": 3.2,
      "epoch": 10.0
    },
    {
      "eval_loss": 0.4406173825263977,
      "eval_accuracy": 0.825,
      "eval_f1": 0.6888888888888889,
      "eval_precision": 0.7560975609756098,
      "eval_recall": 0.6326530612244898,
      "eval_auc": 0.8643132928847215,
      "eval_auprc": 0.7534438830667249,
      "eval_matthews_correlation": 0.5728544235453267,
      "eval_runtime": 3.4372,
      "eval_samples_per_second": 47.714,
      "eval_steps_per_second": 3.2,
      "epoch": 10.0
    },
    {
      "eval_loss": 0.42579174041748047,
      "eval_accuracy": 0.8125,
      "eval_f1": 0.6590909090909091,
      "eval_precision": 0.725,
      "eval_recall": 0.6041666666666666,
      "eval_auc": 0.8660714285714286,
      "eval_auprc": 0.7578694697519193,
      "eval_matthews_correlation": 0.5354496700964052,
      "eval_runtime": 3.4409,
      "eval_samples_per_second": 47.662,
      "eval_steps_per_second": 3.197,
      "epoch": 10.0
    },
    {
      "eval_loss": 0.46744027733802795,
      "eval_accuracy": 0.81875,
      "eval_f1": 0.6741573033707865,
      "eval_precision": 0.75,
      "eval_recall": 0.6122448979591837,
      "eval_auc": 0.8435374149659863,
      "eval_auprc": 0.7613963715934808,
      "eval_matthews_correlation": 0.5558251475562079,
      "eval_runtime": 3.4341,
      "eval_samples_per_second": 47.756,
      "eval_steps_per_second": 3.203,
      "epoch": 10.0
    }
  ],
  "test_metrics": {
    "eval_loss": 0.8225505948066711,
    "eval_accuracy": 0.5202850877192983,
    "eval_f1": 0.0,
    "eval_precision": 0.0,
    "eval_recall": 0.0,
    "eval_auc": 0.6643165121040588,
    "eval_auprc": 0.590356650721011,
    "eval_matthews_correlation": -0.022464697727621833,
    "eval_runtime": 39.2887,
    "eval_samples_per_second": 46.782,
    "eval_steps_per_second": 2.927,
    "epoch": 4.0
  }
}