{
  "experiment": "cross_cell",
  "model_type": "lamar",
  "variant": "pretrained",
  "pair_name": "LARP7_train_K562_test_HepG2_fixlen_101",
  "pretrain_path": "/gpfs/bwfor/work/ws/fr_ml642-thesis_work/Thesis/LAMAR/weights",
  "max_length": 1024,
  "n_folds": 5,
  "hyperparameters": {
    "learning_rate": 5e-05,
    "per_device_train_batch_size": 16,
    "weight_decay": 0.01,
    "warmup_ratio": 0.1,
    "num_train_epochs": 10,
    "gradient_accumulation_steps": 1,
    "early_stopping_patience": 3
  },
  "cv_metrics": {
    "epoch_mean": 6.2,
    "epoch_std": 2.4,
    "eval_accuracy_mean": 0.68125,
    "eval_accuracy_std": 0.04592793267718459,
    "eval_auc_mean": 0.8787841106262159,
    "eval_auc_std": 0.048126552119325414,
    "eval_auprc_mean": 0.8137272933464883,
    "eval_auprc_std": 0.08996799066864025,
    "eval_f1_mean": 0.4230500821018063,
    "eval_f1_std": 0.2855633159311782,
    "eval_loss_mean": 0.56100834608078,
    "eval_loss_std": 0.06569211826536593,
    "eval_matthews_correlation_mean": 0.32987448295452193,
    "eval_matthews_correlation_std": 0.19406661390567082,
    "eval_precision_mean": 0.5485964912280702,
    "eval_precision_std": 0.3222304156205623,
    "eval_recall_mean": 0.5015151515151515,
    "eval_recall_std": 0.4101109617143556,
    "eval_runtime_mean": 0.5586,
    "eval_runtime_std": 0.00010954451150102117,
    "eval_samples_per_second_mean": 69.8194,
    "eval_samples_per_second_std": 0.01493452376207472,
    "eval_steps_per_second_mean": 5.3708,
    "eval_steps_per_second_std": 0.0013266499161423086
  },
  "cv_fold_metrics": [
    {
      "eval_loss": 0.5041861534118652,
      "eval_accuracy": 0.71875,
      "eval_f1": 0.5714285714285715,
      "eval_precision": 0.6666666666666666,
      "eval_recall": 0.5,
      "eval_auc": 0.8500000000000001,
      "eval_auprc": 0.7349779849779849,
      "eval_matthews_correlation": 0.3768673314407159,
      "eval_runtime": 0.5587,
      "eval_samples_per_second": 69.809,
      "eval_steps_per_second": 5.37,
      "epoch": 8.0
    },
    {
      "eval_loss": 0.5667028427124023,
      "eval_accuracy": 0.71875,
      "eval_f1": 0.6896551724137931,
      "eval_precision": 0.5263157894736842,
      "eval_recall": 1.0,
      "eval_auc": 0.8409090909090909,
      "eval_auprc": 0.7235616670910788,
      "eval_matthews_correlation": 0.5576780295914437,
      "eval_runtime": 0.5584,
      "eval_samples_per_second": 69.845,
      "eval_steps_per_second": 5.373,
      "epoch": 5.0
    },
    {
      "eval_loss": 0.5383036732673645,
      "eval_accuracy": 0.6875,
      "eval_f1": 0.16666666666666669,
      "eval_precision": 1.0,
      "eval_recall": 0.09090909090909091,
      "eval_auc": 0.948051948051948,
      "eval_auprc": 0.9357484620642516,
      "eval_matthews_correlation": 0.24816038707378335,
      "eval_runtime": 0.5586,
      "eval_samples_per_second": 69.823,
      "eval_steps_per_second": 5.371,
      "epoch": 4.0
    },
    {
      "eval_loss": 0.5111058354377747,
      "eval_accuracy": 0.6875,
      "eval_f1": 0.6874999999999999,
      "eval_precision": 0.55,
      "eval_recall": 0.9166666666666666,
      "eval_auc": 0.925,
      "eval_auprc": 0.9084175084175083,
      "eval_matthews_correlation": 0.4666666666666667,
      "eval_runtime": 0.5586,
      "eval_samples_per_second": 69.819,
      "eval_steps_per_second": 5.371,
      "epoch": 10.0
    },
    {
      "eval_loss": 0.6847432255744934,
      "eval_accuracy": 0.59375,
      "eval_f1": 0.0,
      "eval_precision": 0.0,
      "eval_recall": 0.0,
      "eval_auc": 0.8299595141700404,
      "eval_auprc": 0.7659308441816183,
      "eval_matthews_correlation": 0.0,
      "eval_runtime": 0.5587,
      "eval_samples_per_second": 69.801,
      "eval_steps_per_second": 5.369,
      "epoch": 4.0
    }
  ],
  "test_metrics": {
    "eval_loss": 0.8806809186935425,
    "eval_accuracy": 0.5404411764705882,
    "eval_f1": 0.43946188340807174,
    "eval_precision": 0.4260869565217391,
    "eval_recall": 0.4537037037037037,
    "eval_auc": 0.5386743450767841,
    "eval_auprc": 0.3875687582208817,
    "eval_matthews_correlation": 0.05077539380161172,
    "eval_runtime": 4.7041,
    "eval_samples_per_second": 60.16,
    "eval_steps_per_second": 3.826,
    "epoch": 6.0
  }
}