{
  "experiment": "cross_length",
  "model_type": "lamar",
  "variant": "random",
  "pair_name": "SRSF9_K562_ENCSR381VNR",
  "pretrain_path": "",
  "max_length": 1024,
  "n_folds": 5,
  "hyperparameters": {
    "learning_rate": 5e-05,
    "per_device_train_batch_size": 16,
    "weight_decay": 0.01,
    "warmup_ratio": 0.1,
    "num_train_epochs": 10,
    "gradient_accumulation_steps": 1,
    "early_stopping_patience": 3
  },
  "cv_metrics": {
    "epoch_mean": 4.4,
    "epoch_std": 0.7999999999999999,
    "eval_accuracy_mean": 0.8125,
    "eval_accuracy_std": 0.10458250331675945,
    "eval_auc_mean": 0.878125,
    "eval_auc_std": 0.1267070933294581,
    "eval_auprc_mean": 0.8882778332778333,
    "eval_auprc_std": 0.10103575711079135,
    "eval_f1_mean": 0.6711357270180798,
    "eval_f1_std": 0.23229080354210638,
    "eval_loss_mean": 0.5144547253847123,
    "eval_loss_std": 0.3227566045358055,
    "eval_matthews_correlation_mean": 0.6253544704519793,
    "eval_matthews_correlation_std": 0.19655893769898697,
    "eval_precision_mean": 0.9277777777777778,
    "eval_precision_std": 0.098757715747951,
    "eval_recall_mean": 0.6011904761904762,
    "eval_recall_std": 0.29460377326157017,
    "eval_runtime_mean": 0.3445,
    "eval_runtime_std": 0.0006723094525588647,
    "eval_samples_per_second_mean": 62.7014,
    "eval_samples_per_second_std": 1.4918164230226185,
    "eval_steps_per_second_mean": 5.8056,
    "eval_steps_per_second_std": 0.011199999999999797
  },
  "cv_fold_metrics": [
    {
      "eval_loss": 1.1106112003326416,
      "eval_accuracy": 0.6875,
      "eval_f1": 0.5454545454545454,
      "eval_precision": 1.0,
      "eval_recall": 0.375,
      "eval_auc": 0.703125,
      "eval_auprc": 0.7688311688311689,
      "eval_matthews_correlation": 0.48038446141526137,
      "eval_runtime": 0.3433,
      "eval_samples_per_second": 64.081,
      "eval_steps_per_second": 5.826,
      "epoch": 4.0
    },
    {
      "eval_loss": 0.17775095999240875,
      "eval_accuracy": 0.9375,
      "eval_f1": 0.9411764705882353,
      "eval_precision": 0.8888888888888888,
      "eval_recall": 1.0,
      "eval_auc": 1.0,
      "eval_auprc": 1.0,
      "eval_matthews_correlation": 0.8819171036881969,
      "eval_runtime": 0.3444,
      "eval_samples_per_second": 63.88,
      "eval_steps_per_second": 5.807,
      "epoch": 4.0
    },
    {
      "eval_loss": 0.33880332112312317,
      "eval_accuracy": 0.875,
      "eval_f1": 0.75,
      "eval_precision": 0.75,
      "eval_recall": 0.75,
      "eval_auc": 0.9375,
      "eval_auprc": 0.8928571428571428,
      "eval_matthews_correlation": 0.6666666666666666,
      "eval_runtime": 0.3449,
      "eval_samples_per_second": 63.789,
      "eval_steps_per_second": 5.799,
      "epoch": 4.0
    },
    {
      "eval_loss": 0.3784200847148895,
      "eval_accuracy": 0.875,
      "eval_f1": 0.8333333333333333,
      "eval_precision": 1.0,
      "eval_recall": 0.7142857142857143,
      "eval_auc": 1.0,
      "eval_auprc": 1.0,
      "eval_matthews_correlation": 0.7644707871564383,
      "eval_runtime": 0.3453,
      "eval_samples_per_second": 60.822,
      "eval_steps_per_second": 5.793,
      "epoch": 4.0
    },
    {
      "eval_loss": 0.566688060760498,
      "eval_accuracy": 0.6875,
      "eval_f1": 0.2857142857142857,
      "eval_precision": 1.0,
      "eval_recall": 0.16666666666666666,
      "eval_auc": 0.75,
      "eval_auprc": 0.7797008547008546,
      "eval_matthews_correlation": 0.3333333333333333,
      "eval_runtime": 0.3446,
      "eval_samples_per_second": 60.935,
      "eval_steps_per_second": 5.803,
      "epoch": 6.0
    }
  ],
  "test_metrics": {
    "eval_loss": 0.6905627250671387,
    "eval_accuracy": 0.75,
    "eval_f1": 0.6666666666666666,
    "eval_precision": 0.972972972972973,
    "eval_recall": 0.5070422535211268,
    "eval_auc": 0.8662936523249084,
    "eval_auprc": 0.8852423932053108,
    "eval_matthews_correlation": 0.5644784579821917,
    "eval_runtime": 6.1827,
    "eval_samples_per_second": 48.846,
    "eval_steps_per_second": 3.073,
    "epoch": 8.0
  }
}