{
  "experiment": "cross_cell",
  "model_type": "dnabert2",
  "variant": "pretrained",
  "pair_name": "SF3B4_train_K562_test_HepG2_fixlen_101",
  "max_length": 128,
  "n_folds": 5,
  "hyperparameters": {
    "learning_rate": 5e-05,
    "per_device_train_batch_size": 16,
    "weight_decay": 0.01,
    "warmup_ratio": 0.1,
    "num_train_epochs": 10,
    "gradient_accumulation_steps": 1,
    "early_stopping_patience": 3
  },
  "cv_metrics": {
    "epoch_mean": 6.2,
    "epoch_std": 0.9797958971132712,
    "eval_accuracy_mean": 0.8833153171998314,
    "eval_accuracy_std": 0.004425495906401287,
    "eval_auc_mean": 0.9504039798603529,
    "eval_auc_std": 0.002658335629726598,
    "eval_auprc_mean": 0.9347598322556049,
    "eval_auprc_std": 0.006170313168303568,
    "eval_f1_mean": 0.8823988626786259,
    "eval_f1_std": 0.004320189874036451,
    "eval_loss_mean": 0.3456468105316162,
    "eval_loss_std": 0.0279190898032128,
    "eval_matthews_correlation_mean": 0.7666564507169369,
    "eval_matthews_correlation_std": 0.008195778709084606,
    "eval_precision_mean": 0.8814304691844471,
    "eval_precision_std": 0.004370996273323669,
    "eval_recall_mean": 0.8852362293160819,
    "eval_recall_std": 0.003881030996531341,
    "eval_runtime_mean": 2.56426,
    "eval_runtime_std": 0.03324536659445954,
    "eval_samples_per_second_mean": 1239.4826,
    "eval_samples_per_second_std": 16.022726017753648,
    "eval_steps_per_second_mean": 77.6188,
    "eval_steps_per_second_std": 0.9946037200815195
  },
  "cv_fold_metrics": [
    {
      "eval_loss": 0.36207810044288635,
      "eval_accuracy": 0.881686595342983,
      "eval_f1": 0.8811168801916252,
      "eval_matthews_correlation": 0.7664190824522658,
      "eval_precision": 0.8806287423251626,
      "eval_recall": 0.8858078388659701,
      "eval_auc": 0.948218680520749,
      "eval_auprc": 0.9281435764317089,
      "eval_runtime": 2.5315,
      "eval_samples_per_second": 1255.395,
      "eval_steps_per_second": 78.61,
      "epoch": 6.0
    },
    {
      "eval_loss": 0.3801999092102051,
      "eval_accuracy": 0.8908118313404657,
      "eval_f1": 0.8895849284587802,
      "eval_matthews_correlation": 0.7794435181570081,
      "eval_precision": 0.8887033128420623,
      "eval_recall": 0.890742873758209,
      "eval_auc": 0.9505980436570666,
      "eval_auprc": 0.9414193154461578,
      "eval_runtime": 2.5382,
      "eval_samples_per_second": 1252.065,
      "eval_steps_per_second": 78.402,
      "epoch": 8.0
    },
    {
      "eval_loss": 0.34313005208969116,
      "eval_accuracy": 0.8854625550660793,
      "eval_f1": 0.8846421868673875,
      "eval_matthews_correlation": 0.7712814498630473,
      "eval_precision": 0.8834594736256929,
      "eval_recall": 0.8878343839559959,
      "eval_auc": 0.9543677950418322,
      "eval_auprc": 0.9429688632020449,
      "eval_runtime": 2.5542,
      "eval_samples_per_second": 1244.224,
      "eval_steps_per_second": 77.911,
      "epoch": 6.0
    },
    {
      "eval_loss": 0.34643882513046265,
      "eval_accuracy": 0.8782252989301448,
      "eval_f1": 0.8773726479165027,
      "eval_matthews_correlation": 0.7567628172241072,
      "eval_precision": 0.8762454936712881,
      "eval_recall": 0.8805294489675042,
      "eval_auc": 0.946881631915513,
      "eval_auprc": 0.9312670248062328,
      "eval_runtime": 2.5732,
      "eval_samples_per_second": 1235.057,
      "eval_steps_per_second": 77.337,
      "epoch": 6.0
    },
    {
      "eval_loss": 0.2963871657848358,
      "eval_accuracy": 0.8803903053194838,
      "eval_f1": 0.8792776699588334,
      "eval_matthews_correlation": 0.7593753858882557,
      "eval_precision": 0.8781153234580299,
      "eval_recall": 0.8812666010327299,
      "eval_auc": 0.951953748166603,
      "eval_auprc": 0.9300003813918802,
      "eval_runtime": 2.6242,
      "eval_samples_per_second": 1210.672,
      "eval_steps_per_second": 75.834,
      "epoch": 5.0
    }
  ],
  "test_metrics": {
    "eval_loss": 0.3263437747955322,
    "eval_accuracy": 0.8415412676698586,
    "eval_f1": 0.8374358913918356,
    "eval_matthews_correlation": 0.6797524482327189,
    "eval_precision": 0.834072421219106,
    "eval_recall": 0.845780855833745,
    "eval_auc": 0.9351340229210008,
    "eval_auprc": 0.8943603228955719,
    "eval_runtime": 7.6726,
    "eval_samples_per_second": 1143.287,
    "eval_steps_per_second": 71.553,
    "epoch": 6.0
  }
}