{
  "experiment": "cross_length",
  "model_type": "lamar",
  "variant": "tapt_1024",
  "pair_name": "DDX6_K562_ENCSR893EFU",
  "pretrain_path": "/gpfs/bwfor/work/ws/fr_ml642-thesis_work/Thesis/LAMAR/src/pretrain/saving_model/tapt_1024_standard_collator/checkpoint-134000/model.safetensors",
  "max_length": 1024,
  "n_folds": 5,
  "hyperparameters": {
    "learning_rate": 5e-05,
    "per_device_train_batch_size": 16,
    "weight_decay": 0.01,
    "warmup_ratio": 0.1,
    "num_train_epochs": 10,
    "gradient_accumulation_steps": 1,
    "early_stopping_patience": 3
  },
  "cv_metrics": {
    "epoch_mean": 7.6,
    "epoch_std": 2.0591260281974,
    "eval_accuracy_mean": 0.746875,
    "eval_accuracy_std": 0.0211659643502251,
    "eval_auc_mean": 0.7955142853368498,
    "eval_auc_std": 0.016036250038369837,
    "eval_auprc_mean": 0.6741412435029825,
    "eval_auprc_std": 0.027883245596508732,
    "eval_f1_mean": 0.5635246898654351,
    "eval_f1_std": 0.0672831946500921,
    "eval_loss_mean": 0.5384642481803894,
    "eval_loss_std": 0.029447186609577517,
    "eval_matthews_correlation_mean": 0.4065905436044373,
    "eval_matthews_correlation_std": 0.0563433102783729,
    "eval_precision_mean": 0.6706929433852702,
    "eval_precision_std": 0.050442435408533604,
    "eval_recall_mean": 0.5004163718414392,
    "eval_recall_std": 0.11012475514388909,
    "eval_runtime_mean": 4.42942,
    "eval_runtime_std": 0.018460487534190603,
    "eval_samples_per_second_mean": 59.060199999999995,
    "eval_samples_per_second_std": 0.22604194301058286,
    "eval_steps_per_second_mean": 3.8378,
    "eval_steps_per_second_std": 0.01591728620085725
  },
  "cv_fold_metrics": [
    {
      "eval_loss": 0.5629882216453552,
      "eval_accuracy": 0.75,
      "eval_f1": 0.5555555555555556,
      "eval_precision": 0.6896551724137931,
      "eval_recall": 0.46511627906976744,
      "eval_auc": 0.789124487004104,
      "eval_auprc": 0.663669717466085,
      "eval_matthews_correlation": 0.4053259779273193,
      "eval_runtime": 4.4663,
      "eval_samples_per_second": 58.661,
      "eval_steps_per_second": 3.806,
      "epoch": 9.0
    },
    {
      "eval_loss": 0.55983567237854,
      "eval_accuracy": 0.72265625,
      "eval_f1": 0.5988700564971752,
      "eval_precision": 0.5888888888888889,
      "eval_recall": 0.6091954022988506,
      "eval_auc": 0.7865061552064205,
      "eval_auprc": 0.6842180613264344,
      "eval_matthews_correlation": 0.3871526769805713,
      "eval_runtime": 4.4187,
      "eval_samples_per_second": 59.293,
      "eval_steps_per_second": 3.847,
      "epoch": 10.0
    },
    {
      "eval_loss": 0.5026691555976868,
      "eval_accuracy": 0.7734375,
      "eval_f1": 0.6547619047619049,
      "eval_precision": 0.6707317073170732,
      "eval_recall": 0.6395348837209303,
      "eval_auc": 0.8093023255813953,
      "eval_auprc": 0.7122603104336012,
      "eval_matthews_correlation": 0.48660494293146966,
      "eval_runtime": 4.4209,
      "eval_samples_per_second": 59.263,
      "eval_steps_per_second": 3.845,
      "epoch": 7.0
    },
    {
      "eval_loss": 0.5022273659706116,
      "eval_accuracy": 0.765625,
      "eval_f1": 0.5588235294117647,
      "eval_precision": 0.7450980392156863,
      "eval_recall": 0.4470588235294118,
      "eval_auc": 0.8183694530443757,
      "eval_auprc": 0.6827704712202053,
      "eval_matthews_correlation": 0.4374826998831143,
      "eval_runtime": 4.4212,
      "eval_samples_per_second": 59.034,
      "eval_steps_per_second": 3.845,
      "epoch": 4.0
    },
    {
      "eval_loss": 0.5646008253097534,
      "eval_accuracy": 0.72265625,
      "eval_f1": 0.44961240310077516,
      "eval_precision": 0.6590909090909091,
      "eval_recall": 0.3411764705882353,
      "eval_auc": 0.7742690058479531,
      "eval_auprc": 0.6277876570685869,
      "eval_matthews_correlation": 0.31638642029971215,
      "eval_runtime": 4.42,
      "eval_samples_per_second": 59.05,
      "eval_steps_per_second": 3.846,
      "epoch": 8.0
    }
  ],
  "test_metrics": {
    "eval_loss": 0.6591280102729797,
    "eval_accuracy": 0.6593137254901961,
    "eval_f1": 0.4813432835820896,
    "eval_precision": 0.8815489749430524,
    "eval_recall": 0.33105218135158254,
    "eval_auc": 0.7877565543547107,
    "eval_auprc": 0.7893425906685335,
    "eval_matthews_correlation": 0.37810294433374925,
    "eval_runtime": 42.1772,
    "eval_samples_per_second": 58.278,
    "eval_steps_per_second": 3.651,
    "epoch": 6.0
  }
}