{
  "experiment": "cross_length",
  "model_type": "lamar",
  "variant": "pretrained",
  "pair_name": "IGF2BP2_K562_ENCSR062NNB",
  "pretrain_path": "/gpfs/bwfor/work/ws/fr_ml642-thesis_work/Thesis/LAMAR/weights",
  "max_length": 1024,
  "n_folds": 5,
  "hyperparameters": {
    "learning_rate": 5e-05,
    "per_device_train_batch_size": 16,
    "weight_decay": 0.01,
    "warmup_ratio": 0.1,
    "num_train_epochs": 10,
    "gradient_accumulation_steps": 1,
    "early_stopping_patience": 3
  },
  "cv_metrics": {
    "epoch_mean": 9.6,
    "epoch_std": 0.7999999999999999,
    "eval_accuracy_mean": 0.8091666666666667,
    "eval_accuracy_std": 0.015057759166327222,
    "eval_auc_mean": 0.8718320221951764,
    "eval_auc_std": 0.014149672475962547,
    "eval_auprc_mean": 0.7641646299834562,
    "eval_auprc_std": 0.02565657691994496,
    "eval_f1_mean": 0.6805943513232565,
    "eval_f1_std": 0.04163402837848391,
    "eval_loss_mean": 0.4333896815776825,
    "eval_loss_std": 0.030438736140771357,
    "eval_matthews_correlation_mean": 0.550660438223292,
    "eval_matthews_correlation_std": 0.04260990326623924,
    "eval_precision_mean": 0.7134200691007513,
    "eval_precision_std": 0.042303080940727385,
    "eval_recall_mean": 0.6604237225358165,
    "eval_recall_std": 0.08885489149750911,
    "eval_runtime_mean": 10.30714,
    "eval_runtime_std": 0.006309548319808663,
    "eval_samples_per_second_mean": 47.4428,
    "eval_samples_per_second_std": 0.029143781497947004,
    "eval_steps_per_second_mean": 3.0076,
    "eval_steps_per_second_std": 0.00174355957741621
  },
  "cv_fold_metrics": [
    {
      "eval_loss": 0.4410938322544098,
      "eval_accuracy": 0.7979166666666667,
      "eval_f1": 0.6777408637873754,
      "eval_precision": 0.6710526315789473,
      "eval_recall": 0.6845637583892618,
      "eval_auc": 0.865508221983414,
      "eval_auprc": 0.7678369505053386,
      "eval_matthews_correlation": 0.5306253738301917,
      "eval_runtime": 10.3031,
      "eval_samples_per_second": 47.462,
      "eval_steps_per_second": 3.009,
      "epoch": 10.0
    },
    {
      "eval_loss": 0.41531258821487427,
      "eval_accuracy": 0.8083333333333333,
      "eval_f1": 0.7195121951219512,
      "eval_precision": 0.659217877094972,
      "eval_recall": 0.7919463087248322,
      "eval_auc": 0.8843042235244024,
      "eval_auprc": 0.7837181381843,
      "eval_matthews_correlation": 0.5813736678015238,
      "eval_runtime": 10.2988,
      "eval_samples_per_second": 47.481,
      "eval_steps_per_second": 3.01,
      "epoch": 8.0
    },
    {
      "eval_loss": 0.4713016450405121,
      "eval_accuracy": 0.8125,
      "eval_f1": 0.6785714285714285,
      "eval_precision": 0.7307692307692307,
      "eval_recall": 0.6333333333333333,
      "eval_auc": 0.8574141414141414,
      "eval_auprc": 0.7541836025573782,
      "eval_matthews_correlation": 0.5499614008796821,
      "eval_runtime": 10.3177,
      "eval_samples_per_second": 47.394,
      "eval_steps_per_second": 3.005,
      "epoch": 10.0
    },
    {
      "eval_loss": 0.454476535320282,
      "eval_accuracy": 0.7916666666666666,
      "eval_f1": 0.6062992125984252,
      "eval_precision": 0.7333333333333333,
      "eval_recall": 0.5167785234899329,
      "eval_auc": 0.8591820596524666,
      "eval_auprc": 0.7207445338495765,
      "eval_matthews_correlation": 0.4836909063451987,
      "eval_runtime": 10.308,
      "eval_samples_per_second": 47.439,
      "eval_steps_per_second": 3.007,
      "epoch": 10.0
    },
    {
      "eval_loss": 0.38476380705833435,
      "eval_accuracy": 0.8354166666666667,
      "eval_f1": 0.7208480565371024,
      "eval_precision": 0.7727272727272727,
      "eval_recall": 0.6754966887417219,
      "eval_auc": 0.8927514644014574,
      "eval_auprc": 0.7943399248206882,
      "eval_matthews_correlation": 0.6076508422598643,
      "eval_runtime": 10.3081,
      "eval_samples_per_second": 47.438,
      "eval_steps_per_second": 3.007,
      "epoch": 10.0
    }
  ],
  "test_metrics": {
    "eval_loss": 0.6339951753616333,
    "eval_accuracy": 0.7465686274509804,
    "eval_f1": 0.7122982749026154,
    "eval_precision": 0.7683073229291717,
    "eval_recall": 0.6639004149377593,
    "eval_auc": 0.812382864921563,
    "eval_auprc": 0.8137516704991844,
    "eval_matthews_correlation": 0.4921430162292229,
    "eval_runtime": 87.8816,
    "eval_samples_per_second": 46.472,
    "eval_steps_per_second": 2.913,
    "epoch": 6.0
  }
}