{
  "experiment": "cross_length",
  "model_type": "lamar",
  "variant": "tapt_1024",
  "pair_name": "EXOSC5_K562_ENCSR013CTQ",
  "pretrain_path": "/gpfs/bwfor/work/ws/fr_ml642-thesis_work/Thesis/LAMAR/src/pretrain/saving_model/tapt_1024_standard_collator/checkpoint-134000/model.safetensors",
  "max_length": 1024,
  "n_folds": 5,
  "hyperparameters": {
    "learning_rate": 5e-05,
    "per_device_train_batch_size": 16,
    "weight_decay": 0.01,
    "warmup_ratio": 0.1,
    "num_train_epochs": 10,
    "gradient_accumulation_steps": 1,
    "early_stopping_patience": 3
  },
  "cv_metrics": {
    "epoch_mean": 9.4,
    "epoch_std": 0.48989794855663565,
    "eval_accuracy_mean": 0.851171875,
    "eval_accuracy_std": 0.011041635957111383,
    "eval_auc_mean": 0.9278907822598429,
    "eval_auc_std": 0.003860567768403026,
    "eval_auprc_mean": 0.873830291273787,
    "eval_auprc_std": 0.007498445204992069,
    "eval_f1_mean": 0.8106325740595656,
    "eval_f1_std": 0.012517755203206776,
    "eval_loss_mean": 0.3508014023303986,
    "eval_loss_std": 0.018284880438091945,
    "eval_matthews_correlation_mean": 0.690906955734265,
    "eval_matthews_correlation_std": 0.021163371005675006,
    "eval_precision_mean": 0.7774169721894424,
    "eval_precision_std": 0.022305753427321513,
    "eval_recall_mean": 0.8479146543184003,
    "eval_recall_std": 0.025486519967983044,
    "eval_runtime_mean": 13.968,
    "eval_runtime_std": 0.005189604994602233,
    "eval_samples_per_second_mean": 147.0644,
    "eval_samples_per_second_std": 0.07473044894819987,
    "eval_steps_per_second_mean": 9.2352,
    "eval_steps_per_second_std": 0.0035440090293339713
  },
  "cv_fold_metrics": [
    {
      "eval_loss": 0.3745301365852356,
      "eval_accuracy": 0.83447265625,
      "eval_f1": 0.7882573391630231,
      "eval_precision": 0.7602409638554217,
      "eval_recall": 0.8184176394293126,
      "eval_auc": 0.9205965668156662,
      "eval_auprc": 0.861334602968259,
      "eval_matthews_correlation": 0.6538839306448339,
      "eval_runtime": 13.9621,
      "eval_samples_per_second": 147.184,
      "eval_steps_per_second": 9.239,
      "epoch": 10.0
    },
    {
      "eval_loss": 0.3478933274745941,
      "eval_accuracy": 0.8623046875,
      "eval_f1": 0.8239700374531836,
      "eval_precision": 0.7904191616766467,
      "eval_recall": 0.8604954367666232,
      "eval_auc": 0.9299337321010007,
      "eval_auprc": 0.8771035176009387,
      "eval_matthews_correlation": 0.7129633988048021,
      "eval_runtime": 13.9659,
      "eval_samples_per_second": 147.072,
      "eval_steps_per_second": 9.237,
      "epoch": 10.0
    },
    {
      "eval_loss": 0.3390622138977051,
      "eval_accuracy": 0.85498046875,
      "eval_f1": 0.8109484404837684,
      "eval_precision": 0.79625,
      "eval_recall": 0.8261997405966277,
      "eval_auc": 0.9301337542290165,
      "eval_auprc": 0.881586472720954,
      "eval_matthews_correlation": 0.6937006368177936,
      "eval_runtime": 13.9638,
      "eval_samples_per_second": 147.094,
      "eval_steps_per_second": 9.238,
      "epoch": 9.0
    },
    {
      "eval_loss": 0.36772143840789795,
      "eval_accuracy": 0.84228515625,
      "eval_f1": 0.8092144122858831,
      "eval_precision": 0.742145178764897,
      "eval_recall": 0.8896103896103896,
      "eval_auc": 0.9274475133630063,
      "eval_auprc": 0.8694134885443583,
      "eval_matthews_correlation": 0.6847386952438069,
      "eval_runtime": 13.9754,
      "eval_samples_per_second": 146.972,
      "eval_steps_per_second": 9.23,
      "epoch": 9.0
    },
    {
      "eval_loss": 0.32479989528656006,
      "eval_accuracy": 0.86181640625,
      "eval_f1": 0.8207726409119697,
      "eval_precision": 0.7980295566502463,
      "eval_recall": 0.8448500651890483,
      "eval_auc": 0.9313423447905248,
      "eval_auprc": 0.8797133745344258,
      "eval_matthews_correlation": 0.7092481171600887,
      "eval_runtime": 13.9728,
      "eval_samples_per_second": 147.0,
      "eval_steps_per_second": 9.232,
      "epoch": 9.0
    }
  ],
  "test_metrics": {
    "eval_loss": 0.4267193377017975,
    "eval_accuracy": 0.8226661951909476,
    "eval_f1": 0.802286615414942,
    "eval_precision": 0.8458021612635079,
    "eval_recall": 0.7630296212973379,
    "eval_auc": 0.9060071123177184,
    "eval_auprc": 0.885569329181882,
    "eval_matthews_correlation": 0.6450942809816199,
    "eval_runtime": 76.8277,
    "eval_samples_per_second": 147.343,
    "eval_steps_per_second": 9.215,
    "epoch": 4.0
  }
}