{
  "experiment": "cross_length",
  "model_type": "lamar",
  "variant": "random",
  "pair_name": "HNRNPC_K562_ENCSR249ROI",
  "pretrain_path": "",
  "max_length": 1024,
  "n_folds": 5,
  "hyperparameters": {
    "learning_rate": 5e-05,
    "per_device_train_batch_size": 16,
    "weight_decay": 0.01,
    "warmup_ratio": 0.1,
    "num_train_epochs": 10,
    "gradient_accumulation_steps": 1,
    "early_stopping_patience": 3
  },
  "cv_metrics": {
    "epoch_mean": 7.8,
    "epoch_std": 2.3151673805580453,
    "eval_accuracy_mean": 0.7875,
    "eval_accuracy_std": 0.058034951154933824,
    "eval_auc_mean": 0.9261773944976328,
    "eval_auc_std": 0.05038341233938394,
    "eval_auprc_mean": 0.8721156599145526,
    "eval_auprc_std": 0.07980357527060078,
    "eval_f1_mean": 0.7446423023210409,
    "eval_f1_std": 0.04673771444704238,
    "eval_loss_mean": 0.4748163759708405,
    "eval_loss_std": 0.0962794308237619,
    "eval_matthews_correlation_mean": 0.6127780886421373,
    "eval_matthews_correlation_std": 0.08284547734921677,
    "eval_precision_mean": 0.6285058693407151,
    "eval_precision_std": 0.06491688241353508,
    "eval_recall_mean": 0.9255392156862744,
    "eval_recall_std": 0.07085739804256541,
    "eval_runtime_mean": 1.0315,
    "eval_runtime_std": 0.0014449913494550884,
    "eval_samples_per_second_mean": 54.483799999999995,
    "eval_samples_per_second_std": 0.4630185309466564,
    "eval_steps_per_second_mean": 3.8779999999999992,
    "eval_steps_per_second_std": 0.005176871642217858
  },
  "cv_fold_metrics": [
    {
      "eval_loss": 0.5386422276496887,
      "eval_accuracy": 0.6875,
      "eval_f1": 0.6666666666666667,
      "eval_precision": 0.5172413793103449,
      "eval_recall": 0.9375,
      "eval_auc": 0.8515625,
      "eval_auprc": 0.748076084537903,
      "eval_matthews_correlation": 0.4819801865030224,
      "eval_runtime": 1.0287,
      "eval_samples_per_second": 55.409,
      "eval_steps_per_second": 3.888,
      "epoch": 5.0
    },
    {
      "eval_loss": 0.2952159643173218,
      "eval_accuracy": 0.8541666666666666,
      "eval_f1": 0.8108108108108109,
      "eval_precision": 0.6818181818181818,
      "eval_recall": 1.0,
      "eval_auc": 0.9838383838383838,
      "eval_auprc": 0.9642508798391152,
      "eval_matthews_correlation": 0.7329325225725954,
      "eval_runtime": 1.0318,
      "eval_samples_per_second": 54.274,
      "eval_steps_per_second": 3.877,
      "epoch": 10.0
    },
    {
      "eval_loss": 0.5714641213417053,
      "eval_accuracy": 0.7916666666666666,
      "eval_f1": 0.7368421052631577,
      "eval_precision": 0.6666666666666666,
      "eval_recall": 0.8235294117647058,
      "eval_auc": 0.8937381404174574,
      "eval_auprc": 0.8254633832447069,
      "eval_matthews_correlation": 0.5762536864918488,
      "eval_runtime": 1.0326,
      "eval_samples_per_second": 54.231,
      "eval_steps_per_second": 3.874,
      "epoch": 10.0
    },
    {
      "eval_loss": 0.5001102089881897,
      "eval_accuracy": 0.7708333333333334,
      "eval_f1": 0.7441860465116279,
      "eval_precision": 0.5925925925925926,
      "eval_recall": 1.0,
      "eval_auc": 0.978515625,
      "eval_auprc": 0.9481793737308444,
      "eval_matthews_correlation": 0.6236095644623236,
      "eval_runtime": 1.0318,
      "eval_samples_per_second": 54.275,
      "eval_steps_per_second": 3.877,
      "epoch": 5.0
    },
    {
      "eval_loss": 0.46864935755729675,
      "eval_accuracy": 0.8333333333333334,
      "eval_f1": 0.7647058823529413,
      "eval_precision": 0.6842105263157895,
      "eval_recall": 0.8666666666666667,
      "eval_auc": 0.9232323232323232,
      "eval_auprc": 0.8746085782201934,
      "eval_matthews_correlation": 0.6491144831808963,
      "eval_runtime": 1.0326,
      "eval_samples_per_second": 54.23,
      "eval_steps_per_second": 3.874,
      "epoch": 9.0
    }
  ],
  "test_metrics": {
    "eval_loss": 0.8830390572547913,
    "eval_accuracy": 0.6051136363636364,
    "eval_f1": 0.325242718446602,
    "eval_precision": 0.9054054054054054,
    "eval_recall": 0.19822485207100593,
    "eval_auc": 0.9111860186891713,
    "eval_auprc": 0.8783813385848421,
    "eval_matthews_correlation": 0.29174695304642173,
    "eval_runtime": 15.177,
    "eval_samples_per_second": 46.518,
    "eval_steps_per_second": 2.965,
    "epoch": 10.0
  }
}