{
  "experiment": "cross_length",
  "model_type": "dnabert2",
  "variant": "pretrained_custom",
  "pair_name": "APEX1_HepG2_ENCSR554GSW",
  "max_length": 256,
  "n_folds": 5,
  "hyperparameters": {
    "learning_rate": 5e-05,
    "per_device_train_batch_size": 16,
    "weight_decay": 0.01,
    "warmup_ratio": 0.1,
    "num_train_epochs": 10,
    "gradient_accumulation_steps": 1,
    "early_stopping_patience": 3
  },
  "cv_metrics": {
    "epoch_mean": 5.8,
    "epoch_std": 1.32664991614216,
    "eval_accuracy_mean": 0.746938775510204,
    "eval_accuracy_std": 0.05714285714285716,
    "eval_auc_mean": 0.7790681003584229,
    "eval_auc_std": 0.06599731922105159,
    "eval_auprc_mean": 0.7234817914368632,
    "eval_auprc_std": 0.07878810126856224,
    "eval_f1_mean": 0.6727453955670301,
    "eval_f1_std": 0.12755301300705046,
    "eval_loss_mean": 0.5693349182605744,
    "eval_loss_std": 0.051098705336065336,
    "eval_matthews_correlation_mean": 0.45005229740470903,
    "eval_matthews_correlation_std": 0.15495337799862544,
    "eval_precision_mean": 0.7979020146520146,
    "eval_precision_std": 0.025499496966739633,
    "eval_recall_mean": 0.6906753442746651,
    "eval_recall_std": 0.10228530814431001,
    "eval_runtime_mean": 0.03882,
    "eval_runtime_std": 0.0009927738916792681,
    "eval_samples_per_second_mean": 1262.7667999999999,
    "eval_samples_per_second_std": 32.7398344675107,
    "eval_steps_per_second_mean": 103.083,
    "eval_steps_per_second_std": 2.6725391671592
  },
  "cv_fold_metrics": [
    {
      "eval_loss": 0.4832850396633148,
      "eval_accuracy": 0.7959183673469388,
      "eval_f1": 0.7916666666666667,
      "eval_matthews_correlation": 0.6083449942418495,
      "eval_precision": 0.7933333333333333,
      "eval_recall": 0.8154121863799283,
      "eval_auc": 0.89247311827957,
      "eval_auprc": 0.8275101703803975,
      "eval_runtime": 0.039,
      "eval_samples_per_second": 1256.724,
      "eval_steps_per_second": 102.59,
      "epoch": 8.0
    },
    {
      "eval_loss": 0.5934648513793945,
      "eval_accuracy": 0.7346938775510204,
      "eval_f1": 0.650958904109589,
      "eval_matthews_correlation": 0.4147806778921701,
      "eval_precision": 0.7857142857142857,
      "eval_recall": 0.6505376344086021,
      "eval_auc": 0.6953405017921147,
      "eval_auprc": 0.6667541412985627,
      "eval_runtime": 0.0402,
      "eval_samples_per_second": 1218.263,
      "eval_steps_per_second": 99.45,
      "epoch": 6.0
    },
    {
      "eval_loss": 0.6341612339019775,
      "eval_accuracy": 0.6530612244897959,
      "eval_f1": 0.44503664223850764,
      "eval_matthews_correlation": 0.18941919023591466,
      "eval_precision": 0.8229166666666667,
      "eval_recall": 0.5277777777777778,
      "eval_auc": 0.7741935483870968,
      "eval_auprc": 0.636519458442623,
      "eval_runtime": 0.039,
      "eval_samples_per_second": 1254.951,
      "eval_steps_per_second": 102.445,
      "epoch": 4.0
    },
    {
      "eval_loss": 0.5471226572990417,
      "eval_accuracy": 0.8163265306122449,
      "eval_f1": 0.7944055944055944,
      "eval_matthews_correlation": 0.6092848842499202,
      "eval_precision": 0.8285714285714285,
      "eval_recall": 0.7824561403508772,
      "eval_auc": 0.7947368421052631,
      "eval_auprc": 0.809073242130925,
      "eval_runtime": 0.0371,
      "eval_samples_per_second": 1320.039,
      "eval_steps_per_second": 107.758,
      "epoch": 6.0
    },
    {
      "eval_loss": 0.5886408090591431,
      "eval_accuracy": 0.7346938775510204,
      "eval_f1": 0.6816591704147927,
      "eval_matthews_correlation": 0.42843174040369036,
      "eval_precision": 0.7589743589743589,
      "eval_recall": 0.6771929824561403,
      "eval_auc": 0.7385964912280701,
      "eval_auprc": 0.6775519449318077,
      "eval_runtime": 0.0388,
      "eval_samples_per_second": 1263.857,
      "eval_steps_per_second": 103.172,
      "epoch": 5.0
    }
  ],
  "test_metrics": {
    "eval_loss": 0.5926552414894104,
    "eval_accuracy": 0.7063197026022305,
    "eval_f1": 0.6856360946745561,
    "eval_matthews_correlation": 0.4551189521327679,
    "eval_precision": 0.7598132020699231,
    "eval_recall": 0.699309791554283,
    "eval_auc": 0.7713598074608905,
    "eval_auprc": 0.8030896142797963,
    "eval_runtime": 0.3264,
    "eval_samples_per_second": 1648.131,
    "eval_steps_per_second": 104.157,
    "epoch": 5.0
  }
}