{
  "experiment": "cross_cell",
  "model_type": "lamar",
  "variant": "tapt_512",
  "pair_name": "NOLC1_train_K562_test_HepG2_fixlen_101",
  "pretrain_path": "/gpfs/bwfor/work/ws/fr_ml642-thesis_work/Thesis/LAMAR/src/pretrain/saving_model/tapt_lamar/checkpoint-98000/model.safetensors",
  "max_length": 1024,
  "n_folds": 5,
  "hyperparameters": {
    "learning_rate": 5e-05,
    "per_device_train_batch_size": 16,
    "weight_decay": 0.01,
    "warmup_ratio": 0.1,
    "num_train_epochs": 10,
    "gradient_accumulation_steps": 1,
    "early_stopping_patience": 3
  },
  "cv_metrics": {
    "epoch_mean": 7.0,
    "epoch_std": 2.5298221281347035,
    "eval_accuracy_mean": 0.6366666666666666,
    "eval_accuracy_std": 0.05452764334618624,
    "eval_auc_mean": 0.7258085157302807,
    "eval_auc_std": 0.01837299820048484,
    "eval_auprc_mean": 0.7055886387789592,
    "eval_auprc_std": 0.016642131840336073,
    "eval_f1_mean": 0.5720257352219694,
    "eval_f1_std": 0.21732972562821976,
    "eval_loss_mean": 0.6480868101119995,
    "eval_loss_std": 0.014309227876748931,
    "eval_matthews_correlation_mean": 0.2907664062646641,
    "eval_matthews_correlation_std": 0.08020098064680867,
    "eval_precision_mean": 0.6810222728835333,
    "eval_precision_std": 0.0700661985231507,
    "eval_recall_mean": 0.5898858684083714,
    "eval_recall_std": 0.25776532035116945,
    "eval_runtime_mean": 10.347179999999998,
    "eval_runtime_std": 0.007724610022519134,
    "eval_samples_per_second_mean": 46.7568,
    "eval_samples_per_second_std": 0.05135912771844896,
    "eval_steps_per_second_mean": 2.996,
    "eval_steps_per_second_std": 0.002097617696340326
  },
  "cv_fold_metrics": [
    {
      "eval_loss": 0.6286334991455078,
      "eval_accuracy": 0.6666666666666666,
      "eval_f1": 0.6761133603238866,
      "eval_precision": 0.6600790513833992,
      "eval_recall": 0.6929460580912863,
      "eval_auc": 0.7442316706887272,
      "eval_auprc": 0.7345663012259889,
      "eval_matthews_correlation": 0.3336002862423002,
      "eval_runtime": 10.3398,
      "eval_samples_per_second": 46.809,
      "eval_steps_per_second": 2.998,
      "epoch": 10.0
    },
    {
      "eval_loss": 0.6592513918876648,
      "eval_accuracy": 0.6395833333333333,
      "eval_f1": 0.6653771760154739,
      "eval_precision": 0.6231884057971014,
      "eval_recall": 0.7136929460580913,
      "eval_auc": 0.6924599385405996,
      "eval_auprc": 0.6841834921795187,
      "eval_matthews_correlation": 0.281731596820776,
      "eval_runtime": 10.3426,
      "eval_samples_per_second": 46.797,
      "eval_steps_per_second": 2.997,
      "epoch": 6.0
    },
    {
      "eval_loss": 0.6632202863693237,
      "eval_accuracy": 0.53125,
      "eval_f1": 0.13793103448275862,
      "eval_precision": 0.8181818181818182,
      "eval_recall": 0.07531380753138076,
      "eval_auc": 0.7251167554992275,
      "eval_auprc": 0.7084333002762098,
      "eval_matthews_correlation": 0.14038543501391965,
      "eval_runtime": 10.3619,
      "eval_samples_per_second": 46.71,
      "eval_steps_per_second": 2.992,
      "epoch": 4.0
    },
    {
      "eval_loss": 0.6330833435058594,
      "eval_accuracy": 0.6833333333333333,
      "eval_f1": 0.6996047430830039,
      "eval_precision": 0.6629213483146067,
      "eval_recall": 0.7405857740585774,
      "eval_auc": 0.7260716331880762,
      "eval_auprc": 0.696875292756362,
      "eval_matthews_correlation": 0.3694841910109469,
      "eval_runtime": 10.3447,
      "eval_samples_per_second": 46.787,
      "eval_steps_per_second": 2.997,
      "epoch": 5.0
    },
    {
      "eval_loss": 0.6562455296516418,
      "eval_accuracy": 0.6625,
      "eval_f1": 0.6811023622047244,
      "eval_precision": 0.6407407407407407,
      "eval_recall": 0.726890756302521,
      "eval_auc": 0.7411625807347733,
      "eval_auprc": 0.703884807456717,
      "eval_matthews_correlation": 0.3286305222353776,
      "eval_runtime": 10.3469,
      "eval_samples_per_second": 46.681,
      "eval_steps_per_second": 2.996,
      "epoch": 10.0
    }
  ],
  "test_metrics": {
    "eval_loss": 0.8395159840583801,
    "eval_accuracy": 0.5342741935483871,
    "eval_f1": 0.4820627802690583,
    "eval_precision": 0.5375,
    "eval_recall": 0.4369918699186992,
    "eval_auc": 0.5685447154471545,
    "eval_auprc": 0.5189821057400305,
    "eval_matthews_correlation": 0.06828083206966422,
    "eval_runtime": 21.4016,
    "eval_samples_per_second": 46.866,
    "eval_steps_per_second": 2.944,
    "epoch": 10.0
  }
}