{
  "experiment": "cross_cell",
  "model_type": "dnabert2",
  "variant": "pretrained",
  "pair_name": "CSTF2T_train_K562_test_HepG2_fixlen_101",
  "max_length": 128,
  "n_folds": 5,
  "hyperparameters": {
    "learning_rate": 5e-05,
    "per_device_train_batch_size": 16,
    "weight_decay": 0.01,
    "warmup_ratio": 0.1,
    "num_train_epochs": 10,
    "gradient_accumulation_steps": 1,
    "early_stopping_patience": 3
  },
  "cv_metrics": {
    "epoch_mean": 5.4,
    "epoch_std": 1.0198039027185568,
    "eval_accuracy_mean": 0.8520798106188705,
    "eval_accuracy_std": 0.004756699620566036,
    "eval_auc_mean": 0.9251935946098383,
    "eval_auc_std": 0.005267152761711508,
    "eval_auprc_mean": 0.9024276167929779,
    "eval_auprc_std": 0.009642215486044558,
    "eval_f1_mean": 0.8447221459275388,
    "eval_f1_std": 0.006416437184691536,
    "eval_loss_mean": 0.39491097927093505,
    "eval_loss_std": 0.036890226582458836,
    "eval_matthews_correlation_mean": 0.6932668879481474,
    "eval_matthews_correlation_std": 0.01117676056150205,
    "eval_precision_mean": 0.8502344977750994,
    "eval_precision_std": 0.008507261034260206,
    "eval_recall_mean": 0.8432608687367571,
    "eval_recall_std": 0.011102739857649981,
    "eval_runtime_mean": 2.28348,
    "eval_runtime_std": 0.0048527930102159975,
    "eval_samples_per_second_mean": 1294.9779999999998,
    "eval_samples_per_second_std": 2.7517649608932904,
    "eval_steps_per_second_mean": 81.01820000000001,
    "eval_steps_per_second_std": 0.17202488192119272
  },
  "cv_fold_metrics": [
    {
      "eval_loss": 0.40699708461761475,
      "eval_accuracy": 0.8515387216773758,
      "eval_f1": 0.8385741403612836,
      "eval_matthews_correlation": 0.6911254322739999,
      "eval_precision": 0.8641335681831406,
      "eval_recall": 0.8279389795887258,
      "eval_auc": 0.9293327273974482,
      "eval_auprc": 0.9063639881537906,
      "eval_runtime": 2.2877,
      "eval_samples_per_second": 1292.585,
      "eval_steps_per_second": 80.869,
      "epoch": 5.0
    },
    {
      "eval_loss": 0.4611196219921112,
      "eval_accuracy": 0.8451132904971255,
      "eval_f1": 0.8397081311397798,
      "eval_matthews_correlation": 0.6798488567317392,
      "eval_precision": 0.8379199796630277,
      "eval_recall": 0.8419407669090411,
      "eval_auc": 0.9190237191506228,
      "eval_auprc": 0.8884698101577791,
      "eval_runtime": 2.2886,
      "eval_samples_per_second": 1292.081,
      "eval_steps_per_second": 80.837,
      "epoch": 7.0
    },
    {
      "eval_loss": 0.35990580916404724,
      "eval_accuracy": 0.8539059857964153,
      "eval_f1": 0.8488464553065328,
      "eval_matthews_correlation": 0.698169061341665,
      "eval_precision": 0.8469452286843591,
      "eval_recall": 0.8512370238258563,
      "eval_auc": 0.9284886091675433,
      "eval_auprc": 0.9146342711719797,
      "eval_runtime": 2.2855,
      "eval_samples_per_second": 1293.83,
      "eval_steps_per_second": 80.946,
      "epoch": 6.0
    },
    {
      "eval_loss": 0.38076385855674744,
      "eval_accuracy": 0.8501859993236388,
      "eval_f1": 0.8411297287352374,
      "eval_matthews_correlation": 0.6851949846402785,
      "eval_precision": 0.8495435454198341,
      "eval_recall": 0.8357894696727184,
      "eval_auc": 0.9185673617780218,
      "eval_auprc": 0.8941532174412964,
      "eval_runtime": 2.2762,
      "eval_samples_per_second": 1299.119,
      "eval_steps_per_second": 81.277,
      "epoch": 4.0
    },
    {
      "eval_loss": 0.36576852202415466,
      "eval_accuracy": 0.8596550557997971,
      "eval_f1": 0.8553522740948607,
      "eval_matthews_correlation": 0.7119961047530541,
      "eval_precision": 0.8526301669251356,
      "eval_recall": 0.8593981036874438,
      "eval_auc": 0.9305555555555556,
      "eval_auprc": 0.9085167970400433,
      "eval_runtime": 2.2794,
      "eval_samples_per_second": 1297.275,
      "eval_steps_per_second": 81.162,
      "epoch": 5.0
    }
  ],
  "test_metrics": {
    "eval_loss": 0.2722003757953644,
    "eval_accuracy": 0.8832869896092492,
    "eval_f1": 0.8830577977515754,
    "eval_matthews_correlation": 0.7728543553059456,
    "eval_precision": 0.8843152251913806,
    "eval_recall": 0.8885507360643365,
    "eval_auc": 0.958672747576416,
    "eval_auprc": 0.9432535061365768,
    "eval_runtime": 28.3066,
    "eval_samples_per_second": 965.569,
    "eval_steps_per_second": 60.375,
    "epoch": 5.0
  }
}