{
  "experiment": "cross_cell",
  "model_type": "dnabert2",
  "variant": "pretrained",
  "pair_name": "ELAVL1_train_K562_test_HepG2_fixlen_101",
  "max_length": 128,
  "n_folds": 5,
  "hyperparameters": {
    "learning_rate": 5e-05,
    "per_device_train_batch_size": 16,
    "weight_decay": 0.01,
    "warmup_ratio": 0.1,
    "num_train_epochs": 10,
    "gradient_accumulation_steps": 1,
    "early_stopping_patience": 3
  },
  "cv_metrics": {
    "epoch_mean": 6.0,
    "epoch_std": 2.0,
    "eval_accuracy_mean": 0.9388235294117647,
    "eval_accuracy_std": 0.004223472898530763,
    "eval_auc_mean": 0.9792301433641528,
    "eval_auc_std": 0.0018722823552334501,
    "eval_auprc_mean": 0.9736584359737265,
    "eval_auprc_std": 0.0018120854319850573,
    "eval_f1_mean": 0.9381766362233739,
    "eval_f1_std": 0.004285587521844453,
    "eval_loss_mean": 0.2198975831270218,
    "eval_loss_std": 0.044859456042294917,
    "eval_matthews_correlation_mean": 0.8767709016770293,
    "eval_matthews_correlation_std": 0.008715178810697026,
    "eval_precision_mean": 0.9376556255443754,
    "eval_precision_std": 0.004246055870880187,
    "eval_recall_mean": 0.9391184234232945,
    "eval_recall_std": 0.004653385402154427,
    "eval_runtime_mean": 1.7769199999999998,
    "eval_runtime_std": 0.004700382963121226,
    "eval_samples_per_second_mean": 1339.4101999999998,
    "eval_samples_per_second_std": 3.550167849553082,
    "eval_steps_per_second_mean": 83.8538,
    "eval_steps_per_second_std": 0.22239550355166693
  },
  "cv_fold_metrics": [
    {
      "eval_loss": 0.3082081079483032,
      "eval_accuracy": 0.9365546218487395,
      "eval_f1": 0.9357336384814198,
      "eval_matthews_correlation": 0.8714757444898169,
      "eval_precision": 0.9359475314009351,
      "eval_recall": 0.9355283139197355,
      "eval_auc": 0.9765395988777957,
      "eval_auprc": 0.9755763377578619,
      "eval_runtime": 1.7752,
      "eval_samples_per_second": 1340.716,
      "eval_steps_per_second": 83.936,
      "epoch": 10.0
    },
    {
      "eval_loss": 0.1922617107629776,
      "eval_accuracy": 0.9432773109243697,
      "eval_f1": 0.9426994804431883,
      "eval_matthews_correlation": 0.8856111467466208,
      "eval_precision": 0.9418627829973425,
      "eval_recall": 0.9437503753549785,
      "eval_auc": 0.9809355418981951,
      "eval_auprc": 0.9713608156303885,
      "eval_runtime": 1.7731,
      "eval_samples_per_second": 1342.275,
      "eval_steps_per_second": 84.033,
      "epoch": 5.0
    },
    {
      "eval_loss": 0.19921018183231354,
      "eval_accuracy": 0.9394957983193277,
      "eval_f1": 0.9386831037170147,
      "eval_matthews_correlation": 0.8774002181871695,
      "eval_precision": 0.9391304472411343,
      "eval_recall": 0.9382701926679231,
      "eval_auc": 0.981188638398028,
      "eval_auprc": 0.9759988698155615,
      "eval_runtime": 1.7766,
      "eval_samples_per_second": 1339.645,
      "eval_steps_per_second": 83.869,
      "epoch": 5.0
    },
    {
      "eval_loss": 0.2115638256072998,
      "eval_accuracy": 0.9319327731092437,
      "eval_f1": 0.9313244359327308,
      "eval_matthews_correlation": 0.8631842599140276,
      "eval_precision": 0.9302163343364336,
      "eval_recall": 0.9329723252561708,
      "eval_auc": 0.977504439913175,
      "eval_auprc": 0.972852762033097,
      "eval_runtime": 1.7737,
      "eval_samples_per_second": 1341.863,
      "eval_steps_per_second": 84.007,
      "epoch": 5.0
    },
    {
      "eval_loss": 0.18824408948421478,
      "eval_accuracy": 0.9428571428571428,
      "eval_f1": 0.9424425225425155,
      "eval_matthews_correlation": 0.886183139047512,
      "eval_precision": 0.9411210317460317,
      "eval_recall": 0.9450709099176651,
      "eval_auc": 0.9799824977335708,
      "eval_auprc": 0.9725033946317236,
      "eval_runtime": 1.786,
      "eval_samples_per_second": 1332.552,
      "eval_steps_per_second": 83.424,
      "epoch": 5.0
    }
  ],
  "test_metrics": {
    "eval_loss": 0.2513922154903412,
    "eval_accuracy": 0.9256836101325281,
    "eval_f1": 0.9217655466550374,
    "eval_matthews_correlation": 0.8435517614660712,
    "eval_precision": 0.9224097905842676,
    "eval_recall": 0.9211429221895348,
    "eval_auc": 0.9666800929680655,
    "eval_auprc": 0.9541461809103599,
    "eval_runtime": 4.6633,
    "eval_samples_per_second": 1278.288,
    "eval_steps_per_second": 79.987,
    "epoch": 6.0
  }
}