{
  "experiment": "cross_length",
  "model_type": "lamar",
  "variant": "random",
  "pair_name": "METAP2_K562_ENCSR303OQD",
  "pretrain_path": "",
  "max_length": 1024,
  "n_folds": 5,
  "hyperparameters": {
    "learning_rate": 5e-05,
    "per_device_train_batch_size": 16,
    "weight_decay": 0.01,
    "warmup_ratio": 0.1,
    "num_train_epochs": 10,
    "gradient_accumulation_steps": 1,
    "early_stopping_patience": 3
  },
  "cv_metrics": {
    "epoch_mean": 6.6,
    "epoch_std": 2.33238075793812,
    "eval_accuracy_mean": 0.7682692307692308,
    "eval_accuracy_std": 0.025827646189544806,
    "eval_auc_mean": 0.8404256241597892,
    "eval_auc_std": 0.009052150488203433,
    "eval_auprc_mean": 0.7018053461240488,
    "eval_auprc_std": 0.015956317447394675,
    "eval_f1_mean": 0.6546799847465516,
    "eval_f1_std": 0.04030824285837349,
    "eval_loss_mean": 0.49814454317092893,
    "eval_loss_std": 0.031044596918759756,
    "eval_matthews_correlation_mean": 0.5002258422349799,
    "eval_matthews_correlation_std": 0.033146912105257595,
    "eval_precision_mean": 0.6421419127175767,
    "eval_precision_std": 0.07810985506815697,
    "eval_recall_mean": 0.7046166350015526,
    "eval_recall_std": 0.1402916242116954,
    "eval_runtime_mean": 8.91866,
    "eval_runtime_std": 0.004318147751061735,
    "eval_samples_per_second_mean": 47.07,
    "eval_samples_per_second_std": 0.051811195701316815,
    "eval_steps_per_second_mean": 3.0271999999999997,
    "eval_steps_per_second_std": 0.001326649916142161
  },
  "cv_fold_metrics": [
    {
      "eval_loss": 0.47690266370773315,
      "eval_accuracy": 0.7692307692307693,
      "eval_f1": 0.6666666666666666,
      "eval_precision": 0.6233766233766234,
      "eval_recall": 0.7164179104477612,
      "eval_auc": 0.8392876045305387,
      "eval_auprc": 0.7186100150343117,
      "eval_matthews_correlation": 0.4942758021507969,
      "eval_runtime": 8.9161,
      "eval_samples_per_second": 47.106,
      "eval_steps_per_second": 3.028,
      "epoch": 4.0
    },
    {
      "eval_loss": 0.5361250638961792,
      "eval_accuracy": 0.7620192307692307,
      "eval_f1": 0.7009063444108761,
      "eval_precision": 0.5829145728643216,
      "eval_recall": 0.8787878787878788,
      "eval_auc": 0.8561139564660691,
      "eval_auprc": 0.6849347566925306,
      "eval_matthews_correlation": 0.546491218274525,
      "eval_runtime": 8.9255,
      "eval_samples_per_second": 47.056,
      "eval_steps_per_second": 3.025,
      "epoch": 4.0
    },
    {
      "eval_loss": 0.48469799757003784,
      "eval_accuracy": 0.7884615384615384,
      "eval_f1": 0.580952380952381,
      "eval_precision": 0.7625,
      "eval_recall": 0.46923076923076923,
      "eval_auc": 0.840263582571275,
      "eval_auprc": 0.7161656699896605,
      "eval_matthews_correlation": 0.47372522037103365,
      "eval_runtime": 8.9199,
      "eval_samples_per_second": 47.086,
      "eval_steps_per_second": 3.027,
      "epoch": 8.0
    },
    {
      "eval_loss": 0.5335043668746948,
      "eval_accuracy": 0.7235576923076923,
      "eval_f1": 0.6504559270516717,
      "eval_precision": 0.5459183673469388,
      "eval_recall": 0.8045112781954887,
      "eval_auc": 0.8278115784160046,
      "eval_auprc": 0.7087581934313762,
      "eval_matthews_correlation": 0.4578220431732415,
      "eval_runtime": 8.9125,
      "eval_samples_per_second": 47.125,
      "eval_steps_per_second": 3.029,
      "epoch": 7.0
    },
    {
      "eval_loss": 0.45949262380599976,
      "eval_accuracy": 0.7980769230769231,
      "eval_f1": 0.6744186046511629,
      "eval_precision": 0.696,
      "eval_recall": 0.6541353383458647,
      "eval_auc": 0.8386513988150588,
      "eval_auprc": 0.6805580954723649,
      "eval_matthews_correlation": 0.5288149272053023,
      "eval_runtime": 8.9193,
      "eval_samples_per_second": 46.977,
      "eval_steps_per_second": 3.027,
      "epoch": 10.0
    }
  ],
  "test_metrics": {
    "eval_loss": 0.6853750348091125,
    "eval_accuracy": 0.716743119266055,
    "eval_f1": 0.619707467282525,
    "eval_precision": 0.8500527983104541,
    "eval_recall": 0.4875832828588734,
    "eval_auc": 0.839397247573022,
    "eval_auprc": 0.7984806924557998,
    "eval_matthews_correlation": 0.46061138917776295,
    "eval_runtime": 74.9245,
    "eval_samples_per_second": 46.687,
    "eval_steps_per_second": 2.923,
    "epoch": 8.0
  }
}