{
  "experiment": "cross_length",
  "model_type": "lamar",
  "variant": "random",
  "pair_name": "SUPV3L1_HepG2_ENCSR580MFX",
  "pretrain_path": "",
  "max_length": 1024,
  "n_folds": 5,
  "hyperparameters": {
    "learning_rate": 5e-05,
    "per_device_train_batch_size": 16,
    "weight_decay": 0.01,
    "warmup_ratio": 0.1,
    "num_train_epochs": 10,
    "gradient_accumulation_steps": 1,
    "early_stopping_patience": 3
  },
  "cv_metrics": {
    "epoch_mean": 4.4,
    "epoch_std": 0.7999999999999999,
    "eval_accuracy_mean": 0.6375,
    "eval_accuracy_std": 0.07288689868556626,
    "eval_auc_mean": 0.8392063492063491,
    "eval_auc_std": 0.05509468704136948,
    "eval_auprc_mean": 0.8554810004810005,
    "eval_auprc_std": 0.07020321049921759,
    "eval_f1_mean": 0.5824314574314574,
    "eval_f1_std": 0.12248449637852625,
    "eval_loss_mean": 0.6781328558921814,
    "eval_loss_std": 0.12750169193847566,
    "eval_matthews_correlation_mean": 0.315846715973766,
    "eval_matthews_correlation_std": 0.07152581104455653,
    "eval_precision_mean": 0.6711111111111111,
    "eval_precision_std": 0.18075288362366893,
    "eval_recall_mean": 0.6444444444444445,
    "eval_recall_std": 0.28862712717919253,
    "eval_runtime_mean": 0.28103999999999996,
    "eval_runtime_std": 0.00035552777669262744,
    "eval_samples_per_second_mean": 82.549,
    "eval_samples_per_second_std": 1.4423256220424021,
    "eval_steps_per_second_mean": 7.1164000000000005,
    "eval_steps_per_second_std": 0.009457272334029519
  },
  "cv_fold_metrics": [
    {
      "eval_loss": 0.5657231211662292,
      "eval_accuracy": 0.6875,
      "eval_f1": 0.761904761904762,
      "eval_precision": 0.6666666666666666,
      "eval_recall": 0.8888888888888888,
      "eval_auc": 0.8571428571428571,
      "eval_auprc": 0.9161255411255411,
      "eval_matthews_correlation": 0.363696483726654,
      "eval_runtime": 0.2809,
      "eval_samples_per_second": 85.426,
      "eval_steps_per_second": 7.119,
      "epoch": 4.0
    },
    {
      "eval_loss": 0.5775313377380371,
      "eval_accuracy": 0.625,
      "eval_f1": 0.6250000000000001,
      "eval_precision": 0.5555555555555556,
      "eval_recall": 0.7142857142857143,
      "eval_auc": 0.7936507936507936,
      "eval_auprc": 0.8571428571428572,
      "eval_matthews_correlation": 0.2698412698412698,
      "eval_runtime": 0.2817,
      "eval_samples_per_second": 81.642,
      "eval_steps_per_second": 7.099,
      "epoch": 6.0
    },
    {
      "eval_loss": 0.7486839294433594,
      "eval_accuracy": 0.6875,
      "eval_f1": 0.4444444444444445,
      "eval_precision": 1.0,
      "eval_recall": 0.2857142857142857,
      "eval_auc": 0.9365079365079365,
      "eval_auprc": 0.9325396825396826,
      "eval_matthews_correlation": 0.42857142857142855,
      "eval_runtime": 0.2808,
      "eval_samples_per_second": 81.909,
      "eval_steps_per_second": 7.123,
      "epoch": 4.0
    },
    {
      "eval_loss": 0.8966753482818604,
      "eval_accuracy": 0.5,
      "eval_f1": 0.6363636363636364,
      "eval_precision": 0.4666666666666667,
      "eval_recall": 1.0,
      "eval_auc": 0.8253968253968254,
      "eval_auprc": 0.8373376623376624,
      "eval_matthews_correlation": 0.2277100170213244,
      "eval_runtime": 0.2807,
      "eval_samples_per_second": 81.946,
      "eval_steps_per_second": 7.126,
      "epoch": 4.0
    },
    {
      "eval_loss": 0.6020505428314209,
      "eval_accuracy": 0.6875,
      "eval_f1": 0.4444444444444444,
      "eval_precision": 0.6666666666666666,
      "eval_recall": 0.3333333333333333,
      "eval_auc": 0.7833333333333333,
      "eval_auprc": 0.7342592592592592,
      "eval_matthews_correlation": 0.28941438070815306,
      "eval_runtime": 0.2811,
      "eval_samples_per_second": 81.822,
      "eval_steps_per_second": 7.115,
      "epoch": 4.0
    }
  ],
  "test_metrics": {
    "eval_loss": 1.1600754261016846,
    "eval_accuracy": 0.5059523809523809,
    "eval_f1": 0.023529411764705882,
    "eval_precision": 0.5,
    "eval_recall": 0.012048192771084338,
    "eval_auc": 0.824698795180723,
    "eval_auprc": 0.8034103927817751,
    "eval_matthews_correlation": 0.0013068099868593745,
    "eval_runtime": 5.784,
    "eval_samples_per_second": 59.82,
    "eval_steps_per_second": 3.804,
    "epoch": 4.0
  }
}