{
  "experiment": "cross_cell",
  "model_type": "dnabert2",
  "variant": "tapt_v3",
  "pair_name": "FTO_train_K562_test_HepG2_fixlen_101",
  "max_length": 128,
  "n_folds": 5,
  "hyperparameters": {
    "learning_rate": 5e-05,
    "per_device_train_batch_size": 16,
    "weight_decay": 0.01,
    "warmup_ratio": 0.1,
    "num_train_epochs": 10,
    "gradient_accumulation_steps": 1,
    "early_stopping_patience": 3
  },
  "cv_metrics": {
    "epoch_mean": 5.8,
    "epoch_std": 0.7483314773547882,
    "eval_accuracy_mean": 0.864406779661017,
    "eval_accuracy_std": 0.013894170530114719,
    "eval_auc_mean": 0.9408664459161148,
    "eval_auc_std": 0.00522807200815093,
    "eval_auprc_mean": 0.9358059187675511,
    "eval_auprc_std": 0.01365321935338247,
    "eval_f1_mean": 0.8639238098467743,
    "eval_f1_std": 0.01404625295312051,
    "eval_loss_mean": 0.35057410001754763,
    "eval_loss_std": 0.036366129240357994,
    "eval_matthews_correlation_mean": 0.7318473844755613,
    "eval_matthews_correlation_std": 0.026151151161218307,
    "eval_precision_mean": 0.8678282886870299,
    "eval_precision_std": 0.012627787324858213,
    "eval_recall_mean": 0.864040654893304,
    "eval_recall_std": 0.013819660234217396,
    "eval_runtime_mean": 0.25956,
    "eval_runtime_std": 0.009339507481660897,
    "eval_samples_per_second_mean": 1137.9080000000001,
    "eval_samples_per_second_std": 39.64381593641055,
    "eval_steps_per_second_mean": 73.2892,
    "eval_steps_per_second_std": 2.553262336697897
  },
  "cv_fold_metrics": [
    {
      "eval_loss": 0.32510989904403687,
      "eval_accuracy": 0.888135593220339,
      "eval_f1": 0.8880892986469553,
      "eval_matthews_correlation": 0.7761990233418429,
      "eval_precision": 0.8880459770114942,
      "eval_recall": 0.8881530537159676,
      "eval_auc": 0.9456861662987491,
      "eval_auprc": 0.9439548488300307,
      "eval_runtime": 0.2567,
      "eval_samples_per_second": 1148.98,
      "eval_steps_per_second": 74.002,
      "epoch": 6.0
    },
    {
      "eval_loss": 0.30638667941093445,
      "eval_accuracy": 0.847457627118644,
      "eval_f1": 0.8472821397756687,
      "eval_matthews_correlation": 0.7002223920953611,
      "eval_precision": 0.8514879021043849,
      "eval_recall": 0.8487398822663723,
      "eval_auc": 0.9475257542310522,
      "eval_auprc": 0.9431542708953016,
      "eval_runtime": 0.2544,
      "eval_samples_per_second": 1159.544,
      "eval_steps_per_second": 74.683,
      "epoch": 5.0
    },
    {
      "eval_loss": 0.3529791235923767,
      "eval_accuracy": 0.8677966101694915,
      "eval_f1": 0.8677418984009473,
      "eval_matthews_correlation": 0.7355037546417522,
      "eval_precision": 0.8677011494252873,
      "eval_recall": 0.8678026122148639,
      "eval_auc": 0.9342807211184695,
      "eval_auprc": 0.9105621840155251,
      "eval_runtime": 0.2768,
      "eval_samples_per_second": 1065.721,
      "eval_steps_per_second": 68.64,
      "epoch": 6.0
    },
    {
      "eval_loss": 0.3546619415283203,
      "eval_accuracy": 0.8542372881355932,
      "eval_f1": 0.8534220773968408,
      "eval_matthews_correlation": 0.711314181330537,
      "eval_precision": 0.8583870365181657,
      "eval_recall": 0.8529479396615158,
      "eval_auc": 0.9357983811626196,
      "eval_auprc": 0.9327134109202916,
      "eval_runtime": 0.2494,
      "eval_samples_per_second": 1182.918,
      "eval_steps_per_second": 76.188,
      "epoch": 5.0
    },
    {
      "eval_loss": 0.4137328565120697,
      "eval_accuracy": 0.864406779661017,
      "eval_f1": 0.8630836350134595,
      "eval_matthews_correlation": 0.7359975709683134,
      "eval_precision": 0.8735193783758173,
      "eval_recall": 0.8625597866077999,
      "eval_auc": 0.9410412067696837,
      "eval_auprc": 0.9486448791766062,
      "eval_runtime": 0.2605,
      "eval_samples_per_second": 1132.377,
      "eval_steps_per_second": 72.933,
      "epoch": 7.0
    }
  ],
  "test_metrics": {
    "eval_loss": 0.5795766115188599,
    "eval_accuracy": 0.8111533586818758,
    "eval_f1": 0.8026258132214061,
    "eval_matthews_correlation": 0.6531357493308654,
    "eval_precision": 0.8513729056108759,
    "eval_recall": 0.8035139450439082,
    "eval_auc": 0.9391143673868817,
    "eval_auprc": 0.9274046879358528,
    "eval_runtime": 0.6873,
    "eval_samples_per_second": 1147.958,
    "eval_steps_per_second": 72.748,
    "epoch": 6.0
  }
}