{
  "experiment": "cross_cell",
  "model_type": "lamar",
  "variant": "pretrained",
  "pair_name": "SRSF7_train_K562_test_HepG2_fixlen_101",
  "pretrain_path": "/gpfs/bwfor/work/ws/fr_ml642-thesis_work/Thesis/LAMAR/weights",
  "max_length": 1024,
  "n_folds": 5,
  "hyperparameters": {
    "learning_rate": 5e-05,
    "per_device_train_batch_size": 16,
    "weight_decay": 0.01,
    "warmup_ratio": 0.1,
    "num_train_epochs": 10,
    "gradient_accumulation_steps": 1,
    "early_stopping_patience": 3
  },
  "cv_metrics": {
    "epoch_mean": 9.0,
    "epoch_std": 1.2649110640673518,
    "eval_accuracy_mean": 0.7444444444444444,
    "eval_accuracy_std": 0.09980691235123157,
    "eval_auc_mean": 0.826872913912678,
    "eval_auc_std": 0.0872427280898775,
    "eval_auprc_mean": 0.8192607941544352,
    "eval_auprc_std": 0.08503532741340362,
    "eval_f1_mean": 0.7478039435086121,
    "eval_f1_std": 0.08984298886326274,
    "eval_loss_mean": 0.5644789695739746,
    "eval_loss_std": 0.17659157034057502,
    "eval_matthews_correlation_mean": 0.4916947750634565,
    "eval_matthews_correlation_std": 0.19790196026764656,
    "eval_precision_mean": 0.7239995776581143,
    "eval_precision_std": 0.10850529899726515,
    "eval_recall_mean": 0.7751942173072536,
    "eval_recall_std": 0.07199136331928828,
    "eval_runtime_mean": 2.4959599999999997,
    "eval_runtime_std": 0.00080149859638054,
    "eval_samples_per_second_mean": 63.302,
    "eval_samples_per_second_std": 0.02044504830026056,
    "eval_steps_per_second_mean": 4.006399999999999,
    "eval_steps_per_second_std": 0.00135646599662514
  },
  "cv_fold_metrics": [
    {
      "eval_loss": 0.6936137676239014,
      "eval_accuracy": 0.6666666666666666,
      "eval_f1": 0.6712328767123288,
      "eval_precision": 0.6363636363636364,
      "eval_recall": 0.7101449275362319,
      "eval_auc": 0.7775845410628021,
      "eval_auprc": 0.7447437110572421,
      "eval_matthews_correlation": 0.33733347961248233,
      "eval_runtime": 2.4974,
      "eval_samples_per_second": 63.265,
      "eval_steps_per_second": 4.004,
      "epoch": 8.0
    },
    {
      "eval_loss": 0.6347050666809082,
      "eval_accuracy": 0.7430555555555556,
      "eval_f1": 0.7448275862068966,
      "eval_precision": 0.7012987012987013,
      "eval_recall": 0.7941176470588235,
      "eval_auc": 0.7889899380804953,
      "eval_auprc": 0.7718150945984608,
      "eval_matthews_correlation": 0.4919145859562868,
      "eval_runtime": 2.4955,
      "eval_samples_per_second": 63.314,
      "eval_steps_per_second": 4.007,
      "epoch": 10.0
    },
    {
      "eval_loss": 0.780774712562561,
      "eval_accuracy": 0.6041666666666666,
      "eval_f1": 0.6274509803921567,
      "eval_precision": 0.5853658536585366,
      "eval_recall": 0.676056338028169,
      "eval_auc": 0.7107852595022188,
      "eval_auprc": 0.7353194332451318,
      "eval_matthews_correlation": 0.21234064028471053,
      "eval_runtime": 2.4962,
      "eval_samples_per_second": 63.296,
      "eval_steps_per_second": 4.006,
      "epoch": 10.0
    },
    {
      "eval_loss": 0.38059166073799133,
      "eval_accuracy": 0.8541666666666666,
      "eval_f1": 0.851063829787234,
      "eval_precision": 0.8333333333333334,
      "eval_recall": 0.8695652173913043,
      "eval_auc": 0.9230917874396134,
      "eval_auprc": 0.9149075862541418,
      "eval_matthews_correlation": 0.7089490077940541,
      "eval_runtime": 2.4951,
      "eval_samples_per_second": 63.323,
      "eval_steps_per_second": 4.008,
      "epoch": 10.0
    },
    {
      "eval_loss": 0.3327096402645111,
      "eval_accuracy": 0.8541666666666666,
      "eval_f1": 0.8444444444444444,
      "eval_precision": 0.8636363636363636,
      "eval_recall": 0.8260869565217391,
      "eval_auc": 0.933913043478261,
      "eval_auprc": 0.9295181456171997,
      "eval_matthews_correlation": 0.7079361616697484,
      "eval_runtime": 2.4956,
      "eval_samples_per_second": 63.312,
      "eval_steps_per_second": 4.007,
      "epoch": 7.0
    }
  ],
  "test_metrics": {
    "eval_loss": 0.5074926018714905,
    "eval_accuracy": 0.760670731707317,
    "eval_f1": 0.7708029197080292,
    "eval_precision": 0.704,
    "eval_recall": 0.8516129032258064,
    "eval_auc": 0.8396886071228791,
    "eval_auprc": 0.7626897433854423,
    "eval_matthews_correlation": 0.5355302493084684,
    "eval_runtime": 11.3453,
    "eval_samples_per_second": 58.174,
    "eval_steps_per_second": 3.702,
    "epoch": 4.0
  }
}