{
  "experiment": "cross_length",
  "model_type": "lamar",
  "variant": "random",
  "pair_name": "SRSF1_K562_ENCSR321PWZ",
  "pretrain_path": "",
  "max_length": 1024,
  "n_folds": 5,
  "hyperparameters": {
    "learning_rate": 5e-05,
    "per_device_train_batch_size": 16,
    "weight_decay": 0.01,
    "warmup_ratio": 0.1,
    "num_train_epochs": 10,
    "gradient_accumulation_steps": 1,
    "early_stopping_patience": 3
  },
  "cv_metrics": {
    "epoch_mean": 9.0,
    "epoch_std": 1.0954451150103321,
    "eval_accuracy_mean": 0.8279166666666666,
    "eval_accuracy_std": 0.010913167378090666,
    "eval_auc_mean": 0.8926513613735423,
    "eval_auc_std": 0.010192156009478124,
    "eval_auprc_mean": 0.7977198842870437,
    "eval_auprc_std": 0.01779992999088649,
    "eval_f1_mean": 0.694044317116301,
    "eval_f1_std": 0.0329715116865973,
    "eval_loss_mean": 0.39590315222740174,
    "eval_loss_std": 0.025574961480601476,
    "eval_matthews_correlation_mean": 0.5864301379051916,
    "eval_matthews_correlation_std": 0.01620557801020045,
    "eval_precision_mean": 0.7525644793459197,
    "eval_precision_std": 0.07379022199708148,
    "eval_recall_mean": 0.6627233877233877,
    "eval_recall_std": 0.09880102910453603,
    "eval_runtime_mean": 10.31772,
    "eval_runtime_std": 0.009913909420607379,
    "eval_samples_per_second_mean": 46.5996,
    "eval_samples_per_second_std": 0.0460156495118778,
    "eval_steps_per_second_mean": 2.9850000000000003,
    "eval_steps_per_second_std": 0.03759787228022343
  },
  "cv_fold_metrics": [
    {
      "eval_loss": 0.38204634189605713,
      "eval_accuracy": 0.83125,
      "eval_f1": 0.6988847583643123,
      "eval_precision": 0.746031746031746,
      "eval_recall": 0.6573426573426573,
      "eval_auc": 0.8927393081695754,
      "eval_auprc": 0.8029447787006745,
      "eval_matthews_correlation": 0.5845631952330258,
      "eval_runtime": 10.3253,
      "eval_samples_per_second": 46.584,
      "eval_steps_per_second": 3.002,
      "epoch": 10.0
    },
    {
      "eval_loss": 0.3544095456600189,
      "eval_accuracy": 0.8416666666666667,
      "eval_f1": 0.7266187050359711,
      "eval_precision": 0.7481481481481481,
      "eval_recall": 0.7062937062937062,
      "eval_auc": 0.9057707870764251,
      "eval_auprc": 0.8304531857201066,
      "eval_matthews_correlation": 0.6158167023269494,
      "eval_runtime": 10.3051,
      "eval_samples_per_second": 46.676,
      "eval_steps_per_second": 3.008,
      "epoch": 9.0
    },
    {
      "eval_loss": 0.42839565873146057,
      "eval_accuracy": 0.8270833333333333,
      "eval_f1": 0.6311111111111111,
      "eval_precision": 0.8765432098765432,
      "eval_recall": 0.4930555555555556,
      "eval_auc": 0.8804770171957672,
      "eval_auprc": 0.7868893240079093,
      "eval_matthews_correlation": 0.5668632154367849,
      "eval_runtime": 10.3322,
      "eval_samples_per_second": 46.554,
      "eval_steps_per_second": 3.0,
      "epoch": 9.0
    },
    {
      "eval_loss": 0.40287914872169495,
      "eval_accuracy": 0.83125,
      "eval_f1": 0.7011070110701106,
      "eval_precision": 0.7480314960629921,
      "eval_recall": 0.6597222222222222,
      "eval_auc": 0.8821717923280425,
      "eval_auprc": 0.7844421192587478,
      "eval_matthews_correlation": 0.5864262548758536,
      "eval_runtime": 10.3162,
      "eval_samples_per_second": 46.626,
      "eval_steps_per_second": 3.005,
      "epoch": 10.0
    },
    {
      "eval_loss": 0.4117850661277771,
      "eval_accuracy": 0.8083333333333333,
      "eval_f1": 0.7124999999999999,
      "eval_precision": 0.6440677966101694,
      "eval_recall": 0.7972027972027972,
      "eval_auc": 0.9020979020979021,
      "eval_auprc": 0.7838700137477804,
      "eval_matthews_correlation": 0.5784813216533444,
      "eval_runtime": 10.3098,
      "eval_samples_per_second": 46.558,
      "eval_steps_per_second": 2.91,
      "epoch": 7.0
    }
  ],
  "test_metrics": {
    "eval_loss": 0.6106693148612976,
    "eval_accuracy": 0.7457740213523132,
    "eval_f1": 0.6802797202797202,
    "eval_precision": 0.8397790055248618,
    "eval_recall": 0.5716972261401034,
    "eval_auc": 0.8473037468968695,
    "eval_auprc": 0.8408901981091073,
    "eval_matthews_correlation": 0.5062185379903088,
    "eval_runtime": 96.8627,
    "eval_samples_per_second": 46.488,
    "eval_steps_per_second": 2.911,
    "epoch": 7.0
  }
}