{
  "experiment": "cross_length",
  "model_type": "dnabert2",
  "variant": "tapt_v3",
  "pair_name": "AGGF1_K562_ENCSR725ARB",
  "max_length": 256,
  "n_folds": 5,
  "hyperparameters": {
    "learning_rate": 5e-05,
    "per_device_train_batch_size": 16,
    "weight_decay": 0.01,
    "warmup_ratio": 0.1,
    "num_train_epochs": 10,
    "gradient_accumulation_steps": 1,
    "early_stopping_patience": 3
  },
  "cv_metrics": {
    "epoch_mean": 6.4,
    "epoch_std": 0.7999999999999999,
    "eval_accuracy_mean": 0.8483164214215559,
    "eval_accuracy_std": 0.01008384236217114,
    "eval_auc_mean": 0.9019661451920508,
    "eval_auc_std": 0.01621591957503119,
    "eval_auprc_mean": 0.8835364707878812,
    "eval_auprc_std": 0.018462999944416497,
    "eval_f1_mean": 0.8313325645089507,
    "eval_f1_std": 0.010245809666760437,
    "eval_loss_mean": 0.43913785815238954,
    "eval_loss_std": 0.04439276516129898,
    "eval_matthews_correlation_mean": 0.6723211754981269,
    "eval_matthews_correlation_std": 0.022538427518542237,
    "eval_precision_mean": 0.8519707629254046,
    "eval_precision_std": 0.01728759835502928,
    "eval_recall_mean": 0.8212715768789126,
    "eval_recall_std": 0.010909795775260878,
    "eval_runtime_mean": 0.42952,
    "eval_runtime_std": 0.01088694631198299,
    "eval_samples_per_second_mean": 1907.4545999999998,
    "eval_samples_per_second_std": 47.41510389148164,
    "eval_steps_per_second_mean": 121.13819999999998,
    "eval_steps_per_second_std": 3.0299593000566847
  },
  "cv_fold_metrics": [
    {
      "eval_loss": 0.4531519114971161,
      "eval_accuracy": 0.8437118437118437,
      "eval_f1": 0.8328251578745933,
      "eval_matthews_correlation": 0.6656503157491868,
      "eval_precision": 0.8328251578745933,
      "eval_recall": 0.8328251578745933,
      "eval_auc": 0.9185175735153408,
      "eval_auprc": 0.9003424164545402,
      "eval_runtime": 0.4388,
      "eval_samples_per_second": 1866.543,
      "eval_steps_per_second": 118.511,
      "epoch": 7.0
    },
    {
      "eval_loss": 0.5065349340438843,
      "eval_accuracy": 0.8473748473748474,
      "eval_f1": 0.8284535094348475,
      "eval_matthews_correlation": 0.6691195807521538,
      "eval_precision": 0.8544946073305928,
      "eval_recall": 0.815745997320916,
      "eval_auc": 0.8966001148178862,
      "eval_auprc": 0.8741145457250136,
      "eval_runtime": 0.4195,
      "eval_samples_per_second": 1952.136,
      "eval_steps_per_second": 123.945,
      "epoch": 7.0
    },
    {
      "eval_loss": 0.42028406262397766,
      "eval_accuracy": 0.8327228327228328,
      "eval_f1": 0.8142940133764318,
      "eval_matthews_correlation": 0.6356469121754968,
      "eval_precision": 0.8314692495559503,
      "eval_recall": 0.804739427186324,
      "eval_auc": 0.8729348727435096,
      "eval_auprc": 0.8514913117089226,
      "eval_runtime": 0.4462,
      "eval_samples_per_second": 1835.355,
      "eval_steps_per_second": 116.53,
      "epoch": 5.0
    },
    {
      "eval_loss": 0.44529348611831665,
      "eval_accuracy": 0.8620268620268621,
      "eval_f1": 0.8457562853642886,
      "eval_matthews_correlation": 0.7009261821955672,
      "eval_precision": 0.8680828577467765,
      "eval_recall": 0.8336867654573327,
      "eval_auc": 0.9086548288196219,
      "eval_auprc": 0.8948131763589582,
      "eval_runtime": 0.4209,
      "eval_samples_per_second": 1945.975,
      "eval_steps_per_second": 123.554,
      "epoch": 7.0
    },
    {
      "eval_loss": 0.37042489647865295,
      "eval_accuracy": 0.8557457212713936,
      "eval_f1": 0.8353338564945921,
      "eval_matthews_correlation": 0.6902628866182298,
      "eval_precision": 0.8729819421191103,
      "eval_recall": 0.8193605365553963,
      "eval_auc": 0.9131233360638952,
      "eval_auprc": 0.896920903691972,
      "eval_runtime": 0.4222,
      "eval_samples_per_second": 1937.264,
      "eval_steps_per_second": 123.151,
      "epoch": 6.0
    }
  ],
  "test_metrics": {
    "eval_loss": 0.39081916213035583,
    "eval_accuracy": 0.8491369648060972,
    "eval_f1": 0.8480459480048146,
    "eval_matthews_correlation": 0.6972748384517987,
    "eval_precision": 0.8502028135031545,
    "eval_recall": 0.847079022206087,
    "eval_auc": 0.9182625400859201,
    "eval_auprc": 0.92871377998088,
    "eval_runtime": 2.6194,
    "eval_samples_per_second": 1703.082,
    "eval_steps_per_second": 106.514,
    "epoch": 6.0
  }
}