{
  "experiment": "cross_length",
  "model_type": "lamar",
  "variant": "random",
  "pair_name": "SERBP1_K562_ENCSR121GQH",
  "pretrain_path": "",
  "max_length": 1024,
  "n_folds": 5,
  "hyperparameters": {
    "learning_rate": 5e-05,
    "per_device_train_batch_size": 16,
    "weight_decay": 0.01,
    "warmup_ratio": 0.1,
    "num_train_epochs": 10,
    "gradient_accumulation_steps": 1,
    "early_stopping_patience": 3
  },
  "cv_metrics": {
    "epoch_mean": 4.6,
    "epoch_std": 1.2,
    "eval_accuracy_mean": 0.8125,
    "eval_accuracy_std": 0.07905694150420949,
    "eval_auc_mean": 0.9521212121212121,
    "eval_auc_std": 0.039284229516502324,
    "eval_auprc_mean": 0.9213492063492064,
    "eval_auprc_std": 0.06463475691500142,
    "eval_f1_mean": 0.7038112214582803,
    "eval_f1_std": 0.1463176823328245,
    "eval_loss_mean": 0.5261931598186493,
    "eval_loss_std": 0.25872529023528934,
    "eval_matthews_correlation_mean": 0.6008395315462026,
    "eval_matthews_correlation_std": 0.1806850602196358,
    "eval_precision_mean": 0.7376190476190476,
    "eval_precision_std": 0.1435728105437713,
    "eval_recall_mean": 0.7366666666666667,
    "eval_recall_std": 0.2530700386146974,
    "eval_runtime_mean": 0.34559999999999996,
    "eval_runtime_std": 0.0005796550698475884,
    "eval_samples_per_second_mean": 52.665,
    "eval_samples_per_second_std": 1.2447661627791797,
    "eval_steps_per_second_mean": 5.7874,
    "eval_steps_per_second_std": 0.009707728879609379
  },
  "cv_fold_metrics": [
    {
      "eval_loss": 0.5553665161132812,
      "eval_accuracy": 0.8125,
      "eval_f1": 0.7272727272727273,
      "eval_precision": 0.5714285714285714,
      "eval_recall": 1.0,
      "eval_auc": 1.0,
      "eval_auprc": 1.0,
      "eval_matthews_correlation": 0.6546536707079771,
      "eval_runtime": 0.3445,
      "eval_samples_per_second": 55.154,
      "eval_steps_per_second": 5.806,
      "epoch": 7.0
    },
    {
      "eval_loss": 0.26238322257995605,
      "eval_accuracy": 0.9375,
      "eval_f1": 0.8571428571428571,
      "eval_precision": 1.0,
      "eval_recall": 0.75,
      "eval_auc": 0.9166666666666667,
      "eval_auprc": 0.875,
      "eval_matthews_correlation": 0.8320502943378436,
      "eval_runtime": 0.3457,
      "eval_samples_per_second": 52.066,
      "eval_steps_per_second": 5.785,
      "epoch": 4.0
    },
    {
      "eval_loss": 0.36821427941322327,
      "eval_accuracy": 0.8125,
      "eval_f1": 0.6666666666666665,
      "eval_precision": 0.75,
      "eval_recall": 0.6,
      "eval_auc": 0.9272727272727272,
      "eval_auprc": 0.8761904761904762,
      "eval_matthews_correlation": 0.5449492609130661,
      "eval_runtime": 0.3459,
      "eval_samples_per_second": 52.035,
      "eval_steps_per_second": 5.782,
      "epoch": 4.0
    },
    {
      "eval_loss": 0.437705934047699,
      "eval_accuracy": 0.8125,
      "eval_f1": 0.8235294117647058,
      "eval_precision": 0.7,
      "eval_recall": 1.0,
      "eval_auc": 1.0,
      "eval_auprc": 1.0,
      "eval_matthews_correlation": 0.6831300510639732,
      "eval_runtime": 0.3462,
      "eval_samples_per_second": 51.999,
      "eval_steps_per_second": 5.778,
      "epoch": 4.0
    },
    {
      "eval_loss": 1.007295846939087,
      "eval_accuracy": 0.6875,
      "eval_f1": 0.4444444444444444,
      "eval_precision": 0.6666666666666666,
      "eval_recall": 0.3333333333333333,
      "eval_auc": 0.9166666666666667,
      "eval_auprc": 0.8555555555555556,
      "eval_matthews_correlation": 0.28941438070815306,
      "eval_runtime": 0.3457,
      "eval_samples_per_second": 52.071,
      "eval_steps_per_second": 5.786,
      "epoch": 4.0
    }
  ],
  "test_metrics": {
    "eval_loss": 0.49081864953041077,
    "eval_accuracy": 0.8125,
    "eval_f1": 0.7874015748031497,
    "eval_precision": 0.8928571428571429,
    "eval_recall": 0.704225352112676,
    "eval_auc": 0.9303492185992668,
    "eval_auprc": 0.9377858619973525,
    "eval_matthews_correlation": 0.6379242021677215,
    "eval_runtime": 3.0946,
    "eval_samples_per_second": 51.38,
    "eval_steps_per_second": 3.231,
    "epoch": 5.0
  }
}