{
  "experiment": "cross_cell",
  "model_type": "lamar",
  "variant": "pretrained",
  "pair_name": "FASTKD2_train_K562_test_HepG2_fixlen_101",
  "pretrain_path": "/gpfs/bwfor/work/ws/fr_ml642-thesis_work/Thesis/LAMAR/weights",
  "max_length": 1024,
  "n_folds": 5,
  "hyperparameters": {
    "learning_rate": 5e-05,
    "per_device_train_batch_size": 16,
    "weight_decay": 0.01,
    "warmup_ratio": 0.1,
    "num_train_epochs": 10,
    "gradient_accumulation_steps": 1,
    "early_stopping_patience": 3
  },
  "cv_metrics": {
    "epoch_mean": 6.8,
    "epoch_std": 2.4,
    "eval_accuracy_mean": 0.8875,
    "eval_accuracy_std": 0.027099354235848517,
    "eval_auc_mean": 0.9278181126205423,
    "eval_auc_std": 0.013853167306315944,
    "eval_auprc_mean": 0.9327822259726599,
    "eval_auprc_std": 0.021306450525627078,
    "eval_f1_mean": 0.8689894614638994,
    "eval_f1_std": 0.030849271779119024,
    "eval_loss_mean": 0.3519252955913544,
    "eval_loss_std": 0.0799159040573575,
    "eval_matthews_correlation_mean": 0.7721053317293733,
    "eval_matthews_correlation_std": 0.05439581501117478,
    "eval_precision_mean": 0.8978754578754579,
    "eval_precision_std": 0.029645255474491462,
    "eval_recall_mean": 0.8423389355742298,
    "eval_recall_std": 0.03686465124858843,
    "eval_runtime_mean": 2.7636600000000002,
    "eval_runtime_std": 0.0017118411141223608,
    "eval_samples_per_second_mean": 61.658,
    "eval_samples_per_second_std": 0.1614112759382084,
    "eval_steps_per_second_mean": 3.9802,
    "eval_steps_per_second_std": 0.002481934729198213
  },
  "cv_fold_metrics": [
    {
      "eval_loss": 0.37255099415779114,
      "eval_accuracy": 0.875,
      "eval_f1": 0.8591549295774648,
      "eval_precision": 0.8714285714285714,
      "eval_recall": 0.8472222222222222,
      "eval_auc": 0.9234532828282828,
      "eval_auprc": 0.9272570430040722,
      "eval_matthews_correlation": 0.7470748901242932,
      "eval_runtime": 2.7659,
      "eval_samples_per_second": 61.825,
      "eval_steps_per_second": 3.977,
      "epoch": 4.0
    },
    {
      "eval_loss": 0.22003114223480225,
      "eval_accuracy": 0.925,
      "eval_f1": 0.9117647058823529,
      "eval_precision": 0.9393939393939394,
      "eval_recall": 0.8857142857142857,
      "eval_auc": 0.9482539682539682,
      "eval_auprc": 0.9632115270423319,
      "eval_matthews_correlation": 0.8477537124567662,
      "eval_runtime": 2.7635,
      "eval_samples_per_second": 61.878,
      "eval_steps_per_second": 3.98,
      "epoch": 4.0
    },
    {
      "eval_loss": 0.349623441696167,
      "eval_accuracy": 0.89375,
      "eval_f1": 0.8759124087591241,
      "eval_precision": 0.9230769230769231,
      "eval_recall": 0.8333333333333334,
      "eval_auc": 0.9166666666666667,
      "eval_auprc": 0.9167419912165564,
      "eval_matthews_correlation": 0.7865730051185986,
      "eval_runtime": 2.7653,
      "eval_samples_per_second": 61.477,
      "eval_steps_per_second": 3.978,
      "epoch": 8.0
    },
    {
      "eval_loss": 0.47058477997779846,
      "eval_accuracy": 0.84375,
      "eval_f1": 0.8175182481751826,
      "eval_precision": 0.8615384615384616,
      "eval_recall": 0.7777777777777778,
      "eval_auc": 0.9114583333333334,
      "eval_auprc": 0.905802769863183,
      "eval_matthews_correlation": 0.6842545654283744,
      "eval_runtime": 2.7618,
      "eval_samples_per_second": 61.555,
      "eval_steps_per_second": 3.983,
      "epoch": 8.0
    },
    {
      "eval_loss": 0.346836119890213,
      "eval_accuracy": 0.9,
      "eval_f1": 0.8805970149253731,
      "eval_precision": 0.8939393939393939,
      "eval_recall": 0.8676470588235294,
      "eval_auc": 0.9392583120204603,
      "eval_auprc": 0.9508977987371561,
      "eval_matthews_correlation": 0.7948704855188339,
      "eval_runtime": 2.7618,
      "eval_samples_per_second": 61.555,
      "eval_steps_per_second": 3.983,
      "epoch": 10.0
    }
  ],
  "test_metrics": {
    "eval_loss": 0.6239677667617798,
    "eval_accuracy": 0.7754120879120879,
    "eval_f1": 0.707774798927614,
    "eval_precision": 0.9124423963133641,
    "eval_recall": 0.5781021897810219,
    "eval_auc": 0.8540325863652286,
    "eval_auprc": 0.8630144343359767,
    "eval_matthews_correlation": 0.5770406103964574,
    "eval_runtime": 25.0802,
    "eval_samples_per_second": 58.572,
    "eval_steps_per_second": 3.668,
    "epoch": 8.0
  }
}