{
  "experiment": "cross_cell",
  "model_type": "lamar",
  "variant": "pretrained",
  "pair_name": "HNRNPUL1_train_K562_test_HepG2_fixlen_101",
  "pretrain_path": "/gpfs/bwfor/work/ws/fr_ml642-thesis_work/Thesis/LAMAR/weights",
  "max_length": 1024,
  "n_folds": 5,
  "hyperparameters": {
    "learning_rate": 5e-05,
    "per_device_train_batch_size": 16,
    "weight_decay": 0.01,
    "warmup_ratio": 0.1,
    "num_train_epochs": 10,
    "gradient_accumulation_steps": 1,
    "early_stopping_patience": 3
  },
  "cv_metrics": {
    "epoch_mean": 7.4,
    "epoch_std": 2.1540659228538015,
    "eval_accuracy_mean": 0.7583333333333333,
    "eval_accuracy_std": 0.04289845892077918,
    "eval_auc_mean": 0.8573021911663214,
    "eval_auc_std": 0.029480503517033747,
    "eval_auprc_mean": 0.8646630075139982,
    "eval_auprc_std": 0.04461627790904851,
    "eval_f1_mean": 0.7607215299913068,
    "eval_f1_std": 0.05088833133083692,
    "eval_loss_mean": 0.5570301055908203,
    "eval_loss_std": 0.07365613844644729,
    "eval_matthews_correlation_mean": 0.5350394883863686,
    "eval_matthews_correlation_std": 0.08028663199070203,
    "eval_precision_mean": 0.7398048116314371,
    "eval_precision_std": 0.08931995196112648,
    "eval_recall_mean": 0.8059109730848861,
    "eval_recall_std": 0.1217558561628957,
    "eval_runtime_mean": 0.83162,
    "eval_runtime_std": 0.0004955804677345628,
    "eval_samples_per_second_mean": 69.7432,
    "eval_samples_per_second_std": 0.040375239937367094,
    "eval_steps_per_second_mean": 4.8100000000000005,
    "eval_steps_per_second_std": 0.002828427124746255
  },
  "cv_fold_metrics": [
    {
      "eval_loss": 0.5150229334831238,
      "eval_accuracy": 0.7708333333333334,
      "eval_f1": 0.7843137254901961,
      "eval_precision": 0.7692307692307693,
      "eval_recall": 0.8,
      "eval_auc": 0.8852173913043477,
      "eval_auprc": 0.918864167995747,
      "eval_matthews_correlation": 0.5405423894522708,
      "eval_runtime": 0.832,
      "eval_samples_per_second": 69.713,
      "eval_steps_per_second": 4.808,
      "epoch": 9.0
    },
    {
      "eval_loss": 0.45596814155578613,
      "eval_accuracy": 0.8333333333333334,
      "eval_f1": 0.8095238095238095,
      "eval_precision": 0.8947368421052632,
      "eval_recall": 0.7391304347826086,
      "eval_auc": 0.893913043478261,
      "eval_auprc": 0.9086446775172909,
      "eval_matthews_correlation": 0.6733323619579761,
      "eval_runtime": 0.8313,
      "eval_samples_per_second": 69.768,
      "eval_steps_per_second": 4.812,
      "epoch": 6.0
    },
    {
      "eval_loss": 0.6579767465591431,
      "eval_accuracy": 0.7083333333333334,
      "eval_f1": 0.75,
      "eval_precision": 0.6363636363636364,
      "eval_recall": 0.9130434782608695,
      "eval_auc": 0.8226086956521739,
      "eval_auprc": 0.8121758625048854,
      "eval_matthews_correlation": 0.46672689240589266,
      "eval_runtime": 0.8316,
      "eval_samples_per_second": 69.744,
      "eval_steps_per_second": 4.81,
      "epoch": 10.0
    },
    {
      "eval_loss": 0.623205840587616,
      "eval_accuracy": 0.7291666666666666,
      "eval_f1": 0.6666666666666666,
      "eval_precision": 0.7222222222222222,
      "eval_recall": 0.6190476190476191,
      "eval_auc": 0.8253968253968254,
      "eval_auprc": 0.8164975824302085,
      "eval_matthews_correlation": 0.4445766998987762,
      "eval_runtime": 0.8323,
      "eval_samples_per_second": 69.688,
      "eval_steps_per_second": 4.806,
      "epoch": 4.0
    },
    {
      "eval_loss": 0.5329768657684326,
      "eval_accuracy": 0.75,
      "eval_f1": 0.7931034482758621,
      "eval_precision": 0.6764705882352942,
      "eval_recall": 0.9583333333333334,
      "eval_auc": 0.859375,
      "eval_auprc": 0.8671327471218584,
      "eval_matthews_correlation": 0.5500190982169267,
      "eval_runtime": 0.8309,
      "eval_samples_per_second": 69.803,
      "eval_steps_per_second": 4.814,
      "epoch": 8.0
    }
  ],
  "test_metrics": {
    "eval_loss": 0.6760684251785278,
    "eval_accuracy": 0.6611111111111111,
    "eval_f1": 0.7393162393162394,
    "eval_precision": 0.5975820379965457,
    "eval_recall": 0.969187675070028,
    "eval_auc": 0.8876696684183316,
    "eval_auprc": 0.8727288566084973,
    "eval_matthews_correlation": 0.41238578857031105,
    "eval_runtime": 12.3878,
    "eval_samples_per_second": 58.203,
    "eval_steps_per_second": 3.713,
    "epoch": 5.0
  }
}