{
  "experiment": "rbp",
  "model_type": "dnabert2",
  "variant": "dnabert2_pretrained",
  "rbp_name": "PTBP1_HepG2_IDR",
  "weights_path": "zhihan1996/DNABERT-2-117M",
  "max_length": 512,
  "n_folds": 5,
  "hyperparameters": {
    "learning_rate": 5e-05,
    "per_device_train_batch_size": 16,
    "weight_decay": 0.01,
    "warmup_ratio": 0.1,
    "num_train_epochs": 10,
    "gradient_accumulation_steps": 1,
    "early_stopping_patience": 3
  },
  "cv_metrics": {
    "epoch_mean": 4.8,
    "epoch_std": 0.7483314773547882,
    "eval_accuracy_mean": 0.9359061498124308,
    "eval_accuracy_std": 0.010586346844773713,
    "eval_auc_mean": 0.9754536878845285,
    "eval_auc_std": 0.009227636277200002,
    "eval_auprc_mean": 0.9803296431998924,
    "eval_auprc_std": 0.004920899684062046,
    "eval_f1_mean": 0.9352308050578589,
    "eval_f1_std": 0.009885734575933208,
    "eval_loss_mean": 0.2141368180513382,
    "eval_loss_std": 0.03919166515177783,
    "eval_matthews_correlation_mean": 0.8735609360105345,
    "eval_matthews_correlation_std": 0.019949283436179934,
    "eval_precision_mean": 0.9481034495460889,
    "eval_precision_std": 0.031314498107723604,
    "eval_recall_mean": 0.9243111819832055,
    "eval_recall_std": 0.026791435702666812,
    "eval_runtime_mean": 1.13068,
    "eval_runtime_std": 0.009093162266230642,
    "eval_samples_per_second_mean": 2089.319,
    "eval_samples_per_second_std": 16.74051448432816,
    "eval_steps_per_second_mean": 130.90320000000003,
    "eval_steps_per_second_std": 1.0603198385392978
  },
  "cv_fold_metrics": [
    {
      "eval_loss": 0.17487764358520508,
      "eval_accuracy": 0.9483707151925519,
      "eval_f1": 0.9480851063829787,
      "eval_precision": 0.9537671232876712,
      "eval_recall": 0.9424703891708968,
      "eval_matthews_correlation": 0.8968048901065974,
      "eval_auc": 0.984923084196908,
      "eval_auprc": 0.9866771528090431,
      "eval_runtime": 1.1403,
      "eval_samples_per_second": 2072.301,
      "eval_steps_per_second": 129.793,
      "epoch": 6.0
    },
    {
      "eval_loss": 0.19561859965324402,
      "eval_accuracy": 0.9407281964436918,
      "eval_f1": 0.9393414211438474,
      "eval_precision": 0.9618456078083407,
      "eval_recall": 0.9178662150719729,
      "eval_matthews_correlation": 0.8823792621732066,
      "eval_auc": 0.9779410235875537,
      "eval_auprc": 0.9797816557272255,
      "eval_runtime": 1.1357,
      "eval_samples_per_second": 2079.772,
      "eval_steps_per_second": 130.316,
      "epoch": 5.0
    },
    {
      "eval_loss": 0.27615875005722046,
      "eval_accuracy": 0.9187129551227773,
      "eval_f1": 0.9218877135882831,
      "eval_precision": 0.8872357086922474,
      "eval_recall": 0.9593564775613886,
      "eval_matthews_correlation": 0.8402063778698349,
      "eval_auc": 0.9770451711798651,
      "eval_auprc": 0.9795880659114949,
      "eval_runtime": 1.1312,
      "eval_samples_per_second": 2087.997,
      "eval_steps_per_second": 130.831,
      "epoch": 5.0
    },
    {
      "eval_loss": 0.18086974322795868,
      "eval_accuracy": 0.9424216765453006,
      "eval_f1": 0.9412273120138289,
      "eval_precision": 0.9611650485436893,
      "eval_recall": 0.9220999153259949,
      "eval_matthews_correlation": 0.8855750943465268,
      "eval_auc": 0.9795326941318263,
      "eval_auprc": 0.9835947953894874,
      "eval_runtime": 1.1136,
      "eval_samples_per_second": 2121.009,
      "eval_steps_per_second": 132.9,
      "epoch": 4.0
    },
    {
      "eval_loss": 0.24315935373306274,
      "eval_accuracy": 0.9292972057578324,
      "eval_f1": 0.9256124721603564,
      "eval_precision": 0.9765037593984962,
      "eval_recall": 0.8797629127857748,
      "eval_matthews_correlation": 0.8628390555565066,
      "eval_auc": 0.9578264663264892,
      "eval_auprc": 0.9720065461622107,
      "eval_runtime": 1.1326,
      "eval_samples_per_second": 2085.516,
      "eval_steps_per_second": 130.676,
      "epoch": 4.0
    }
  ],
  "test_metrics": {
    "eval_loss": 0.20761820673942566,
    "eval_accuracy": 0.9434052757793765,
    "eval_f1": 0.9427184466019417,
    "eval_precision": 0.9538310412573674,
    "eval_recall": 0.9318618042226487,
    "eval_matthews_correlation": 0.8870443759527009,
    "eval_auc": 0.9787652994186635,
    "eval_auprc": 0.9676116435923443,
    "eval_runtime": 1.0068,
    "eval_samples_per_second": 2070.822,
    "eval_steps_per_second": 130.109,
    "epoch": 5.0
  }
}