{
  "experiment": "cross_cell",
  "model_type": "lamar",
  "variant": "tapt_512",
  "pair_name": "U2AF1_train_K562_test_HepG2_fixlen_101",
  "pretrain_path": "/gpfs/bwfor/work/ws/fr_ml642-thesis_work/Thesis/LAMAR/src/pretrain/saving_model/tapt_lamar/checkpoint-98000/model.safetensors",
  "max_length": 1024,
  "n_folds": 5,
  "hyperparameters": {
    "learning_rate": 5e-05,
    "per_device_train_batch_size": 16,
    "weight_decay": 0.01,
    "warmup_ratio": 0.1,
    "num_train_epochs": 10,
    "gradient_accumulation_steps": 1,
    "early_stopping_patience": 3
  },
  "cv_metrics": {
    "epoch_mean": 9.0,
    "epoch_std": 0.8944271909999159,
    "eval_accuracy_mean": 0.8450000000000001,
    "eval_accuracy_std": 0.023345235059857503,
    "eval_auc_mean": 0.926987263665547,
    "eval_auc_std": 0.013277424726830198,
    "eval_auprc_mean": 0.9166764310603188,
    "eval_auprc_std": 0.023093166522029664,
    "eval_f1_mean": 0.8263366921442848,
    "eval_f1_std": 0.02777900428000027,
    "eval_loss_mean": 0.4074782133102417,
    "eval_loss_std": 0.05451396251219469,
    "eval_matthews_correlation_mean": 0.693376148514828,
    "eval_matthews_correlation_std": 0.04397361345522652,
    "eval_precision_mean": 0.8399956886831708,
    "eval_precision_std": 0.06454629926379343,
    "eval_recall_mean": 0.823500044833461,
    "eval_recall_std": 0.07511758192871935,
    "eval_runtime_mean": 6.8858999999999995,
    "eval_runtime_std": 0.0013446189051177922,
    "eval_samples_per_second_mean": 59.07719999999999,
    "eval_samples_per_second_std": 0.0679040499528557,
    "eval_steps_per_second_mean": 3.776,
    "eval_steps_per_second_std": 0.0006324555320337467
  },
  "cv_fold_metrics": [
    {
      "eval_loss": 0.4979742765426636,
      "eval_accuracy": 0.805,
      "eval_f1": 0.796875,
      "eval_precision": 0.7427184466019418,
      "eval_recall": 0.8595505617977528,
      "eval_auc": 0.9014323312076121,
      "eval_auprc": 0.8708706315943269,
      "eval_matthews_correlation": 0.6173223382192089,
      "eval_runtime": 6.8843,
      "eval_samples_per_second": 59.12,
      "eval_steps_per_second": 3.777,
      "epoch": 10.0
    },
    {
      "eval_loss": 0.37811174988746643,
      "eval_accuracy": 0.8475,
      "eval_f1": 0.8364611260053619,
      "eval_precision": 0.8125,
      "eval_recall": 0.861878453038674,
      "eval_auc": 0.9274199651858019,
      "eval_auprc": 0.9279381204187231,
      "eval_matthews_correlation": 0.6948964517523205,
      "eval_runtime": 6.8847,
      "eval_samples_per_second": 59.116,
      "eval_steps_per_second": 3.776,
      "epoch": 8.0
    },
    {
      "eval_loss": 0.39525872468948364,
      "eval_accuracy": 0.8625,
      "eval_f1": 0.8405797101449275,
      "eval_precision": 0.8841463414634146,
      "eval_recall": 0.8011049723756906,
      "eval_auc": 0.9352657736068013,
      "eval_auprc": 0.9326526378349165,
      "eval_matthews_correlation": 0.7229239839816827,
      "eval_runtime": 6.8863,
      "eval_samples_per_second": 59.103,
      "eval_steps_per_second": 3.776,
      "epoch": 10.0
    },
    {
      "eval_loss": 0.3357922434806824,
      "eval_accuracy": 0.8725,
      "eval_f1": 0.8654353562005277,
      "eval_precision": 0.8282828282828283,
      "eval_recall": 0.9060773480662984,
      "eval_auc": 0.938394005903277,
      "eval_auprc": 0.9233286448836029,
      "eval_matthews_correlation": 0.7474677984820215,
      "eval_runtime": 6.8861,
      "eval_samples_per_second": 59.105,
      "eval_steps_per_second": 3.776,
      "epoch": 8.0
    },
    {
      "eval_loss": 0.4302540719509125,
      "eval_accuracy": 0.8375,
      "eval_f1": 0.7923322683706071,
      "eval_precision": 0.9323308270676691,
      "eval_recall": 0.6888888888888889,
      "eval_auc": 0.9324242424242424,
      "eval_auprc": 0.9285921205700242,
      "eval_matthews_correlation": 0.6842701701389067,
      "eval_runtime": 6.8881,
      "eval_samples_per_second": 58.942,
      "eval_steps_per_second": 3.775,
      "epoch": 9.0
    }
  ],
  "test_metrics": {
    "eval_loss": 0.5018175840377808,
    "eval_accuracy": 0.7953431372549019,
    "eval_f1": 0.7529585798816568,
    "eval_precision": 0.7965571205007824,
    "eval_recall": 0.7138849929873773,
    "eval_auc": 0.8731837001924464,
    "eval_auprc": 0.8443425837594006,
    "eval_matthews_correlation": 0.5816978937245281,
    "eval_runtime": 28.0626,
    "eval_samples_per_second": 58.405,
    "eval_steps_per_second": 3.67,
    "epoch": 9.0
  }
}