{
  "experiment": "cross_cell",
  "model_type": "dnabert2",
  "variant": "pretrained",
  "pair_name": "DGCR8_train_K562_test_HepG2_fixlen_101",
  "max_length": 128,
  "n_folds": 5,
  "hyperparameters": {
    "learning_rate": 5e-05,
    "per_device_train_batch_size": 16,
    "weight_decay": 0.01,
    "warmup_ratio": 0.1,
    "num_train_epochs": 10,
    "gradient_accumulation_steps": 1,
    "early_stopping_patience": 3
  },
  "cv_metrics": {
    "epoch_mean": 6.0,
    "epoch_std": 0.6324555320336759,
    "eval_accuracy_mean": 0.7512420440080015,
    "eval_accuracy_std": 0.04368068193157028,
    "eval_auc_mean": 0.8442632790765062,
    "eval_auc_std": 0.02492182204609565,
    "eval_auprc_mean": 0.7718912384140869,
    "eval_auprc_std": 0.045386613895100715,
    "eval_f1_mean": 0.7440127938562876,
    "eval_f1_std": 0.042954464347203736,
    "eval_loss_mean": 0.5290342748165131,
    "eval_loss_std": 0.046016741318944655,
    "eval_matthews_correlation_mean": 0.5066772796413275,
    "eval_matthews_correlation_std": 0.07996818648575275,
    "eval_precision_mean": 0.7522108336601943,
    "eval_precision_std": 0.03945136216287766,
    "eval_recall_mean": 0.754620157775838,
    "eval_recall_std": 0.0413133314517303,
    "eval_runtime_mean": 0.18152,
    "eval_runtime_std": 0.0015065191668213185,
    "eval_samples_per_second_mean": 1293.753,
    "eval_samples_per_second_std": 11.140235473274311,
    "eval_steps_per_second_mean": 82.65020000000001,
    "eval_steps_per_second_std": 0.6796997572458
  },
  "cv_fold_metrics": [
    {
      "eval_loss": 0.4815044105052948,
      "eval_accuracy": 0.8170212765957446,
      "eval_f1": 0.8083451872925557,
      "eval_matthews_correlation": 0.6167221471427686,
      "eval_precision": 0.8089464882943144,
      "eval_recall": 0.8077767681356959,
      "eval_auc": 0.8708920187793426,
      "eval_auprc": 0.8244741573166426,
      "eval_runtime": 0.184,
      "eval_samples_per_second": 1277.507,
      "eval_steps_per_second": 81.543,
      "epoch": 7.0
    },
    {
      "eval_loss": 0.47439175844192505,
      "eval_accuracy": 0.7829787234042553,
      "eval_f1": 0.7813953488372094,
      "eval_matthews_correlation": 0.5908293854119979,
      "eval_precision": 0.7886904761904762,
      "eval_recall": 0.8022955305564001,
      "eval_auc": 0.8755700820918212,
      "eval_auprc": 0.8245459026910351,
      "eval_runtime": 0.1818,
      "eval_samples_per_second": 1292.452,
      "eval_steps_per_second": 82.497,
      "epoch": 6.0
    },
    {
      "eval_loss": 0.5923084020614624,
      "eval_accuracy": 0.7021276595744681,
      "eval_f1": 0.7005606523955148,
      "eval_matthews_correlation": 0.43133803654268305,
      "eval_precision": 0.7110819863113441,
      "eval_recall": 0.7203557312252964,
      "eval_auc": 0.8186378838552751,
      "eval_auprc": 0.7208570610797652,
      "eval_runtime": 0.1798,
      "eval_samples_per_second": 1307.068,
      "eval_steps_per_second": 83.43,
      "epoch": 6.0
    },
    {
      "eval_loss": 0.5314150452613831,
      "eval_accuracy": 0.7446808510638298,
      "eval_f1": 0.7220908230842005,
      "eval_matthews_correlation": 0.45191333247358034,
      "eval_precision": 0.7357663025488249,
      "eval_recall": 0.7165551839464883,
      "eval_auc": 0.8390088172696868,
      "eval_auprc": 0.7633469425717441,
      "eval_runtime": 0.1801,
      "eval_samples_per_second": 1305.052,
      "eval_steps_per_second": 83.301,
      "epoch": 6.0
    },
    {
      "eval_loss": 0.5655517578125,
      "eval_accuracy": 0.7094017094017094,
      "eval_f1": 0.7076719576719577,
      "eval_matthews_correlation": 0.44258349663560714,
      "eval_precision": 0.7165689149560117,
      "eval_recall": 0.7261175750153093,
      "eval_auc": 0.8172075933864054,
      "eval_auprc": 0.7262321284112474,
      "eval_runtime": 0.1819,
      "eval_samples_per_second": 1286.686,
      "eval_steps_per_second": 82.48,
      "epoch": 5.0
    }
  ],
  "test_metrics": {
    "eval_loss": 0.4417472779750824,
    "eval_accuracy": 0.8357021034678794,
    "eval_f1": 0.834771636877299,
    "eval_matthews_correlation": 0.6770392137481762,
    "eval_precision": 0.8351229016476527,
    "eval_recall": 0.8419507400860136,
    "eval_auc": 0.907920635339437,
    "eval_auprc": 0.8859145735651279,
    "eval_runtime": 1.3198,
    "eval_samples_per_second": 1332.743,
    "eval_steps_per_second": 83.344,
    "epoch": 4.0
  }
}