{
  "experiment": "rbp",
  "model_type": "dnabert2",
  "variant": "dnabert2_random",
  "rbp_name": "RBFOX2_K562_200",
  "weights_path": "",
  "max_length": 512,
  "n_folds": 5,
  "hyperparameters": {
    "learning_rate": 5e-05,
    "per_device_train_batch_size": 16,
    "weight_decay": 0.01,
    "warmup_ratio": 0.1,
    "num_train_epochs": 10,
    "gradient_accumulation_steps": 1,
    "early_stopping_patience": 3
  },
  "cv_metrics": {
    "epoch_mean": 7.0,
    "epoch_std": 1.4142135623730951,
    "eval_accuracy_mean": 0.8044568245125348,
    "eval_accuracy_std": 0.03787788757787502,
    "eval_auc_mean": 0.9124881125521498,
    "eval_auc_std": 0.0063254227702955156,
    "eval_auprc_mean": 0.9145397764449286,
    "eval_auprc_std": 0.008903523313513873,
    "eval_f1_mean": 0.7893336715029917,
    "eval_f1_std": 0.07232034194598329,
    "eval_loss_mean": 0.5495737552642822,
    "eval_loss_std": 0.12438302308875009,
    "eval_matthews_correlation_mean": 0.6296756795875014,
    "eval_matthews_correlation_std": 0.0485236680041625,
    "eval_precision_mean": 0.8542048929840647,
    "eval_precision_std": 0.07516710248973728,
    "eval_recall_mean": 0.7636016291847199,
    "eval_recall_std": 0.15122361605819362,
    "eval_runtime_mean": 1.5496199999999998,
    "eval_runtime_std": 0.002135790251873987,
    "eval_samples_per_second_mean": 926.6946,
    "eval_samples_per_second_std": 1.2768354005117453,
    "eval_steps_per_second_mean": 58.079600000000006,
    "eval_steps_per_second_std": 0.08011142240654655
  },
  "cv_fold_metrics": [
    {
      "eval_loss": 0.5849278569221497,
      "eval_accuracy": 0.825208913649025,
      "eval_f1": 0.8114199849737039,
      "eval_precision": 0.8896210873146623,
      "eval_recall": 0.7458563535911602,
      "eval_matthews_correlation": 0.6596631039426376,
      "eval_auc": 0.9208555776274132,
      "eval_auprc": 0.92345511944993,
      "eval_runtime": 1.5468,
      "eval_samples_per_second": 928.394,
      "eval_steps_per_second": 58.186,
      "epoch": 8.0
    },
    {
      "eval_loss": 0.5754257440567017,
      "eval_accuracy": 0.8210306406685237,
      "eval_f1": 0.8245733788395905,
      "eval_precision": 0.815114709851552,
      "eval_recall": 0.8342541436464088,
      "eval_matthews_correlation": 0.64214555284076,
      "eval_auc": 0.9016592044819666,
      "eval_auprc": 0.8976988973743865,
      "eval_runtime": 1.5532,
      "eval_samples_per_second": 924.566,
      "eval_steps_per_second": 57.946,
      "epoch": 9.0
    },
    {
      "eval_loss": 0.7512903809547424,
      "eval_accuracy": 0.7325905292479109,
      "eval_f1": 0.6457564575645757,
      "eval_precision": 0.9695290858725761,
      "eval_recall": 0.48409405255878285,
      "eval_matthews_correlation": 0.5401567288160192,
      "eval_auc": 0.9107544340532183,
      "eval_auprc": 0.9191222036048002,
      "eval_runtime": 1.5492,
      "eval_samples_per_second": 926.954,
      "eval_steps_per_second": 58.096,
      "epoch": 6.0
    },
    {
      "eval_loss": 0.42769545316696167,
      "eval_accuracy": 0.8405292479108635,
      "eval_f1": 0.8390723822909346,
      "eval_precision": 0.8528571428571429,
      "eval_recall": 0.8257261410788381,
      "eval_matthews_correlation": 0.6814637731815778,
      "eval_auc": 0.913889260696917,
      "eval_auprc": 0.9180386596794637,
      "eval_runtime": 1.5504,
      "eval_samples_per_second": 926.209,
      "eval_steps_per_second": 58.049,
      "epoch": 7.0
    },
    {
      "eval_loss": 0.4085293412208557,
      "eval_accuracy": 0.802924791086351,
      "eval_f1": 0.8258461538461539,
      "eval_precision": 0.7439024390243902,
      "eval_recall": 0.9280774550484094,
      "eval_matthews_correlation": 0.624949239156512,
      "eval_auc": 0.9152820859012336,
      "eval_auprc": 0.9143840021160624,
      "eval_runtime": 1.5485,
      "eval_samples_per_second": 927.35,
      "eval_steps_per_second": 58.121,
      "epoch": 5.0
    }
  ],
  "test_metrics": {
    "eval_loss": 0.4344734251499176,
    "eval_accuracy": 0.8251670378619154,
    "eval_f1": 0.8015170670037927,
    "eval_precision": 0.8917018284106891,
    "eval_recall": 0.7278989667049368,
    "eval_matthews_correlation": 0.6588068668460547,
    "eval_auc": 0.9171142209948181,
    "eval_auprc": 0.9133224756384741,
    "eval_runtime": 1.9406,
    "eval_samples_per_second": 925.49,
    "eval_steps_per_second": 58.23,
    "epoch": 7.0
  }
}