{
  "best_layer": 3,
  "best_auroc": 0.9431653506047969,
  "variant": "lamar_tapt_512",
  "task_id": "data/GTF2F1_K562_IDR",
  "layer_aurocs": {
    "0": 0.8952045071422233,
    "1": 0.9412104811758791,
    "2": 0.9410182474196315,
    "3": 0.9431653506047969,
    "4": 0.9386286339573537,
    "5": 0.9371942743915062,
    "6": 0.9417753526750067,
    "7": 0.9364800520509864,
    "8": 0.9353562239375389,
    "9": 0.9380637624582262,
    "10": 0.939135835329607,
    "11": 0.9339632685653447,
    "12": 0.9381258687487062
  }
}