{
  "best_layer": 4,
  "best_auroc": 0.8899949723479136,
  "variant": "lamar_tapt_512",
  "task_id": "data/KHSRP_K562_IDR",
  "layer_aurocs": {
    "0": 0.8457915594593797,
    "1": 0.884020938692219,
    "2": 0.8870833703013634,
    "3": 0.8889569100641765,
    "4": 0.8899949723479136,
    "5": 0.8849392245586017,
    "6": 0.8865332860142547,
    "7": 0.8831130038742497,
    "8": 0.8835314819743886,
    "9": 0.885104841333215,
    "10": 0.8849229586253807,
    "11": 0.8848342353532666,
    "12": 0.8824727175938248
  }
}