{
  "best_layer": 0,
  "best_auroc": 0.8052302368911366,
  "variant": "lamar_tapt_512",
  "task_id": "data/ILF3_HepG2_IDR",
  "layer_aurocs": {
    "0": 0.8052302368911366,
    "1": 0.7934196906515245,
    "2": 0.79225150090202,
    "3": 0.7947327950788159,
    "4": 0.7917531718569781,
    "5": 0.7790760949930501,
    "6": 0.7809762517374974,
    "7": 0.7834442374234761,
    "8": 0.7772897997811492,
    "9": 0.7757770679916008,
    "10": 0.7906722266583859,
    "11": 0.735835329606956,
    "12": 0.7688987963209416
  }
}