{
  "best_layer": 0,
  "best_auroc": 0.9154984769171619,
  "variant": "lamar_tapt_512",
  "task_id": "finetune_data_koo/QKI_K562_200",
  "layer_aurocs": {
    "0": 0.9154984769171619,
    "1": 0.8673868038919942,
    "2": 0.8633158844231508,
    "3": 0.8657720403395144,
    "4": 0.8622733859758082,
    "5": 0.8648951586667849,
    "6": 0.8645787123295774,
    "7": 0.8597447727205513,
    "8": 0.859471209298199,
    "9": 0.8649202969272174,
    "10": 0.8644944252210689,
    "11": 0.8589285186170998,
    "12": 0.8675775589270399
  }
}