{
  "best_layer": 6,
  "best_auroc": 0.8435492857776594,
  "variant": "lamar_tapt_512",
  "task_id": "finetune_data_koo/SRSF1_K562_200",
  "layer_aurocs": {
    "0": 0.8368389376866887,
    "1": 0.8332006920415225,
    "2": 0.8289367403069825,
    "3": 0.8363975394079199,
    "4": 0.8345318664419011,
    "5": 0.8296846479164817,
    "6": 0.8435492857776594,
    "7": 0.8417394493242245,
    "8": 0.8324678673882826,
    "9": 0.8273018069973087,
    "10": 0.8363609854198091,
    "11": 0.8382397598556768,
    "12": 0.8235949782627984
  }
}