{
  "best_layer": 12,
  "best_auroc": 0.8911385857510424,
  "variant": "lamar_tapt_512",
  "task_id": "finetune_data_koo/RBFOX2_K562_200",
  "layer_aurocs": {
    "0": 0.8740515186466744,
    "1": 0.8761817052612899,
    "2": 0.8813705083843493,
    "3": 0.8834919113950257,
    "4": 0.8852994706178098,
    "5": 0.8898861088930292,
    "6": 0.8773819241120279,
    "7": 0.8820506018395292,
    "8": 0.8852083222429243,
    "9": 0.8864131547038122,
    "10": 0.8736892023777838,
    "11": 0.8814392393458137,
    "12": 0.8911385857510424
  }
}