{
  "experiment": "cross_cell",
  "model_type": "dnabert2",
  "variant": "pretrained",
  "pair_name": "U2AF2_train_K562_test_HepG2_fixlen_101",
  "max_length": 128,
  "n_folds": 5,
  "hyperparameters": {
    "learning_rate": 5e-05,
    "per_device_train_batch_size": 16,
    "weight_decay": 0.01,
    "warmup_ratio": 0.1,
    "num_train_epochs": 10,
    "gradient_accumulation_steps": 1,
    "early_stopping_patience": 3
  },
  "cv_metrics": {
    "epoch_mean": 7.2,
    "epoch_std": 2.039607805437114,
    "eval_accuracy_mean": 0.9103594080338266,
    "eval_accuracy_std": 0.04301897013109651,
    "eval_auc_mean": 0.974536505007026,
    "eval_auc_std": 0.0036802698371086544,
    "eval_auprc_mean": 0.9534880988036265,
    "eval_auprc_std": 0.011483755762512997,
    "eval_f1_mean": 0.9023959760484491,
    "eval_f1_std": 0.041767765756864014,
    "eval_loss_mean": 0.32357311248779297,
    "eval_loss_std": 0.07028627052278148,
    "eval_matthews_correlation_mean": 0.814679443194203,
    "eval_matthews_correlation_std": 0.06512645601161561,
    "eval_precision_mean": 0.9042431624270282,
    "eval_precision_std": 0.04083161357043829,
    "eval_recall_mean": 0.9107075256162499,
    "eval_recall_std": 0.02445471238215491,
    "eval_runtime_mean": 0.76682,
    "eval_runtime_std": 0.015410697583172532,
    "eval_samples_per_second_mean": 1234.1735999999999,
    "eval_samples_per_second_std": 24.690408012829568,
    "eval_steps_per_second_mean": 78.2774,
    "eval_steps_per_second_std": 1.5658971358298102
  },
  "cv_fold_metrics": [
    {
      "eval_loss": 0.24602587521076202,
      "eval_accuracy": 0.9408033826638478,
      "eval_f1": 0.9322574870207923,
      "eval_matthews_correlation": 0.8655971288055785,
      "eval_precision": 0.9403056575281834,
      "eval_recall": 0.9254194651975951,
      "eval_auc": 0.9729227982793751,
      "eval_auprc": 0.9520273294864687,
      "eval_runtime": 0.7476,
      "eval_samples_per_second": 1265.355,
      "eval_steps_per_second": 80.255,
      "epoch": 7.0
    },
    {
      "eval_loss": 0.23248900473117828,
      "eval_accuracy": 0.9186046511627907,
      "eval_f1": 0.9078633977032255,
      "eval_matthews_correlation": 0.8158526873218235,
      "eval_precision": 0.9102664576802508,
      "eval_recall": 0.9055995773903857,
      "eval_auc": 0.9687822302719291,
      "eval_auprc": 0.9335898120560957,
      "eval_runtime": 0.7554,
      "eval_samples_per_second": 1252.301,
      "eval_steps_per_second": 79.427,
      "epoch": 5.0
    },
    {
      "eval_loss": 0.3559776842594147,
      "eval_accuracy": 0.9355179704016914,
      "eval_f1": 0.9281465607945143,
      "eval_matthews_correlation": 0.8566023588139899,
      "eval_precision": 0.9247602673741311,
      "eval_recall": 0.931871609403255,
      "eval_auc": 0.9791968053044002,
      "eval_auprc": 0.9657946664232304,
      "eval_runtime": 0.7613,
      "eval_samples_per_second": 1242.619,
      "eval_steps_per_second": 78.813,
      "epoch": 9.0
    },
    {
      "eval_loss": 0.39725369215011597,
      "eval_accuracy": 0.8255813953488372,
      "eval_f1": 0.8205109039999541,
      "eval_matthews_correlation": 0.6888167764636447,
      "eval_precision": 0.8248854620628003,
      "eval_recall": 0.8651044806108097,
      "eval_auc": 0.9740707253365481,
      "eval_auprc": 0.9521456894548521,
      "eval_runtime": 0.7862,
      "eval_samples_per_second": 1203.284,
      "eval_steps_per_second": 76.318,
      "epoch": 5.0
    },
    {
      "eval_loss": 0.3861193060874939,
      "eval_accuracy": 0.9312896405919662,
      "eval_f1": 0.9232015307237591,
      "eval_matthews_correlation": 0.8465282645659787,
      "eval_precision": 0.9209979674897754,
      "eval_recall": 0.9255424954792043,
      "eval_auc": 0.9777099658428773,
      "eval_auprc": 0.9638829965974859,
      "eval_runtime": 0.7836,
      "eval_samples_per_second": 1207.309,
      "eval_steps_per_second": 76.574,
      "epoch": 10.0
    }
  ],
  "test_metrics": {
    "eval_loss": 0.6515349745750427,
    "eval_accuracy": 0.874938775510204,
    "eval_f1": 0.8724375800811923,
    "eval_matthews_correlation": 0.7502535497283188,
    "eval_precision": 0.8810224432160062,
    "eval_recall": 0.8693223318611965,
    "eval_auc": 0.9445013409104833,
    "eval_auprc": 0.9378390656755603,
    "eval_runtime": 15.733,
    "eval_samples_per_second": 1167.924,
    "eval_steps_per_second": 73.031,
    "epoch": 9.0
  }
}