{
  "experiment": "cross_length",
  "model_type": "lamar",
  "variant": "tapt_512",
  "pair_name": "EIF3D_HepG2_ENCSR041NUV",
  "pretrain_path": "/gpfs/bwfor/work/ws/fr_ml642-thesis_work/Thesis/LAMAR/src/pretrain/saving_model/tapt_lamar/checkpoint-98000/model.safetensors",
  "max_length": 1024,
  "n_folds": 5,
  "hyperparameters": {
    "learning_rate": 5e-05,
    "per_device_train_batch_size": 16,
    "weight_decay": 0.01,
    "warmup_ratio": 0.1,
    "num_train_epochs": 10,
    "gradient_accumulation_steps": 1,
    "early_stopping_patience": 3
  },
  "cv_metrics": {
    "epoch_mean": 7.2,
    "epoch_std": 1.9390719429665315,
    "eval_accuracy_mean": 0.7484375,
    "eval_accuracy_std": 0.021194781197266466,
    "eval_auc_mean": 0.7685372484285529,
    "eval_auc_std": 0.04080206134095516,
    "eval_auprc_mean": 0.5916586273979222,
    "eval_auprc_std": 0.07810500071871211,
    "eval_f1_mean": 0.34965536731364094,
    "eval_f1_std": 0.13493228935001997,
    "eval_loss_mean": 0.5151995718479156,
    "eval_loss_std": 0.04907712771796568,
    "eval_matthews_correlation_mean": 0.2726080505412841,
    "eval_matthews_correlation_std": 0.11606344020729634,
    "eval_precision_mean": 0.6205228758169935,
    "eval_precision_std": 0.11308028228369504,
    "eval_recall_mean": 0.25060060060060063,
    "eval_recall_std": 0.10754608665753462,
    "eval_runtime_mean": 2.21918,
    "eval_runtime_std": 0.0008182909018191589,
    "eval_samples_per_second_mean": 57.8586,
    "eval_samples_per_second_std": 0.21097639678409522,
    "eval_steps_per_second_mean": 3.7852000000000006,
    "eval_steps_per_second_std": 0.21988578853577598
  },
  "cv_fold_metrics": [
    {
      "eval_loss": 0.5029262900352478,
      "eval_accuracy": 0.7421875,
      "eval_f1": 0.326530612244898,
      "eval_precision": 0.6666666666666666,
      "eval_recall": 0.21621621621621623,
      "eval_auc": 0.7543807543807544,
      "eval_auprc": 0.5930671901509288,
      "eval_matthews_correlation": 0.26790870044675996,
      "eval_runtime": 2.2188,
      "eval_samples_per_second": 58.14,
      "eval_steps_per_second": 4.056,
      "epoch": 10.0
    },
    {
      "eval_loss": 0.4659108817577362,
      "eval_accuracy": 0.7578125,
      "eval_f1": 0.4363636363636364,
      "eval_precision": 0.6666666666666666,
      "eval_recall": 0.32432432432432434,
      "eval_auc": 0.831006831006831,
      "eval_auprc": 0.6700909639703387,
      "eval_matthews_correlation": 0.3369497195949472,
      "eval_runtime": 2.2206,
      "eval_samples_per_second": 58.092,
      "eval_steps_per_second": 4.053,
      "epoch": 6.0
    },
    {
      "eval_loss": 0.6096013784408569,
      "eval_accuracy": 0.7109375,
      "eval_f1": 0.09756097560975609,
      "eval_precision": 0.4,
      "eval_recall": 0.05555555555555555,
      "eval_auc": 0.7146739130434783,
      "eval_auprc": 0.4793268825852625,
      "eval_matthews_correlation": 0.05325138041887229,
      "eval_runtime": 2.2193,
      "eval_samples_per_second": 57.675,
      "eval_steps_per_second": 3.605,
      "epoch": 6.0
    },
    {
      "eval_loss": 0.5012174248695374,
      "eval_accuracy": 0.7578125,
      "eval_f1": 0.41509433962264153,
      "eval_precision": 0.6470588235294118,
      "eval_recall": 0.3055555555555556,
      "eval_auc": 0.7457729468599034,
      "eval_auprc": 0.5330639145049121,
      "eval_matthews_correlation": 0.31840652103232675,
      "eval_runtime": 2.2191,
      "eval_samples_per_second": 57.68,
      "eval_steps_per_second": 3.605,
      "epoch": 9.0
    },
    {
      "eval_loss": 0.49634188413619995,
      "eval_accuracy": 0.7734375,
      "eval_f1": 0.4727272727272727,
      "eval_precision": 0.7222222222222222,
      "eval_recall": 0.35135135135135137,
      "eval_auc": 0.7968517968517967,
      "eval_auprc": 0.6827441857781689,
      "eval_matthews_correlation": 0.38652393121351414,
      "eval_runtime": 2.2181,
      "eval_samples_per_second": 57.706,
      "eval_steps_per_second": 3.607,
      "epoch": 5.0
    }
  ],
  "test_metrics": {
    "eval_loss": 0.8462132811546326,
    "eval_accuracy": 0.5945723684210527,
    "eval_f1": 0.2608695652173913,
    "eval_precision": 0.9560439560439561,
    "eval_recall": 0.15104166666666666,
    "eval_auc": 0.7772705078125001,
    "eval_auprc": 0.7783806668271864,
    "eval_matthews_correlation": 0.2747564133757148,
    "eval_runtime": 20.9946,
    "eval_samples_per_second": 58.634,
    "eval_steps_per_second": 3.668,
    "epoch": 4.0
  }
}