{
  "best_layer": 9,
  "best_auroc": 0.8699568213409045,
  "variant": "lamar_tapt_512_std",
  "task_id": "data/HNRNPL_K562_IDR",
  "layer_aurocs": {
    "0": 0.789459675272824,
    "1": 0.8214148404459823,
    "2": 0.8166533581758497,
    "3": 0.8238813474107592,
    "4": 0.819079939668175,
    "5": 0.8175258036849733,
    "6": 0.8115310679324521,
    "7": 0.8264350989264484,
    "8": 0.8562106290479994,
    "9": 0.8699568213409045,
    "10": 0.8666341348002249,
    "11": 0.8684100789637123,
    "12": 0.861096323899092
  }
}