{
  "best_layer": 12,
  "best_auroc": 0.8957886020169757,
  "variant": "lamar_tapt_512_std",
  "task_id": "data/QKI_K562_IDR",
  "layer_aurocs": {
    "0": 0.7751308668263686,
    "1": 0.8381155177002928,
    "2": 0.833290450418478,
    "3": 0.8271064383521132,
    "4": 0.835276372992636,
    "5": 0.8318028568893622,
    "6": 0.823215922869902,
    "7": 0.837368763493331,
    "8": 0.8532960695590454,
    "9": 0.8593085499659894,
    "10": 0.8846079910093751,
    "11": 0.8418182355898619,
    "12": 0.8957886020169757
  }
}