{
  "best_layer": 10,
  "best_auroc": 0.9428282021707627,
  "variant": "lamar_tapt_512_std",
  "task_id": "data/MATR3_K562_IDR",
  "layer_aurocs": {
    "0": 0.9182622068435219,
    "1": 0.9347839588324017,
    "2": 0.9357436488924378,
    "3": 0.9318486972466211,
    "4": 0.9355070535001332,
    "5": 0.9354819152397006,
    "6": 0.9370597107621329,
    "7": 0.932253866855943,
    "8": 0.9267618963120693,
    "9": 0.9311744003785526,
    "10": 0.9428282021707627,
    "11": 0.9409383964747287,
    "12": 0.934748469523556
  }
}