{
  "best_layer": 8,
  "best_auroc": 0.9032266879602521,
  "variant": "lamar_tapt_512_std",
  "task_id": "finetune_data_koo/RBFOX2_K562_200",
  "layer_aurocs": {
    "0": 0.8694746103569633,
    "1": 0.8526547481737794,
    "2": 0.8792656966255581,
    "3": 0.8840039629728211,
    "4": 0.8895712595747197,
    "5": 0.886260166208263,
    "6": 0.8870693224499453,
    "7": 0.8919075207760327,
    "8": 0.9032266879602521,
    "9": 0.8991717682548132,
    "10": 0.8936027859107443,
    "11": 0.8967030432082336,
    "12": 0.8860595333155888
  }
}