{
  "best_layer": 10,
  "best_auroc": 0.8439609026114215,
  "variant": "lamar_tapt_512_std",
  "task_id": "finetune_data_koo/PUM2_K562_200",
  "layer_aurocs": {
    "0": 0.659562890012717,
    "1": 0.7454677195161623,
    "2": 0.7912622364179458,
    "3": 0.7687353976281311,
    "4": 0.7938100730488273,
    "5": 0.7926788513293703,
    "6": 0.7980747049951202,
    "7": 0.8114896637387986,
    "8": 0.8053751515689231,
    "9": 0.8252402921953095,
    "10": 0.8439609026114215,
    "11": 0.8099148256587704,
    "12": 0.7923579688285571
  }
}