{
  "best_layer": 10,
  "best_auroc": 0.8688004613610151,
  "variant": "lamar_tapt_512_std",
  "task_id": "finetune_data_koo/TIA1_K562_200",
  "layer_aurocs": {
    "0": 0.7658119658119658,
    "1": 0.8129831721527223,
    "2": 0.8552110135155118,
    "3": 0.8585529234318162,
    "4": 0.8506698607044629,
    "5": 0.8418093632626504,
    "6": 0.8424895750155266,
    "7": 0.8577011800195191,
    "8": 0.8530831337059711,
    "9": 0.8574276165971668,
    "10": 0.8688004613610151,
    "11": 0.84909945878804,
    "12": 0.7561337355455002
  }
}