{
  "best_layer": 10,
  "best_auroc": 0.904572205956289,
  "variant": "lamar_tapt_512_std",
  "task_id": "finetune_data_koo/QKI_K562_200",
  "layer_aurocs": {
    "0": 0.8454987726614025,
    "1": 0.8628633957353682,
    "2": 0.8817703250229203,
    "3": 0.8768609706325969,
    "4": 0.892590128057256,
    "5": 0.8954440599769319,
    "6": 0.88788040102919,
    "7": 0.8866042646319462,
    "8": 0.9028509744772719,
    "9": 0.8909472688019401,
    "10": 0.904572205956289,
    "11": 0.8922692455564428,
    "12": 0.890685535149203
  }
}