{
  "experiment": "cross_length",
  "model_type": "lamar",
  "variant": "tapt_512",
  "pair_name": "AGGF1_K562_ENCSR725ARB",
  "pretrain_path": "/gpfs/bwfor/work/ws/fr_ml642-thesis_work/Thesis/LAMAR/src/pretrain/saving_model/tapt_lamar/checkpoint-98000/model.safetensors",
  "max_length": 1024,
  "n_folds": 5,
  "hyperparameters": {
    "learning_rate": 5e-05,
    "per_device_train_batch_size": 16,
    "weight_decay": 0.01,
    "warmup_ratio": 0.1,
    "num_train_epochs": 10,
    "gradient_accumulation_steps": 1,
    "early_stopping_patience": 3
  },
  "cv_metrics": {
    "epoch_mean": 7.8,
    "epoch_std": 2.7129319932501073,
    "eval_accuracy_mean": 0.7970588235294118,
    "eval_accuracy_std": 0.012631469339926602,
    "eval_auc_mean": 0.8638856017056508,
    "eval_auc_std": 0.005360843139001947,
    "eval_auprc_mean": 0.828333525490779,
    "eval_auprc_std": 0.0025321574573571523,
    "eval_f1_mean": 0.683931352424489,
    "eval_f1_std": 0.052709198780191716,
    "eval_loss_mean": 0.46199198961257937,
    "eval_loss_std": 0.01978491405696615,
    "eval_matthews_correlation_mean": 0.563008056154711,
    "eval_matthews_correlation_std": 0.024596895648315395,
    "eval_precision_mean": 0.8189935281903388,
    "eval_precision_std": 0.07652754587567888,
    "eval_recall_mean": 0.606538982646341,
    "eval_recall_std": 0.1114124418331669,
    "eval_runtime_mean": 14.08936,
    "eval_runtime_std": 0.017238515017251595,
    "eval_samples_per_second_mean": 58.1148,
    "eval_samples_per_second_std": 0.09696267323047665,
    "eval_steps_per_second_mean": 3.6908000000000003,
    "eval_steps_per_second_std": 0.004354308211415483
  },
  "cv_fold_metrics": [
    {
      "eval_loss": 0.48561185598373413,
      "eval_accuracy": 0.7855392156862745,
      "eval_f1": 0.6220302375809936,
      "eval_precision": 0.9113924050632911,
      "eval_recall": 0.4721311475409836,
      "eval_auc": 0.8571236084822432,
      "eval_auprc": 0.8271621172729081,
      "eval_matthews_correlation": 0.5445266027440809,
      "eval_runtime": 14.0773,
      "eval_samples_per_second": 58.179,
      "eval_steps_per_second": 3.694,
      "epoch": 5.0
    },
    {
      "eval_loss": 0.4846556484699249,
      "eval_accuracy": 0.8125,
      "eval_f1": 0.7339130434782607,
      "eval_precision": 0.7814814814814814,
      "eval_recall": 0.6918032786885245,
      "eval_auc": 0.8604279618876519,
      "eval_auprc": 0.8326616700771037,
      "eval_matthews_correlation": 0.5926025112920398,
      "eval_runtime": 14.0765,
      "eval_samples_per_second": 58.182,
      "eval_steps_per_second": 3.694,
      "epoch": 10.0
    },
    {
      "eval_loss": 0.4425974190235138,
      "eval_accuracy": 0.7879901960784313,
      "eval_f1": 0.7042735042735043,
      "eval_precision": 0.7330960854092526,
      "eval_recall": 0.6776315789473685,
      "eval_auc": 0.8640457956414475,
      "eval_auprc": 0.8296756136633829,
      "eval_matthews_correlation": 0.5404513685882131,
      "eval_runtime": 14.0976,
      "eval_samples_per_second": 58.095,
      "eval_steps_per_second": 3.689,
      "epoch": 10.0
    },
    {
      "eval_loss": 0.43994468450546265,
      "eval_accuracy": 0.8125,
      "eval_f1": 0.7393526405451447,
      "eval_precision": 0.7587412587412588,
      "eval_recall": 0.7209302325581395,
      "eval_auc": 0.8731219559397477,
      "eval_auprc": 0.8262128811948495,
      "eval_matthews_correlation": 0.593562914959248,
      "eval_runtime": 14.0757,
      "eval_samples_per_second": 58.185,
      "eval_steps_per_second": 3.694,
      "epoch": 10.0
    },
    {
      "eval_loss": 0.45715034008026123,
      "eval_accuracy": 0.7867647058823529,
      "eval_f1": 0.6200873362445415,
      "eval_precision": 0.9102564102564102,
      "eval_recall": 0.47019867549668876,
      "eval_auc": 0.8647086865771638,
      "eval_auprc": 0.8259553452456507,
      "eval_matthews_correlation": 0.5438968831899729,
      "eval_runtime": 14.1197,
      "eval_samples_per_second": 57.933,
      "eval_steps_per_second": 3.683,
      "epoch": 4.0
    }
  ],
  "test_metrics": {
    "eval_loss": 0.5608121156692505,
    "eval_accuracy": 0.7077338129496403,
    "eval_f1": 0.559620596205962,
    "eval_precision": 0.9627039627039627,
    "eval_recall": 0.3944603629417383,
    "eval_auc": 0.8436313973897992,
    "eval_auprc": 0.8555511440063555,
    "eval_matthews_correlation": 0.4818073845895195,
    "eval_runtime": 76.6373,
    "eval_samples_per_second": 58.209,
    "eval_steps_per_second": 3.641,
    "epoch": 4.0
  }
}