{
  "experiment": "rbp",
  "model_type": "dnabert2",
  "variant": "dnabert2_random",
  "rbp_name": "KHSRP_K562_IDR",
  "weights_path": "",
  "max_length": 512,
  "n_folds": 5,
  "hyperparameters": {
    "learning_rate": 5e-05,
    "per_device_train_batch_size": 16,
    "weight_decay": 0.01,
    "warmup_ratio": 0.1,
    "num_train_epochs": 10,
    "gradient_accumulation_steps": 1,
    "early_stopping_patience": 3
  },
  "cv_metrics": {
    "epoch_mean": 5.2,
    "epoch_std": 0.39999999999999997,
    "eval_accuracy_mean": 0.8034817542684968,
    "eval_accuracy_std": 0.008455534745263017,
    "eval_auc_mean": 0.887271738520084,
    "eval_auc_std": 0.0054136947724523704,
    "eval_auprc_mean": 0.8569109069138717,
    "eval_auprc_std": 0.016957972434594314,
    "eval_f1_mean": 0.8129743118304542,
    "eval_f1_std": 0.018340721861116033,
    "eval_loss_mean": 0.46858752965927125,
    "eval_loss_std": 0.018991032587909865,
    "eval_matthews_correlation_mean": 0.6182107926651126,
    "eval_matthews_correlation_std": 0.015115646892487261,
    "eval_precision_mean": 0.7776121153975588,
    "eval_precision_std": 0.03946155272763759,
    "eval_recall_mean": 0.8607298292601273,
    "eval_recall_std": 0.07743722579879965,
    "eval_runtime_mean": 4.64472,
    "eval_runtime_std": 0.013990482479171458,
    "eval_samples_per_second_mean": 1286.1991999999998,
    "eval_samples_per_second_std": 3.8779728931492037,
    "eval_steps_per_second_mean": 80.52199999999999,
    "eval_steps_per_second_std": 0.24292961943740232
  },
  "cv_fold_metrics": [
    {
      "eval_loss": 0.4519568979740143,
      "eval_accuracy": 0.8068295949112823,
      "eval_f1": 0.8133893919793014,
      "eval_precision": 0.7866750078198311,
      "eval_recall": 0.841981921660529,
      "eval_matthews_correlation": 0.6151814153637664,
      "eval_auc": 0.8773688886637319,
      "eval_auprc": 0.8244222833197241,
      "eval_runtime": 4.6544,
      "eval_samples_per_second": 1283.523,
      "eval_steps_per_second": 80.354,
      "epoch": 5.0
    },
    {
      "eval_loss": 0.4465166926383972,
      "eval_accuracy": 0.8182122530967526,
      "eval_f1": 0.8286525717892079,
      "eval_precision": 0.7836466726350343,
      "eval_recall": 0.879142952795447,
      "eval_matthews_correlation": 0.6412033130460477,
      "eval_auc": 0.8874059099306458,
      "eval_auprc": 0.8558006079459262,
      "eval_runtime": 4.6259,
      "eval_samples_per_second": 1291.416,
      "eval_steps_per_second": 80.849,
      "epoch": 5.0
    },
    {
      "eval_loss": 0.5002885460853577,
      "eval_accuracy": 0.7937730164044191,
      "eval_f1": 0.7776173285198555,
      "eval_precision": 0.8437132784958872,
      "eval_recall": 0.721124874455976,
      "eval_matthews_correlation": 0.5938478333732916,
      "eval_auc": 0.8873583318137104,
      "eval_auprc": 0.8675952767138548,
      "eval_runtime": 4.658,
      "eval_samples_per_second": 1282.513,
      "eval_steps_per_second": 80.291,
      "epoch": 6.0
    },
    {
      "eval_loss": 0.46983617544174194,
      "eval_accuracy": 0.7992969534650151,
      "eval_f1": 0.8229735715340322,
      "eval_precision": 0.7361331220285261,
      "eval_recall": 0.9330431871442919,
      "eval_matthews_correlation": 0.6212316172665352,
      "eval_auc": 0.8930007938652587,
      "eval_auprc": 0.8698558990700872,
      "eval_runtime": 4.6295,
      "eval_samples_per_second": 1290.417,
      "eval_steps_per_second": 80.786,
      "epoch": 5.0
    },
    {
      "eval_loss": 0.4743393361568451,
      "eval_accuracy": 0.7992969534650151,
      "eval_f1": 0.8222386953298739,
      "eval_precision": 0.7378924960085151,
      "eval_recall": 0.9283562102443924,
      "eval_matthews_correlation": 0.6195897842759224,
      "eval_auc": 0.8912247683270738,
      "eval_auprc": 0.8668804675197663,
      "eval_runtime": 4.6558,
      "eval_samples_per_second": 1283.127,
      "eval_steps_per_second": 80.33,
      "epoch": 5.0
    }
  ],
  "test_metrics": {
    "eval_loss": 0.5666045546531677,
    "eval_accuracy": 0.7995068285280729,
    "eval_f1": 0.7928669410150891,
    "eval_precision": 0.8200243210376976,
    "eval_recall": 0.7674506828528073,
    "eval_matthews_correlation": 0.6002485539354692,
    "eval_auc": 0.8875356623937036,
    "eval_auprc": 0.8698366518382918,
    "eval_runtime": 4.0535,
    "eval_samples_per_second": 1300.616,
    "eval_steps_per_second": 81.412,
    "epoch": 5.0
  }
}