{
  "experiment": "rbp",
  "model_type": "dnabert2",
  "variant": "dnabert2_tapt_v3",
  "rbp_name": "HNRNPL_K562_IDR",
  "weights_path": "/gpfs/bwfor/work/ws/fr_ml642-thesis_work/Thesis/DNABERT2/pretrain/models/dnabert2_tapt_v3/checkpoint-2566",
  "max_length": 512,
  "n_folds": 5,
  "hyperparameters": {
    "learning_rate": 5e-05,
    "per_device_train_batch_size": 16,
    "weight_decay": 0.01,
    "warmup_ratio": 0.1,
    "num_train_epochs": 10,
    "gradient_accumulation_steps": 1,
    "early_stopping_patience": 3
  },
  "cv_metrics": {
    "epoch_mean": 5.4,
    "epoch_std": 0.48989794855663565,
    "eval_accuracy_mean": 0.8464110825220434,
    "eval_accuracy_std": 0.009268864629949799,
    "eval_auc_mean": 0.9283664298083224,
    "eval_auc_std": 0.00908331702068028,
    "eval_auprc_mean": 0.9357630367209957,
    "eval_auprc_std": 0.006750570944461206,
    "eval_f1_mean": 0.8398252258660523,
    "eval_f1_std": 0.011711641089872521,
    "eval_loss_mean": 0.39906964302062986,
    "eval_loss_std": 0.03011543433222295,
    "eval_matthews_correlation_mean": 0.6992888667248662,
    "eval_matthews_correlation_std": 0.017265910640750996,
    "eval_precision_mean": 0.8810481746328767,
    "eval_precision_std": 0.04549075077590061,
    "eval_recall_mean": 0.8075691411935952,
    "eval_recall_std": 0.053832954071439974,
    "eval_runtime_mean": 1.0146000000000002,
    "eval_runtime_std": 0.0027121946832776894,
    "eval_samples_per_second_mean": 1354.0872,
    "eval_samples_per_second_std": 3.8931792355349026,
    "eval_steps_per_second_mean": 84.76579999999998,
    "eval_steps_per_second_std": 0.22670985862992377
  },
  "cv_fold_metrics": [
    {
      "eval_loss": 0.42919406294822693,
      "eval_accuracy": 0.8631732168850073,
      "eval_f1": 0.8590704647676162,
      "eval_precision": 0.8856259659969088,
      "eval_recall": 0.834061135371179,
      "eval_matthews_correlation": 0.7275807494666011,
      "eval_auc": 0.9348495346092646,
      "eval_auprc": 0.9373345820395089,
      "eval_runtime": 1.0114,
      "eval_samples_per_second": 1358.564,
      "eval_steps_per_second": 85.034,
      "epoch": 6.0
    },
    {
      "eval_loss": 0.37091636657714844,
      "eval_accuracy": 0.846433770014556,
      "eval_f1": 0.8412340105342363,
      "eval_precision": 0.8707165109034268,
      "eval_recall": 0.8136826783114993,
      "eval_matthews_correlation": 0.694358726814042,
      "eval_auc": 0.9192425773726665,
      "eval_auprc": 0.927590152037961,
      "eval_runtime": 1.0171,
      "eval_samples_per_second": 1350.941,
      "eval_steps_per_second": 84.557,
      "epoch": 5.0
    },
    {
      "eval_loss": 0.3878127634525299,
      "eval_accuracy": 0.8435225618631732,
      "eval_f1": 0.8286852589641435,
      "eval_precision": 0.9154929577464789,
      "eval_recall": 0.7569141193595342,
      "eval_matthews_correlation": 0.6975901020742804,
      "eval_auc": 0.9177742605976238,
      "eval_auprc": 0.9308567921775751,
      "eval_runtime": 1.0119,
      "eval_samples_per_second": 1357.884,
      "eval_steps_per_second": 84.991,
      "epoch": 5.0
    },
    {
      "eval_loss": 0.4402144253253937,
      "eval_accuracy": 0.8347889374090247,
      "eval_f1": 0.8435561681598898,
      "eval_precision": 0.8010471204188482,
      "eval_recall": 0.8908296943231441,
      "eval_matthews_correlation": 0.6738236267570081,
      "eval_auc": 0.9283681767234712,
      "eval_auprc": 0.9356729531444781,
      "eval_runtime": 1.0144,
      "eval_samples_per_second": 1354.547,
      "eval_steps_per_second": 84.782,
      "epoch": 6.0
    },
    {
      "eval_loss": 0.36721059679985046,
      "eval_accuracy": 0.844136926438456,
      "eval_f1": 0.826580226904376,
      "eval_precision": 0.9323583180987203,
      "eval_recall": 0.74235807860262,
      "eval_matthews_correlation": 0.7030911285123996,
      "eval_auc": 0.9415975997385853,
      "eval_auprc": 0.9473607042054554,
      "eval_runtime": 1.0182,
      "eval_samples_per_second": 1348.5,
      "eval_steps_per_second": 84.465,
      "epoch": 5.0
    }
  ],
  "test_metrics": {
    "eval_loss": 0.38590553402900696,
    "eval_accuracy": 0.8582028029678483,
    "eval_f1": 0.8537414965986394,
    "eval_precision": 0.8807017543859649,
    "eval_recall": 0.8283828382838284,
    "eval_matthews_correlation": 0.7176570186298117,
    "eval_auc": 0.9322453662170171,
    "eval_auprc": 0.942084407028268,
    "eval_runtime": 0.8803,
    "eval_samples_per_second": 1377.866,
    "eval_steps_per_second": 86.33,
    "epoch": 6.0
  }
}