{
  "experiment": "rbp",
  "model_type": "dnabert2",
  "variant": "dnabert2_random",
  "rbp_name": "HNRNPK_K562_200",
  "weights_path": "",
  "max_length": 512,
  "n_folds": 5,
  "hyperparameters": {
    "learning_rate": 5e-05,
    "per_device_train_batch_size": 16,
    "weight_decay": 0.01,
    "warmup_ratio": 0.1,
    "num_train_epochs": 10,
    "gradient_accumulation_steps": 1,
    "early_stopping_patience": 3
  },
  "cv_metrics": {
    "epoch_mean": 7.4,
    "epoch_std": 1.624807680927192,
    "eval_accuracy_mean": 0.9272925764192141,
    "eval_accuracy_std": 0.007391402130921712,
    "eval_auc_mean": 0.9813914190582814,
    "eval_auc_std": 0.005464715067151411,
    "eval_auprc_mean": 0.9811064244539394,
    "eval_auprc_std": 0.0061530340935510965,
    "eval_f1_mean": 0.9285245275111251,
    "eval_f1_std": 0.009066255101631025,
    "eval_loss_mean": 0.30738145112991333,
    "eval_loss_std": 0.05906160884026929,
    "eval_matthews_correlation_mean": 0.8570661691816028,
    "eval_matthews_correlation_std": 0.014645794176855033,
    "eval_precision_mean": 0.9107521945862326,
    "eval_precision_std": 0.021843063767420914,
    "eval_recall_mean": 0.9488337649183493,
    "eval_recall_std": 0.03632446729380719,
    "eval_runtime_mean": 0.98784,
    "eval_runtime_std": 0.0022756098083810427,
    "eval_samples_per_second_mean": 927.2630000000001,
    "eval_samples_per_second_std": 2.1277512072608666,
    "eval_steps_per_second_mean": 58.7128,
    "eval_steps_per_second_std": 0.1346809563375614
  },
  "cv_fold_metrics": [
    {
      "eval_loss": 0.2545984983444214,
      "eval_accuracy": 0.9279475982532751,
      "eval_f1": 0.9318181818181818,
      "eval_precision": 0.8825831702544031,
      "eval_recall": 0.986870897155361,
      "eval_matthews_correlation": 0.8619405800302079,
      "eval_auc": 0.9884297993449751,
      "eval_auprc": 0.9882932885551448,
      "eval_runtime": 0.9838,
      "eval_samples_per_second": 931.043,
      "eval_steps_per_second": 58.952,
      "epoch": 7.0
    },
    {
      "eval_loss": 0.38124996423721313,
      "eval_accuracy": 0.915938864628821,
      "eval_f1": 0.9125993189557321,
      "eval_precision": 0.9481132075471698,
      "eval_recall": 0.8796498905908097,
      "eval_matthews_correlation": 0.8340189202552376,
      "eval_auc": 0.9741756172442232,
      "eval_auprc": 0.9713133179876348,
      "eval_runtime": 0.9886,
      "eval_samples_per_second": 926.525,
      "eval_steps_per_second": 58.666,
      "epoch": 8.0
    },
    {
      "eval_loss": 0.3460245728492737,
      "eval_accuracy": 0.9344978165938864,
      "eval_f1": 0.9361702127659575,
      "eval_precision": 0.9109730848861284,
      "eval_recall": 0.962800875273523,
      "eval_matthews_correlation": 0.8704145707880213,
      "eval_auc": 0.9855312900749894,
      "eval_auprc": 0.9859599822008451,
      "eval_runtime": 0.9883,
      "eval_samples_per_second": 926.857,
      "eval_steps_per_second": 58.687,
      "epoch": 10.0
    },
    {
      "eval_loss": 0.22310331463813782,
      "eval_accuracy": 0.9355895196506551,
      "eval_f1": 0.9371671991480298,
      "eval_precision": 0.9147609147609148,
      "eval_recall": 0.9606986899563319,
      "eval_matthews_correlation": 0.8722796266557208,
      "eval_auc": 0.9827806487290479,
      "eval_auprc": 0.9827810659694499,
      "eval_runtime": 0.9908,
      "eval_samples_per_second": 924.502,
      "eval_steps_per_second": 58.538,
      "epoch": 7.0
    },
    {
      "eval_loss": 0.33193090558052063,
      "eval_accuracy": 0.9224890829694323,
      "eval_f1": 0.9248677248677248,
      "eval_precision": 0.8973305954825462,
      "eval_recall": 0.9541484716157205,
      "eval_matthews_correlation": 0.8466771481788263,
      "eval_auc": 0.9760397398981713,
      "eval_auprc": 0.9771844675566216,
      "eval_runtime": 0.9877,
      "eval_samples_per_second": 927.388,
      "eval_steps_per_second": 58.721,
      "epoch": 5.0
    }
  ],
  "test_metrics": {
    "eval_loss": 0.3821360170841217,
    "eval_accuracy": 0.9275741710296684,
    "eval_f1": 0.9255605381165919,
    "eval_precision": 0.9573283858998145,
    "eval_recall": 0.8958333333333334,
    "eval_matthews_correlation": 0.8569807152835964,
    "eval_auc": 0.978524000974659,
    "eval_auprc": 0.9767403050767359,
    "eval_runtime": 1.2279,
    "eval_samples_per_second": 933.304,
    "eval_steps_per_second": 58.637,
    "epoch": 10.0
  }
}