{
  "task_id": "data/ILF3_HepG2_IDR",
  "model_variant": "dnabert2_pretrained",
  "best_layer": 7,
  "best_auroc": 0.87841796875,
  "layer_aurocs": {
    "0": 0.859375,
    "1": 0.859527587890625,
    "2": 0.865020751953125,
    "3": 0.857269287109375,
    "4": 0.858642578125,
    "5": 0.86163330078125,
    "6": 0.86895751953125,
    "7": 0.87841796875,
    "8": 0.873199462890625,
    "9": 0.86834716796875,
    "10": 0.854827880859375,
    "11": 0.833404541015625
  }
}