{
  "task_id": "data/MATR3_K562_IDR",
  "model_variant": "dnabert2_pretrained",
  "best_layer": 3,
  "best_auroc": 0.9657557744062935,
  "layer_aurocs": {
    "0": 0.9468473663975393,
    "1": 0.9557241297725726,
    "2": 0.9610785792446691,
    "3": 0.9657557744062935,
    "4": 0.9571703191080354,
    "5": 0.9492931712654895,
    "6": 0.9522106881968474,
    "7": 0.9583207642031171,
    "8": 0.9611924407772158,
    "9": 0.9582645727974448,
    "10": 0.958881199538639,
    "11": 0.9549478011415727,
    "12": 0.9496983408748114
  }
}