{
  "task_id": "data/KHSRP_K562_IDR",
  "model_variant": "dnabert2_pretrained",
  "best_layer": 2,
  "best_auroc": 0.924224853515625,
  "layer_aurocs": {
    "0": 0.8970947265625,
    "1": 0.921600341796875,
    "2": 0.924224853515625,
    "3": 0.9124755859375,
    "4": 0.886474609375,
    "5": 0.887847900390625,
    "6": 0.87158203125,
    "7": 0.86334228515625,
    "8": 0.86749267578125,
    "9": 0.881500244140625,
    "10": 0.886749267578125,
    "11": 0.881622314453125
  }
}