{
  "task_id": "data/GTF2F1_K562_IDR",
  "model_variant": "dnabert2_pretrained",
  "best_layer": 1,
  "best_auroc": 0.9569840002365954,
  "layer_aurocs": {
    "0": 0.9281385857510426,
    "1": 0.9569840002365954,
    "2": 0.9556073107976223,
    "3": 0.956774021825925,
    "4": 0.9506254990684055,
    "5": 0.9463002395528347,
    "6": 0.9437021264010884,
    "7": 0.9416245231124123,
    "8": 0.9400511637535857,
    "9": 0.9414470765681839,
    "10": 0.9414736935498181,
    "11": 0.9389716972761957,
    "12": 0.9285496702451719
  }
}