{
  "task_id": "data/PTBP1_HepG2_IDR",
  "model_variant": "dnabert2_pretrained",
  "best_layer": 2,
  "best_auroc": 0.969757080078125,
  "layer_aurocs": {
    "0": 0.959686279296875,
    "1": 0.96112060546875,
    "2": 0.969757080078125,
    "3": 0.964752197265625,
    "4": 0.9659423828125,
    "5": 0.967498779296875,
    "6": 0.964996337890625,
    "7": 0.965057373046875,
    "8": 0.959564208984375,
    "9": 0.961669921875,
    "10": 0.9588623046875,
    "11": 0.949737548828125
  }
}