{
  "task_id": "data/MATR3_K562_IDR",
  "model_variant": "dnabert2_pretrained",
  "best_layer": 2,
  "best_auroc": 0.960723876953125,
  "layer_aurocs": {
    "0": 0.94879150390625,
    "1": 0.958099365234375,
    "2": 0.960723876953125,
    "3": 0.952880859375,
    "4": 0.946746826171875,
    "5": 0.951446533203125,
    "6": 0.957611083984375,
    "7": 0.957366943359375,
    "8": 0.9581298828125,
    "9": 0.95648193359375,
    "10": 0.952728271484375,
    "11": 0.941558837890625
  }
}