{
  "task_id": "data/KHSRP_K562_IDR",
  "model_variant": "dnabert2_pretrained",
  "best_layer": 3,
  "best_auroc": 0.9275707568095111,
  "layer_aurocs": {
    "0": 0.8859003933398396,
    "1": 0.8968784195427795,
    "2": 0.9232454972939401,
    "3": 0.9275707568095111,
    "4": 0.9125794812646024,
    "5": 0.8979283115961316,
    "6": 0.8851240647088398,
    "7": 0.8835107798775619,
    "8": 0.8699671723893176,
    "9": 0.885447904652057,
    "10": 0.897008547008547,
    "11": 0.9015911040132494,
    "12": 0.89565995327241
  }
}