{
  "task_id": "finetune_data_koo/QKI_K562_200",
  "model_variant": "dnabert2_pretrained",
  "best_layer": 2,
  "best_auroc": 0.9709135539585366,
  "layer_aurocs": {
    "0": 0.9510055304172951,
    "1": 0.9666341348002249,
    "2": 0.9709135539585366,
    "3": 0.9664078904563335,
    "4": 0.9526794428178512,
    "5": 0.9348933842013427,
    "6": 0.9480244284742554,
    "7": 0.9283825747493566,
    "8": 0.9368452961878567,
    "9": 0.9346641824150475,
    "10": 0.9473456954425814,
    "11": 0.9549625883535917,
    "12": 0.9324076538609412
  }
}