{
  "task_id": "finetune_data_koo/TARDBP_K562_200",
  "model_variant": "dnabert2_pretrained",
  "best_layer": 1,
  "best_auroc": 0.9861769142045957,
  "layer_aurocs": {
    "0": 0.9735678585159553,
    "1": 0.9861769142045957,
    "2": 0.9831307485286725,
    "3": 0.9841895129092361,
    "4": 0.9771064383521131,
    "5": 0.973853251707923,
    "6": 0.974410729601041,
    "7": 0.9657956998787448,
    "8": 0.9649380415816402,
    "9": 0.968362759885251,
    "10": 0.9737364327329725,
    "11": 0.9762251205157779,
    "12": 0.9625158962529206
  }
}