{
  "task_id": "finetune_data_koo/PUM2_K562_200",
  "model_variant": "dnabert2_pretrained",
  "best_layer": 3,
  "best_auroc": 0.8872401147487652,
  "layer_aurocs": {
    "0": 0.7797503918611185,
    "1": 0.8614793126903854,
    "2": 0.8732780291603822,
    "3": 0.8872401147487652,
    "4": 0.8810087836039393,
    "5": 0.8256218022654009,
    "6": 0.8382441664448586,
    "7": 0.8146452547836631,
    "8": 0.816367964983882,
    "9": 0.8312098896873984,
    "10": 0.8234347736077838,
    "11": 0.8268831514506255,
    "12": 0.8069810427941915
  }
}