{
  "task_id": "finetune_data_koo/TIA1_K562_200",
  "model_variant": "dnabert2_pretrained",
  "best_layer": 3,
  "best_auroc": 0.8684045111369731,
  "layer_aurocs": {
    "0": 0.8644976277989664,
    "1": 0.8499095828034158,
    "2": 0.8653825183480255,
    "3": 0.8684045111369731,
    "4": 0.8184146747217723,
    "5": 0.8228400029637238,
    "6": 0.8134401157604778,
    "7": 0.8109069388333181,
    "8": 0.8010189920483741,
    "9": 0.7947624321568327,
    "10": 0.8098387043823772,
    "11": 0.8076107274523325
  }
}