{
  "task_id": "finetune_data_koo/U2AF1_K562_200",
  "model_variant": "dnabert2_pretrained",
  "best_layer": 3,
  "best_auroc": 0.9156810258649932,
  "layer_aurocs": {
    "0": 0.899204579066295,
    "1": 0.8633723231478284,
    "2": 0.8939242875716144,
    "3": 0.9156810258649932,
    "4": 0.8948460455028501,
    "5": 0.8954622207337879,
    "6": 0.8885905302634962,
    "7": 0.8980977323880619,
    "8": 0.8998176768300229,
    "9": 0.8829084974602721,
    "10": 0.8635525094179914,
    "11": 0.8098543170717556
  }
}