{
  "task_id": "finetune_data_koo/TARDBP_K562_200",
  "model_variant": "dnabert2_pretrained",
  "best_layer": 0,
  "best_auroc": 0.9822992887033005,
  "layer_aurocs": {
    "0": 0.9822992887033005,
    "1": 0.9801325779116024,
    "2": 0.9812922402920758,
    "3": 0.9732049032641019,
    "4": 0.9660634695883309,
    "5": 0.9660939722643851,
    "6": 0.9660330134812477,
    "7": 0.9674063920465383,
    "8": 0.9674368146239624,
    "9": 0.9697257000426557,
    "10": 0.9704275633588362,
    "11": 0.9525739828949263
  }
}