{
  "task_id": "finetune_data_koo/TIA1_K562_200",
  "model_variant": "dnabert2_pretrained",
  "best_layer": 3,
  "best_auroc": 0.8702082039452282,
  "layer_aurocs": {
    "0": 0.8065004584035724,
    "1": 0.866613432703398,
    "2": 0.851131221719457,
    "3": 0.8702082039452282,
    "4": 0.8655191790139887,
    "5": 0.8453923047348653,
    "6": 0.847225919025227,
    "7": 0.8305592523585602,
    "8": 0.8415505870523173,
    "9": 0.8320246650696477,
    "10": 0.8278428415106616,
    "11": 0.8274716824889836,
    "12": 0.8184485257149617
  }
}