{
  "task_id": "finetune_data_koo/SRSF1_K562_200",
  "model_variant": "dnabert2_pretrained",
  "best_layer": 3,
  "best_auroc": 0.9301409998168835,
  "layer_aurocs": {
    "0": 0.8983092229750351,
    "1": 0.8976988341573582,
    "2": 0.9212598425196851,
    "3": 0.9301409998168835,
    "4": 0.9151559543429164,
    "5": 0.9087468717573095,
    "6": 0.8896111823231398,
    "7": 0.8877494964292254,
    "8": 0.8854300189220532,
    "9": 0.8718488677287433,
    "10": 0.8758469144845267,
    "11": 0.8547274613929072
  }
}