{
  "experiment": "cross_length",
  "model_type": "dnabert2",
  "variant": "tapt_v3",
  "pair_name": "EIF4E_HepG2_ENCSR383BCQ",
  "max_length": 256,
  "n_folds": 5,
  "hyperparameters": {
    "learning_rate": 5e-05,
    "per_device_train_batch_size": 16,
    "weight_decay": 0.01,
    "warmup_ratio": 0.1,
    "num_train_epochs": 10,
    "gradient_accumulation_steps": 1,
    "early_stopping_patience": 3
  },
  "cv_metrics": {
    "epoch_mean": 4.8,
    "epoch_std": 0.7483314773547882,
    "eval_accuracy_mean": 0.9238978296175994,
    "eval_accuracy_std": 0.029953681396640775,
    "eval_auc_mean": 0.9715317761794392,
    "eval_auc_std": 0.008682836271854616,
    "eval_auprc_mean": 0.9594432922523218,
    "eval_auprc_std": 0.01260667029964018,
    "eval_f1_mean": 0.9126964599463314,
    "eval_f1_std": 0.03011369083659952,
    "eval_loss_mean": 0.2508827567100525,
    "eval_loss_std": 0.09255602380475782,
    "eval_matthews_correlation_mean": 0.8318574130425468,
    "eval_matthews_correlation_std": 0.056127412827888884,
    "eval_precision_mean": 0.9255079264417558,
    "eval_precision_std": 0.041161888573401924,
    "eval_recall_mean": 0.9070805050709442,
    "eval_recall_std": 0.017433678922083473,
    "eval_runtime_mean": 0.28552,
    "eval_runtime_std": 0.0073892895463636985,
    "eval_samples_per_second_mean": 1823.0600000000002,
    "eval_samples_per_second_std": 47.76001242043388,
    "eval_steps_per_second_mean": 115.64959999999999,
    "eval_steps_per_second_std": 3.022878138463407
  },
  "cv_fold_metrics": [
    {
      "eval_loss": 0.4329184293746948,
      "eval_accuracy": 0.8656429942418427,
      "eval_f1": 0.8550246462076643,
      "eval_matthews_correlation": 0.7242070859860321,
      "eval_precision": 0.8445304390303474,
      "eval_recall": 0.8805729799001754,
      "eval_auc": 0.9612167813300958,
      "eval_auprc": 0.9413343921565221,
      "eval_runtime": 0.2842,
      "eval_samples_per_second": 1832.927,
      "eval_steps_per_second": 116.097,
      "epoch": 4.0
    },
    {
      "eval_loss": 0.20412810146808624,
      "eval_accuracy": 0.9346153846153846,
      "eval_f1": 0.9218736190897039,
      "eval_matthews_correlation": 0.8502678028935525,
      "eval_precision": 0.9462329532752067,
      "eval_recall": 0.9050324675324675,
      "eval_auc": 0.9823626893939393,
      "eval_auprc": 0.9749359264023678,
      "eval_runtime": 0.2731,
      "eval_samples_per_second": 1903.801,
      "eval_steps_per_second": 120.818,
      "epoch": 5.0
    },
    {
      "eval_loss": 0.17694590985774994,
      "eval_accuracy": 0.9519230769230769,
      "eval_f1": 0.9436739327293445,
      "eval_matthews_correlation": 0.8894877898914412,
      "eval_precision": 0.9564121743156845,
      "eval_recall": 0.9333739177489178,
      "eval_auc": 0.965131222943723,
      "eval_auprc": 0.959196508741386,
      "eval_runtime": 0.2873,
      "eval_samples_per_second": 1810.176,
      "eval_steps_per_second": 114.877,
      "epoch": 6.0
    },
    {
      "eval_loss": 0.21121364831924438,
      "eval_accuracy": 0.9326923076923077,
      "eval_f1": 0.91912225426719,
      "eval_matthews_correlation": 0.8464263746245522,
      "eval_precision": 0.9472138824373573,
      "eval_recall": 0.9005005411255411,
      "eval_auc": 0.9813649891774892,
      "eval_auprc": 0.9714229750292394,
      "eval_runtime": 0.2869,
      "eval_samples_per_second": 1812.501,
      "eval_steps_per_second": 115.024,
      "epoch": 4.0
    },
    {
      "eval_loss": 0.22920769453048706,
      "eval_accuracy": 0.9346153846153846,
      "eval_f1": 0.9237878474377543,
      "eval_matthews_correlation": 0.8488980118171559,
      "eval_precision": 0.9331501831501832,
      "eval_recall": 0.9159226190476191,
      "eval_auc": 0.9675831980519481,
      "eval_auprc": 0.9503266589320944,
      "eval_runtime": 0.2961,
      "eval_samples_per_second": 1755.895,
      "eval_steps_per_second": 111.432,
      "epoch": 5.0
    }
  ],
  "test_metrics": {
    "eval_loss": 0.22629493474960327,
    "eval_accuracy": 0.9272211720226843,
    "eval_f1": 0.9267427496197913,
    "eval_matthews_correlation": 0.8548010661695975,
    "eval_precision": 0.9292460088022239,
    "eval_recall": 0.9255629917000263,
    "eval_auc": 0.9693605684831273,
    "eval_auprc": 0.973323828012249,
    "eval_runtime": 2.6209,
    "eval_samples_per_second": 1614.69,
    "eval_steps_per_second": 101.109,
    "epoch": 7.0
  }
}