{
  "experiment": "cross_cell",
  "model_type": "dnabert2",
  "variant": "tapt_v3",
  "pair_name": "HNRNPUL1_train_K562_test_HepG2_fixlen_101",
  "max_length": 128,
  "n_folds": 5,
  "hyperparameters": {
    "learning_rate": 5e-05,
    "per_device_train_batch_size": 16,
    "weight_decay": 0.01,
    "warmup_ratio": 0.1,
    "num_train_epochs": 10,
    "gradient_accumulation_steps": 1,
    "early_stopping_patience": 3
  },
  "cv_metrics": {
    "epoch_mean": 6.6,
    "epoch_std": 1.3564659966250536,
    "eval_accuracy_mean": 0.7827586206896552,
    "eval_accuracy_std": 0.0622602416733372,
    "eval_auc_mean": 0.8754996885793556,
    "eval_auc_std": 0.0411342559073467,
    "eval_auprc_mean": 0.859946586214771,
    "eval_auprc_std": 0.07720458482932914,
    "eval_f1_mean": 0.7807187132087238,
    "eval_f1_std": 0.06340225419436607,
    "eval_loss_mean": 0.5343656063079834,
    "eval_loss_std": 0.06941350023237215,
    "eval_matthews_correlation_mean": 0.5779283210374512,
    "eval_matthews_correlation_std": 0.11805806674497975,
    "eval_precision_mean": 0.7939823448250868,
    "eval_precision_std": 0.057617233932578504,
    "eval_recall_mean": 0.7841050903119868,
    "eval_recall_std": 0.06057832354664279,
    "eval_runtime_mean": 0.05656,
    "eval_runtime_std": 0.0011689311356961978,
    "eval_samples_per_second_mean": 1025.5412000000001,
    "eval_samples_per_second_std": 20.63395767563747,
    "eval_steps_per_second_mean": 70.727,
    "eval_steps_per_second_std": 1.4231347090138753
  },
  "cv_fold_metrics": [
    {
      "eval_loss": 0.5323634147644043,
      "eval_accuracy": 0.7586206896551724,
      "eval_f1": 0.753939393939394,
      "eval_matthews_correlation": 0.5381220025006315,
      "eval_precision": 0.7799227799227799,
      "eval_recall": 0.7586206896551724,
      "eval_auc": 0.9013079667063021,
      "eval_auprc": 0.9246378283294834,
      "eval_runtime": 0.0567,
      "eval_samples_per_second": 1022.085,
      "eval_steps_per_second": 70.489,
      "epoch": 5.0
    },
    {
      "eval_loss": 0.4207277297973633,
      "eval_accuracy": 0.8275862068965517,
      "eval_f1": 0.8273809523809524,
      "eval_matthews_correlation": 0.6626870114100435,
      "eval_precision": 0.8329326923076923,
      "eval_recall": 0.8297619047619048,
      "eval_auc": 0.8976190476190476,
      "eval_auprc": 0.8979038541385619,
      "eval_runtime": 0.0585,
      "eval_samples_per_second": 992.168,
      "eval_steps_per_second": 68.425,
      "epoch": 8.0
    },
    {
      "eval_loss": 0.586646318435669,
      "eval_accuracy": 0.7068965517241379,
      "eval_f1": 0.7025641025641025,
      "eval_matthews_correlation": 0.44065615997136415,
      "eval_precision": 0.7290862290862291,
      "eval_recall": 0.7119047619047618,
      "eval_auc": 0.8011904761904762,
      "eval_auprc": 0.7231720682837256,
      "eval_runtime": 0.0553,
      "eval_samples_per_second": 1048.495,
      "eval_steps_per_second": 72.31,
      "epoch": 7.0
    },
    {
      "eval_loss": 0.5093305706977844,
      "eval_accuracy": 0.8793103448275862,
      "eval_f1": 0.8784067085953878,
      "eval_matthews_correlation": 0.7615924684653126,
      "eval_precision": 0.8842424242424243,
      "eval_recall": 0.8773809523809524,
      "eval_auc": 0.9154761904761904,
      "eval_auprc": 0.9264437263229688,
      "eval_runtime": 0.0554,
      "eval_samples_per_second": 1046.262,
      "eval_steps_per_second": 72.156,
      "epoch": 5.0
    },
    {
      "eval_loss": 0.622759997844696,
      "eval_accuracy": 0.7413793103448276,
      "eval_f1": 0.7413024085637823,
      "eval_matthews_correlation": 0.48658396283990407,
      "eval_precision": 0.7437275985663083,
      "eval_recall": 0.7428571428571429,
      "eval_auc": 0.8619047619047618,
      "eval_auprc": 0.8275754539991151,
      "eval_runtime": 0.0569,
      "eval_samples_per_second": 1018.696,
      "eval_steps_per_second": 70.255,
      "epoch": 8.0
    }
  ],
  "test_metrics": {
    "eval_loss": 0.48763009905815125,
    "eval_accuracy": 0.7697642163661581,
    "eval_f1": 0.7641748108448929,
    "eval_matthews_correlation": 0.5722698006610462,
    "eval_precision": 0.8017458279845957,
    "eval_recall": 0.7713316095669037,
    "eval_auc": 0.9131267891772092,
    "eval_auprc": 0.921260212196186,
    "eval_runtime": 0.5574,
    "eval_samples_per_second": 1293.465,
    "eval_steps_per_second": 82.523,
    "epoch": 5.0
  }
}