{
  "experiment": "cross_cell",
  "model_type": "dnabert2",
  "variant": "pretrained",
  "pair_name": "DDX3X_train_K562_test_HepG2_fixlen_101",
  "max_length": 128,
  "n_folds": 5,
  "hyperparameters": {
    "learning_rate": 5e-05,
    "per_device_train_batch_size": 16,
    "weight_decay": 0.01,
    "warmup_ratio": 0.1,
    "num_train_epochs": 10,
    "gradient_accumulation_steps": 1,
    "early_stopping_patience": 3
  },
  "cv_metrics": {
    "epoch_mean": 5.2,
    "epoch_std": 0.7483314773547882,
    "eval_accuracy_mean": 0.9103267973856208,
    "eval_accuracy_std": 0.0068599434057003295,
    "eval_auc_mean": 0.9640583649166132,
    "eval_auc_std": 0.004432246332641598,
    "eval_auprc_mean": 0.9377395185126558,
    "eval_auprc_std": 0.012017003909378062,
    "eval_f1_mean": 0.9053658926889989,
    "eval_f1_std": 0.007820743540455324,
    "eval_loss_mean": 0.2739800691604614,
    "eval_loss_std": 0.03768117450240632,
    "eval_matthews_correlation_mean": 0.8113350318609912,
    "eval_matthews_correlation_std": 0.01576808074591723,
    "eval_precision_mean": 0.9057246208836816,
    "eval_precision_std": 0.005905000709147004,
    "eval_recall_mean": 0.9056366572697347,
    "eval_recall_std": 0.010526009016946794,
    "eval_runtime_mean": 1.1697600000000001,
    "eval_runtime_std": 0.011914126069502547,
    "eval_samples_per_second_mean": 1308.0958000000003,
    "eval_samples_per_second_std": 13.121014585770391,
    "eval_steps_per_second_mean": 82.07660000000001,
    "eval_steps_per_second_std": 0.8234523908520776
  },
  "cv_fold_metrics": [
    {
      "eval_loss": 0.24952073395252228,
      "eval_accuracy": 0.9163398692810457,
      "eval_f1": 0.9124626321285025,
      "eval_matthews_correlation": 0.8254999870390504,
      "eval_precision": 0.909671395172557,
      "eval_recall": 0.9158517269154463,
      "eval_auc": 0.9660248058830633,
      "eval_auprc": 0.9289818775548672,
      "eval_runtime": 1.1687,
      "eval_samples_per_second": 1309.167,
      "eval_steps_per_second": 82.144,
      "epoch": 5.0
    },
    {
      "eval_loss": 0.2310582846403122,
      "eval_accuracy": 0.9150326797385621,
      "eval_f1": 0.9114439839788855,
      "eval_matthews_correlation": 0.8242371282606694,
      "eval_precision": 0.9076187840336771,
      "eval_recall": 0.9166680181422077,
      "eval_auc": 0.9699467879030326,
      "eval_auprc": 0.9395682411000965,
      "eval_runtime": 1.1625,
      "eval_samples_per_second": 1316.133,
      "eval_steps_per_second": 82.581,
      "epoch": 5.0
    },
    {
      "eval_loss": 0.33914458751678467,
      "eval_accuracy": 0.9026143790849673,
      "eval_f1": 0.8968055764913896,
      "eval_matthews_correlation": 0.7937556209985384,
      "eval_precision": 0.8985771466917387,
      "eval_recall": 0.8951857194374324,
      "eval_auc": 0.9607464839523981,
      "eval_auprc": 0.9451571839546128,
      "eval_runtime": 1.193,
      "eval_samples_per_second": 1282.528,
      "eval_steps_per_second": 80.472,
      "epoch": 6.0
    },
    {
      "eval_loss": 0.2894052267074585,
      "eval_accuracy": 0.9013071895424837,
      "eval_f1": 0.8948553629772367,
      "eval_matthews_correlation": 0.7904355862306501,
      "eval_precision": 0.899193170091003,
      "eval_recall": 0.8912820050486837,
      "eval_auc": 0.9574053371799496,
      "eval_auprc": 0.9203653432283795,
      "eval_runtime": 1.1608,
      "eval_samples_per_second": 1318.042,
      "eval_steps_per_second": 82.701,
      "epoch": 4.0
    },
    {
      "eval_loss": 0.2607715129852295,
      "eval_accuracy": 0.9163398692810457,
      "eval_f1": 0.9112619078689809,
      "eval_matthews_correlation": 0.8227468367760477,
      "eval_precision": 0.9135626084294316,
      "eval_recall": 0.9091958168049045,
      "eval_auc": 0.966168409664623,
      "eval_auprc": 0.9546249467253226,
      "eval_runtime": 1.1638,
      "eval_samples_per_second": 1314.609,
      "eval_steps_per_second": 82.485,
      "epoch": 6.0
    }
  ],
  "test_metrics": {
    "eval_loss": 0.2074747085571289,
    "eval_accuracy": 0.9295791069138394,
    "eval_f1": 0.926479874604563,
    "eval_matthews_correlation": 0.8529913803778129,
    "eval_precision": 0.9272211167170465,
    "eval_recall": 0.9257714954436234,
    "eval_auc": 0.9783927721358298,
    "eval_auprc": 0.9565538129373354,
    "eval_runtime": 6.7659,
    "eval_samples_per_second": 1267.673,
    "eval_steps_per_second": 79.368,
    "epoch": 5.0
  }
}