{
  "experiment": "cross_cell",
  "model_type": "lamar",
  "variant": "pretrained_custom",
  "pair_name": "HNRNPU_train_K562_test_HepG2_fixlen_101",
  "pretrain_path": "/gpfs/bwfor/work/ws/fr_ml642-thesis_work/Thesis/LAMAR/src/pretrain/saving_model/tapt_512_standard_collator_1gpu/checkpoint-265000/model.safetensors",
  "max_length": 512,
  "n_folds": 5,
  "hyperparameters": {
    "learning_rate": 5e-05,
    "per_device_train_batch_size": 16,
    "weight_decay": 0.01,
    "warmup_ratio": 0.1,
    "num_train_epochs": 10,
    "gradient_accumulation_steps": 1,
    "early_stopping_patience": 3
  },
  "cv_metrics": {
    "epoch_mean": 8.0,
    "epoch_std": 2.449489742783178,
    "eval_accuracy_mean": 0.728125,
    "eval_accuracy_std": 0.07756046028744286,
    "eval_auc_mean": 0.8196890318627451,
    "eval_auc_std": 0.04006109562026319,
    "eval_auprc_mean": 0.8191766962042166,
    "eval_auprc_std": 0.03179991594240988,
    "eval_f1_mean": 0.6851024848627436,
    "eval_f1_std": 0.12904381420324207,
    "eval_loss_mean": 0.5559875130653381,
    "eval_loss_std": 0.0654238952975173,
    "eval_matthews_correlation_mean": 0.46843149020681174,
    "eval_matthews_correlation_std": 0.14349871599993666,
    "eval_precision_mean": 0.7622191745036573,
    "eval_precision_std": 0.08480146616408717,
    "eval_recall_mean": 0.6641666666666667,
    "eval_recall_std": 0.20078578275255338,
    "eval_runtime_mean": 0.50028,
    "eval_runtime_std": 0.00034292856398964084,
    "eval_samples_per_second_mean": 138.7186,
    "eval_samples_per_second_std": 0.9778585991849821,
    "eval_steps_per_second_mean": 9.994200000000001,
    "eval_steps_per_second_std": 0.006997142273814078
  },
  "cv_fold_metrics": [
    {
      "eval_loss": 0.6190105080604553,
      "eval_accuracy": 0.65625,
      "eval_f1": 0.7105263157894737,
      "eval_precision": 0.6136363636363636,
      "eval_recall": 0.84375,
      "eval_auc": 0.771484375,
      "eval_auprc": 0.8111063316653937,
      "eval_matthews_correlation": 0.337099931231621,
      "eval_runtime": 0.5005,
      "eval_samples_per_second": 139.848,
      "eval_steps_per_second": 9.989,
      "epoch": 5.0
    },
    {
      "eval_loss": 0.6045846939086914,
      "eval_accuracy": 0.6875,
      "eval_f1": 0.6153846153846153,
      "eval_precision": 0.7272727272727273,
      "eval_recall": 0.5333333333333333,
      "eval_auc": 0.7754901960784314,
      "eval_auprc": 0.7853370717125876,
      "eval_matthews_correlation": 0.374943053707453,
      "eval_runtime": 0.5001,
      "eval_samples_per_second": 139.973,
      "eval_steps_per_second": 9.998,
      "epoch": 5.0
    },
    {
      "eval_loss": 0.4488239884376526,
      "eval_accuracy": 0.84375,
      "eval_f1": 0.84375,
      "eval_precision": 0.84375,
      "eval_recall": 0.84375,
      "eval_auc": 0.875,
      "eval_auprc": 0.876433829822394,
      "eval_matthews_correlation": 0.6875,
      "eval_runtime": 0.4998,
      "eval_samples_per_second": 138.051,
      "eval_steps_per_second": 10.004,
      "epoch": 10.0
    },
    {
      "eval_loss": 0.5114868879318237,
      "eval_accuracy": 0.796875,
      "eval_f1": 0.7796610169491527,
      "eval_precision": 0.7931034482758621,
      "eval_recall": 0.7666666666666667,
      "eval_auc": 0.8382352941176471,
      "eval_auprc": 0.7965068656015353,
      "eval_matthews_correlation": 0.5916479774972092,
      "eval_runtime": 0.5002,
      "eval_samples_per_second": 137.943,
      "eval_steps_per_second": 9.996,
      "epoch": 10.0
    },
    {
      "eval_loss": 0.5960314869880676,
      "eval_accuracy": 0.65625,
      "eval_f1": 0.47619047619047616,
      "eval_precision": 0.8333333333333334,
      "eval_recall": 0.3333333333333333,
      "eval_auc": 0.838235294117647,
      "eval_auprc": 0.8264993822191724,
      "eval_matthews_correlation": 0.3509664885977756,
      "eval_runtime": 0.5008,
      "eval_samples_per_second": 137.778,
      "eval_steps_per_second": 9.984,
      "epoch": 10.0
    }
  ],
  "test_metrics": {
    "eval_loss": 0.5035795569419861,
    "eval_accuracy": 0.7375,
    "eval_f1": 0.7755725190839694,
    "eval_precision": 0.6666666666666666,
    "eval_recall": 0.927007299270073,
    "eval_auc": 0.8920039814200398,
    "eval_auprc": 0.8883289601487698,
    "eval_matthews_correlation": 0.5176934661239515,
    "eval_runtime": 4.3248,
    "eval_samples_per_second": 132.491,
    "eval_steps_per_second": 8.324,
    "epoch": 9.0
  }
}