{
  "experiment": "cross_cell",
  "model_type": "dnabert2",
  "variant": "pretrained",
  "pair_name": "UPF1_train_K562_test_HepG2_fixlen_101",
  "max_length": 128,
  "n_folds": 5,
  "hyperparameters": {
    "learning_rate": 5e-05,
    "per_device_train_batch_size": 16,
    "weight_decay": 0.01,
    "warmup_ratio": 0.1,
    "num_train_epochs": 10,
    "gradient_accumulation_steps": 1,
    "early_stopping_patience": 3
  },
  "cv_metrics": {
    "epoch_mean": 5.6,
    "epoch_std": 0.48989794855663565,
    "eval_accuracy_mean": 0.7277794521376307,
    "eval_accuracy_std": 0.00698784888707901,
    "eval_auc_mean": 0.7976062129813124,
    "eval_auc_std": 0.007708231629466118,
    "eval_auprc_mean": 0.7174480796169725,
    "eval_auprc_std": 0.02170553256946761,
    "eval_f1_mean": 0.7201099616029861,
    "eval_f1_std": 0.005619227416390967,
    "eval_loss_mean": 0.5744745612144471,
    "eval_loss_std": 0.02745963923556834,
    "eval_matthews_correlation_mean": 0.4438121245254004,
    "eval_matthews_correlation_std": 0.012783898923881994,
    "eval_precision_mean": 0.7224923513846804,
    "eval_precision_std": 0.007689982725574696,
    "eval_recall_mean": 0.721378834640725,
    "eval_recall_std": 0.007014054278565869,
    "eval_runtime_mean": 2.22402,
    "eval_runtime_std": 0.006114376501328651,
    "eval_samples_per_second_mean": 1292.9815999999998,
    "eval_samples_per_second_std": 3.362316261150908,
    "eval_steps_per_second_mean": 80.93519999999998,
    "eval_steps_per_second_std": 0.2233019480434503
  },
  "cv_fold_metrics": [
    {
      "eval_loss": 0.6179066300392151,
      "eval_accuracy": 0.7235744089012517,
      "eval_f1": 0.720261085738175,
      "eval_matthews_correlation": 0.44537228083794944,
      "eval_precision": 0.7198802541544477,
      "eval_recall": 0.7255278325259124,
      "eval_auc": 0.7947367688140038,
      "eval_auprc": 0.6784332341608796,
      "eval_runtime": 2.2267,
      "eval_samples_per_second": 1291.605,
      "eval_steps_per_second": 80.838,
      "epoch": 6.0
    },
    {
      "eval_loss": 0.5449087023735046,
      "eval_accuracy": 0.7214881780250347,
      "eval_f1": 0.7101424767052757,
      "eval_matthews_correlation": 0.42180224339049555,
      "eval_precision": 0.7136702223238642,
      "eval_recall": 0.7081679077625311,
      "eval_auc": 0.7907031450876127,
      "eval_auprc": 0.7099235555797222,
      "eval_runtime": 2.229,
      "eval_samples_per_second": 1290.238,
      "eval_steps_per_second": 80.752,
      "epoch": 5.0
    },
    {
      "eval_loss": 0.5510748624801636,
      "eval_accuracy": 0.7253129346314325,
      "eval_f1": 0.7223721125741713,
      "eval_matthews_correlation": 0.4506550093727229,
      "eval_precision": 0.7223683095231752,
      "eval_recall": 0.7283260797235621,
      "eval_auc": 0.8049751258626872,
      "eval_auprc": 0.7322352445811569,
      "eval_runtime": 2.2304,
      "eval_samples_per_second": 1289.45,
      "eval_steps_per_second": 80.703,
      "epoch": 5.0
    },
    {
      "eval_loss": 0.5936753749847412,
      "eval_accuracy": 0.7412173913043478,
      "eval_f1": 0.727412305518429,
      "eval_matthews_correlation": 0.46038471241763473,
      "eval_precision": 0.7367630692580391,
      "eval_recall": 0.7238039953740288,
      "eval_auc": 0.8083998996777346,
      "eval_auprc": 0.7385257488936338,
      "eval_runtime": 2.2198,
      "eval_samples_per_second": 1295.171,
      "eval_steps_per_second": 81.089,
      "epoch": 6.0
    },
    {
      "eval_loss": 0.5648072361946106,
      "eval_accuracy": 0.727304347826087,
      "eval_f1": 0.7203618274788794,
      "eval_matthews_correlation": 0.44084637660819964,
      "eval_precision": 0.7197799016638757,
      "eval_recall": 0.721068357817591,
      "eval_auc": 0.789216125464524,
      "eval_auprc": 0.7281226148694703,
      "eval_runtime": 2.2142,
      "eval_samples_per_second": 1298.444,
      "eval_steps_per_second": 81.294,
      "epoch": 6.0
    }
  ],
  "test_metrics": {
    "eval_loss": 0.8677209615707397,
    "eval_accuracy": 0.700522240230506,
    "eval_f1": 0.683522404816542,
    "eval_matthews_correlation": 0.36811755661554096,
    "eval_precision": 0.6864959694287629,
    "eval_recall": 0.681653437207872,
    "eval_auc": 0.7617873640036066,
    "eval_auprc": 0.655163992967028,
    "eval_runtime": 8.8509,
    "eval_samples_per_second": 1254.789,
    "eval_steps_per_second": 78.523,
    "epoch": 7.0
  }
}