{
  "experiment": "rbp",
  "model_type": "dnabert2",
  "variant": "dnabert2_random",
  "rbp_name": "GTF2F1_K562_IDR",
  "weights_path": "",
  "max_length": 512,
  "n_folds": 5,
  "hyperparameters": {
    "learning_rate": 5e-05,
    "per_device_train_batch_size": 16,
    "weight_decay": 0.01,
    "warmup_ratio": 0.1,
    "num_train_epochs": 10,
    "gradient_accumulation_steps": 1,
    "early_stopping_patience": 3
  },
  "cv_metrics": {
    "epoch_mean": 7.2,
    "epoch_std": 1.16619037896906,
    "eval_accuracy_mean": 0.8856045603380552,
    "eval_accuracy_std": 0.007465654503103396,
    "eval_auc_mean": 0.9485787874714937,
    "eval_auc_std": 0.0021407848389195204,
    "eval_auprc_mean": 0.9524025180950698,
    "eval_auprc_std": 0.001880001768260069,
    "eval_f1_mean": 0.882882896000789,
    "eval_f1_std": 0.009267344037899883,
    "eval_loss_mean": 0.35818114280700686,
    "eval_loss_std": 0.07739523565683872,
    "eval_matthews_correlation_mean": 0.7723556550273717,
    "eval_matthews_correlation_std": 0.013905534718605388,
    "eval_precision_mean": 0.9037518643556869,
    "eval_precision_std": 0.008982058779071921,
    "eval_recall_mean": 0.8634402113824186,
    "eval_recall_std": 0.022402020029733377,
    "eval_runtime_mean": 1.0882999999999998,
    "eval_runtime_std": 0.0034275355578024793,
    "eval_samples_per_second_mean": 1343.0426,
    "eval_samples_per_second_std": 4.6840088215117195,
    "eval_steps_per_second_mean": 84.53720000000001,
    "eval_steps_per_second_std": 0.26796820706941926
  },
  "cv_fold_metrics": [
    {
      "eval_loss": 0.33006587624549866,
      "eval_accuracy": 0.8885088919288646,
      "eval_f1": 0.8885850991114149,
      "eval_precision": 0.8879781420765027,
      "eval_recall": 0.8891928864569083,
      "eval_matthews_correlation": 0.7770185109119812,
      "eval_auc": 0.9496276861522455,
      "eval_auprc": 0.9545588063086079,
      "eval_runtime": 1.0865,
      "eval_samples_per_second": 1345.619,
      "eval_steps_per_second": 84.676,
      "epoch": 8.0
    },
    {
      "eval_loss": 0.33656689524650574,
      "eval_accuracy": 0.8946648426812586,
      "eval_f1": 0.8929068150208623,
      "eval_precision": 0.9080622347949081,
      "eval_recall": 0.8782489740082079,
      "eval_matthews_correlation": 0.7897554479000739,
      "eval_auc": 0.9502920310426846,
      "eval_auprc": 0.9545209743389025,
      "eval_runtime": 1.0836,
      "eval_samples_per_second": 1349.259,
      "eval_steps_per_second": 84.905,
      "epoch": 6.0
    },
    {
      "eval_loss": 0.3055110275745392,
      "eval_accuracy": 0.8755129958960328,
      "eval_f1": 0.8692528735632183,
      "eval_precision": 0.9152798789712556,
      "eval_recall": 0.8276333789329685,
      "eval_matthews_correlation": 0.7544932463677394,
      "eval_auc": 0.9468767368876096,
      "eval_auprc": 0.9501149557973414,
      "eval_runtime": 1.0869,
      "eval_samples_per_second": 1345.16,
      "eval_steps_per_second": 84.648,
      "epoch": 6.0
    },
    {
      "eval_loss": 0.3077062666416168,
      "eval_accuracy": 0.891170431211499,
      "eval_f1": 0.889198606271777,
      "eval_precision": 0.9049645390070922,
      "eval_recall": 0.873972602739726,
      "eval_matthews_correlation": 0.7827942312918519,
      "eval_auc": 0.9508254783276803,
      "eval_auprc": 0.9522235464947114,
      "eval_runtime": 1.0926,
      "eval_samples_per_second": 1337.13,
      "eval_steps_per_second": 84.2,
      "epoch": 7.0
    },
    {
      "eval_loss": 0.5110556483268738,
      "eval_accuracy": 0.8781656399726215,
      "eval_f1": 0.8744710860366713,
      "eval_precision": 0.9024745269286754,
      "eval_recall": 0.8481532147742818,
      "eval_matthews_correlation": 0.7577168386652116,
      "eval_auc": 0.9452720049472481,
      "eval_auprc": 0.9505943075357862,
      "eval_runtime": 1.0919,
      "eval_samples_per_second": 1338.045,
      "eval_steps_per_second": 84.257,
      "epoch": 9.0
    }
  ],
  "test_metrics": {
    "eval_loss": 0.37547048926353455,
    "eval_accuracy": 0.8798449612403101,
    "eval_f1": 0.8849294729027468,
    "eval_precision": 0.8490028490028491,
    "eval_recall": 0.924031007751938,
    "eval_matthews_correlation": 0.7626738588707157,
    "eval_auc": 0.951657953248002,
    "eval_auprc": 0.9535896011472784,
    "eval_runtime": 0.9547,
    "eval_samples_per_second": 1351.182,
    "eval_steps_per_second": 84.842,
    "epoch": 8.0
  }
}