{
  "experiment": "cross_cell",
  "model_type": "lamar",
  "variant": "tapt_1024",
  "pair_name": "PCBP1_train_K562_test_HepG2_fixlen_101",
  "pretrain_path": "/gpfs/bwfor/work/ws/fr_ml642-thesis_work/Thesis/LAMAR/src/pretrain/saving_model/tapt_1024_standard_collator/checkpoint-134000/model.safetensors",
  "max_length": 1024,
  "n_folds": 5,
  "hyperparameters": {
    "learning_rate": 5e-05,
    "per_device_train_batch_size": 16,
    "weight_decay": 0.01,
    "warmup_ratio": 0.1,
    "num_train_epochs": 10,
    "gradient_accumulation_steps": 1,
    "early_stopping_patience": 3
  },
  "cv_metrics": {
    "epoch_mean": 7.2,
    "epoch_std": 0.7483314773547882,
    "eval_accuracy_mean": 0.8733552631578949,
    "eval_accuracy_std": 0.008514591516805763,
    "eval_auc_mean": 0.9483349781993049,
    "eval_auc_std": 0.00810186789979118,
    "eval_auprc_mean": 0.9379592507650634,
    "eval_auprc_std": 0.011918325459915788,
    "eval_f1_mean": 0.8629427362029345,
    "eval_f1_std": 0.01189376678571183,
    "eval_loss_mean": 0.32878427505493163,
    "eval_loss_std": 0.04297246222310711,
    "eval_matthews_correlation_mean": 0.7473270976799795,
    "eval_matthews_correlation_std": 0.020002536020593112,
    "eval_precision_mean": 0.8459710373803073,
    "eval_precision_std": 0.018733413196337093,
    "eval_recall_mean": 0.882308300395257,
    "eval_recall_std": 0.03822094502664244,
    "eval_runtime_mean": 12.987620000000001,
    "eval_runtime_std": 0.008217639563767731,
    "eval_samples_per_second_mean": 46.8908,
    "eval_samples_per_second_std": 0.02952558212804601,
    "eval_steps_per_second_mean": 3.0029999999999997,
    "eval_steps_per_second_std": 0.0020976176963404107
  },
  "cv_fold_metrics": [
    {
      "eval_loss": 0.35378339886665344,
      "eval_accuracy": 0.868421052631579,
      "eval_f1": 0.8591549295774649,
      "eval_precision": 0.8327645051194539,
      "eval_recall": 0.8872727272727273,
      "eval_auc": 0.942953862953863,
      "eval_auprc": 0.9228730263126377,
      "eval_matthews_correlation": 0.7372330411444574,
      "eval_runtime": 12.9947,
      "eval_samples_per_second": 46.865,
      "eval_steps_per_second": 3.001,
      "epoch": 8.0
    },
    {
      "eval_loss": 0.28197264671325684,
      "eval_accuracy": 0.881578947368421,
      "eval_f1": 0.8700361010830325,
      "eval_precision": 0.8669064748201439,
      "eval_recall": 0.8731884057971014,
      "eval_auc": 0.962676794133054,
      "eval_auprc": 0.9579246813194021,
      "eval_matthews_correlation": 0.7612941136724981,
      "eval_runtime": 12.9883,
      "eval_samples_per_second": 46.888,
      "eval_steps_per_second": 3.003,
      "epoch": 6.0
    },
    {
      "eval_loss": 0.30288270115852356,
      "eval_accuracy": 0.8832236842105263,
      "eval_f1": 0.88107202680067,
      "eval_precision": 0.8193146417445483,
      "eval_recall": 0.9528985507246377,
      "eval_auc": 0.9517417496071241,
      "eval_auprc": 0.9374129047246299,
      "eval_matthews_correlation": 0.7761062991885616,
      "eval_runtime": 12.9913,
      "eval_samples_per_second": 46.878,
      "eval_steps_per_second": 3.002,
      "epoch": 8.0
    },
    {
      "eval_loss": 0.30464303493499756,
      "eval_accuracy": 0.8733552631578947,
      "eval_f1": 0.8587155963302752,
      "eval_precision": 0.8666666666666667,
      "eval_recall": 0.850909090909091,
      "eval_auc": 0.9438056238056236,
      "eval_auprc": 0.9418893152697597,
      "eval_matthews_correlation": 0.7440818328419706,
      "eval_runtime": 12.9921,
      "eval_samples_per_second": 46.875,
      "eval_steps_per_second": 3.002,
      "epoch": 7.0
    },
    {
      "eval_loss": 0.4006395936012268,
      "eval_accuracy": 0.8601973684210527,
      "eval_f1": 0.8457350272232306,
      "eval_precision": 0.8442028985507246,
      "eval_recall": 0.8472727272727273,
      "eval_auc": 0.9404968604968604,
      "eval_auprc": 0.9296963261988869,
      "eval_matthews_correlation": 0.7179202015524102,
      "eval_runtime": 12.9717,
      "eval_samples_per_second": 46.948,
      "eval_steps_per_second": 3.007,
      "epoch": 7.0
    }
  ],
  "test_metrics": {
    "eval_loss": 0.3179967701435089,
    "eval_accuracy": 0.8768382352941176,
    "eval_f1": 0.8400954653937948,
    "eval_precision": 0.8186046511627907,
    "eval_recall": 0.8627450980392157,
    "eval_auc": 0.9472102076124568,
    "eval_auprc": 0.9089366559354711,
    "eval_matthews_correlation": 0.740733062067335,
    "eval_runtime": 23.2793,
    "eval_samples_per_second": 46.737,
    "eval_steps_per_second": 2.921,
    "epoch": 8.0
  }
}