{
  "experiment": "cross_cell",
  "model_type": "lamar",
  "variant": "pretrained_custom",
  "pair_name": "NCBP2_train_K562_test_HepG2_fixlen_101",
  "pretrain_path": "/gpfs/bwfor/work/ws/fr_ml642-thesis_work/Thesis/LAMAR/src/pretrain/saving_model/tapt_512_standard_collator_1gpu/checkpoint-265000/model.safetensors",
  "max_length": 512,
  "n_folds": 5,
  "hyperparameters": {
    "learning_rate": 5e-05,
    "per_device_train_batch_size": 16,
    "weight_decay": 0.01,
    "warmup_ratio": 0.1,
    "num_train_epochs": 10,
    "gradient_accumulation_steps": 1,
    "early_stopping_patience": 3
  },
  "cv_metrics": {
    "epoch_mean": 7.6,
    "epoch_std": 1.624807680927192,
    "eval_accuracy_mean": 0.8321428571428571,
    "eval_accuracy_std": 0.06323546860580637,
    "eval_auc_mean": 0.9241778076996863,
    "eval_auc_std": 0.033548551465632424,
    "eval_auprc_mean": 0.9014491727140476,
    "eval_auprc_std": 0.03712817580173537,
    "eval_f1_mean": 0.7829095603191989,
    "eval_f1_std": 0.06926455656204676,
    "eval_loss_mean": 0.3901436388492584,
    "eval_loss_std": 0.05998864808910004,
    "eval_matthews_correlation_mean": 0.6648594088994437,
    "eval_matthews_correlation_std": 0.10764700378011578,
    "eval_precision_mean": 0.79110403793105,
    "eval_precision_std": 0.12009581766359664,
    "eval_recall_mean": 0.8032713202849335,
    "eval_recall_std": 0.1266809315128427,
    "eval_runtime_mean": 0.37996,
    "eval_runtime_std": 0.001293986089569731,
    "eval_samples_per_second_mean": 324.25719999999995,
    "eval_samples_per_second_std": 1.1343426995401455,
    "eval_steps_per_second_mean": 21.056,
    "eval_steps_per_second_std": 0.07125728032980203
  },
  "cv_fold_metrics": [
    {
      "eval_loss": 0.40302959084510803,
      "eval_accuracy": 0.8392857142857143,
      "eval_f1": 0.75,
      "eval_precision": 0.9,
      "eval_recall": 0.6428571428571429,
      "eval_auc": 0.8928571428571429,
      "eval_auprc": 0.885717819013843,
      "eval_matthews_correlation": 0.6559297999321455,
      "eval_runtime": 0.3811,
      "eval_samples_per_second": 325.386,
      "eval_steps_per_second": 20.993,
      "epoch": 8.0
    },
    {
      "eval_loss": 0.2999907433986664,
      "eval_accuracy": 0.9017857142857143,
      "eval_f1": 0.8674698795180724,
      "eval_precision": 0.9230769230769231,
      "eval_recall": 0.8181818181818182,
      "eval_auc": 0.9475267379679144,
      "eval_auprc": 0.9114663264750594,
      "eval_matthews_correlation": 0.793531236363288,
      "eval_runtime": 0.3813,
      "eval_samples_per_second": 322.609,
      "eval_steps_per_second": 20.983,
      "epoch": 10.0
    },
    {
      "eval_loss": 0.46662813425064087,
      "eval_accuracy": 0.7946428571428571,
      "eval_f1": 0.7012987012987014,
      "eval_precision": 0.7297297297297297,
      "eval_recall": 0.675,
      "eval_auc": 0.875,
      "eval_auprc": 0.837571577111486,
      "eval_matthews_correlation": 0.5461595831717048,
      "eval_runtime": 0.3806,
      "eval_samples_per_second": 323.178,
      "eval_steps_per_second": 21.02,
      "epoch": 7.0
    },
    {
      "eval_loss": 0.4344063401222229,
      "eval_accuracy": 0.7321428571428571,
      "eval_f1": 0.7321428571428571,
      "eval_precision": 0.5942028985507246,
      "eval_recall": 0.9534883720930233,
      "eval_auc": 0.9477586788001348,
      "eval_auprc": 0.9408728188457967,
      "eval_matthews_correlation": 0.5476912706437479,
      "eval_runtime": 0.3784,
      "eval_samples_per_second": 325.072,
      "eval_steps_per_second": 21.143,
      "epoch": 5.0
    },
    {
      "eval_loss": 0.34666338562965393,
      "eval_accuracy": 0.8928571428571429,
      "eval_f1": 0.8636363636363636,
      "eval_precision": 0.8085106382978723,
      "eval_recall": 0.926829268292683,
      "eval_auc": 0.9577464788732394,
      "eval_auprc": 0.9316173221240525,
      "eval_matthews_correlation": 0.7809851543863325,
      "eval_runtime": 0.3784,
      "eval_samples_per_second": 325.041,
      "eval_steps_per_second": 21.141,
      "epoch": 8.0
    }
  ],
  "test_metrics": {
    "eval_loss": 0.2531009912490845,
    "eval_accuracy": 0.9034090909090909,
    "eval_f1": 0.9023169601482856,
    "eval_precision": 0.8876732312180889,
    "eval_recall": 0.917451941198643,
    "eval_auc": 0.9619093161048303,
    "eval_auprc": 0.9604124339352157,
    "eval_matthews_correlation": 0.8072750457175665,
    "eval_runtime": 18.2214,
    "eval_samples_per_second": 300.033,
    "eval_steps_per_second": 18.769,
    "epoch": 5.0
  }
}