{
  "experiment": "cross_cell",
  "model_type": "dnabert2",
  "variant": "tapt_v3",
  "pair_name": "AKAP1_train_K562_test_HepG2_fixlen_101",
  "max_length": 128,
  "n_folds": 5,
  "hyperparameters": {
    "learning_rate": 5e-05,
    "per_device_train_batch_size": 16,
    "weight_decay": 0.01,
    "warmup_ratio": 0.1,
    "num_train_epochs": 10,
    "gradient_accumulation_steps": 1,
    "early_stopping_patience": 3
  },
  "cv_metrics": {
    "epoch_mean": 6.0,
    "epoch_std": 0.6324555320336759,
    "eval_accuracy_mean": 0.7142270804539934,
    "eval_accuracy_std": 0.027113588930018567,
    "eval_auc_mean": 0.7802128835487866,
    "eval_auc_std": 0.03351255520590744,
    "eval_auprc_mean": 0.6544736674652396,
    "eval_auprc_std": 0.05492877537408508,
    "eval_f1_mean": 0.6754797121495247,
    "eval_f1_std": 0.049341332640396925,
    "eval_loss_mean": 0.6043647408485413,
    "eval_loss_std": 0.09538776821870264,
    "eval_matthews_correlation_mean": 0.37612182874138045,
    "eval_matthews_correlation_std": 0.08460644157617163,
    "eval_precision_mean": 0.6984335032360556,
    "eval_precision_std": 0.03269300659539277,
    "eval_recall_mean": 0.6803938128306761,
    "eval_recall_std": 0.05563549815282292,
    "eval_runtime_mean": 0.30707999999999996,
    "eval_runtime_std": 0.0032719413197672183,
    "eval_samples_per_second_mean": 1233.0104,
    "eval_samples_per_second_std": 11.913201426988495,
    "eval_steps_per_second_mean": 78.1632,
    "eval_steps_per_second_std": 0.8333130024186616
  },
  "cv_fold_metrics": [
    {
      "eval_loss": 0.7665330171585083,
      "eval_accuracy": 0.712401055408971,
      "eval_f1": 0.633328895397861,
      "eval_matthews_correlation": 0.33514829002008245,
      "eval_precision": 0.7122906380094879,
      "eval_recall": 0.6322766483682211,
      "eval_auc": 0.7713398081679436,
      "eval_auprc": 0.6629036789391586,
      "eval_runtime": 0.3059,
      "eval_samples_per_second": 1238.886,
      "eval_steps_per_second": 78.452,
      "epoch": 7.0
    },
    {
      "eval_loss": 0.5604092478752136,
      "eval_accuracy": 0.6860158311345647,
      "eval_f1": 0.6158249359012582,
      "eval_matthews_correlation": 0.27026709134109567,
      "eval_precision": 0.6590928093645485,
      "eval_recall": 0.6147825300114617,
      "eval_auc": 0.7625927489895639,
      "eval_auprc": 0.5967203329248528,
      "eval_runtime": 0.3098,
      "eval_samples_per_second": 1223.379,
      "eval_steps_per_second": 77.47,
      "epoch": 5.0
    },
    {
      "eval_loss": 0.5389037728309631,
      "eval_accuracy": 0.712401055408971,
      "eval_f1": 0.6943932769627968,
      "eval_matthews_correlation": 0.3905863149572051,
      "eval_precision": 0.691863173216885,
      "eval_recall": 0.6987844603969355,
      "eval_auc": 0.7808107618990168,
      "eval_auprc": 0.676605510703107,
      "eval_runtime": 0.3119,
      "eval_samples_per_second": 1215.01,
      "eval_steps_per_second": 76.94,
      "epoch": 6.0
    },
    {
      "eval_loss": 0.6541038155555725,
      "eval_accuracy": 0.6957671957671958,
      "eval_f1": 0.6779117239539725,
      "eval_matthews_correlation": 0.3588235294117647,
      "eval_precision": 0.6754248366013071,
      "eval_recall": 0.6834893048128342,
      "eval_auc": 0.7437105007292173,
      "eval_auprc": 0.594517275174691,
      "eval_runtime": 0.3031,
      "eval_samples_per_second": 1247.179,
      "eval_steps_per_second": 79.186,
      "epoch": 6.0
    },
    {
      "eval_loss": 0.5018738508224487,
      "eval_accuracy": 0.7645502645502645,
      "eval_f1": 0.7559397285317353,
      "eval_matthews_correlation": 0.5257839179767543,
      "eval_precision": 0.7534960589880498,
      "eval_recall": 0.772636120563928,
      "eval_auc": 0.8426105979581916,
      "eval_auprc": 0.7416215395843886,
      "eval_runtime": 0.3047,
      "eval_samples_per_second": 1240.598,
      "eval_steps_per_second": 78.768,
      "epoch": 6.0
    }
  ],
  "test_metrics": {
    "eval_loss": 0.6240008473396301,
    "eval_accuracy": 0.6813539538955354,
    "eval_f1": 0.6722879926833469,
    "eval_matthews_correlation": 0.3565410357768591,
    "eval_precision": 0.6840182339297209,
    "eval_recall": 0.6727023288374033,
    "eval_auc": 0.7354529858971048,
    "eval_auprc": 0.6852889924193708,
    "eval_runtime": 5.5185,
    "eval_samples_per_second": 1242.011,
    "eval_steps_per_second": 77.739,
    "epoch": 4.0
  }
}