{
  "experiment": "cross_length",
  "model_type": "lamar",
  "variant": "random",
  "pair_name": "FUS_HepG2_ENCSR464OSH",
  "pretrain_path": "",
  "max_length": 1024,
  "n_folds": 5,
  "hyperparameters": {
    "learning_rate": 5e-05,
    "per_device_train_batch_size": 16,
    "weight_decay": 0.01,
    "warmup_ratio": 0.1,
    "num_train_epochs": 10,
    "gradient_accumulation_steps": 1,
    "early_stopping_patience": 3
  },
  "cv_metrics": {
    "epoch_mean": 6.4,
    "epoch_std": 2.244994432064365,
    "eval_accuracy_mean": 0.8291666666666668,
    "eval_accuracy_std": 0.05335936864527373,
    "eval_auc_mean": 0.9122166000161662,
    "eval_auc_std": 0.025389331777030035,
    "eval_auprc_mean": 0.8450734612503796,
    "eval_auprc_std": 0.07645618891383145,
    "eval_f1_mean": 0.7668222296817028,
    "eval_f1_std": 0.058500207376304264,
    "eval_loss_mean": 0.398126620054245,
    "eval_loss_std": 0.08922096753312174,
    "eval_matthews_correlation_mean": 0.6492085389308431,
    "eval_matthews_correlation_std": 0.08194458541787711,
    "eval_precision_mean": 0.7536818029465089,
    "eval_precision_std": 0.10786371647097019,
    "eval_recall_mean": 0.8053641456582632,
    "eval_recall_std": 0.10072888721497054,
    "eval_runtime_mean": 2.0597000000000003,
    "eval_runtime_std": 0.001981918262693911,
    "eval_samples_per_second_mean": 53.8908,
    "eval_samples_per_second_std": 0.05194381580130657,
    "eval_steps_per_second_mean": 3.3988,
    "eval_steps_per_second_std": 0.0032496153618543707
  },
  "cv_fold_metrics": [
    {
      "eval_loss": 0.29221275448799133,
      "eval_accuracy": 0.90625,
      "eval_f1": 0.8615384615384615,
      "eval_precision": 0.8484848484848485,
      "eval_recall": 0.875,
      "eval_auc": 0.94140625,
      "eval_auprc": 0.8772776282659214,
      "eval_matthews_correlation": 0.7909115788387002,
      "eval_runtime": 2.0565,
      "eval_samples_per_second": 53.975,
      "eval_steps_per_second": 3.404,
      "epoch": 5.0
    },
    {
      "eval_loss": 0.550922155380249,
      "eval_accuracy": 0.7395833333333334,
      "eval_f1": 0.6913580246913581,
      "eval_precision": 0.5490196078431373,
      "eval_recall": 0.9333333333333333,
      "eval_auc": 0.8696969696969697,
      "eval_auprc": 0.6948487535787256,
      "eval_matthews_correlation": 0.5432310924513638,
      "eval_runtime": 2.062,
      "eval_samples_per_second": 53.83,
      "eval_steps_per_second": 3.395,
      "epoch": 5.0
    },
    {
      "eval_loss": 0.43311384320259094,
      "eval_accuracy": 0.8333333333333334,
      "eval_f1": 0.7837837837837838,
      "eval_precision": 0.7435897435897436,
      "eval_recall": 0.8285714285714286,
      "eval_auc": 0.9021077283372365,
      "eval_auprc": 0.8928557725444566,
      "eval_matthews_correlation": 0.6513489605668241,
      "eval_runtime": 2.0608,
      "eval_samples_per_second": 53.863,
      "eval_steps_per_second": 3.397,
      "epoch": 8.0
    },
    {
      "eval_loss": 0.3389943838119507,
      "eval_accuracy": 0.8229166666666666,
      "eval_f1": 0.7213114754098361,
      "eval_precision": 0.8148148148148148,
      "eval_recall": 0.6470588235294118,
      "eval_auc": 0.9335863377609108,
      "eval_auprc": 0.9010889780544612,
      "eval_matthews_correlation": 0.6025076924307746,
      "eval_runtime": 2.0608,
      "eval_samples_per_second": 53.862,
      "eval_steps_per_second": 3.397,
      "epoch": 10.0
    },
    {
      "eval_loss": 0.375389963388443,
      "eval_accuracy": 0.84375,
      "eval_f1": 0.7761194029850748,
      "eval_precision": 0.8125,
      "eval_recall": 0.7428571428571429,
      "eval_auc": 0.9142857142857144,
      "eval_auprc": 0.8592961738083332,
      "eval_matthews_correlation": 0.6580433703665529,
      "eval_runtime": 2.0584,
      "eval_samples_per_second": 53.924,
      "eval_steps_per_second": 3.401,
      "epoch": 4.0
    }
  ],
  "test_metrics": {
    "eval_loss": 0.4684167206287384,
    "eval_accuracy": 0.807753164556962,
    "eval_f1": 0.773953488372093,
    "eval_precision": 0.8984881209503239,
    "eval_recall": 0.6797385620915033,
    "eval_auc": 0.8997353542644051,
    "eval_auprc": 0.8859612801929984,
    "eval_matthews_correlation": 0.6303012489758274,
    "eval_runtime": 27.1438,
    "eval_samples_per_second": 47.082,
    "eval_steps_per_second": 2.947,
    "epoch": 10.0
  }
}