{
  "experiment": "cross_cell",
  "model_type": "lamar",
  "variant": "pretrained",
  "pair_name": "DGCR8_train_K562_test_HepG2_fixlen_101",
  "pretrain_path": "/gpfs/bwfor/work/ws/fr_ml642-thesis_work/Thesis/LAMAR/weights",
  "max_length": 1024,
  "n_folds": 5,
  "hyperparameters": {
    "learning_rate": 5e-05,
    "per_device_train_batch_size": 16,
    "weight_decay": 0.01,
    "warmup_ratio": 0.1,
    "num_train_epochs": 10,
    "gradient_accumulation_steps": 1,
    "early_stopping_patience": 3
  },
  "cv_metrics": {
    "epoch_mean": 5.2,
    "epoch_std": 0.9797958971132712,
    "eval_accuracy_mean": 0.6874999999999999,
    "eval_accuracy_std": 0.0692180265832654,
    "eval_auc_mean": 0.7907892047241804,
    "eval_auc_std": 0.019833420068045598,
    "eval_auprc_mean": 0.7123621036909777,
    "eval_auprc_std": 0.038758681862326894,
    "eval_f1_mean": 0.6439861627684392,
    "eval_f1_std": 0.04654939645008905,
    "eval_loss_mean": 0.6080739617347717,
    "eval_loss_std": 0.114459631677655,
    "eval_matthews_correlation_mean": 0.40527406154853185,
    "eval_matthews_correlation_std": 0.06389353378541644,
    "eval_precision_mean": 0.6189760547038625,
    "eval_precision_std": 0.09610306380898584,
    "eval_recall_mean": 0.7233125520998438,
    "eval_recall_std": 0.16088209684146104,
    "eval_runtime_mean": 4.859400000000001,
    "eval_runtime_std": 0.003735773012376369,
    "eval_samples_per_second_mean": 48.318599999999996,
    "eval_samples_per_second_std": 0.09025430737643363,
    "eval_steps_per_second_mean": 3.0867999999999998,
    "eval_steps_per_second_std": 0.0023151673805579666
  },
  "cv_fold_metrics": [
    {
      "eval_loss": 0.5169177651405334,
      "eval_accuracy": 0.7678571428571429,
      "eval_f1": 0.7045454545454545,
      "eval_precision": 0.7126436781609196,
      "eval_recall": 0.6966292134831461,
      "eval_auc": 0.8134831460674157,
      "eval_auprc": 0.7451091612521072,
      "eval_matthews_correlation": 0.5134995765100596,
      "eval_runtime": 4.8608,
      "eval_samples_per_second": 48.346,
      "eval_steps_per_second": 3.086,
      "epoch": 5.0
    },
    {
      "eval_loss": 0.5415359735488892,
      "eval_accuracy": 0.71875,
      "eval_f1": 0.6666666666666666,
      "eval_precision": 0.63,
      "eval_recall": 0.7078651685393258,
      "eval_auc": 0.808655846858094,
      "eval_auprc": 0.7698768762443198,
      "eval_matthews_correlation": 0.4270037380240641,
      "eval_runtime": 4.8581,
      "eval_samples_per_second": 48.373,
      "eval_steps_per_second": 3.088,
      "epoch": 5.0
    },
    {
      "eval_loss": 0.5508108139038086,
      "eval_accuracy": 0.7232142857142857,
      "eval_f1": 0.5633802816901408,
      "eval_precision": 0.7272727272727273,
      "eval_recall": 0.45977011494252873,
      "eval_auc": 0.7968789327963756,
      "eval_auprc": 0.665743006745256,
      "eval_matthews_correlation": 0.39665403165040114,
      "eval_runtime": 4.8651,
      "eval_samples_per_second": 48.303,
      "eval_steps_per_second": 3.083,
      "epoch": 7.0
    },
    {
      "eval_loss": 0.600692093372345,
      "eval_accuracy": 0.6607142857142857,
      "eval_f1": 0.6513761467889908,
      "eval_precision": 0.5503875968992248,
      "eval_recall": 0.797752808988764,
      "eval_auc": 0.7655430711610487,
      "eval_auprc": 0.6921491491335399,
      "eval_matthews_correlation": 0.3645007229264556,
      "eval_runtime": 4.8536,
      "eval_samples_per_second": 48.417,
      "eval_steps_per_second": 3.09,
      "epoch": 5.0
    },
    {
      "eval_loss": 0.8304131627082825,
      "eval_accuracy": 0.5669642857142857,
      "eval_f1": 0.6339622641509434,
      "eval_precision": 0.4745762711864407,
      "eval_recall": 0.9545454545454546,
      "eval_auc": 0.7693850267379679,
      "eval_auprc": 0.6889323250796657,
      "eval_matthews_correlation": 0.3247122386316786,
      "eval_runtime": 4.8594,
      "eval_samples_per_second": 48.154,
      "eval_steps_per_second": 3.087,
      "epoch": 4.0
    }
  ],
  "test_metrics": {
    "eval_loss": 0.44346916675567627,
    "eval_accuracy": 0.8125,
    "eval_f1": 0.7967681789931634,
    "eval_precision": 0.7436194895591647,
    "eval_recall": 0.85809906291834,
    "eval_auc": 0.898000561255386,
    "eval_auprc": 0.8804565269170729,
    "eval_matthews_correlation": 0.6299025604730769,
    "eval_runtime": 37.8508,
    "eval_samples_per_second": 46.472,
    "eval_steps_per_second": 2.906,
    "epoch": 6.0
  }
}