{
  "experiment": "cross_length",
  "model_type": "lamar",
  "variant": "random",
  "pair_name": "FAM120A_K562_ENCSR006OEQ",
  "pretrain_path": "",
  "max_length": 1024,
  "n_folds": 5,
  "hyperparameters": {
    "learning_rate": 5e-05,
    "per_device_train_batch_size": 16,
    "weight_decay": 0.01,
    "warmup_ratio": 0.1,
    "num_train_epochs": 10,
    "gradient_accumulation_steps": 1,
    "early_stopping_patience": 3
  },
  "cv_metrics": {
    "epoch_mean": 9.2,
    "epoch_std": 1.5999999999999999,
    "eval_accuracy_mean": 0.6918981481481482,
    "eval_accuracy_std": 0.023746886302281788,
    "eval_auc_mean": 0.6990023102930429,
    "eval_auc_std": 0.028345586022182605,
    "eval_auprc_mean": 0.5900998762576035,
    "eval_auprc_std": 0.026876593979234344,
    "eval_f1_mean": 0.42362527367712577,
    "eval_f1_std": 0.04016957203022054,
    "eval_loss_mean": 0.5933252453804017,
    "eval_loss_std": 0.023995398899370697,
    "eval_matthews_correlation_mean": 0.27262149762354826,
    "eval_matthews_correlation_std": 0.03462706564801888,
    "eval_precision_mean": 0.6349093417361449,
    "eval_precision_std": 0.08066777348321742,
    "eval_recall_mean": 0.33262147357192856,
    "eval_recall_std": 0.08241863428189924,
    "eval_runtime_mean": 18.51028,
    "eval_runtime_std": 0.014370998573516803,
    "eval_samples_per_second_mean": 47.162800000000004,
    "eval_samples_per_second_std": 0.03648780618233945,
    "eval_steps_per_second_mean": 2.9714,
    "eval_steps_per_second_std": 0.0024166091947189056
  },
  "cv_fold_metrics": [
    {
      "eval_loss": 0.6357237696647644,
      "eval_accuracy": 0.6481481481481481,
      "eval_f1": 0.49333333333333335,
      "eval_precision": 0.49498327759197325,
      "eval_recall": 0.49169435215946844,
      "eval_auc": 0.6592648542749745,
      "eval_auprc": 0.5601921737845471,
      "eval_matthews_correlation": 0.2238372927810321,
      "eval_runtime": 18.4991,
      "eval_samples_per_second": 47.191,
      "eval_steps_per_second": 2.973,
      "epoch": 6.0
    },
    {
      "eval_loss": 0.5947840213775635,
      "eval_accuracy": 0.6990740740740741,
      "eval_f1": 0.36893203883495146,
      "eval_precision": 0.6846846846846847,
      "eval_recall": 0.25249169435215946,
      "eval_auc": 0.6845152039088179,
      "eval_auprc": 0.5680316572884583,
      "eval_matthews_correlation": 0.27100274748113445,
      "eval_runtime": 18.496,
      "eval_samples_per_second": 47.199,
      "eval_steps_per_second": 2.974,
      "epoch": 10.0
    },
    {
      "eval_loss": 0.5918893218040466,
      "eval_accuracy": 0.7002314814814815,
      "eval_f1": 0.423162583518931,
      "eval_precision": 0.6418918918918919,
      "eval_recall": 0.31561461794019935,
      "eval_auc": 0.6958038037801761,
      "eval_auprc": 0.5871123341176114,
      "eval_matthews_correlation": 0.28007664380438496,
      "eval_runtime": 18.5144,
      "eval_samples_per_second": 47.153,
      "eval_steps_per_second": 2.971,
      "epoch": 10.0
    },
    {
      "eval_loss": 0.562699556350708,
      "eval_accuracy": 0.7199074074074074,
      "eval_f1": 0.4238095238095238,
      "eval_precision": 0.7355371900826446,
      "eval_recall": 0.2976588628762542,
      "eval_auc": 0.7445881552076243,
      "eval_auprc": 0.636434498959941,
      "eval_matthews_correlation": 0.3303914971165739,
      "eval_runtime": 18.5361,
      "eval_samples_per_second": 47.097,
      "eval_steps_per_second": 2.967,
      "epoch": 10.0
    },
    {
      "eval_loss": 0.5815295577049255,
      "eval_accuracy": 0.6921296296296297,
      "eval_f1": 0.4088888888888889,
      "eval_precision": 0.6174496644295302,
      "eval_recall": 0.30564784053156147,
      "eval_auc": 0.7108395342936216,
      "eval_auprc": 0.5987287171374598,
      "eval_matthews_correlation": 0.2577993069346157,
      "eval_runtime": 18.5058,
      "eval_samples_per_second": 47.174,
      "eval_steps_per_second": 2.972,
      "epoch": 10.0
    }
  ],
  "test_metrics": {
    "eval_loss": 0.6381828188896179,
    "eval_accuracy": 0.6311053984575835,
    "eval_f1": 0.5164279696714406,
    "eval_precision": 0.6803551609322974,
    "eval_recall": 0.41615750169721655,
    "eval_auc": 0.6409116900631957,
    "eval_auprc": 0.6743764941498682,
    "eval_matthews_correlation": 0.2646926540165545,
    "eval_runtime": 133.4212,
    "eval_samples_per_second": 46.649,
    "eval_steps_per_second": 2.916,
    "epoch": 6.0
  }
}