{
  "experiment": "cross_length",
  "model_type": "dnabert2",
  "variant": "random",
  "pair_name": "FUBP3_HepG2_ENCSR486YGP",
  "max_length": 256,
  "n_folds": 5,
  "hyperparameters": {
    "learning_rate": 5e-05,
    "per_device_train_batch_size": 16,
    "weight_decay": 0.01,
    "warmup_ratio": 0.1,
    "num_train_epochs": 10,
    "gradient_accumulation_steps": 1,
    "early_stopping_patience": 3
  },
  "cv_metrics": {
    "epoch_mean": 6.6,
    "epoch_std": 0.48989794855663565,
    "eval_accuracy_mean": 0.7357695603453958,
    "eval_accuracy_std": 0.024622260133342743,
    "eval_auc_mean": 0.8283753497545984,
    "eval_auc_std": 0.015866243351133513,
    "eval_auprc_mean": 0.6882661866918285,
    "eval_auprc_std": 0.050267209624722135,
    "eval_f1_mean": 0.6746909509356425,
    "eval_f1_std": 0.062207358839196134,
    "eval_loss_mean": 0.7551608800888061,
    "eval_loss_std": 0.23610958526569228,
    "eval_matthews_correlation_mean": 0.41580467180387626,
    "eval_matthews_correlation_std": 0.07173351357623392,
    "eval_precision_mean": 0.7401850998887337,
    "eval_precision_std": 0.017194196387111046,
    "eval_recall_mean": 0.6883512224209899,
    "eval_recall_std": 0.06387953852702073,
    "eval_runtime_mean": 0.20788,
    "eval_runtime_std": 0.005155734671218057,
    "eval_samples_per_second_mean": 1876.2264,
    "eval_samples_per_second_std": 46.992605820916104,
    "eval_steps_per_second_mean": 120.33319999999999,
    "eval_steps_per_second_std": 3.025964864303619
  },
  "cv_fold_metrics": [
    {
      "eval_loss": 0.7385771870613098,
      "eval_accuracy": 0.7076923076923077,
      "eval_f1": 0.7039237100769825,
      "eval_matthews_correlation": 0.48145692048564936,
      "eval_precision": 0.7282886334610472,
      "eval_recall": 0.7538461538461538,
      "eval_auc": 0.8410650887573965,
      "eval_auprc": 0.7113265439202704,
      "eval_runtime": 0.2081,
      "eval_samples_per_second": 1873.695,
      "eval_steps_per_second": 120.109,
      "epoch": 7.0
    },
    {
      "eval_loss": 1.166901707649231,
      "eval_accuracy": 0.7128205128205128,
      "eval_f1": 0.5596774193548387,
      "eval_matthews_correlation": 0.2857738033247041,
      "eval_precision": 0.7527777777777778,
      "eval_recall": 0.5807692307692307,
      "eval_auc": 0.8206213017751479,
      "eval_auprc": 0.6741908727611489,
      "eval_runtime": 0.199,
      "eval_samples_per_second": 1959.619,
      "eval_steps_per_second": 125.617,
      "epoch": 7.0
    },
    {
      "eval_loss": 0.6009512543678284,
      "eval_accuracy": 0.7333333333333333,
      "eval_f1": 0.7161333669270178,
      "eval_matthews_correlation": 0.4444206486303125,
      "eval_precision": 0.7122005180228793,
      "eval_recall": 0.7326923076923078,
      "eval_auc": 0.8008284023668639,
      "eval_auprc": 0.5963283126374257,
      "eval_runtime": 0.2125,
      "eval_samples_per_second": 1835.536,
      "eval_steps_per_second": 117.663,
      "epoch": 6.0
    },
    {
      "eval_loss": 0.467168927192688,
      "eval_accuracy": 0.7743589743589744,
      "eval_f1": 0.732676969092722,
      "eval_matthews_correlation": 0.4727492937750572,
      "eval_precision": 0.7504650544778102,
      "eval_recall": 0.7230769230769231,
      "eval_auc": 0.8430769230769231,
      "eval_auprc": 0.7320780387118799,
      "eval_runtime": 0.2134,
      "eval_samples_per_second": 1827.696,
      "eval_steps_per_second": 117.16,
      "epoch": 6.0
    },
    {
      "eval_loss": 0.8022053241729736,
      "eval_accuracy": 0.7506426735218509,
      "eval_f1": 0.6610432892266509,
      "eval_matthews_correlation": 0.3946226928036577,
      "eval_precision": 0.757193515704154,
      "eval_recall": 0.6513714967203339,
      "eval_auc": 0.8362850327966607,
      "eval_auprc": 0.7274071654284178,
      "eval_runtime": 0.2064,
      "eval_samples_per_second": 1884.586,
      "eval_steps_per_second": 121.117,
      "epoch": 7.0
    }
  ],
  "test_metrics": {
    "eval_loss": 0.7775803208351135,
    "eval_accuracy": 0.7570916204760352,
    "eval_f1": 0.7472230282745709,
    "eval_matthews_correlation": 0.5285868724526425,
    "eval_precision": 0.7808585702438982,
    "eval_recall": 0.7487053194483535,
    "eval_auc": 0.873369069245793,
    "eval_auprc": 0.84748210518982,
    "eval_runtime": 1.7647,
    "eval_samples_per_second": 1737.946,
    "eval_steps_per_second": 108.799,
    "epoch": 7.0
  }
}