{
  "experiment": "cross_length",
  "model_type": "lamar",
  "variant": "pretrained",
  "pair_name": "AGGF1_K562_ENCSR725ARB",
  "pretrain_path": "/gpfs/bwfor/work/ws/fr_ml642-thesis_work/Thesis/LAMAR/weights",
  "max_length": 1024,
  "n_folds": 5,
  "hyperparameters": {
    "learning_rate": 5e-05,
    "per_device_train_batch_size": 16,
    "weight_decay": 0.01,
    "warmup_ratio": 0.1,
    "num_train_epochs": 10,
    "gradient_accumulation_steps": 1,
    "early_stopping_patience": 3
  },
  "cv_metrics": {
    "epoch_mean": 7.6,
    "epoch_std": 2.939387691339814,
    "eval_accuracy_mean": 0.7909313725490196,
    "eval_accuracy_std": 0.0272995649004229,
    "eval_auc_mean": 0.8609487640090187,
    "eval_auc_std": 0.011468900307400064,
    "eval_auprc_mean": 0.8268550463248457,
    "eval_auprc_std": 0.013116658021184294,
    "eval_f1_mean": 0.7034670182394963,
    "eval_f1_std": 0.023977761466334815,
    "eval_loss_mean": 0.4660864233970642,
    "eval_loss_std": 0.010936001140931495,
    "eval_matthews_correlation_mean": 0.5518910895667548,
    "eval_matthews_correlation_std": 0.04365818689620611,
    "eval_precision_mean": 0.7580949136871021,
    "eval_precision_std": 0.0704976342969804,
    "eval_recall_mean": 0.6665941415086978,
    "eval_recall_std": 0.06454774191305923,
    "eval_runtime_mean": 17.498359999999998,
    "eval_runtime_std": 0.003922040285361636,
    "eval_samples_per_second_mean": 46.793,
    "eval_samples_per_second_std": 0.02564371267971851,
    "eval_steps_per_second_mean": 2.972,
    "eval_steps_per_second_std": 0.0006324555320336062
  },
  "cv_fold_metrics": [
    {
      "eval_loss": 0.4469392001628876,
      "eval_accuracy": 0.8186274509803921,
      "eval_f1": 0.7394366197183099,
      "eval_precision": 0.7984790874524715,
      "eval_recall": 0.6885245901639344,
      "eval_auc": 0.8722658881652818,
      "eval_auprc": 0.83972616567187,
      "eval_matthews_correlation": 0.6053855348093473,
      "eval_runtime": 17.499,
      "eval_samples_per_second": 46.803,
      "eval_steps_per_second": 2.972,
      "epoch": 10.0
    },
    {
      "eval_loss": 0.4650712013244629,
      "eval_accuracy": 0.8100490196078431,
      "eval_f1": 0.7227191413237924,
      "eval_precision": 0.7952755905511811,
      "eval_recall": 0.6622950819672131,
      "eval_auc": 0.8615508004234704,
      "eval_auprc": 0.8351408486286825,
      "eval_matthews_correlation": 0.5857026406427758,
      "eval_runtime": 17.4924,
      "eval_samples_per_second": 46.82,
      "eval_steps_per_second": 2.973,
      "epoch": 10.0
    },
    {
      "eval_loss": 0.47452035546302795,
      "eval_accuracy": 0.7904411764705882,
      "eval_f1": 0.6742857142857144,
      "eval_precision": 0.8009049773755657,
      "eval_recall": 0.5822368421052632,
      "eval_auc": 0.8489476254111842,
      "eval_auprc": 0.804719259044227,
      "eval_matthews_correlation": 0.5399590841984642,
      "eval_runtime": 17.5046,
      "eval_samples_per_second": 46.788,
      "eval_steps_per_second": 2.971,
      "epoch": 4.0
    },
    {
      "eval_loss": 0.47867465019226074,
      "eval_accuracy": 0.7401960784313726,
      "eval_f1": 0.687315634218289,
      "eval_precision": 0.6180371352785146,
      "eval_recall": 0.7740863787375415,
      "eval_auc": 0.8471115698480793,
      "eval_auprc": 0.8191152268144366,
      "eval_matthews_correlation": 0.4785507790329441,
      "eval_runtime": 17.497,
      "eval_samples_per_second": 46.808,
      "eval_steps_per_second": 2.972,
      "epoch": 4.0
    },
    {
      "eval_loss": 0.4652267098426819,
      "eval_accuracy": 0.7953431372549019,
      "eval_f1": 0.6935779816513762,
      "eval_precision": 0.7777777777777778,
      "eval_recall": 0.6258278145695364,
      "eval_auc": 0.8748679361970778,
      "eval_auprc": 0.8355737314650129,
      "eval_matthews_correlation": 0.5498574091502425,
      "eval_runtime": 17.4988,
      "eval_samples_per_second": 46.746,
      "eval_steps_per_second": 2.972,
      "epoch": 10.0
    }
  ],
  "test_metrics": {
    "eval_loss": 0.4889715611934662,
    "eval_accuracy": 0.7596672661870504,
    "eval_f1": 0.6843814585178624,
    "eval_precision": 0.8963650425367363,
    "eval_recall": 0.5534861509073543,
    "eval_auc": 0.8412206985366614,
    "eval_auprc": 0.8555936513535635,
    "eval_matthews_correlation": 0.5458406826195776,
    "eval_runtime": 95.6883,
    "eval_samples_per_second": 46.62,
    "eval_steps_per_second": 2.916,
    "epoch": 5.0
  }
}