{
  "experiment": "cross_length",
  "model_type": "lamar",
  "variant": "random",
  "pair_name": "ZNF800_K562_ENCSR586DGV",
  "pretrain_path": "",
  "max_length": 1024,
  "n_folds": 5,
  "hyperparameters": {
    "learning_rate": 5e-05,
    "per_device_train_batch_size": 16,
    "weight_decay": 0.01,
    "warmup_ratio": 0.1,
    "num_train_epochs": 10,
    "gradient_accumulation_steps": 1,
    "early_stopping_patience": 3
  },
  "cv_metrics": {
    "epoch_mean": 9.0,
    "epoch_std": 1.2649110640673518,
    "eval_accuracy_mean": 0.7625,
    "eval_accuracy_std": 0.02680951323690901,
    "eval_auc_mean": 0.813736598880265,
    "eval_auc_std": 0.02750381478127763,
    "eval_auprc_mean": 0.6445316528887295,
    "eval_auprc_std": 0.04504616316900889,
    "eval_f1_mean": 0.465419549686509,
    "eval_f1_std": 0.09899969331272061,
    "eval_loss_mean": 0.5079979538917542,
    "eval_loss_std": 0.06908659159613142,
    "eval_matthews_correlation_mean": 0.36111464782002345,
    "eval_matthews_correlation_std": 0.07057324785131228,
    "eval_precision_mean": 0.6654042467155212,
    "eval_precision_std": 0.1029034607059452,
    "eval_recall_mean": 0.3839387101526818,
    "eval_recall_std": 0.1219578869350337,
    "eval_runtime_mean": 6.8765,
    "eval_runtime_std": 0.005925200418551068,
    "eval_samples_per_second_mean": 48.571000000000005,
    "eval_samples_per_second_std": 0.04164612827142507,
    "eval_steps_per_second_mean": 3.0536,
    "eval_steps_per_second_std": 0.0026532998322843426
  },
  "cv_fold_metrics": [
    {
      "eval_loss": 0.44557613134384155,
      "eval_accuracy": 0.75625,
      "eval_f1": 0.4,
      "eval_precision": 0.6666666666666666,
      "eval_recall": 0.2857142857142857,
      "eval_auc": 0.835500743797687,
      "eval_auprc": 0.6583311186853329,
      "eval_matthews_correlation": 0.3157079482159923,
      "eval_runtime": 6.8761,
      "eval_samples_per_second": 48.574,
      "eval_steps_per_second": 3.054,
      "epoch": 8.0
    },
    {
      "eval_loss": 0.6349002718925476,
      "eval_accuracy": 0.75625,
      "eval_f1": 0.3157894736842105,
      "eval_precision": 0.8181818181818182,
      "eval_recall": 0.1956521739130435,
      "eval_auc": 0.8241800152555302,
      "eval_auprc": 0.6781077822733154,
      "eval_matthews_correlation": 0.3185855384119563,
      "eval_runtime": 6.8739,
      "eval_samples_per_second": 48.589,
      "eval_steps_per_second": 3.055,
      "epoch": 7.0
    },
    {
      "eval_loss": 0.46279507875442505,
      "eval_accuracy": 0.7875,
      "eval_f1": 0.5584415584415584,
      "eval_precision": 0.671875,
      "eval_recall": 0.4777777777777778,
      "eval_auc": 0.8127053140096618,
      "eval_auprc": 0.6485862733518103,
      "eval_matthews_correlation": 0.43440502928557245,
      "eval_runtime": 6.8866,
      "eval_samples_per_second": 48.5,
      "eval_steps_per_second": 3.049,
      "epoch": 10.0
    },
    {
      "eval_loss": 0.526951014995575,
      "eval_accuracy": 0.71875,
      "eval_f1": 0.47058823529411764,
      "eval_precision": 0.49382716049382713,
      "eval_recall": 0.449438202247191,
      "eval_auc": 0.7613210759278175,
      "eval_auprc": 0.5576241073278709,
      "eval_matthews_correlation": 0.2802509149133704,
      "eval_runtime": 6.8775,
      "eval_samples_per_second": 48.564,
      "eval_steps_per_second": 3.053,
      "epoch": 10.0
    },
    {
      "eval_loss": 0.4697672724723816,
      "eval_accuracy": 0.79375,
      "eval_f1": 0.5822784810126582,
      "eval_precision": 0.6764705882352942,
      "eval_recall": 0.5111111111111111,
      "eval_auc": 0.8349758454106281,
      "eval_auprc": 0.6800089828053177,
      "eval_matthews_correlation": 0.4566238082732254,
      "eval_runtime": 6.8684,
      "eval_samples_per_second": 48.628,
      "eval_steps_per_second": 3.057,
      "epoch": 10.0
    }
  ],
  "test_metrics": {
    "eval_loss": 0.6705647110939026,
    "eval_accuracy": 0.6109068627450981,
    "eval_f1": 0.35858585858585856,
    "eval_precision": 0.8123569794050344,
    "eval_recall": 0.23007128969539858,
    "eval_auc": 0.7642907953785028,
    "eval_auprc": 0.7299566952079972,
    "eval_matthews_correlation": 0.2674564729218938,
    "eval_runtime": 70.3443,
    "eval_samples_per_second": 46.543,
    "eval_steps_per_second": 2.914,
    "epoch": 6.0
  }
}