{
  "experiment": "cross_cell",
  "model_type": "dnabert2",
  "variant": "pretrained",
  "pair_name": "BUD13_train_K562_test_HepG2_fixlen_101",
  "max_length": 128,
  "n_folds": 5,
  "hyperparameters": {
    "learning_rate": 5e-05,
    "per_device_train_batch_size": 16,
    "weight_decay": 0.01,
    "warmup_ratio": 0.1,
    "num_train_epochs": 10,
    "gradient_accumulation_steps": 1,
    "early_stopping_patience": 3
  },
  "cv_metrics": {
    "epoch_mean": 6.4,
    "epoch_std": 2.0591260281974,
    "eval_accuracy_mean": 0.8732608688569632,
    "eval_accuracy_std": 0.006717027775673217,
    "eval_auc_mean": 0.9443284827853009,
    "eval_auc_std": 0.005239996528914963,
    "eval_auprc_mean": 0.9284521016674596,
    "eval_auprc_std": 0.008053533244613916,
    "eval_f1_mean": 0.8727009076554395,
    "eval_f1_std": 0.006671154018463853,
    "eval_loss_mean": 0.3889343857765198,
    "eval_loss_std": 0.06674468403392958,
    "eval_matthews_correlation_mean": 0.7458370429011533,
    "eval_matthews_correlation_std": 0.013355399094119057,
    "eval_precision_mean": 0.8734054208964658,
    "eval_precision_std": 0.0069021923359938175,
    "eval_recall_mean": 0.8724336984663223,
    "eval_recall_std": 0.0065287053479268,
    "eval_runtime_mean": 2.3381600000000002,
    "eval_runtime_std": 0.0016353592877406588,
    "eval_samples_per_second_mean": 1297.8572,
    "eval_samples_per_second_std": 0.9101991869914766,
    "eval_steps_per_second_mean": 81.2604,
    "eval_steps_per_second_std": 0.05747556002337303
  },
  "cv_fold_metrics": [
    {
      "eval_loss": 0.316623330116272,
      "eval_accuracy": 0.8741350906095552,
      "eval_f1": 0.8733095113209197,
      "eval_matthews_correlation": 0.7475069760310947,
      "eval_precision": 0.8751175211142976,
      "eval_recall": 0.8723944149258336,
      "eval_auc": 0.945363869046011,
      "eval_auprc": 0.9343011670542345,
      "eval_runtime": 2.3402,
      "eval_samples_per_second": 1296.882,
      "eval_steps_per_second": 81.189,
      "epoch": 4.0
    },
    {
      "eval_loss": 0.3889809846878052,
      "eval_accuracy": 0.8787479406919275,
      "eval_f1": 0.8784628215150665,
      "eval_matthews_correlation": 0.7570980760344517,
      "eval_precision": 0.8781858532546107,
      "eval_recall": 0.8789125715585449,
      "eval_auc": 0.9425169958352468,
      "eval_auprc": 0.9165896638778981,
      "eval_runtime": 2.3379,
      "eval_samples_per_second": 1298.155,
      "eval_steps_per_second": 81.268,
      "epoch": 6.0
    },
    {
      "eval_loss": 0.48980003595352173,
      "eval_accuracy": 0.8797364085667215,
      "eval_f1": 0.8791578602888037,
      "eval_matthews_correlation": 0.758525490026752,
      "eval_precision": 0.8798366639802382,
      "eval_recall": 0.878689693216568,
      "eval_auc": 0.9463736844077537,
      "eval_auprc": 0.9305762034152043,
      "eval_runtime": 2.337,
      "eval_samples_per_second": 1298.687,
      "eval_steps_per_second": 81.302,
      "epoch": 10.0
    },
    {
      "eval_loss": 0.31778979301452637,
      "eval_accuracy": 0.8727752142386289,
      "eval_f1": 0.8719874882385245,
      "eval_matthews_correlation": 0.7447119418756265,
      "eval_precision": 0.8735595967858367,
      "eval_recall": 0.87115622322649,
      "eval_auc": 0.9516922493345454,
      "eval_auprc": 0.938682054461791,
      "eval_runtime": 2.3398,
      "eval_samples_per_second": 1296.685,
      "eval_steps_per_second": 81.203,
      "epoch": 5.0
    },
    {
      "eval_loss": 0.43147778511047363,
      "eval_accuracy": 0.8609096901779829,
      "eval_f1": 0.8605868569138835,
      "eval_matthews_correlation": 0.7213427305378411,
      "eval_precision": 0.8603274693473459,
      "eval_recall": 0.8610155894041757,
      "eval_auc": 0.9356956153029481,
      "eval_auprc": 0.9221114195281703,
      "eval_runtime": 2.3359,
      "eval_samples_per_second": 1298.877,
      "eval_steps_per_second": 81.34,
      "epoch": 7.0
    }
  ],
  "test_metrics": {
    "eval_loss": 0.33262285590171814,
    "eval_accuracy": 0.8736,
    "eval_f1": 0.8716284740942044,
    "eval_matthews_correlation": 0.7432806707689807,
    "eval_precision": 0.8713003064551363,
    "eval_recall": 0.8719806757051112,
    "eval_auc": 0.9464965273942363,
    "eval_auprc": 0.9261167020404449,
    "eval_runtime": 5.5088,
    "eval_samples_per_second": 1248.001,
    "eval_steps_per_second": 78.057,
    "epoch": 6.0
  }
}