{
  "experiment": "cross_cell",
  "model_type": "lamar",
  "variant": "pretrained_custom",
  "pair_name": "DGCR8_train_K562_test_HepG2_fixlen_101",
  "pretrain_path": "/gpfs/bwfor/work/ws/fr_ml642-thesis_work/Thesis/LAMAR/src/pretrain/saving_model/tapt_512_standard_collator_1gpu/checkpoint-265000/model.safetensors",
  "max_length": 512,
  "n_folds": 5,
  "hyperparameters": {
    "learning_rate": 5e-05,
    "per_device_train_batch_size": 16,
    "weight_decay": 0.01,
    "warmup_ratio": 0.1,
    "num_train_epochs": 10,
    "gradient_accumulation_steps": 1,
    "early_stopping_patience": 3
  },
  "cv_metrics": {
    "epoch_mean": 6.2,
    "epoch_std": 0.9797958971132712,
    "eval_accuracy_mean": 0.73125,
    "eval_accuracy_std": 0.01902435335059155,
    "eval_auc_mean": 0.8166764633089023,
    "eval_auc_std": 0.02533451940795173,
    "eval_auprc_mean": 0.7481572572752995,
    "eval_auprc_std": 0.04226163432693725,
    "eval_f1_mean": 0.6474712280816342,
    "eval_f1_std": 0.04921453070388174,
    "eval_loss_mean": 0.5682572960853577,
    "eval_loss_std": 0.024016525690573207,
    "eval_matthews_correlation_mean": 0.4584728284289058,
    "eval_matthews_correlation_std": 0.028955817550382675,
    "eval_precision_mean": 0.6985358232575993,
    "eval_precision_std": 0.09949567699412593,
    "eval_recall_mean": 0.6496510044262853,
    "eval_recall_std": 0.1656606658432973,
    "eval_runtime_mean": 0.75494,
    "eval_runtime_std": 0.0023963305281200073,
    "eval_samples_per_second_mean": 311.0288,
    "eval_samples_per_second_std": 0.8639243948401967,
    "eval_steps_per_second_mean": 19.87,
    "eval_steps_per_second_std": 0.06339716081970885
  },
  "cv_fold_metrics": [
    {
      "eval_loss": 0.5336036682128906,
      "eval_accuracy": 0.71875,
      "eval_f1": 0.7149321266968327,
      "eval_precision": 0.5984848484848485,
      "eval_recall": 0.8876404494382022,
      "eval_auc": 0.8555971702039117,
      "eval_auprc": 0.809146647419955,
      "eval_matthews_correlation": 0.49241150670944134,
      "eval_runtime": 0.7532,
      "eval_samples_per_second": 312.01,
      "eval_steps_per_second": 19.916,
      "epoch": 8.0
    },
    {
      "eval_loss": 0.5480743050575256,
      "eval_accuracy": 0.75,
      "eval_f1": 0.588235294117647,
      "eval_precision": 0.851063829787234,
      "eval_recall": 0.449438202247191,
      "eval_auc": 0.8356221389929255,
      "eval_auprc": 0.7809286179923398,
      "eval_matthews_correlation": 0.4778128129775577,
      "eval_runtime": 0.7575,
      "eval_samples_per_second": 310.228,
      "eval_steps_per_second": 19.802,
      "epoch": 6.0
    },
    {
      "eval_loss": 0.5879219770431519,
      "eval_accuracy": 0.75,
      "eval_f1": 0.6744186046511628,
      "eval_precision": 0.6823529411764706,
      "eval_recall": 0.6666666666666666,
      "eval_auc": 0.8024163100931286,
      "eval_auprc": 0.689993207881055,
      "eval_matthews_correlation": 0.4716485830361907,
      "eval_runtime": 0.7582,
      "eval_samples_per_second": 309.955,
      "eval_steps_per_second": 19.784,
      "epoch": 5.0
    },
    {
      "eval_loss": 0.59747314453125,
      "eval_accuracy": 0.7366071428571429,
      "eval_f1": 0.5931034482758621,
      "eval_precision": 0.7678571428571429,
      "eval_recall": 0.48314606741573035,
      "eval_auc": 0.7853516437786101,
      "eval_auprc": 0.7381029903104217,
      "eval_matthews_correlation": 0.43717526045131233,
      "eval_runtime": 0.7532,
      "eval_samples_per_second": 312.012,
      "eval_steps_per_second": 19.916,
      "epoch": 6.0
    },
    {
      "eval_loss": 0.5742133855819702,
      "eval_accuracy": 0.7008928571428571,
      "eval_f1": 0.6666666666666666,
      "eval_precision": 0.5929203539823009,
      "eval_recall": 0.7613636363636364,
      "eval_auc": 0.804395053475936,
      "eval_auprc": 0.7226148227727255,
      "eval_matthews_correlation": 0.41331597897002686,
      "eval_runtime": 0.7526,
      "eval_samples_per_second": 310.939,
      "eval_steps_per_second": 19.932,
      "epoch": 6.0
    }
  ],
  "test_metrics": {
    "eval_loss": 0.40808430314064026,
    "eval_accuracy": 0.8147935779816514,
    "eval_f1": 0.7985028072364316,
    "eval_precision": 0.7476635514018691,
    "eval_recall": 0.856760374832664,
    "eval_auc": 0.9061333934870207,
    "eval_auprc": 0.8899519701330274,
    "eval_matthews_correlation": 0.633606195362753,
    "eval_runtime": 5.874,
    "eval_samples_per_second": 299.455,
    "eval_steps_per_second": 18.727,
    "epoch": 6.0
  }
}