{
  "experiment": "cross_length",
  "model_type": "lamar",
  "variant": "random",
  "pair_name": "EFTUD2_K562_ENCSR844RVX",
  "pretrain_path": "",
  "max_length": 1024,
  "n_folds": 5,
  "hyperparameters": {
    "learning_rate": 5e-05,
    "per_device_train_batch_size": 16,
    "weight_decay": 0.01,
    "warmup_ratio": 0.1,
    "num_train_epochs": 10,
    "gradient_accumulation_steps": 1,
    "early_stopping_patience": 3
  },
  "cv_metrics": {
    "epoch_mean": 8.8,
    "epoch_std": 1.9390719429665315,
    "eval_accuracy_mean": 0.7903301886792453,
    "eval_accuracy_std": 0.018471664386038932,
    "eval_auc_mean": 0.7906560272404801,
    "eval_auc_std": 0.01018921743218743,
    "eval_auprc_mean": 0.6814005543803329,
    "eval_auprc_std": 0.016913453921691406,
    "eval_f1_mean": 0.5376629600372264,
    "eval_f1_std": 0.09729923934963518,
    "eval_loss_mean": 0.496951699256897,
    "eval_loss_std": 0.020451950262900562,
    "eval_matthews_correlation_mean": 0.4605898754257898,
    "eval_matthews_correlation_std": 0.05608504732690934,
    "eval_precision_mean": 0.7913549388206922,
    "eval_precision_std": 0.04121234362933109,
    "eval_recall_mean": 0.421026992248537,
    "eval_recall_std": 0.10482050592385636,
    "eval_runtime_mean": 18.10598,
    "eval_runtime_std": 0.0046554913811536714,
    "eval_samples_per_second_mean": 47.432,
    "eval_samples_per_second_std": 0.02426520142096463,
    "eval_steps_per_second_mean": 2.9826,
    "eval_steps_per_second_std": 0.0004898979485565817
  },
  "cv_fold_metrics": [
    {
      "eval_loss": 0.49735739827156067,
      "eval_accuracy": 0.8054245283018868,
      "eval_f1": 0.6080760095011876,
      "eval_precision": 0.7757575757575758,
      "eval_recall": 0.5,
      "eval_auc": 0.7839949324324323,
      "eval_auprc": 0.6990648752383138,
      "eval_matthews_correlation": 0.5073487204743887,
      "eval_runtime": 18.1001,
      "eval_samples_per_second": 47.458,
      "eval_steps_per_second": 2.983,
      "epoch": 9.0
    },
    {
      "eval_loss": 0.47723421454429626,
      "eval_accuracy": 0.8042452830188679,
      "eval_f1": 0.5990338164251208,
      "eval_precision": 0.775,
      "eval_recall": 0.4881889763779528,
      "eval_auc": 0.80112145072775,
      "eval_auprc": 0.6888968228505118,
      "eval_matthews_correlation": 0.5005831361720114,
      "eval_runtime": 18.1111,
      "eval_samples_per_second": 47.43,
      "eval_steps_per_second": 2.982,
      "epoch": 10.0
    },
    {
      "eval_loss": 0.4849616587162018,
      "eval_accuracy": 0.7865566037735849,
      "eval_f1": 0.5508684863523574,
      "eval_precision": 0.7602739726027398,
      "eval_recall": 0.43190661478599224,
      "eval_auc": 0.7981459901110695,
      "eval_auprc": 0.6968012536295007,
      "eval_matthews_correlation": 0.4536878836198947,
      "eval_runtime": 18.1115,
      "eval_samples_per_second": 47.428,
      "eval_steps_per_second": 2.982,
      "epoch": 10.0
    },
    {
      "eval_loss": 0.5357197523117065,
      "eval_accuracy": 0.7558962264150944,
      "eval_f1": 0.3470031545741325,
      "eval_precision": 0.873015873015873,
      "eval_recall": 0.21653543307086615,
      "eval_auc": 0.7739335613351361,
      "eval_auprc": 0.6600447955477162,
      "eval_matthews_correlation": 0.35468696483633916,
      "eval_runtime": 18.1019,
      "eval_samples_per_second": 47.454,
      "eval_steps_per_second": 2.983,
      "epoch": 5.0
    },
    {
      "eval_loss": 0.4894854724407196,
      "eval_accuracy": 0.7995283018867925,
      "eval_f1": 0.5833333333333333,
      "eval_precision": 0.7727272727272727,
      "eval_recall": 0.468503937007874,
      "eval_auc": 0.7960842015960127,
      "eval_auprc": 0.6621950246356216,
      "eval_matthews_correlation": 0.4866426720263147,
      "eval_runtime": 18.1053,
      "eval_samples_per_second": 47.39,
      "eval_steps_per_second": 2.983,
      "epoch": 10.0
    }
  ],
  "test_metrics": {
    "eval_loss": 0.5520975589752197,
    "eval_accuracy": 0.729389721627409,
    "eval_f1": 0.6982089552238806,
    "eval_precision": 0.735997482693518,
    "eval_recall": 0.6641113003975014,
    "eval_auc": 0.7855073713870859,
    "eval_auprc": 0.7870899805521658,
    "eval_matthews_correlation": 0.4560803323102243,
    "eval_runtime": 159.8005,
    "eval_samples_per_second": 46.796,
    "eval_steps_per_second": 2.929,
    "epoch": 4.0
  }
}