{
  "experiment": "cross_cell",
  "model_type": "dnabert2",
  "variant": "pretrained",
  "pair_name": "PTBP1_train_K562_test_HepG2_fixlen_101",
  "max_length": 128,
  "n_folds": 5,
  "hyperparameters": {
    "learning_rate": 5e-05,
    "per_device_train_batch_size": 16,
    "weight_decay": 0.01,
    "warmup_ratio": 0.1,
    "num_train_epochs": 10,
    "gradient_accumulation_steps": 1,
    "early_stopping_patience": 3
  },
  "cv_metrics": {
    "epoch_mean": 7.0,
    "epoch_std": 1.8973665961010275,
    "eval_accuracy_mean": 0.9389292009239375,
    "eval_accuracy_std": 0.0033820607755787775,
    "eval_auc_mean": 0.9741223312899981,
    "eval_auc_std": 0.0031420344280106414,
    "eval_auprc_mean": 0.9632936490235828,
    "eval_auprc_std": 0.004579534809369884,
    "eval_f1_mean": 0.933308909600979,
    "eval_f1_std": 0.0037284912147674716,
    "eval_loss_mean": 0.24183702766895293,
    "eval_loss_std": 0.04080042397030715,
    "eval_matthews_correlation_mean": 0.8679465535591662,
    "eval_matthews_correlation_std": 0.007451389651323269,
    "eval_precision_mean": 0.9404258872262261,
    "eval_precision_std": 0.004457502966638054,
    "eval_recall_mean": 0.9276288181653769,
    "eval_recall_std": 0.004466432763699366,
    "eval_runtime_mean": 1.5739,
    "eval_runtime_std": 0.016038453790811643,
    "eval_samples_per_second_mean": 1300.6048,
    "eval_samples_per_second_std": 13.554361444199424,
    "eval_steps_per_second_mean": 81.3354,
    "eval_steps_per_second_std": 0.8405294997797496
  },
  "cv_fold_metrics": [
    {
      "eval_loss": 0.2651369869709015,
      "eval_accuracy": 0.9418661455788959,
      "eval_f1": 0.9361597519698401,
      "eval_matthews_correlation": 0.87458553899288,
      "eval_precision": 0.9465181088352251,
      "eval_recall": 0.9282580313544075,
      "eval_auc": 0.9715070675918789,
      "eval_auprc": 0.9575173338619386,
      "eval_runtime": 1.5782,
      "eval_samples_per_second": 1297.04,
      "eval_steps_per_second": 81.105,
      "epoch": 8.0
    },
    {
      "eval_loss": 0.3002571761608124,
      "eval_accuracy": 0.9335613092330239,
      "eval_f1": 0.9274748864157392,
      "eval_matthews_correlation": 0.856059436066483,
      "eval_precision": 0.9341603981926487,
      "eval_recall": 0.9219856078129016,
      "eval_auc": 0.9719501413518377,
      "eval_auprc": 0.9581039676673204,
      "eval_runtime": 1.543,
      "eval_samples_per_second": 1326.671,
      "eval_steps_per_second": 82.957,
      "epoch": 10.0
    },
    {
      "eval_loss": 0.2521560490131378,
      "eval_accuracy": 0.9364924279433317,
      "eval_f1": 0.9303697772753914,
      "eval_matthews_correlation": 0.8626509677016548,
      "eval_precision": 0.9396339965610415,
      "eval_recall": 0.9231739912618864,
      "eval_auc": 0.9723901310717039,
      "eval_auprc": 0.9652654156950281,
      "eval_runtime": 1.5758,
      "eval_samples_per_second": 1299.06,
      "eval_steps_per_second": 81.231,
      "epoch": 7.0
    },
    {
      "eval_loss": 0.19224756956100464,
      "eval_accuracy": 0.9423546653639472,
      "eval_f1": 0.9370348241898719,
      "eval_matthews_correlation": 0.875293036035046,
      "eval_precision": 0.9442162064838644,
      "eval_recall": 0.9311739912618864,
      "eval_auc": 0.9747792341300437,
      "eval_auprc": 0.9681270204358677,
      "eval_runtime": 1.5848,
      "eval_samples_per_second": 1291.622,
      "eval_steps_per_second": 80.766,
      "epoch": 5.0
    },
    {
      "eval_loss": 0.1993873566389084,
      "eval_accuracy": 0.9403714565004888,
      "eval_f1": 0.9355053081540522,
      "eval_matthews_correlation": 0.8711437889997672,
      "eval_precision": 0.9376007260583505,
      "eval_recall": 0.9335524691358025,
      "eval_auc": 0.9799850823045267,
      "eval_auprc": 0.9674545074577594,
      "eval_runtime": 1.5877,
      "eval_samples_per_second": 1288.631,
      "eval_steps_per_second": 80.618,
      "epoch": 5.0
    }
  ],
  "test_metrics": {
    "eval_loss": 0.1795676052570343,
    "eval_accuracy": 0.9367592508821134,
    "eval_f1": 0.9308623871436681,
    "eval_matthews_correlation": 0.8665019306915387,
    "eval_precision": 0.9463186292331536,
    "eval_recall": 0.9205659066831929,
    "eval_auc": 0.9826071426729678,
    "eval_auprc": 0.9762331334308307,
    "eval_runtime": 9.5961,
    "eval_samples_per_second": 1151.819,
    "eval_steps_per_second": 72.008,
    "epoch": 5.0
  }
}