{
  "experiment": "cross_length",
  "model_type": "lamar",
  "variant": "random",
  "pair_name": "HNRNPK_K562_ENCSR268ETU",
  "pretrain_path": "",
  "max_length": 1024,
  "n_folds": 5,
  "hyperparameters": {
    "learning_rate": 5e-05,
    "per_device_train_batch_size": 16,
    "weight_decay": 0.01,
    "warmup_ratio": 0.1,
    "num_train_epochs": 10,
    "gradient_accumulation_steps": 1,
    "early_stopping_patience": 3
  },
  "cv_metrics": {
    "epoch_mean": 9.4,
    "epoch_std": 1.2,
    "eval_accuracy_mean": 0.9091666666666667,
    "eval_accuracy_std": 0.013017082793177745,
    "eval_auc_mean": 0.9670100778937558,
    "eval_auc_std": 0.005587742943361869,
    "eval_auprc_mean": 0.935230098556579,
    "eval_auprc_std": 0.017627810441368512,
    "eval_f1_mean": 0.8668574887066309,
    "eval_f1_std": 0.01600999288262822,
    "eval_loss_mean": 0.2554420381784439,
    "eval_loss_std": 0.03627356068040377,
    "eval_matthews_correlation_mean": 0.7996073102411787,
    "eval_matthews_correlation_std": 0.02560981508409002,
    "eval_precision_mean": 0.8563221358874402,
    "eval_precision_std": 0.04118028714572174,
    "eval_recall_mean": 0.8803188758558302,
    "eval_recall_std": 0.03224392155642407,
    "eval_runtime_mean": 10.3057,
    "eval_runtime_std": 0.0069004347689112025,
    "eval_samples_per_second_mean": 47.6048,
    "eval_samples_per_second_std": 0.024375397432655852,
    "eval_steps_per_second_mean": 3.008,
    "eval_steps_per_second_std": 0.001788854381999883
  },
  "cv_fold_metrics": [
    {
      "eval_loss": 0.24474959075450897,
      "eval_accuracy": 0.9166666666666666,
      "eval_f1": 0.870967741935484,
      "eval_precision": 0.8940397350993378,
      "eval_recall": 0.8490566037735849,
      "eval_auc": 0.9642626227002881,
      "eval_auprc": 0.9286754855494376,
      "eval_matthews_correlation": 0.8100780251238169,
      "eval_runtime": 10.3083,
      "eval_samples_per_second": 47.632,
      "eval_steps_per_second": 3.007,
      "epoch": 10.0
    },
    {
      "eval_loss": 0.2074631303548813,
      "eval_accuracy": 0.9291666666666667,
      "eval_f1": 0.8917197452229298,
      "eval_precision": 0.9090909090909091,
      "eval_recall": 0.875,
      "eval_auc": 0.97462890625,
      "eval_auprc": 0.9569498768393259,
      "eval_matthews_correlation": 0.8394551123594881,
      "eval_runtime": 10.3143,
      "eval_samples_per_second": 47.604,
      "eval_steps_per_second": 3.006,
      "epoch": 10.0
    },
    {
      "eval_loss": 0.28840985894203186,
      "eval_accuracy": 0.8916666666666667,
      "eval_f1": 0.8497109826589596,
      "eval_precision": 0.7989130434782609,
      "eval_recall": 0.9074074074074074,
      "eval_auc": 0.9643023526671326,
      "eval_auprc": 0.9251504755347201,
      "eval_matthews_correlation": 0.7693484680142462,
      "eval_runtime": 10.3095,
      "eval_samples_per_second": 47.626,
      "eval_steps_per_second": 3.007,
      "epoch": 10.0
    },
    {
      "eval_loss": 0.2312442511320114,
      "eval_accuracy": 0.9083333333333333,
      "eval_f1": 0.8728323699421965,
      "eval_precision": 0.825136612021858,
      "eval_recall": 0.9263803680981595,
      "eval_auc": 0.9722861953513576,
      "eval_auprc": 0.954186822937612,
      "eval_matthews_correlation": 0.8048260323018525,
      "eval_runtime": 10.3021,
      "eval_samples_per_second": 47.563,
      "eval_steps_per_second": 3.009,
      "epoch": 7.0
    },
    {
      "eval_loss": 0.305343359708786,
      "eval_accuracy": 0.9,
      "eval_f1": 0.8490566037735849,
      "eval_precision": 0.8544303797468354,
      "eval_recall": 0.84375,
      "eval_auc": 0.9595703125,
      "eval_auprc": 0.9111878319218003,
      "eval_matthews_correlation": 0.7743289134064896,
      "eval_runtime": 10.2943,
      "eval_samples_per_second": 47.599,
      "eval_steps_per_second": 3.011,
      "epoch": 10.0
    }
  ],
  "test_metrics": {
    "eval_loss": 0.31200823187828064,
    "eval_accuracy": 0.8822544642857143,
    "eval_f1": 0.8632534024627351,
    "eval_precision": 0.9555236728837877,
    "eval_recall": 0.7872340425531915,
    "eval_auc": 0.9676846395673709,
    "eval_auprc": 0.9624468948645258,
    "eval_matthews_correlation": 0.7725846994331521,
    "eval_runtime": 77.1547,
    "eval_samples_per_second": 46.647,
    "eval_steps_per_second": 2.916,
    "epoch": 4.0
  }
}