{
  "experiment": "cross_cell",
  "model_type": "lamar",
  "variant": "tapt_1024",
  "pair_name": "HNRNPU_train_K562_test_HepG2_fixlen_101",
  "pretrain_path": "/gpfs/bwfor/work/ws/fr_ml642-thesis_work/Thesis/LAMAR/src/pretrain/saving_model/tapt_1024_standard_collator/checkpoint-134000/model.safetensors",
  "max_length": 1024,
  "n_folds": 5,
  "hyperparameters": {
    "learning_rate": 5e-05,
    "per_device_train_batch_size": 16,
    "weight_decay": 0.01,
    "warmup_ratio": 0.1,
    "num_train_epochs": 10,
    "gradient_accumulation_steps": 1,
    "early_stopping_patience": 3
  },
  "cv_metrics": {
    "epoch_mean": 8.2,
    "epoch_std": 1.7204650534085253,
    "eval_accuracy_mean": 0.728125,
    "eval_accuracy_std": 0.015934435979977454,
    "eval_auc_mean": 0.8169454656862746,
    "eval_auc_std": 0.0241852950789035,
    "eval_auprc_mean": 0.8017433064426637,
    "eval_auprc_std": 0.02745629764576606,
    "eval_f1_mean": 0.7058097367413942,
    "eval_f1_std": 0.036729780745815274,
    "eval_loss_mean": 0.5473250806331634,
    "eval_loss_std": 0.040152992819086776,
    "eval_matthews_correlation_mean": 0.4576891792172385,
    "eval_matthews_correlation_std": 0.030305188360136886,
    "eval_precision_mean": 0.7370658970658971,
    "eval_precision_std": 0.0349707872654463,
    "eval_recall_mean": 0.6866666666666666,
    "eval_recall_std": 0.08492848298552272,
    "eval_runtime_mean": 1.38044,
    "eval_runtime_std": 0.0008260750571225271,
    "eval_samples_per_second_mean": 50.2738,
    "eval_samples_per_second_std": 0.35457320823773636,
    "eval_steps_per_second_mean": 3.6220000000000008,
    "eval_steps_per_second_std": 0.0021908902300205855
  },
  "cv_fold_metrics": [
    {
      "eval_loss": 0.5752541422843933,
      "eval_accuracy": 0.703125,
      "eval_f1": 0.7076923076923077,
      "eval_precision": 0.696969696969697,
      "eval_recall": 0.71875,
      "eval_auc": 0.7890625,
      "eval_auprc": 0.8052017390636295,
      "eval_matthews_correlation": 0.40644850966246954,
      "eval_runtime": 1.3806,
      "eval_samples_per_second": 50.704,
      "eval_steps_per_second": 3.622,
      "epoch": 9.0
    },
    {
      "eval_loss": 0.5996448993682861,
      "eval_accuracy": 0.71875,
      "eval_f1": 0.64,
      "eval_precision": 0.8,
      "eval_recall": 0.5333333333333333,
      "eval_auc": 0.7950980392156862,
      "eval_auprc": 0.778363809280016,
      "eval_matthews_correlation": 0.44753235077599396,
      "eval_runtime": 1.3804,
      "eval_samples_per_second": 50.709,
      "eval_steps_per_second": 3.622,
      "epoch": 8.0
    },
    {
      "eval_loss": 0.48589077591896057,
      "eval_accuracy": 0.734375,
      "eval_f1": 0.7462686567164178,
      "eval_precision": 0.7142857142857143,
      "eval_recall": 0.78125,
      "eval_auc": 0.85546875,
      "eval_auprc": 0.8531514104981377,
      "eval_matthews_correlation": 0.47082361543075835,
      "eval_runtime": 1.3811,
      "eval_samples_per_second": 49.961,
      "eval_steps_per_second": 3.62,
      "epoch": 9.0
    },
    {
      "eval_loss": 0.5551333427429199,
      "eval_accuracy": 0.75,
      "eval_f1": 0.7333333333333333,
      "eval_precision": 0.7333333333333333,
      "eval_recall": 0.7333333333333333,
      "eval_auc": 0.8303921568627451,
      "eval_auprc": 0.792006856147763,
      "eval_matthews_correlation": 0.4980392156862745,
      "eval_runtime": 1.3812,
      "eval_samples_per_second": 49.955,
      "eval_steps_per_second": 3.62,
      "epoch": 10.0
    },
    {
      "eval_loss": 0.5207022428512573,
      "eval_accuracy": 0.734375,
      "eval_f1": 0.7017543859649122,
      "eval_precision": 0.7407407407407407,
      "eval_recall": 0.6666666666666666,
      "eval_auc": 0.8147058823529412,
      "eval_auprc": 0.779992717223772,
      "eval_matthews_correlation": 0.4656022045306962,
      "eval_runtime": 1.3789,
      "eval_samples_per_second": 50.04,
      "eval_steps_per_second": 3.626,
      "epoch": 5.0
    }
  ],
  "test_metrics": {
    "eval_loss": 0.5257406830787659,
    "eval_accuracy": 0.7410714285714286,
    "eval_f1": 0.7812971342383107,
    "eval_precision": 0.6658097686375322,
    "eval_recall": 0.9452554744525548,
    "eval_auc": 0.9000944311163289,
    "eval_auprc": 0.8926793937885431,
    "eval_matthews_correlation": 0.532611289998741,
    "eval_runtime": 12.0578,
    "eval_samples_per_second": 47.521,
    "eval_steps_per_second": 2.986,
    "epoch": 9.0
  }
}