{
  "experiment": "cross_length",
  "model_type": "dnabert2",
  "variant": "pretrained",
  "pair_name": "GEMIN5_K562_ENCSR238CLX",
  "max_length": 256,
  "n_folds": 5,
  "hyperparameters": {
    "learning_rate": 5e-05,
    "per_device_train_batch_size": 16,
    "weight_decay": 0.01,
    "warmup_ratio": 0.1,
    "num_train_epochs": 10,
    "gradient_accumulation_steps": 1,
    "early_stopping_patience": 3
  },
  "cv_metrics": {
    "epoch_mean": 5.6,
    "epoch_std": 1.4966629547095764,
    "eval_accuracy_mean": 0.9046943765281175,
    "eval_accuracy_std": 0.019052338778081712,
    "eval_auc_mean": 0.9606708078113047,
    "eval_auc_std": 0.006007300686537899,
    "eval_auprc_mean": 0.9348778953435964,
    "eval_auprc_std": 0.012184599785291796,
    "eval_f1_mean": 0.8832266828882236,
    "eval_f1_std": 0.030074391659979067,
    "eval_loss_mean": 0.2924229234457016,
    "eval_loss_std": 0.06558668004028965,
    "eval_matthews_correlation_mean": 0.7761802953309154,
    "eval_matthews_correlation_std": 0.045388073370134736,
    "eval_precision_mean": 0.9049667130582364,
    "eval_precision_std": 0.008095888948218588,
    "eval_recall_mean": 0.8733098235662426,
    "eval_recall_std": 0.04255632485450142,
    "eval_runtime_mean": 0.22344,
    "eval_runtime_std": 0.007634814994484154,
    "eval_samples_per_second_mean": 1833.4058,
    "eval_samples_per_second_std": 62.77084170026718,
    "eval_steps_per_second_mean": 116.492,
    "eval_steps_per_second_std": 3.981564014303925
  },
  "cv_fold_metrics": [
    {
      "eval_loss": 0.2636018395423889,
      "eval_accuracy": 0.9,
      "eval_f1": 0.8806743566992015,
      "eval_matthews_correlation": 0.7625317086370236,
      "eval_precision": 0.8893951706524263,
      "eval_recall": 0.8733062519128572,
      "eval_auc": 0.9580979939345037,
      "eval_auprc": 0.9194841410886965,
      "eval_runtime": 0.2222,
      "eval_samples_per_second": 1844.946,
      "eval_steps_per_second": 116.997,
      "epoch": 4.0
    },
    {
      "eval_loss": 0.2330712080001831,
      "eval_accuracy": 0.9242053789731052,
      "eval_f1": 0.9124263542868194,
      "eval_matthews_correlation": 0.8252121740891729,
      "eval_precision": 0.9083524778470626,
      "eval_recall": 0.916904004020774,
      "eval_auc": 0.9657675769252249,
      "eval_auprc": 0.9519790196370028,
      "eval_runtime": 0.2336,
      "eval_samples_per_second": 1750.587,
      "eval_steps_per_second": 111.284,
      "epoch": 4.0
    },
    {
      "eval_loss": 0.306780070066452,
      "eval_accuracy": 0.9095354523227384,
      "eval_f1": 0.8895441772198095,
      "eval_matthews_correlation": 0.7847077454429275,
      "eval_precision": 0.9118217054263565,
      "eval_recall": 0.8738063327190484,
      "eval_auc": 0.9531747361367064,
      "eval_auprc": 0.9262605321030372,
      "eval_runtime": 0.2183,
      "eval_samples_per_second": 1873.707,
      "eval_steps_per_second": 119.111,
      "epoch": 6.0
    },
    {
      "eval_loss": 0.24499724805355072,
      "eval_accuracy": 0.9193154034229829,
      "eval_f1": 0.9059868352314283,
      "eval_matthews_correlation": 0.8119881604890858,
      "eval_precision": 0.9051239991103203,
      "eval_recall": 0.9068660300441168,
      "eval_auc": 0.9694532864243033,
      "eval_auprc": 0.9459082891366493,
      "eval_runtime": 0.2303,
      "eval_samples_per_second": 1776.077,
      "eval_steps_per_second": 112.905,
      "epoch": 6.0
    },
    {
      "eval_loss": 0.4136642515659332,
      "eval_accuracy": 0.8704156479217604,
      "eval_f1": 0.8275016910038595,
      "eval_matthews_correlation": 0.6964616879963668,
      "eval_precision": 0.9101402122550158,
      "eval_recall": 0.7956664991344167,
      "eval_auc": 0.956860445635785,
      "eval_auprc": 0.9307574947525957,
      "eval_runtime": 0.2128,
      "eval_samples_per_second": 1921.712,
      "eval_steps_per_second": 122.163,
      "epoch": 8.0
    }
  ],
  "test_metrics": {
    "eval_loss": 0.4030359089374542,
    "eval_accuracy": 0.9065774155995343,
    "eval_f1": 0.906145837827323,
    "eval_matthews_correlation": 0.8125272371975109,
    "eval_precision": 0.9068924674432021,
    "eval_recall": 0.9056357416348444,
    "eval_auc": 0.9696889822457654,
    "eval_auprc": 0.9702453766073328,
    "eval_runtime": 2.0423,
    "eval_samples_per_second": 1682.396,
    "eval_steps_per_second": 105.272,
    "epoch": 10.0
  }
}