{
  "experiment": "cross_cell",
  "model_type": "dnabert2",
  "variant": "tapt_v3",
  "pair_name": "DGCR8_train_K562_test_adrenal-gland_fixlen_101",
  "max_length": 128,
  "n_folds": 5,
  "hyperparameters": {
    "learning_rate": 5e-05,
    "per_device_train_batch_size": 16,
    "weight_decay": 0.01,
    "warmup_ratio": 0.1,
    "num_train_epochs": 10,
    "gradient_accumulation_steps": 1,
    "early_stopping_patience": 3
  },
  "cv_metrics": {
    "epoch_mean": 6.2,
    "epoch_std": 0.7483314773547882,
    "eval_accuracy_mean": 0.7650410416833774,
    "eval_accuracy_std": 0.032419921608520245,
    "eval_auc_mean": 0.8416449369855539,
    "eval_auc_std": 0.02323269805199576,
    "eval_auprc_mean": 0.8280683556176829,
    "eval_auprc_std": 0.025427239516737782,
    "eval_f1_mean": 0.7623869988457772,
    "eval_f1_std": 0.035927797774129,
    "eval_loss_mean": 0.5812347054481506,
    "eval_loss_std": 0.06685727113719847,
    "eval_matthews_correlation_mean": 0.5350263277210922,
    "eval_matthews_correlation_std": 0.060349878618272394,
    "eval_precision_mean": 0.7710510959742143,
    "eval_precision_std": 0.025919479226420187,
    "eval_recall_mean": 0.7641835339158207,
    "eval_recall_std": 0.034687489223242246,
    "eval_runtime_mean": 0.23678,
    "eval_runtime_std": 0.015330414214886687,
    "eval_samples_per_second_mean": 1158.5214,
    "eval_samples_per_second_std": 73.02159958149369,
    "eval_steps_per_second_mean": 76.32939999999999,
    "eval_steps_per_second_std": 4.8038591819494485
  },
  "cv_fold_metrics": [
    {
      "eval_loss": 0.6111437082290649,
      "eval_accuracy": 0.718978102189781,
      "eval_f1": 0.7071796366462645,
      "eval_matthews_correlation": 0.4526396489112903,
      "eval_precision": 0.7421187683284457,
      "eval_recall": 0.7115518069716543,
      "eval_auc": 0.8376127689104789,
      "eval_auprc": 0.8222244029202572,
      "eval_runtime": 0.2334,
      "eval_samples_per_second": 1174.074,
      "eval_steps_per_second": 77.129,
      "epoch": 5.0
    },
    {
      "eval_loss": 0.6673615574836731,
      "eval_accuracy": 0.7838827838827839,
      "eval_f1": 0.7838711841663871,
      "eval_matthews_correlation": 0.5702920195087653,
      "eval_precision": 0.7849774339136042,
      "eval_recall": 0.7853146853146853,
      "eval_auc": 0.8435718128025821,
      "eval_auprc": 0.8235562232657008,
      "eval_runtime": 0.2463,
      "eval_samples_per_second": 1108.476,
      "eval_steps_per_second": 73.086,
      "epoch": 7.0
    },
    {
      "eval_loss": 0.5381152629852295,
      "eval_accuracy": 0.7655677655677655,
      "eval_f1": 0.7644267069356057,
      "eval_matthews_correlation": 0.5301782710417399,
      "eval_precision": 0.7661788617886178,
      "eval_recall": 0.7640038705515536,
      "eval_auc": 0.822115901515966,
      "eval_auprc": 0.8084700953360691,
      "eval_runtime": 0.2205,
      "eval_samples_per_second": 1237.82,
      "eval_steps_per_second": 81.614,
      "epoch": 6.0
    },
    {
      "eval_loss": 0.47578591108322144,
      "eval_accuracy": 0.8131868131868132,
      "eval_f1": 0.8131466992336909,
      "eval_matthews_correlation": 0.6273637356373197,
      "eval_precision": 0.8134460547504025,
      "eval_recall": 0.813917858294807,
      "eval_auc": 0.8845823029781744,
      "eval_auprc": 0.8772908799206444,
      "eval_runtime": 0.2613,
      "eval_samples_per_second": 1044.953,
      "eval_steps_per_second": 68.898,
      "epoch": 6.0
    },
    {
      "eval_loss": 0.6137670874595642,
      "eval_accuracy": 0.7435897435897436,
      "eval_f1": 0.7433107672469375,
      "eval_matthews_correlation": 0.4946579635063456,
      "eval_precision": 0.748534361090001,
      "eval_recall": 0.7461294484464036,
      "eval_auc": 0.8203418987205676,
      "eval_auprc": 0.8088001766457434,
      "eval_runtime": 0.2224,
      "eval_samples_per_second": 1227.284,
      "eval_steps_per_second": 80.92,
      "epoch": 7.0
    }
  ],
  "test_metrics": {
    "eval_loss": 0.5648955702781677,
    "eval_accuracy": 0.7563025210084033,
    "eval_f1": 0.748723757129566,
    "eval_matthews_correlation": 0.4977567094179888,
    "eval_precision": 0.7501301236174366,
    "eval_recall": 0.7476328502415459,
    "eval_auc": 0.8035748792270531,
    "eval_auprc": 0.7882764624532586,
    "eval_runtime": 0.281,
    "eval_samples_per_second": 1270.681,
    "eval_steps_per_second": 81.865,
    "epoch": 5.0
  }
}