{
  "experiment": "rbp",
  "model_type": "dnabert2",
  "variant": "dnabert2_random",
  "rbp_name": "PUM2_K562_200",
  "weights_path": "",
  "max_length": 512,
  "n_folds": 5,
  "hyperparameters": {
    "learning_rate": 5e-05,
    "per_device_train_batch_size": 16,
    "weight_decay": 0.01,
    "warmup_ratio": 0.1,
    "num_train_epochs": 10,
    "gradient_accumulation_steps": 1,
    "early_stopping_patience": 3
  },
  "cv_metrics": {
    "epoch_mean": 7.8,
    "epoch_std": 1.16619037896906,
    "eval_accuracy_mean": 0.7318891912387919,
    "eval_accuracy_std": 0.012616508841507916,
    "eval_auc_mean": 0.8240522254742597,
    "eval_auc_std": 0.008597297075177413,
    "eval_auprc_mean": 0.812701863902468,
    "eval_auprc_std": 0.007848891686265637,
    "eval_f1_mean": 0.7320217382361924,
    "eval_f1_std": 0.036104987251500964,
    "eval_loss_mean": 0.6156476497650146,
    "eval_loss_std": 0.044026390631273116,
    "eval_matthews_correlation_mean": 0.47145821871582216,
    "eval_matthews_correlation_std": 0.025427562820426918,
    "eval_precision_mean": 0.7343331120493438,
    "eval_precision_std": 0.0312553815370027,
    "eval_recall_mean": 0.7413725907343551,
    "eval_recall_std": 0.09984190599273376,
    "eval_runtime_mean": 2.6106800000000003,
    "eval_runtime_std": 0.039815142847916644,
    "eval_samples_per_second_mean": 888.5608,
    "eval_samples_per_second_std": 14.013109082569814,
    "eval_steps_per_second_mean": 55.554199999999994,
    "eval_steps_per_second_std": 0.8663877653799116
  },
  "cv_fold_metrics": [
    {
      "eval_loss": 0.6217767000198364,
      "eval_accuracy": 0.7448275862068966,
      "eval_f1": 0.775587566338135,
      "eval_precision": 0.6940298507462687,
      "eval_recall": 0.8788659793814433,
      "eval_matthews_correlation": 0.5076779767043551,
      "eval_auc": 0.8380000802625478,
      "eval_auprc": 0.8238812445740922,
      "eval_runtime": 2.5313,
      "eval_samples_per_second": 916.508,
      "eval_steps_per_second": 57.282,
      "epoch": 7.0
    },
    {
      "eval_loss": 0.5638916492462158,
      "eval_accuracy": 0.7326433807675722,
      "eval_f1": 0.7448559670781894,
      "eval_precision": 0.7148499210110585,
      "eval_recall": 0.7774914089347079,
      "eval_matthews_correlation": 0.46690747803725435,
      "eval_auc": 0.8166778238943188,
      "eval_auprc": 0.8079899279546514,
      "eval_runtime": 2.6263,
      "eval_samples_per_second": 882.976,
      "eval_steps_per_second": 55.21,
      "epoch": 7.0
    },
    {
      "eval_loss": 0.5679085850715637,
      "eval_accuracy": 0.7326433807675722,
      "eval_f1": 0.7155963302752294,
      "eval_precision": 0.7677165354330708,
      "eval_recall": 0.6701030927835051,
      "eval_matthews_correlation": 0.4693790968763445,
      "eval_auc": 0.8267215602267148,
      "eval_auprc": 0.8164166566478345,
      "eval_runtime": 2.6356,
      "eval_samples_per_second": 879.886,
      "eval_steps_per_second": 55.017,
      "epoch": 7.0
    },
    {
      "eval_loss": 0.6753256916999817,
      "eval_accuracy": 0.7084950409659336,
      "eval_f1": 0.6708860759493671,
      "eval_precision": 0.7741573033707865,
      "eval_recall": 0.5919243986254296,
      "eval_matthews_correlation": 0.4296621511810058,
      "eval_auc": 0.8134809062644114,
      "eval_auprc": 0.8007112543947918,
      "eval_runtime": 2.6284,
      "eval_samples_per_second": 882.297,
      "eval_steps_per_second": 55.167,
      "epoch": 8.0
    },
    {
      "eval_loss": 0.6493356227874756,
      "eval_accuracy": 0.7408365674859854,
      "eval_f1": 0.7531827515400411,
      "eval_precision": 0.7209119496855346,
      "eval_recall": 0.7884780739466896,
      "eval_matthews_correlation": 0.4836643907801508,
      "eval_auc": 0.8253807567233055,
      "eval_auprc": 0.8145102359409705,
      "eval_runtime": 2.6318,
      "eval_samples_per_second": 881.137,
      "eval_steps_per_second": 55.095,
      "epoch": 10.0
    }
  ],
  "test_metrics": {
    "eval_loss": 0.5203147530555725,
    "eval_accuracy": 0.7582758620689655,
    "eval_f1": 0.7711394058112961,
    "eval_precision": 0.7227662178702571,
    "eval_recall": 0.8264520643806857,
    "eval_matthews_correlation": 0.5226691913734696,
    "eval_auc": 0.8443659288345379,
    "eval_auprc": 0.8322599018784231,
    "eval_runtime": 3.1818,
    "eval_samples_per_second": 911.428,
    "eval_steps_per_second": 57.2,
    "epoch": 7.0
  }
}