{
  "experiment": "cross_length",
  "model_type": "lamar",
  "variant": "tapt_512",
  "pair_name": "LARP4_K562_ENCSR888YTT",
  "pretrain_path": "/gpfs/bwfor/work/ws/fr_ml642-thesis_work/Thesis/LAMAR/src/pretrain/saving_model/tapt_lamar/checkpoint-98000/model.safetensors",
  "max_length": 1024,
  "n_folds": 5,
  "hyperparameters": {
    "learning_rate": 5e-05,
    "per_device_train_batch_size": 16,
    "weight_decay": 0.01,
    "warmup_ratio": 0.1,
    "num_train_epochs": 10,
    "gradient_accumulation_steps": 1,
    "early_stopping_patience": 3
  },
  "cv_metrics": {
    "epoch_mean": 6.8,
    "epoch_std": 2.1354156504062622,
    "eval_accuracy_mean": 0.6666666666666667,
    "eval_accuracy_std": 0.06972166887783965,
    "eval_auc_mean": 0.7185262492093611,
    "eval_auc_std": 0.07763451939078832,
    "eval_auprc_mean": 0.6330210771934655,
    "eval_auprc_std": 0.0860355214959024,
    "eval_f1_mean": 0.3264129554655871,
    "eval_f1_std": 0.19910398973415003,
    "eval_loss_mean": 0.6285091996192932,
    "eval_loss_std": 0.08515382058834842,
    "eval_matthews_correlation_mean": 0.2238878603039865,
    "eval_matthews_correlation_std": 0.1670371816567408,
    "eval_precision_mean": 0.5857142857142856,
    "eval_precision_std": 0.3534451433925144,
    "eval_recall_mean": 0.2647058823529412,
    "eval_recall_std": 0.18414677461762974,
    "eval_runtime_mean": 0.8324,
    "eval_runtime_std": 0.0004427188724235645,
    "eval_samples_per_second_mean": 61.507799999999996,
    "eval_samples_per_second_std": 0.46794290249986686,
    "eval_steps_per_second_mean": 4.8054,
    "eval_steps_per_second_std": 0.0025768197453449205
  },
  "cv_fold_metrics": [
    {
      "eval_loss": 0.5394812226295471,
      "eval_accuracy": 0.6875,
      "eval_f1": 0.4,
      "eval_precision": 0.625,
      "eval_recall": 0.29411764705882354,
      "eval_auc": 0.74573055028463,
      "eval_auprc": 0.6631059295417369,
      "eval_matthews_correlation": 0.2532520925696209,
      "eval_runtime": 0.8328,
      "eval_samples_per_second": 62.442,
      "eval_steps_per_second": 4.803,
      "epoch": 10.0
    },
    {
      "eval_loss": 0.7658135294914246,
      "eval_accuracy": 0.625,
      "eval_f1": 0.0,
      "eval_precision": 0.0,
      "eval_recall": 0.0,
      "eval_auc": 0.7018518518518518,
      "eval_auprc": 0.6668792195228296,
      "eval_matthews_correlation": 0.0,
      "eval_runtime": 0.8328,
      "eval_samples_per_second": 61.238,
      "eval_steps_per_second": 4.803,
      "epoch": 5.0
    },
    {
      "eval_loss": 0.6172719597816467,
      "eval_accuracy": 0.6875,
      "eval_f1": 0.21052631578947367,
      "eval_precision": 1.0,
      "eval_recall": 0.11764705882352941,
      "eval_auc": 0.7476280834914611,
      "eval_auprc": 0.6535333261036586,
      "eval_matthews_correlation": 0.2815739467138796,
      "eval_runtime": 0.8325,
      "eval_samples_per_second": 61.262,
      "eval_steps_per_second": 4.805,
      "epoch": 7.0
    },
    {
      "eval_loss": 0.5441672205924988,
      "eval_accuracy": 0.7708333333333334,
      "eval_f1": 0.56,
      "eval_precision": 0.875,
      "eval_recall": 0.4117647058823529,
      "eval_auc": 0.8159392789373814,
      "eval_auprc": 0.7152361856260556,
      "eval_matthews_correlation": 0.48702325494157866,
      "eval_runtime": 0.8323,
      "eval_samples_per_second": 61.273,
      "eval_steps_per_second": 4.806,
      "epoch": 8.0
    },
    {
      "eval_loss": 0.6758120656013489,
      "eval_accuracy": 0.5625,
      "eval_f1": 0.4615384615384615,
      "eval_precision": 0.42857142857142855,
      "eval_recall": 0.5,
      "eval_auc": 0.5814814814814815,
      "eval_auprc": 0.4663507251730465,
      "eval_matthews_correlation": 0.09759000729485331,
      "eval_runtime": 0.8316,
      "eval_samples_per_second": 61.324,
      "eval_steps_per_second": 4.81,
      "epoch": 4.0
    }
  ],
  "test_metrics": {
    "eval_loss": 0.78873610496521,
    "eval_accuracy": 0.541015625,
    "eval_f1": 0.08560311284046693,
    "eval_precision": 0.9166666666666666,
    "eval_recall": 0.044897959183673466,
    "eval_auc": 0.761629595658488,
    "eval_auprc": 0.7292217991241103,
    "eval_matthews_correlation": 0.1358816329989105,
    "eval_runtime": 8.8119,
    "eval_samples_per_second": 59.806,
    "eval_steps_per_second": 3.745,
    "epoch": 6.0
  }
}