{
  "experiment": "cross_length",
  "model_type": "lamar",
  "variant": "tapt_512",
  "pair_name": "DGCR8_HepG2_ENCSR061SZV",
  "pretrain_path": "/gpfs/bwfor/work/ws/fr_ml642-thesis_work/Thesis/LAMAR/src/pretrain/saving_model/tapt_lamar/checkpoint-98000/model.safetensors",
  "max_length": 1024,
  "n_folds": 5,
  "hyperparameters": {
    "learning_rate": 5e-05,
    "per_device_train_batch_size": 16,
    "weight_decay": 0.01,
    "warmup_ratio": 0.1,
    "num_train_epochs": 10,
    "gradient_accumulation_steps": 1,
    "early_stopping_patience": 3
  },
  "cv_metrics": {
    "epoch_mean": 5.6,
    "epoch_std": 1.624807680927192,
    "eval_accuracy_mean": 0.7770833333333333,
    "eval_accuracy_std": 0.04639803635691685,
    "eval_auc_mean": 0.8525922317795505,
    "eval_auc_std": 0.015032326764917713,
    "eval_auprc_mean": 0.7855288787552336,
    "eval_auprc_std": 0.026802993800751528,
    "eval_f1_mean": 0.6336208255210456,
    "eval_f1_std": 0.15668140069279962,
    "eval_loss_mean": 0.484177839756012,
    "eval_loss_std": 0.022021238021233874,
    "eval_matthews_correlation_mean": 0.5111737727379067,
    "eval_matthews_correlation_std": 0.1150555968084788,
    "eval_precision_mean": 0.7810461984972988,
    "eval_precision_std": 0.07710966325392492,
    "eval_recall_mean": 0.5756310838000979,
    "eval_recall_std": 0.19227124259980158,
    "eval_runtime_mean": 4.14188,
    "eval_runtime_std": 0.004510609714883209,
    "eval_samples_per_second_mean": 48.0458,
    "eval_samples_per_second_std": 0.05224327707944637,
    "eval_steps_per_second_mean": 3.1388,
    "eval_steps_per_second_std": 0.0032496153618543325
  },
  "cv_fold_metrics": [
    {
      "eval_loss": 0.47182902693748474,
      "eval_accuracy": 0.796875,
      "eval_f1": 0.7234042553191489,
      "eval_precision": 0.7285714285714285,
      "eval_recall": 0.7183098591549296,
      "eval_auc": 0.8730066348504248,
      "eval_auprc": 0.762949472121384,
      "eval_matthews_correlation": 0.562958539320334,
      "eval_runtime": 4.1403,
      "eval_samples_per_second": 48.064,
      "eval_steps_per_second": 3.14,
      "epoch": 8.0
    },
    {
      "eval_loss": 0.4541263282299042,
      "eval_accuracy": 0.8333333333333334,
      "eval_f1": 0.7241379310344828,
      "eval_precision": 0.9130434782608695,
      "eval_recall": 0.6,
      "eval_auc": 0.868384074941452,
      "eval_auprc": 0.8285047109997036,
      "eval_matthews_correlation": 0.6396167898516757,
      "eval_runtime": 4.1413,
      "eval_samples_per_second": 48.053,
      "eval_steps_per_second": 3.139,
      "epoch": 7.0
    },
    {
      "eval_loss": 0.4796416759490967,
      "eval_accuracy": 0.7760416666666666,
      "eval_f1": 0.6814814814814816,
      "eval_precision": 0.7076923076923077,
      "eval_recall": 0.6571428571428571,
      "eval_auc": 0.8362997658079626,
      "eval_auprc": 0.797937020447838,
      "eval_matthews_correlation": 0.5099870975941463,
      "eval_runtime": 4.1419,
      "eval_samples_per_second": 48.045,
      "eval_steps_per_second": 3.139,
      "epoch": 4.0
    },
    {
      "eval_loss": 0.4965331554412842,
      "eval_accuracy": 0.7864583333333334,
      "eval_f1": 0.7172413793103449,
      "eval_precision": 0.7323943661971831,
      "eval_recall": 0.7027027027027027,
      "eval_auc": 0.8426477324782409,
      "eval_auprc": 0.7856071719159544,
      "eval_matthews_correlation": 0.5461128778211619,
      "eval_runtime": 4.1499,
      "eval_samples_per_second": 47.953,
      "eval_steps_per_second": 3.133,
      "epoch": 5.0
    },
    {
      "eval_loss": 0.51875901222229,
      "eval_accuracy": 0.6927083333333334,
      "eval_f1": 0.3218390804597701,
      "eval_precision": 0.8235294117647058,
      "eval_recall": 0.2,
      "eval_auc": 0.8426229508196722,
      "eval_auprc": 0.7526460182912882,
      "eval_matthews_correlation": 0.2971935591022152,
      "eval_runtime": 4.136,
      "eval_samples_per_second": 48.114,
      "eval_steps_per_second": 3.143,
      "epoch": 4.0
    }
  ],
  "test_metrics": {
    "eval_loss": 0.46814149618148804,
    "eval_accuracy": 0.7966867469879518,
    "eval_f1": 0.7433460076045627,
    "eval_precision": 0.9287410926365796,
    "eval_recall": 0.6196513470681458,
    "eval_auc": 0.8934396223798166,
    "eval_auprc": 0.8965936737061246,
    "eval_matthews_correlation": 0.6188257138746007,
    "eval_runtime": 28.699,
    "eval_samples_per_second": 46.726,
    "eval_steps_per_second": 2.927,
    "epoch": 5.0
  }
}