{
  "experiment": "cross_length",
  "model_type": "lamar",
  "variant": "random",
  "pair_name": "DGCR8_HepG2_ENCSR061SZV",
  "pretrain_path": "",
  "max_length": 1024,
  "n_folds": 5,
  "hyperparameters": {
    "learning_rate": 5e-05,
    "per_device_train_batch_size": 16,
    "weight_decay": 0.01,
    "warmup_ratio": 0.1,
    "num_train_epochs": 10,
    "gradient_accumulation_steps": 1,
    "early_stopping_patience": 3
  },
  "cv_metrics": {
    "epoch_mean": 6.0,
    "epoch_std": 2.0976176963403033,
    "eval_accuracy_mean": 0.753125,
    "eval_accuracy_std": 0.06518536602984176,
    "eval_auc_mean": 0.8534470433250541,
    "eval_auc_std": 0.014452428466363989,
    "eval_auprc_mean": 0.7920433276481902,
    "eval_auprc_std": 0.016693212157623927,
    "eval_f1_mean": 0.5475762686783388,
    "eval_f1_std": 0.2626151758195025,
    "eval_loss_mean": 0.5177203595638276,
    "eval_loss_std": 0.0896722563003835,
    "eval_matthews_correlation_mean": 0.43686045049018807,
    "eval_matthews_correlation_std": 0.18231549676714207,
    "eval_precision_mean": 0.803555673716964,
    "eval_precision_std": 0.11429913408484127,
    "eval_recall_mean": 0.4957126543042037,
    "eval_recall_std": 0.24285609365619287,
    "eval_runtime_mean": 4.12314,
    "eval_runtime_std": 0.0018863721796080965,
    "eval_samples_per_second_mean": 48.2642,
    "eval_samples_per_second_std": 0.02184856974724037,
    "eval_steps_per_second_mean": 3.153,
    "eval_steps_per_second_std": 0.0014142135623730647
  },
  "cv_fold_metrics": [
    {
      "eval_loss": 0.6902472972869873,
      "eval_accuracy": 0.6354166666666666,
      "eval_f1": 0.02777777777777778,
      "eval_precision": 1.0,
      "eval_recall": 0.014084507042253521,
      "eval_auc": 0.8744034454661855,
      "eval_auprc": 0.7814862219608107,
      "eval_matthews_correlation": 0.09445975768854935,
      "eval_runtime": 4.1254,
      "eval_samples_per_second": 48.238,
      "eval_steps_per_second": 3.151,
      "epoch": 4.0
    },
    {
      "eval_loss": 0.432025283575058,
      "eval_accuracy": 0.8333333333333334,
      "eval_f1": 0.7377049180327869,
      "eval_precision": 0.8653846153846154,
      "eval_recall": 0.6428571428571429,
      "eval_auc": 0.8652224824355972,
      "eval_auprc": 0.8235336203930059,
      "eval_matthews_correlation": 0.6341257359182455,
      "eval_runtime": 4.1212,
      "eval_samples_per_second": 48.286,
      "eval_steps_per_second": 3.154,
      "epoch": 8.0
    },
    {
      "eval_loss": 0.4691144526004791,
      "eval_accuracy": 0.78125,
      "eval_f1": 0.6818181818181818,
      "eval_precision": 0.7258064516129032,
      "eval_recall": 0.6428571428571429,
      "eval_auc": 0.8370023419203747,
      "eval_auprc": 0.7944588896204756,
      "eval_matthews_correlation": 0.5182890092159511,
      "eval_runtime": 4.1248,
      "eval_samples_per_second": 48.245,
      "eval_steps_per_second": 3.152,
      "epoch": 9.0
    },
    {
      "eval_loss": 0.49987849593162537,
      "eval_accuracy": 0.765625,
      "eval_f1": 0.6715328467153284,
      "eval_precision": 0.7301587301587301,
      "eval_recall": 0.6216216216216216,
      "eval_auc": 0.8396701786532295,
      "eval_auprc": 0.7779390701340778,
      "eval_matthews_correlation": 0.4950101015654842,
      "eval_runtime": 4.1236,
      "eval_samples_per_second": 48.259,
      "eval_steps_per_second": 3.153,
      "epoch": 5.0
    },
    {
      "eval_loss": 0.4973362684249878,
      "eval_accuracy": 0.75,
      "eval_f1": 0.6190476190476191,
      "eval_precision": 0.6964285714285714,
      "eval_recall": 0.5571428571428572,
      "eval_auc": 0.850936768149883,
      "eval_auprc": 0.7827988361325807,
      "eval_matthews_correlation": 0.44241764806271017,
      "eval_runtime": 4.1207,
      "eval_samples_per_second": 48.293,
      "eval_steps_per_second": 3.155,
      "epoch": 4.0
    }
  ],
  "test_metrics": {
    "eval_loss": 0.49388378858566284,
    "eval_accuracy": 0.7643072289156626,
    "eval_f1": 0.6866866866866866,
    "eval_precision": 0.9320652173913043,
    "eval_recall": 0.5435816164817749,
    "eval_auc": 0.8891650201110941,
    "eval_auprc": 0.8924241752438618,
    "eval_matthews_correlation": 0.5664875230282935,
    "eval_runtime": 28.5991,
    "eval_samples_per_second": 46.89,
    "eval_steps_per_second": 2.937,
    "epoch": 5.0
  }
}