{
  "experiment": "cross_length",
  "model_type": "lamar",
  "variant": "random",
  "pair_name": "RBFOX2_K562_ENCSR756CKJ",
  "pretrain_path": "",
  "max_length": 1024,
  "n_folds": 5,
  "hyperparameters": {
    "learning_rate": 5e-05,
    "per_device_train_batch_size": 16,
    "weight_decay": 0.01,
    "warmup_ratio": 0.1,
    "num_train_epochs": 10,
    "gradient_accumulation_steps": 1,
    "early_stopping_patience": 3
  },
  "cv_metrics": {
    "epoch_mean": 8.0,
    "epoch_std": 2.0976176963403033,
    "eval_accuracy_mean": 0.8064285714285715,
    "eval_accuracy_std": 0.026883156095084005,
    "eval_auc_mean": 0.8536894575821634,
    "eval_auc_std": 0.026974420401353665,
    "eval_auprc_mean": 0.7713066918454807,
    "eval_auprc_std": 0.03554320076126859,
    "eval_f1_mean": 0.6781934125012421,
    "eval_f1_std": 0.045071168268977974,
    "eval_loss_mean": 0.45090063810348513,
    "eval_loss_std": 0.051214568175292366,
    "eval_matthews_correlation_mean": 0.5485756098135555,
    "eval_matthews_correlation_std": 0.06520560061725518,
    "eval_precision_mean": 0.7546780273397375,
    "eval_precision_std": 0.06132433725143235,
    "eval_recall_mean": 0.6183471031301311,
    "eval_recall_std": 0.052778459019519525,
    "eval_runtime_mean": 11.99782,
    "eval_runtime_std": 0.00756661086616705,
    "eval_samples_per_second_mean": 47.342,
    "eval_samples_per_second_std": 0.02986636904613564,
    "eval_steps_per_second_mean": 3.0004,
    "eval_steps_per_second_std": 0.0020591260281973287
  },
  "cv_fold_metrics": [
    {
      "eval_loss": 0.4904501140117645,
      "eval_accuracy": 0.7857142857142857,
      "eval_f1": 0.6363636363636364,
      "eval_precision": 0.7142857142857143,
      "eval_recall": 0.5737704918032787,
      "eval_auc": 0.8250061602237972,
      "eval_auprc": 0.726301446603324,
      "eval_matthews_correlation": 0.49288676363184325,
      "eval_runtime": 11.9966,
      "eval_samples_per_second": 47.347,
      "eval_steps_per_second": 3.001,
      "epoch": 10.0
    },
    {
      "eval_loss": 0.36945080757141113,
      "eval_accuracy": 0.8446428571428571,
      "eval_f1": 0.7339449541284404,
      "eval_precision": 0.8450704225352113,
      "eval_recall": 0.6486486486486487,
      "eval_auc": 0.8977873873873873,
      "eval_auprc": 0.8294497350502368,
      "eval_matthews_correlation": 0.6378343932113792,
      "eval_runtime": 11.9846,
      "eval_samples_per_second": 47.394,
      "eval_steps_per_second": 3.004,
      "epoch": 9.0
    },
    {
      "eval_loss": 0.5164722800254822,
      "eval_accuracy": 0.7678571428571429,
      "eval_f1": 0.6198830409356725,
      "eval_precision": 0.6751592356687898,
      "eval_recall": 0.572972972972973,
      "eval_auc": 0.8257585585585585,
      "eval_auprc": 0.7438121454709876,
      "eval_matthews_correlation": 0.45756597790425324,
      "eval_runtime": 11.9981,
      "eval_samples_per_second": 47.341,
      "eval_steps_per_second": 3.0,
      "epoch": 10.0
    },
    {
      "eval_loss": 0.45203840732574463,
      "eval_accuracy": 0.8196428571428571,
      "eval_f1": 0.7217630853994491,
      "eval_precision": 0.7359550561797753,
      "eval_recall": 0.7081081081081081,
      "eval_auc": 0.8574702702702703,
      "eval_auprc": 0.7835596023131,
      "eval_matthews_correlation": 0.5886546251112986,
      "eval_runtime": 12.0071,
      "eval_samples_per_second": 47.305,
      "eval_steps_per_second": 2.998,
      "epoch": 6.0
    },
    {
      "eval_loss": 0.42609158158302307,
      "eval_accuracy": 0.8142857142857143,
      "eval_f1": 0.6790123456790124,
      "eval_precision": 0.8029197080291971,
      "eval_recall": 0.5882352941176471,
      "eval_auc": 0.8624249114708032,
      "eval_auprc": 0.7734105297897557,
      "eval_matthews_correlation": 0.5659362892090027,
      "eval_runtime": 12.0027,
      "eval_samples_per_second": 47.323,
      "eval_steps_per_second": 2.999,
      "epoch": 5.0
    }
  ],
  "test_metrics": {
    "eval_loss": 0.5347952246665955,
    "eval_accuracy": 0.776394422310757,
    "eval_f1": 0.7418056354226568,
    "eval_precision": 0.8108108108108109,
    "eval_recall": 0.6836248012718601,
    "eval_auc": 0.8373884203878954,
    "eval_auprc": 0.8447044480467423,
    "eval_matthews_correlation": 0.5533214057021882,
    "eval_runtime": 86.1717,
    "eval_samples_per_second": 46.732,
    "eval_steps_per_second": 2.924,
    "epoch": 6.0
  }
}