{
  "experiment": "cross_length",
  "model_type": "dnabert2",
  "variant": "pretrained",
  "pair_name": "KHSRP_HepG2_ENCSR366DGX",
  "max_length": 256,
  "n_folds": 5,
  "hyperparameters": {
    "learning_rate": 5e-05,
    "per_device_train_batch_size": 16,
    "weight_decay": 0.01,
    "warmup_ratio": 0.1,
    "num_train_epochs": 10,
    "gradient_accumulation_steps": 1,
    "early_stopping_patience": 3
  },
  "cv_metrics": {
    "epoch_mean": 5.6,
    "epoch_std": 0.7999999999999999,
    "eval_accuracy_mean": 0.8331957817514901,
    "eval_accuracy_std": 0.004871171847483642,
    "eval_auc_mean": 0.9087378326254376,
    "eval_auc_std": 0.004883474250706875,
    "eval_auprc_mean": 0.840948460357453,
    "eval_auprc_std": 0.004208521594427162,
    "eval_f1_mean": 0.8118437489305274,
    "eval_f1_std": 0.006462985633722272,
    "eval_loss_mean": 0.43445091843605044,
    "eval_loss_std": 0.041580950232666745,
    "eval_matthews_correlation_mean": 0.6279041716381141,
    "eval_matthews_correlation_std": 0.014629476553342463,
    "eval_precision_mean": 0.8164876874202449,
    "eval_precision_std": 0.009059765392770196,
    "eval_recall_mean": 0.8117838535545541,
    "eval_recall_std": 0.015721837795337645,
    "eval_runtime_mean": 0.59368,
    "eval_runtime_std": 0.003608545413320992,
    "eval_samples_per_second_mean": 1223.968,
    "eval_samples_per_second_std": 7.294079736334103,
    "eval_steps_per_second_mean": 77.48799999999999,
    "eval_steps_per_second_std": 0.47227915473795695
  },
  "cv_fold_metrics": [
    {
      "eval_loss": 0.40885910391807556,
      "eval_accuracy": 0.8294360385144429,
      "eval_f1": 0.8050769763016778,
      "eval_matthews_correlation": 0.611142467188067,
      "eval_precision": 0.811057268722467,
      "eval_recall": 0.8001819542223583,
      "eval_auc": 0.9067357072407578,
      "eval_auprc": 0.8359066369333014,
      "eval_runtime": 0.5989,
      "eval_samples_per_second": 1213.957,
      "eval_steps_per_second": 76.812,
      "epoch": 5.0
    },
    {
      "eval_loss": 0.4537403881549835,
      "eval_accuracy": 0.828060522696011,
      "eval_f1": 0.812731188113711,
      "eval_matthews_correlation": 0.6289107689873403,
      "eval_precision": 0.8061906677393402,
      "eval_recall": 0.8229431829752571,
      "eval_auc": 0.9124579981671926,
      "eval_auprc": 0.8444615292562664,
      "eval_runtime": 0.5887,
      "eval_samples_per_second": 1235.025,
      "eval_steps_per_second": 78.145,
      "epoch": 5.0
    },
    {
      "eval_loss": 0.4801207482814789,
      "eval_accuracy": 0.8418156808803301,
      "eval_f1": 0.815177527285107,
      "eval_matthews_correlation": 0.6359566337231599,
      "eval_precision": 0.8327201783723523,
      "eval_recall": 0.8038896242745137,
      "eval_auc": 0.899984726606252,
      "eval_auprc": 0.8365265176860842,
      "eval_runtime": 0.5958,
      "eval_samples_per_second": 1220.217,
      "eval_steps_per_second": 77.208,
      "epoch": 7.0
    },
    {
      "eval_loss": 0.36599618196487427,
      "eval_accuracy": 0.8347107438016529,
      "eval_f1": 0.821716530921295,
      "eval_matthews_correlation": 0.6503784964694612,
      "eval_precision": 0.8138626749105109,
      "eval_recall": 0.8369245712240881,
      "eval_auc": 0.9121318235649959,
      "eval_auprc": 0.8413221116277779,
      "eval_runtime": 0.5908,
      "eval_samples_per_second": 1228.913,
      "eval_steps_per_second": 77.865,
      "epoch": 5.0
    },
    {
      "eval_loss": 0.46353816986083984,
      "eval_accuracy": 0.8319559228650137,
      "eval_f1": 0.8045165220308459,
      "eval_matthews_correlation": 0.613132491822542,
      "eval_precision": 0.8186076473565546,
      "eval_recall": 0.7949799350765534,
      "eval_auc": 0.9123789075479896,
      "eval_auprc": 0.8465255062838353,
      "eval_runtime": 0.5942,
      "eval_samples_per_second": 1221.728,
      "eval_steps_per_second": 77.41,
      "epoch": 6.0
    }
  ],
  "test_metrics": {
    "eval_loss": 1.456426978111267,
    "eval_accuracy": 0.7682080924855491,
    "eval_f1": 0.7572540486161989,
    "eval_matthews_correlation": 0.5629429754517554,
    "eval_precision": 0.8042153834121926,
    "eval_recall": 0.7604279820237507,
    "eval_auc": 0.9006783356068657,
    "eval_auprc": 0.8856024519161289,
    "eval_runtime": 7.6651,
    "eval_samples_per_second": 902.791,
    "eval_steps_per_second": 56.49,
    "epoch": 10.0
  }
}