{
  "experiment": "cross_length",
  "model_type": "lamar",
  "variant": "random",
  "pair_name": "RNF187_K562_ENCSR153STI",
  "pretrain_path": "",
  "max_length": 1024,
  "n_folds": 5,
  "hyperparameters": {
    "learning_rate": 5e-05,
    "per_device_train_batch_size": 16,
    "weight_decay": 0.01,
    "warmup_ratio": 0.1,
    "num_train_epochs": 10,
    "gradient_accumulation_steps": 1,
    "early_stopping_patience": 3
  },
  "cv_metrics": {
    "epoch_mean": 7.6,
    "epoch_std": 1.3564659966250536,
    "eval_accuracy_mean": 0.7000000000000001,
    "eval_accuracy_std": 0.02300731915486629,
    "eval_auc_mean": 0.7551575945781066,
    "eval_auc_std": 0.045978483655753445,
    "eval_auprc_mean": 0.5939935132553712,
    "eval_auprc_std": 0.04181253265504796,
    "eval_f1_mean": 0.5682777282729498,
    "eval_f1_std": 0.035169792369170505,
    "eval_loss_mean": 0.5663366556167603,
    "eval_loss_std": 0.04952301756326815,
    "eval_matthews_correlation_mean": 0.3408875032551638,
    "eval_matthews_correlation_std": 0.0485072049988448,
    "eval_precision_mean": 0.5779525072270377,
    "eval_precision_std": 0.041971040877968324,
    "eval_recall_mean": 0.563468286099865,
    "eval_recall_std": 0.057774796408199706,
    "eval_runtime_mean": 2.4112400000000003,
    "eval_runtime_std": 0.001580632784678358,
    "eval_samples_per_second_mean": 47.942,
    "eval_samples_per_second_std": 0.17938004348310346,
    "eval_steps_per_second_mean": 3.3177999999999996,
    "eval_steps_per_second_std": 0.0021354156504063515
  },
  "cv_fold_metrics": [
    {
      "eval_loss": 0.6625792384147644,
      "eval_accuracy": 0.6696428571428571,
      "eval_f1": 0.5194805194805194,
      "eval_precision": 0.5128205128205128,
      "eval_recall": 0.5263157894736842,
      "eval_auc": 0.6692745376955902,
      "eval_auprc": 0.5201628300534524,
      "eval_matthews_correlation": 0.26789697756111863,
      "eval_runtime": 2.4126,
      "eval_samples_per_second": 48.081,
      "eval_steps_per_second": 3.316,
      "epoch": 10.0
    },
    {
      "eval_loss": 0.5536097884178162,
      "eval_accuracy": 0.7053571428571429,
      "eval_f1": 0.5479452054794521,
      "eval_precision": 0.6060606060606061,
      "eval_recall": 0.5,
      "eval_auc": 0.7694444444444445,
      "eval_auprc": 0.6105884094791934,
      "eval_matthews_correlation": 0.3357539014679286,
      "eval_runtime": 2.4135,
      "eval_samples_per_second": 48.064,
      "eval_steps_per_second": 3.315,
      "epoch": 6.0
    },
    {
      "eval_loss": 0.5233573317527771,
      "eval_accuracy": 0.6785714285714286,
      "eval_f1": 0.5813953488372093,
      "eval_precision": 0.5434782608695652,
      "eval_recall": 0.625,
      "eval_auc": 0.7979166666666666,
      "eval_auprc": 0.6433426234438353,
      "eval_matthews_correlation": 0.3246565023717827,
      "eval_runtime": 2.4107,
      "eval_samples_per_second": 48.118,
      "eval_steps_per_second": 3.318,
      "epoch": 8.0
    },
    {
      "eval_loss": 0.5552667379379272,
      "eval_accuracy": 0.7321428571428571,
      "eval_f1": 0.625,
      "eval_precision": 0.6097560975609756,
      "eval_recall": 0.6410256410256411,
      "eval_auc": 0.7502634351949421,
      "eval_auprc": 0.581374174321016,
      "eval_matthews_correlation": 0.41718450649085376,
      "eval_runtime": 2.4092,
      "eval_samples_per_second": 47.734,
      "eval_steps_per_second": 3.321,
      "epoch": 7.0
    },
    {
      "eval_loss": 0.5368701815605164,
      "eval_accuracy": 0.7142857142857143,
      "eval_f1": 0.5675675675675677,
      "eval_precision": 0.6176470588235294,
      "eval_recall": 0.525,
      "eval_auc": 0.788888888888889,
      "eval_auprc": 0.6144995289793591,
      "eval_matthews_correlation": 0.35894562838413535,
      "eval_runtime": 2.4102,
      "eval_samples_per_second": 47.713,
      "eval_steps_per_second": 3.319,
      "epoch": 7.0
    }
  ],
  "test_metrics": {
    "eval_loss": 0.9070011377334595,
    "eval_accuracy": 0.5245098039215687,
    "eval_f1": 0.0,
    "eval_precision": 0.0,
    "eval_recall": 0.0,
    "eval_auc": 0.7390524135273149,
    "eval_auprc": 0.692135326743689,
    "eval_matthews_correlation": 0.0,
    "eval_runtime": 17.6138,
    "eval_samples_per_second": 46.441,
    "eval_steps_per_second": 2.952,
    "epoch": 6.0
  }
}