{
  "experiment": "cross_length",
  "model_type": "lamar",
  "variant": "tapt_1024",
  "pair_name": "EFTUD2_K562_ENCSR844RVX",
  "pretrain_path": "/gpfs/bwfor/work/ws/fr_ml642-thesis_work/Thesis/LAMAR/src/pretrain/saving_model/tapt_1024_standard_collator/checkpoint-134000/model.safetensors",
  "max_length": 1024,
  "n_folds": 5,
  "hyperparameters": {
    "learning_rate": 5e-05,
    "per_device_train_batch_size": 16,
    "weight_decay": 0.01,
    "warmup_ratio": 0.1,
    "num_train_epochs": 10,
    "gradient_accumulation_steps": 1,
    "early_stopping_patience": 3
  },
  "cv_metrics": {
    "epoch_mean": 9.2,
    "epoch_std": 1.1661903789690602,
    "eval_accuracy_mean": 0.7858490566037736,
    "eval_accuracy_std": 0.010323617277471352,
    "eval_auc_mean": 0.8123802935007742,
    "eval_auc_std": 0.010180678269431365,
    "eval_auprc_mean": 0.6904027422571927,
    "eval_auprc_std": 0.02024910162168071,
    "eval_f1_mean": 0.5813361061997806,
    "eval_f1_std": 0.05774083230292353,
    "eval_loss_mean": 0.5330381453037262,
    "eval_loss_std": 0.051300233090347744,
    "eval_matthews_correlation_mean": 0.46372281972652807,
    "eval_matthews_correlation_std": 0.027339964394457312,
    "eval_precision_mean": 0.7176535324707997,
    "eval_precision_std": 0.07784179691822606,
    "eval_recall_mean": 0.5063753772327584,
    "eval_recall_std": 0.09595879510592487,
    "eval_runtime_mean": 14.60326,
    "eval_runtime_std": 0.006945386958262017,
    "eval_samples_per_second_mean": 58.8088,
    "eval_samples_per_second_std": 0.05406810520075455,
    "eval_steps_per_second_mean": 3.6976,
    "eval_steps_per_second_std": 0.001496662954709566
  },
  "cv_fold_metrics": [
    {
      "eval_loss": 0.5453168153762817,
      "eval_accuracy": 0.7912735849056604,
      "eval_f1": 0.6226012793176972,
      "eval_precision": 0.6854460093896714,
      "eval_recall": 0.5703125,
      "eval_auc": 0.8138394742398648,
      "eval_auprc": 0.7123757768347002,
      "eval_matthews_correlation": 0.48389415763781335,
      "eval_runtime": 14.6048,
      "eval_samples_per_second": 58.816,
      "eval_steps_per_second": 3.697,
      "epoch": 10.0
    },
    {
      "eval_loss": 0.4845087230205536,
      "eval_accuracy": 0.8030660377358491,
      "eval_f1": 0.6297117516629712,
      "eval_precision": 0.7208121827411168,
      "eval_recall": 0.5590551181102362,
      "eval_auc": 0.8260690898486175,
      "eval_auprc": 0.6797026088334946,
      "eval_matthews_correlation": 0.5059449119142799,
      "eval_runtime": 14.5982,
      "eval_samples_per_second": 58.843,
      "eval_steps_per_second": 3.699,
      "epoch": 10.0
    },
    {
      "eval_loss": 0.5212346911430359,
      "eval_accuracy": 0.7747641509433962,
      "eval_f1": 0.6125760649087222,
      "eval_precision": 0.6398305084745762,
      "eval_recall": 0.5875486381322957,
      "eval_auc": 0.8193854641937758,
      "eval_auprc": 0.7143733776647642,
      "eval_matthews_correlation": 0.45503217558437886,
      "eval_runtime": 14.6007,
      "eval_samples_per_second": 58.833,
      "eval_steps_per_second": 3.698,
      "epoch": 9.0
    },
    {
      "eval_loss": 0.625471293926239,
      "eval_accuracy": 0.777122641509434,
      "eval_f1": 0.5675057208237987,
      "eval_precision": 0.6775956284153005,
      "eval_recall": 0.4881889763779528,
      "eval_auc": 0.7971645589755826,
      "eval_auprc": 0.661441249948179,
      "eval_matthews_correlation": 0.43298179834439504,
      "eval_runtime": 14.5966,
      "eval_samples_per_second": 58.849,
      "eval_steps_per_second": 3.699,
      "epoch": 10.0
    },
    {
      "eval_loss": 0.48865920305252075,
      "eval_accuracy": 0.7830188679245284,
      "eval_f1": 0.47428571428571425,
      "eval_precision": 0.8645833333333334,
      "eval_recall": 0.32677165354330706,
      "eval_auc": 0.8054428802460298,
      "eval_auprc": 0.6841206980048253,
      "eval_matthews_correlation": 0.4407610551517733,
      "eval_runtime": 14.616,
      "eval_samples_per_second": 58.703,
      "eval_steps_per_second": 3.695,
      "epoch": 7.0
    }
  ],
  "test_metrics": {
    "eval_loss": 0.7669231295585632,
    "eval_accuracy": 0.6545770877944326,
    "eval_f1": 0.44673097534833867,
    "eval_precision": 0.9116360454943132,
    "eval_recall": 0.29585462805224305,
    "eval_auc": 0.78345251187832,
    "eval_auprc": 0.7901973982423998,
    "eval_matthews_correlation": 0.37482151995776797,
    "eval_runtime": 128.5121,
    "eval_samples_per_second": 58.189,
    "eval_steps_per_second": 3.642,
    "epoch": 5.0
  }
}