{
  "experiment": "cross_length",
  "model_type": "lamar",
  "variant": "tapt_512",
  "pair_name": "HNRNPC_K562_ENCSR249ROI",
  "pretrain_path": "/gpfs/bwfor/work/ws/fr_ml642-thesis_work/Thesis/LAMAR/src/pretrain/saving_model/tapt_lamar/checkpoint-98000/model.safetensors",
  "max_length": 1024,
  "n_folds": 5,
  "hyperparameters": {
    "learning_rate": 5e-05,
    "per_device_train_batch_size": 16,
    "weight_decay": 0.01,
    "warmup_ratio": 0.1,
    "num_train_epochs": 10,
    "gradient_accumulation_steps": 1,
    "early_stopping_patience": 3
  },
  "cv_metrics": {
    "epoch_mean": 7.2,
    "epoch_std": 1.469693845669907,
    "eval_accuracy_mean": 0.8125,
    "eval_accuracy_std": 0.047507309379130766,
    "eval_auc_mean": 0.9380237892444369,
    "eval_auc_std": 0.03817453987502038,
    "eval_auprc_mean": 0.8854965954814429,
    "eval_auprc_std": 0.07297634700536687,
    "eval_f1_mean": 0.7540421718397248,
    "eval_f1_std": 0.04248934352642186,
    "eval_loss_mean": 0.4509429007768631,
    "eval_loss_std": 0.1347709430302792,
    "eval_matthews_correlation_mean": 0.638985971433407,
    "eval_matthews_correlation_std": 0.0662659685602138,
    "eval_precision_mean": 0.6976658896658896,
    "eval_precision_std": 0.1259848948668397,
    "eval_recall_mean": 0.8624019607843139,
    "eval_recall_std": 0.12115675802603296,
    "eval_runtime_mean": 1.0377800000000001,
    "eval_runtime_std": 0.00226750964716804,
    "eval_samples_per_second_mean": 54.153999999999996,
    "eval_samples_per_second_std": 0.298289791980884,
    "eval_steps_per_second_mean": 3.8546,
    "eval_steps_per_second_std": 0.00866256313108299
  },
  "cv_fold_metrics": [
    {
      "eval_loss": 0.46990862488746643,
      "eval_accuracy": 0.8125,
      "eval_f1": 0.7096774193548386,
      "eval_precision": 0.7333333333333333,
      "eval_recall": 0.6875,
      "eval_auc": 0.890625,
      "eval_auprc": 0.7844894871210661,
      "eval_matthews_correlation": 0.5720775535473553,
      "eval_runtime": 1.0414,
      "eval_samples_per_second": 54.733,
      "eval_steps_per_second": 3.841,
      "epoch": 10.0
    },
    {
      "eval_loss": 0.5395081043243408,
      "eval_accuracy": 0.75,
      "eval_f1": 0.7142857142857143,
      "eval_precision": 0.5555555555555556,
      "eval_recall": 1.0,
      "eval_auc": 0.9777777777777777,
      "eval_auprc": 0.9536633249791143,
      "eval_matthews_correlation": 0.5945883900105631,
      "eval_runtime": 1.0374,
      "eval_samples_per_second": 53.979,
      "eval_steps_per_second": 3.856,
      "epoch": 7.0
    },
    {
      "eval_loss": 0.5674777030944824,
      "eval_accuracy": 0.7916666666666666,
      "eval_f1": 0.7619047619047621,
      "eval_precision": 0.64,
      "eval_recall": 0.9411764705882353,
      "eval_auc": 0.920303605313093,
      "eval_auprc": 0.8883862435983434,
      "eval_matthews_correlation": 0.623095894986198,
      "eval_runtime": 1.0383,
      "eval_samples_per_second": 53.935,
      "eval_steps_per_second": 3.852,
      "epoch": 7.0
    },
    {
      "eval_loss": 0.19070501625537872,
      "eval_accuracy": 0.8958333333333334,
      "eval_f1": 0.8275862068965517,
      "eval_precision": 0.9230769230769231,
      "eval_recall": 0.75,
      "eval_auc": 0.98828125,
      "eval_auprc": 0.9757106608669109,
      "eval_matthews_correlation": 0.7624425757515653,
      "eval_runtime": 1.0375,
      "eval_samples_per_second": 53.978,
      "eval_steps_per_second": 3.856,
      "epoch": 6.0
    },
    {
      "eval_loss": 0.4871150553226471,
      "eval_accuracy": 0.8125,
      "eval_f1": 0.7567567567567568,
      "eval_precision": 0.6363636363636364,
      "eval_recall": 0.9333333333333333,
      "eval_auc": 0.9131313131313131,
      "eval_auprc": 0.8252332608417801,
      "eval_matthews_correlation": 0.6427254428713529,
      "eval_runtime": 1.0343,
      "eval_samples_per_second": 54.145,
      "eval_steps_per_second": 3.868,
      "epoch": 6.0
    }
  ],
  "test_metrics": {
    "eval_loss": 0.7759659290313721,
    "eval_accuracy": 0.6761363636363636,
    "eval_f1": 0.5086206896551725,
    "eval_precision": 0.9365079365079365,
    "eval_recall": 0.34911242603550297,
    "eval_auc": 0.914031428848579,
    "eval_auprc": 0.9016237534027511,
    "eval_matthews_correlation": 0.4265160039045706,
    "eval_runtime": 15.2285,
    "eval_samples_per_second": 46.36,
    "eval_steps_per_second": 2.955,
    "epoch": 6.0
  }
}