{
  "experiment": "cross_cell",
  "model_type": "lamar",
  "variant": "pretrained",
  "pair_name": "LARP4_train_K562_test_HepG2_fixlen_101",
  "pretrain_path": "/gpfs/bwfor/work/ws/fr_ml642-thesis_work/Thesis/LAMAR/weights",
  "max_length": 1024,
  "n_folds": 5,
  "hyperparameters": {
    "learning_rate": 5e-05,
    "per_device_train_batch_size": 16,
    "weight_decay": 0.01,
    "warmup_ratio": 0.1,
    "num_train_epochs": 10,
    "gradient_accumulation_steps": 1,
    "early_stopping_patience": 3
  },
  "cv_metrics": {
    "epoch_mean": 7.0,
    "epoch_std": 2.5298221281347035,
    "eval_accuracy_mean": 0.73125,
    "eval_accuracy_std": 0.0626387349098871,
    "eval_auc_mean": 0.7699923701058812,
    "eval_auc_std": 0.05712410418046907,
    "eval_auprc_mean": 0.6653852786934632,
    "eval_auprc_std": 0.06007633085629119,
    "eval_f1_mean": 0.50692953728194,
    "eval_f1_std": 0.24327155271441536,
    "eval_loss_mean": 0.5560781300067902,
    "eval_loss_std": 0.05265733018429998,
    "eval_matthews_correlation_mean": 0.3876144090102242,
    "eval_matthews_correlation_std": 0.1832927267406544,
    "eval_precision_mean": 0.6827007039116101,
    "eval_precision_std": 0.08620834060256688,
    "eval_recall_mean": 0.4852759482171248,
    "eval_recall_std": 0.2846286728956499,
    "eval_runtime_mean": 2.05514,
    "eval_runtime_std": 0.0012240914998478544,
    "eval_samples_per_second_mean": 52.3572,
    "eval_samples_per_second_std": 0.2509210234316755,
    "eval_steps_per_second_mean": 3.406,
    "eval_steps_per_second_std": 0.002190890230020626
  },
  "cv_fold_metrics": [
    {
      "eval_loss": 0.6064394116401672,
      "eval_accuracy": 0.6875,
      "eval_f1": 0.3478260869565218,
      "eval_precision": 0.6666666666666666,
      "eval_recall": 0.23529411764705882,
      "eval_auc": 0.7210626185958254,
      "eval_auprc": 0.5852927893918042,
      "eval_matthews_correlation": 0.24696586563936376,
      "eval_runtime": 2.0535,
      "eval_samples_per_second": 52.594,
      "eval_steps_per_second": 3.409,
      "epoch": 4.0
    },
    {
      "eval_loss": 0.49903884530067444,
      "eval_accuracy": 0.7916666666666666,
      "eval_f1": 0.7142857142857144,
      "eval_precision": 0.6944444444444444,
      "eval_recall": 0.7352941176470589,
      "eval_auc": 0.8372865275142315,
      "eval_auprc": 0.7340815957132862,
      "eval_matthews_correlation": 0.5511186943905713,
      "eval_runtime": 2.0546,
      "eval_samples_per_second": 52.566,
      "eval_steps_per_second": 3.407,
      "epoch": 10.0
    },
    {
      "eval_loss": 0.6298651695251465,
      "eval_accuracy": 0.6458333333333334,
      "eval_f1": 0.10526315789473684,
      "eval_precision": 0.6666666666666666,
      "eval_recall": 0.05714285714285714,
      "eval_auc": 0.6852459016393443,
      "eval_auprc": 0.6095062369571934,
      "eval_matthews_correlation": 0.11272447240173875,
      "eval_runtime": 2.0563,
      "eval_samples_per_second": 52.522,
      "eval_steps_per_second": 3.404,
      "epoch": 5.0
    },
    {
      "eval_loss": 0.5362694263458252,
      "eval_accuracy": 0.71875,
      "eval_f1": 0.6399999999999999,
      "eval_precision": 0.5581395348837209,
      "eval_recall": 0.75,
      "eval_auc": 0.80517578125,
      "eval_auprc": 0.6713968806059257,
      "eval_matthews_correlation": 0.4295471456418861,
      "eval_runtime": 2.0568,
      "eval_samples_per_second": 52.023,
      "eval_steps_per_second": 3.403,
      "epoch": 6.0
    },
    {
      "eval_loss": 0.5087777972221375,
      "eval_accuracy": 0.8125,
      "eval_f1": 0.7272727272727273,
      "eval_precision": 0.8275862068965517,
      "eval_recall": 0.6486486486486487,
      "eval_auc": 0.8011910215300045,
      "eval_auprc": 0.7266488907991066,
      "eval_matthews_correlation": 0.5977158669775613,
      "eval_runtime": 2.0545,
      "eval_samples_per_second": 52.081,
      "eval_steps_per_second": 3.407,
      "epoch": 10.0
    }
  ],
  "test_metrics": {
    "eval_loss": 0.7183541655540466,
    "eval_accuracy": 0.6104368932038835,
    "eval_f1": 0.5837925445705024,
    "eval_precision": 0.610715496778569,
    "eval_recall": 0.5591431232536479,
    "eval_auc": 0.6400257653556721,
    "eval_auprc": 0.5905188719653816,
    "eval_matthews_correlation": 0.21975600701018502,
    "eval_runtime": 141.0353,
    "eval_samples_per_second": 46.747,
    "eval_steps_per_second": 2.928,
    "epoch": 6.0
  }
}