{
  "experiment": "cross_length",
  "model_type": "lamar",
  "variant": "tapt_512",
  "pair_name": "DDX3X_K562_ENCSR930BZL",
  "pretrain_path": "/gpfs/bwfor/work/ws/fr_ml642-thesis_work/Thesis/LAMAR/src/pretrain/saving_model/tapt_lamar/checkpoint-98000/model.safetensors",
  "max_length": 1024,
  "n_folds": 5,
  "hyperparameters": {
    "learning_rate": 5e-05,
    "per_device_train_batch_size": 16,
    "weight_decay": 0.01,
    "warmup_ratio": 0.1,
    "num_train_epochs": 10,
    "gradient_accumulation_steps": 1,
    "early_stopping_patience": 3
  },
  "cv_metrics": {
    "epoch_mean": 6.4,
    "epoch_std": 2.5768197453450252,
    "eval_accuracy_mean": 0.865625,
    "eval_accuracy_std": 0.01036445246986061,
    "eval_auc_mean": 0.9020150980155558,
    "eval_auc_std": 0.008621140698692414,
    "eval_auprc_mean": 0.8175105433034137,
    "eval_auprc_std": 0.004547708331855284,
    "eval_f1_mean": 0.7530272439476275,
    "eval_f1_std": 0.017264955448968188,
    "eval_loss_mean": 0.37218272089958193,
    "eval_loss_std": 0.026604074265213645,
    "eval_matthews_correlation_mean": 0.6676264252476047,
    "eval_matthews_correlation_std": 0.02082255755011703,
    "eval_precision_mean": 0.8080309386796125,
    "eval_precision_std": 0.06166948659516743,
    "eval_recall_mean": 0.7132884103498717,
    "eval_recall_std": 0.06060492825782798,
    "eval_runtime_mean": 16.42118,
    "eval_runtime_std": 0.03230327537572644,
    "eval_samples_per_second_mean": 47.6336,
    "eval_samples_per_second_std": 0.08936576525717187,
    "eval_steps_per_second_mean": 2.9840000000000004,
    "eval_steps_per_second_std": 0.0059665735560705015
  },
  "cv_fold_metrics": [
    {
      "eval_loss": 0.35524654388427734,
      "eval_accuracy": 0.8619791666666666,
      "eval_f1": 0.7239583333333333,
      "eval_precision": 0.852760736196319,
      "eval_recall": 0.6289592760180995,
      "eval_auc": 0.9000223349078065,
      "eval_auprc": 0.8223940651602508,
      "eval_matthews_correlation": 0.6477929665587685,
      "eval_runtime": 16.4409,
      "eval_samples_per_second": 47.625,
      "eval_steps_per_second": 2.98,
      "epoch": 4.0
    },
    {
      "eval_loss": 0.4152028560638428,
      "eval_accuracy": 0.8776041666666666,
      "eval_f1": 0.7539267015706806,
      "eval_precision": 0.8888888888888888,
      "eval_recall": 0.6545454545454545,
      "eval_auc": 0.9134455872594558,
      "eval_auprc": 0.8226352791903615,
      "eval_matthews_correlation": 0.6889501308124725,
      "eval_runtime": 16.4552,
      "eval_samples_per_second": 47.523,
      "eval_steps_per_second": 2.978,
      "epoch": 4.0
    },
    {
      "eval_loss": 0.35008206963539124,
      "eval_accuracy": 0.859375,
      "eval_f1": 0.76,
      "eval_precision": 0.7467248908296943,
      "eval_recall": 0.7737556561085973,
      "eval_auc": 0.8984340747971247,
      "eval_auprc": 0.811094404875259,
      "eval_matthews_correlation": 0.6608058045066806,
      "eval_runtime": 16.4305,
      "eval_samples_per_second": 47.594,
      "eval_steps_per_second": 2.982,
      "epoch": 5.0
    },
    {
      "eval_loss": 0.3914624750614166,
      "eval_accuracy": 0.8515625,
      "eval_f1": 0.7500000000000001,
      "eval_precision": 0.7276595744680852,
      "eval_recall": 0.7737556561085973,
      "eval_auc": 0.8889127863211097,
      "eval_auprc": 0.8173994256034787,
      "eval_matthews_correlation": 0.6452007702053439,
      "eval_runtime": 16.4179,
      "eval_samples_per_second": 47.631,
      "eval_steps_per_second": 2.985,
      "epoch": 9.0
    },
    {
      "eval_loss": 0.34891965985298157,
      "eval_accuracy": 0.8776041666666666,
      "eval_f1": 0.7772511848341233,
      "eval_precision": 0.8241206030150754,
      "eval_recall": 0.7354260089686099,
      "eval_auc": 0.909260706792282,
      "eval_auprc": 0.8140295416877188,
      "eval_matthews_correlation": 0.6953824541547581,
      "eval_runtime": 16.3614,
      "eval_samples_per_second": 47.795,
      "eval_steps_per_second": 2.995,
      "epoch": 10.0
    }
  ],
  "test_metrics": {
    "eval_loss": 0.4134640395641327,
    "eval_accuracy": 0.8312762605042017,
    "eval_f1": 0.7906143066644942,
    "eval_precision": 0.9551181102362205,
    "eval_recall": 0.6744509313316652,
    "eval_auc": 0.9034102193065009,
    "eval_auprc": 0.9111258929480868,
    "eval_matthews_correlation": 0.6841347697917544,
    "eval_runtime": 163.2969,
    "eval_samples_per_second": 46.706,
    "eval_steps_per_second": 2.921,
    "epoch": 4.0
  }
}