{
  "experiment": "cross_length",
  "model_type": "lamar",
  "variant": "tapt_512",
  "pair_name": "DROSHA_HepG2_ENCSR834YLD",
  "pretrain_path": "/gpfs/bwfor/work/ws/fr_ml642-thesis_work/Thesis/LAMAR/src/pretrain/saving_model/tapt_lamar/checkpoint-98000/model.safetensors",
  "max_length": 1024,
  "n_folds": 5,
  "hyperparameters": {
    "learning_rate": 5e-05,
    "per_device_train_batch_size": 16,
    "weight_decay": 0.01,
    "warmup_ratio": 0.1,
    "num_train_epochs": 10,
    "gradient_accumulation_steps": 1,
    "early_stopping_patience": 3
  },
  "cv_metrics": {
    "epoch_mean": 6.4,
    "epoch_std": 1.4966629547095764,
    "eval_accuracy_mean": 0.7673611111111112,
    "eval_accuracy_std": 0.01976423537605238,
    "eval_auc_mean": 0.8131792726827554,
    "eval_auc_std": 0.02071665641626278,
    "eval_auprc_mean": 0.7411032480987687,
    "eval_auprc_std": 0.026066792128659828,
    "eval_f1_mean": 0.6070381544996615,
    "eval_f1_std": 0.07165031088294954,
    "eval_loss_mean": 0.5153322100639344,
    "eval_loss_std": 0.027976173742526516,
    "eval_matthews_correlation_mean": 0.4815538249316946,
    "eval_matthews_correlation_std": 0.04704417430283232,
    "eval_precision_mean": 0.7782206952100481,
    "eval_precision_std": 0.08246606412831096,
    "eval_recall_mean": 0.5191560866318148,
    "eval_recall_std": 0.12108969898592703,
    "eval_runtime_mean": 6.1323799999999995,
    "eval_runtime_std": 0.004437296474205956,
    "eval_samples_per_second_mean": 46.9968,
    "eval_samples_per_second_std": 0.07084461870883489,
    "eval_steps_per_second_mean": 2.9678,
    "eval_steps_per_second_std": 0.06514107766993107
  },
  "cv_fold_metrics": [
    {
      "eval_loss": 0.4848296344280243,
      "eval_accuracy": 0.8020833333333334,
      "eval_f1": 0.6984126984126985,
      "eval_precision": 0.7764705882352941,
      "eval_recall": 0.6346153846153846,
      "eval_auc": 0.8314172240802675,
      "eval_auprc": 0.7465262330222204,
      "eval_matthews_correlation": 0.559567489817782,
      "eval_runtime": 6.1332,
      "eval_samples_per_second": 47.121,
      "eval_steps_per_second": 3.098,
      "epoch": 5.0
    },
    {
      "eval_loss": 0.4816000163555145,
      "eval_accuracy": 0.7708333333333334,
      "eval_f1": 0.5714285714285714,
      "eval_precision": 0.8627450980392157,
      "eval_recall": 0.42718446601941745,
      "eval_auc": 0.84203621096825,
      "eval_auprc": 0.7731098259006003,
      "eval_matthews_correlation": 0.4888567694638629,
      "eval_runtime": 6.1353,
      "eval_samples_per_second": 46.942,
      "eval_steps_per_second": 2.934,
      "epoch": 5.0
    },
    {
      "eval_loss": 0.5443381071090698,
      "eval_accuracy": 0.7465277777777778,
      "eval_f1": 0.5921787709497206,
      "eval_precision": 0.6973684210526315,
      "eval_recall": 0.5145631067961165,
      "eval_auc": 0.800682235633692,
      "eval_auprc": 0.6966377910533362,
      "eval_matthews_correlation": 0.4243851492096274,
      "eval_runtime": 6.1382,
      "eval_samples_per_second": 46.919,
      "eval_steps_per_second": 2.932,
      "epoch": 7.0
    },
    {
      "eval_loss": 0.5191049575805664,
      "eval_accuracy": 0.7673611111111112,
      "eval_f1": 0.6731707317073171,
      "eval_precision": 0.6764705882352942,
      "eval_recall": 0.6699029126213593,
      "eval_auc": 0.8065074783521385,
      "eval_auprc": 0.7315515797972512,
      "eval_matthews_correlation": 0.49259853840204354,
      "eval_runtime": 6.1298,
      "eval_samples_per_second": 46.984,
      "eval_steps_per_second": 2.936,
      "epoch": 9.0
    },
    {
      "eval_loss": 0.5467883348464966,
      "eval_accuracy": 0.75,
      "eval_f1": 0.5,
      "eval_precision": 0.8780487804878049,
      "eval_recall": 0.34951456310679613,
      "eval_auc": 0.7852532143794281,
      "eval_auprc": 0.7576908107204353,
      "eval_matthews_correlation": 0.4423611777651573,
      "eval_runtime": 6.1254,
      "eval_samples_per_second": 47.018,
      "eval_steps_per_second": 2.939,
      "epoch": 6.0
    }
  ],
  "test_metrics": {
    "eval_loss": 0.46859219670295715,
    "eval_accuracy": 0.7920258620689655,
    "eval_f1": 0.7566204287515762,
    "eval_precision": 0.8438818565400844,
    "eval_recall": 0.6857142857142857,
    "eval_auc": 0.8604665792922674,
    "eval_auprc": 0.8578041552651012,
    "eval_matthews_correlation": 0.5879296428372288,
    "eval_runtime": 39.6264,
    "eval_samples_per_second": 47.09,
    "eval_steps_per_second": 2.953,
    "epoch": 7.0
  }
}