{
  "experiment": "cross_cell",
  "model_type": "lamar",
  "variant": "pretrained",
  "pair_name": "EIF4E_train_K562_test_HepG2_fixlen_101",
  "pretrain_path": "/gpfs/bwfor/work/ws/fr_ml642-thesis_work/Thesis/LAMAR/weights",
  "max_length": 1024,
  "n_folds": 5,
  "hyperparameters": {
    "learning_rate": 5e-05,
    "per_device_train_batch_size": 16,
    "weight_decay": 0.01,
    "warmup_ratio": 0.1,
    "num_train_epochs": 10,
    "gradient_accumulation_steps": 1,
    "early_stopping_patience": 3
  },
  "cv_metrics": {
    "epoch_mean": 6.4,
    "epoch_std": 1.4966629547095764,
    "eval_accuracy_mean": 0.913888888888889,
    "eval_accuracy_std": 0.005219894575823946,
    "eval_auc_mean": 0.9538400314226996,
    "eval_auc_std": 0.008744991746518601,
    "eval_auprc_mean": 0.9383239504797446,
    "eval_auprc_std": 0.007174066309578355,
    "eval_f1_mean": 0.8736424861929407,
    "eval_f1_std": 0.008759319147939424,
    "eval_loss_mean": 0.25186455249786377,
    "eval_loss_std": 0.02349033191536929,
    "eval_matthews_correlation_mean": 0.8102161123756024,
    "eval_matthews_correlation_std": 0.012072053266640105,
    "eval_precision_mean": 0.911832090299703,
    "eval_precision_std": 0.008755027436551311,
    "eval_recall_mean": 0.8386707478438311,
    "eval_recall_std": 0.0141855939431865,
    "eval_runtime_mean": 9.959039999999998,
    "eval_runtime_std": 0.001958162403887808,
    "eval_samples_per_second_mean": 58.47919999999999,
    "eval_samples_per_second_std": 0.04897101183353171,
    "eval_steps_per_second_mean": 3.715,
    "eval_steps_per_second_std": 0.000894427191000016
  },
  "cv_fold_metrics": [
    {
      "eval_loss": 0.2506541311740875,
      "eval_accuracy": 0.9114583333333334,
      "eval_f1": 0.8708860759493671,
      "eval_precision": 0.900523560209424,
      "eval_recall": 0.8431372549019608,
      "eval_auc": 0.9530360531309298,
      "eval_auprc": 0.9451238608422531,
      "eval_matthews_correlation": 0.8046345481626173,
      "eval_runtime": 9.9573,
      "eval_samples_per_second": 58.55,
      "eval_steps_per_second": 3.716,
      "epoch": 9.0
    },
    {
      "eval_loss": 0.2910735309123993,
      "eval_accuracy": 0.9097222222222222,
      "eval_f1": 0.865979381443299,
      "eval_precision": 0.9130434782608695,
      "eval_recall": 0.8235294117647058,
      "eval_auc": 0.9440623023402909,
      "eval_auprc": 0.9327364823415363,
      "eval_matthews_correlation": 0.8006042632371598,
      "eval_runtime": 9.9615,
      "eval_samples_per_second": 58.525,
      "eval_steps_per_second": 3.714,
      "epoch": 7.0
    },
    {
      "eval_loss": 0.26139020919799805,
      "eval_accuracy": 0.9149305555555556,
      "eval_f1": 0.8746803069053709,
      "eval_precision": 0.9243243243243243,
      "eval_recall": 0.8300970873786407,
      "eval_auc": 0.9445027551823667,
      "eval_auprc": 0.9278089826106178,
      "eval_matthews_correlation": 0.8132565083513951,
      "eval_runtime": 9.9612,
      "eval_samples_per_second": 58.426,
      "eval_steps_per_second": 3.714,
      "epoch": 5.0
    },
    {
      "eval_loss": 0.22838152945041656,
      "eval_accuracy": 0.9236111111111112,
      "eval_f1": 0.89,
      "eval_precision": 0.9175257731958762,
      "eval_recall": 0.8640776699029126,
      "eval_auc": 0.9643269483075309,
      "eval_auprc": 0.9465838498149143,
      "eval_matthews_correlation": 0.8324487178086625,
      "eval_runtime": 9.9568,
      "eval_samples_per_second": 58.452,
      "eval_steps_per_second": 3.716,
      "epoch": 6.0
    },
    {
      "eval_loss": 0.22782336175441742,
      "eval_accuracy": 0.9097222222222222,
      "eval_f1": 0.8666666666666666,
      "eval_precision": 0.9037433155080213,
      "eval_recall": 0.8325123152709359,
      "eval_auc": 0.9632720981523792,
      "eval_auprc": 0.939366576789401,
      "eval_matthews_correlation": 0.8001365243181778,
      "eval_runtime": 9.9584,
      "eval_samples_per_second": 58.443,
      "eval_steps_per_second": 3.715,
      "epoch": 5.0
    }
  ],
  "test_metrics": {
    "eval_loss": 0.34597834944725037,
    "eval_accuracy": 0.8872102649006622,
    "eval_f1": 0.8504801097393689,
    "eval_precision": 0.9422492401215805,
    "eval_recall": 0.775,
    "eval_auc": 0.9341919138418078,
    "eval_auprc": 0.9306997619763285,
    "eval_matthews_correlation": 0.7706768645766829,
    "eval_runtime": 83.4091,
    "eval_samples_per_second": 58.003,
    "eval_steps_per_second": 3.633,
    "epoch": 7.0
  }
}