{
  "best_layer": 4,
  "best_auroc": 0.9534044932572179,
  "pilot_rbp": "GTF2F1_K562_IDR",
  "model": "zhihan1996/DNABERT-2-117M",
  "layer_aurocs": {
    "0": 0.9441761163414009,
    "1": 0.9473140139306967,
    "2": 0.9491916305009598,
    "3": 0.9529403390184795,
    "4": 0.9534044932572179,
    "5": 0.9532662109777114,
    "6": 0.9504176344259333,
    "7": 0.9485953471372689,
    "8": 0.9472285620204357,
    "9": 0.9465429291609662,
    "10": 0.9475388282122104,
    "11": 0.943008263284247
  }
}