{
  "experiment": "cross_cell",
  "model_type": "lamar",
  "variant": "random",
  "pair_name": "WDR43_train_K562_test_HepG2_fixlen_101",
  "pretrain_path": "",
  "max_length": 1024,
  "n_folds": 5,
  "hyperparameters": {
    "learning_rate": 5e-05,
    "per_device_train_batch_size": 16,
    "weight_decay": 0.01,
    "warmup_ratio": 0.1,
    "num_train_epochs": 10,
    "gradient_accumulation_steps": 1,
    "early_stopping_patience": 3
  },
  "cv_metrics": {
    "epoch_mean": 6.2,
    "epoch_std": 1.6,
    "eval_accuracy_mean": 0.7125,
    "eval_accuracy_std": 0.15232572008692424,
    "eval_auc_mean": 0.8343860877684406,
    "eval_auc_std": 0.07401035647122534,
    "eval_auprc_mean": 0.8494290531043502,
    "eval_auprc_std": 0.07075422665088488,
    "eval_f1_mean": 0.5547628083491462,
    "eval_f1_std": 0.3100591876472824,
    "eval_loss_mean": 0.6014277815818787,
    "eval_loss_std": 0.2232711742741012,
    "eval_matthews_correlation_mean": 0.43651350471955686,
    "eval_matthews_correlation_std": 0.2621056472048707,
    "eval_precision_mean": 0.6416666666666667,
    "eval_precision_std": 0.3239512994949155,
    "eval_recall_mean": 0.5142857142857142,
    "eval_recall_std": 0.32375349655349245,
    "eval_runtime_mean": 0.55612,
    "eval_runtime_std": 0.00042614551505325233,
    "eval_samples_per_second_mean": 74.44539999999999,
    "eval_samples_per_second_std": 0.8564593627254001,
    "eval_steps_per_second_mean": 5.394800000000001,
    "eval_steps_per_second_std": 0.004261455150532734
  },
  "cv_fold_metrics": [
    {
      "eval_loss": 0.5131016969680786,
      "eval_accuracy": 0.75,
      "eval_f1": 0.6666666666666666,
      "eval_precision": 0.8,
      "eval_recall": 0.5714285714285714,
      "eval_auc": 0.7976190476190476,
      "eval_auprc": 0.8321452621452622,
      "eval_matthews_correlation": 0.49265895172303803,
      "eval_runtime": 0.5561,
      "eval_samples_per_second": 75.532,
      "eval_steps_per_second": 5.395,
      "epoch": 4.0
    },
    {
      "eval_loss": 0.5741332769393921,
      "eval_accuracy": 0.71875,
      "eval_f1": 0.47058823529411764,
      "eval_precision": 0.8,
      "eval_recall": 0.3333333333333333,
      "eval_auc": 0.8125,
      "eval_auprc": 0.7527560402560403,
      "eval_matthews_correlation": 0.37777777777777777,
      "eval_runtime": 0.5566,
      "eval_samples_per_second": 75.453,
      "eval_steps_per_second": 5.39,
      "epoch": 6.0
    },
    {
      "eval_loss": 0.5383403301239014,
      "eval_accuracy": 0.75,
      "eval_f1": 0.7333333333333333,
      "eval_precision": 0.7333333333333333,
      "eval_recall": 0.7333333333333333,
      "eval_auc": 0.8352941176470589,
      "eval_auprc": 0.8597853608379924,
      "eval_matthews_correlation": 0.4980392156862745,
      "eval_runtime": 0.5556,
      "eval_samples_per_second": 73.794,
      "eval_steps_per_second": 5.4,
      "epoch": 8.0
    },
    {
      "eval_loss": 0.358550488948822,
      "eval_accuracy": 0.90625,
      "eval_f1": 0.9032258064516129,
      "eval_precision": 0.875,
      "eval_recall": 0.9333333333333333,
      "eval_auc": 0.972549019607843,
      "eval_auprc": 0.9716303579461474,
      "eval_matthews_correlation": 0.8140915784106943,
      "eval_runtime": 0.5557,
      "eval_samples_per_second": 73.781,
      "eval_steps_per_second": 5.399,
      "epoch": 8.0
    },
    {
      "eval_loss": 1.0230131149291992,
      "eval_accuracy": 0.4375,
      "eval_f1": 0.0,
      "eval_precision": 0.0,
      "eval_recall": 0.0,
      "eval_auc": 0.753968253968254,
      "eval_auprc": 0.8308282443363089,
      "eval_matthews_correlation": 0.0,
      "eval_runtime": 0.5566,
      "eval_samples_per_second": 73.667,
      "eval_steps_per_second": 5.39,
      "epoch": 5.0
    }
  ],
  "test_metrics": {
    "eval_loss": 0.6431374549865723,
    "eval_accuracy": 0.640625,
    "eval_f1": 0.4843049327354261,
    "eval_precision": 0.782608695652174,
    "eval_recall": 0.35064935064935066,
    "eval_auc": 0.7662337662337662,
    "eval_auprc": 0.7125015389681304,
    "eval_matthews_correlation": 0.3162328528425197,
    "eval_runtime": 5.5058,
    "eval_samples_per_second": 59.028,
    "eval_steps_per_second": 3.814,
    "epoch": 8.0
  }
}