{
  "experiment": "cross_length",
  "model_type": "lamar",
  "variant": "random",
  "pair_name": "DDX3X_K562_ENCSR930BZL",
  "pretrain_path": "",
  "max_length": 1024,
  "n_folds": 5,
  "hyperparameters": {
    "learning_rate": 5e-05,
    "per_device_train_batch_size": 16,
    "weight_decay": 0.01,
    "warmup_ratio": 0.1,
    "num_train_epochs": 10,
    "gradient_accumulation_steps": 1,
    "early_stopping_patience": 3
  },
  "cv_metrics": {
    "epoch_mean": 7.2,
    "epoch_std": 2.4,
    "eval_accuracy_mean": 0.8638020833333334,
    "eval_accuracy_std": 0.007881638515844587,
    "eval_auc_mean": 0.8967152736715086,
    "eval_auc_std": 0.009821731248223891,
    "eval_auprc_mean": 0.8195975531666809,
    "eval_auprc_std": 0.009274282686232236,
    "eval_f1_mean": 0.7459928572880477,
    "eval_f1_std": 0.013492870137773,
    "eval_loss_mean": 0.36494293212890627,
    "eval_loss_std": 0.012316943561530447,
    "eval_matthews_correlation_mean": 0.6609398935350799,
    "eval_matthews_correlation_std": 0.014320316792770005,
    "eval_precision_mean": 0.8132227267016301,
    "eval_precision_std": 0.05909034347061278,
    "eval_recall_mean": 0.6963826914314912,
    "eval_recall_std": 0.05579450042830385,
    "eval_runtime_mean": 16.52528,
    "eval_runtime_std": 0.017945628994270442,
    "eval_samples_per_second_mean": 47.33359999999999,
    "eval_samples_per_second_std": 0.047132154629297186,
    "eval_steps_per_second_mean": 2.9652000000000003,
    "eval_steps_per_second_std": 0.0033704599092705253
  },
  "cv_fold_metrics": [
    {
      "eval_loss": 0.3654937744140625,
      "eval_accuracy": 0.8723958333333334,
      "eval_f1": 0.75,
      "eval_precision": 0.8596491228070176,
      "eval_recall": 0.665158371040724,
      "eval_auc": 0.8958366077411136,
      "eval_auprc": 0.8156214488703729,
      "eval_matthews_correlation": 0.6760733698921141,
      "eval_runtime": 16.5396,
      "eval_samples_per_second": 47.341,
      "eval_steps_per_second": 2.963,
      "epoch": 10.0
    },
    {
      "eval_loss": 0.34138330817222595,
      "eval_accuracy": 0.8723958333333334,
      "eval_f1": 0.7621359223300972,
      "eval_precision": 0.8177083333333334,
      "eval_recall": 0.7136363636363636,
      "eval_auc": 0.9104180491041803,
      "eval_auprc": 0.8338418845755616,
      "eval_matthews_correlation": 0.6784188651581864,
      "eval_runtime": 16.5416,
      "eval_samples_per_second": 47.275,
      "eval_steps_per_second": 2.962,
      "epoch": 10.0
    },
    {
      "eval_loss": 0.3687470853328705,
      "eval_accuracy": 0.85546875,
      "eval_f1": 0.7527839643652561,
      "eval_precision": 0.7412280701754386,
      "eval_recall": 0.7647058823529411,
      "eval_auc": 0.8945296020250317,
      "eval_auprc": 0.8102764851662301,
      "eval_matthews_correlation": 0.6508610421827276,
      "eval_runtime": 16.5359,
      "eval_samples_per_second": 47.291,
      "eval_steps_per_second": 2.963,
      "epoch": 6.0
    },
    {
      "eval_loss": 0.37307968735694885,
      "eval_accuracy": 0.8541666666666666,
      "eval_f1": 0.7431192660550459,
      "eval_precision": 0.7534883720930232,
      "eval_recall": 0.7330316742081447,
      "eval_auc": 0.8806157816804123,
      "eval_auprc": 0.8112493196436595,
      "eval_matthews_correlation": 0.6414464289309615,
      "eval_runtime": 16.4953,
      "eval_samples_per_second": 47.407,
      "eval_steps_per_second": 2.971,
      "epoch": 6.0
    },
    {
      "eval_loss": 0.37601080536842346,
      "eval_accuracy": 0.8645833333333334,
      "eval_f1": 0.7219251336898396,
      "eval_precision": 0.8940397350993378,
      "eval_recall": 0.6053811659192825,
      "eval_auc": 0.9021763278068046,
      "eval_auprc": 0.8269986275775799,
      "eval_matthews_correlation": 0.6578997615114095,
      "eval_runtime": 16.514,
      "eval_samples_per_second": 47.354,
      "eval_steps_per_second": 2.967,
      "epoch": 4.0
    }
  ],
  "test_metrics": {
    "eval_loss": 0.42040541768074036,
    "eval_accuracy": 0.8576680672268907,
    "eval_f1": 0.8332820670562905,
    "eval_precision": 0.9325301204819277,
    "eval_recall": 0.7531276063386155,
    "eval_auc": 0.8980053600001051,
    "eval_auprc": 0.9078196907333907,
    "eval_matthews_correlation": 0.7239254213517315,
    "eval_runtime": 164.0852,
    "eval_samples_per_second": 46.482,
    "eval_steps_per_second": 2.907,
    "epoch": 6.0
  }
}