{
  "experiment": "cross_length",
  "model_type": "lamar",
  "variant": "pretrained_custom",
  "pair_name": "DGCR8_HepG2_ENCSR061SZV",
  "pretrain_path": "/gpfs/bwfor/work/ws/fr_ml642-thesis_work/Thesis/LAMAR/src/pretrain/saving_model/tapt_512_standard_collator_1gpu/checkpoint-265000/model.safetensors",
  "max_length": 512,
  "n_folds": 5,
  "hyperparameters": {
    "learning_rate": 5e-05,
    "per_device_train_batch_size": 16,
    "weight_decay": 0.01,
    "warmup_ratio": 0.1,
    "num_train_epochs": 10,
    "gradient_accumulation_steps": 1,
    "early_stopping_patience": 3
  },
  "cv_metrics": {
    "epoch_mean": 7.0,
    "epoch_std": 1.4142135623730951,
    "eval_accuracy_mean": 0.7604166666666667,
    "eval_accuracy_std": 0.047735163489123336,
    "eval_auc_mean": 0.8604421644335492,
    "eval_auc_std": 0.01027994927474592,
    "eval_auprc_mean": 0.8086046216594973,
    "eval_auprc_std": 0.016126585432401946,
    "eval_f1_mean": 0.6877878815633125,
    "eval_f1_std": 0.06187190979017038,
    "eval_loss_mean": 0.4995508313179016,
    "eval_loss_std": 0.07409598371667805,
    "eval_matthews_correlation_mean": 0.5128107478482866,
    "eval_matthews_correlation_std": 0.07096588498493618,
    "eval_precision_mean": 0.6812533499286297,
    "eval_precision_std": 0.07919705495606924,
    "eval_recall_mean": 0.7261993583120343,
    "eval_recall_std": 0.1412589143001123,
    "eval_runtime_mean": 1.4410800000000001,
    "eval_runtime_std": 0.0027102767386375463,
    "eval_samples_per_second_mean": 138.08980000000003,
    "eval_samples_per_second_std": 0.25963158513555584,
    "eval_steps_per_second_mean": 9.020999999999999,
    "eval_steps_per_second_std": 0.016935170504013546
  },
  "cv_fold_metrics": [
    {
      "eval_loss": 0.49413296580314636,
      "eval_accuracy": 0.7447916666666666,
      "eval_f1": 0.5811965811965811,
      "eval_precision": 0.7391304347826086,
      "eval_recall": 0.4788732394366197,
      "eval_auc": 0.874170643696892,
      "eval_auprc": 0.7908292760489151,
      "eval_matthews_correlation": 0.42944421171140645,
      "eval_runtime": 1.4442,
      "eval_samples_per_second": 137.789,
      "eval_steps_per_second": 9.001,
      "epoch": 6.0
    },
    {
      "eval_loss": 0.4306551218032837,
      "eval_accuracy": 0.8177083333333334,
      "eval_f1": 0.7445255474452556,
      "eval_precision": 0.7611940298507462,
      "eval_recall": 0.7285714285714285,
      "eval_auc": 0.8709601873536299,
      "eval_auprc": 0.8286159435649281,
      "eval_matthews_correlation": 0.6032802546153193,
      "eval_runtime": 1.4373,
      "eval_samples_per_second": 138.455,
      "eval_steps_per_second": 9.045,
      "epoch": 9.0
    },
    {
      "eval_loss": 0.6421722769737244,
      "eval_accuracy": 0.6770833333333334,
      "eval_f1": 0.6666666666666667,
      "eval_precision": 0.5344827586206896,
      "eval_recall": 0.8857142857142857,
      "eval_auc": 0.8491803278688526,
      "eval_auprc": 0.8179313370792562,
      "eval_matthews_correlation": 0.43610031626747925,
      "eval_runtime": 1.4439,
      "eval_samples_per_second": 137.824,
      "eval_steps_per_second": 9.004,
      "epoch": 7.0
    },
    {
      "eval_loss": 0.4661851227283478,
      "eval_accuracy": 0.7864583333333334,
      "eval_f1": 0.7515151515151516,
      "eval_precision": 0.6813186813186813,
      "eval_recall": 0.8378378378378378,
      "eval_auc": 0.8569628950984883,
      "eval_auprc": 0.8174875577859744,
      "eval_matthews_correlation": 0.5771016241081066,
      "eval_runtime": 1.4389,
      "eval_samples_per_second": 138.296,
      "eval_steps_per_second": 9.034,
      "epoch": 8.0
    },
    {
      "eval_loss": 0.46460866928100586,
      "eval_accuracy": 0.7760416666666666,
      "eval_f1": 0.6950354609929078,
      "eval_precision": 0.6901408450704225,
      "eval_recall": 0.7,
      "eval_auc": 0.850936768149883,
      "eval_auprc": 0.7881589938184127,
      "eval_matthews_correlation": 0.5181273325391211,
      "eval_runtime": 1.4411,
      "eval_samples_per_second": 138.085,
      "eval_steps_per_second": 9.021,
      "epoch": 5.0
    }
  ],
  "test_metrics": {
    "eval_loss": 0.4617975652217865,
    "eval_accuracy": 0.8049698795180723,
    "eval_f1": 0.758169934640523,
    "eval_precision": 0.9227272727272727,
    "eval_recall": 0.6434231378763867,
    "eval_auc": 0.8859772582064407,
    "eval_auprc": 0.8916117193220476,
    "eval_matthews_correlation": 0.6308909575814673,
    "eval_runtime": 9.9032,
    "eval_samples_per_second": 135.411,
    "eval_steps_per_second": 8.482,
    "epoch": 7.0
  }
}