{
  "experiment": "rbp",
  "model_type": "lamar",
  "variant": "lamar_random",
  "rbp_name": "HNRNPK_K562_200",
  "weights_path": "",
  "max_length": 1024,
  "n_folds": 5,
  "hyperparameters": {
    "learning_rate": 5e-05,
    "per_device_train_batch_size": 16,
    "weight_decay": 0.01,
    "warmup_ratio": 0.1,
    "num_train_epochs": 10,
    "gradient_accumulation_steps": 1,
    "early_stopping_patience": 3
  },
  "cv_metrics": {
    "epoch_mean": 9.4,
    "epoch_std": 1.2,
    "eval_accuracy_mean": 0.9397379912663755,
    "eval_accuracy_std": 0.002961716149836339,
    "eval_auc_mean": 0.9849153865591728,
    "eval_auc_std": 0.003063457805459624,
    "eval_auprc_mean": 0.9842324840940485,
    "eval_auprc_std": 0.0035792983573024848,
    "eval_f1_mean": 0.9401148889383695,
    "eval_f1_std": 0.0031562237362571972,
    "eval_loss_mean": 0.18128334283828734,
    "eval_loss_std": 0.021875766567126077,
    "eval_matthews_correlation_mean": 0.8797618466971553,
    "eval_matthews_correlation_std": 0.0060917725714829795,
    "eval_precision_mean": 0.9329998045634437,
    "eval_precision_std": 0.008180495498838154,
    "eval_recall_mean": 0.9475246767890075,
    "eval_recall_std": 0.011251954040998125,
    "eval_runtime_mean": 16.58462,
    "eval_runtime_std": 0.017022855224668093,
    "eval_samples_per_second_mean": 55.2316,
    "eval_samples_per_second_std": 0.05662720194394087,
    "eval_steps_per_second_mean": 3.4974,
    "eval_steps_per_second_std": 0.0034409301068169863
  },
  "cv_fold_metrics": [
    {
      "eval_loss": 0.16659267246723175,
      "eval_accuracy": 0.9410480349344978,
      "eval_f1": 0.9411764705882353,
      "eval_precision": 0.9370932754880694,
      "eval_recall": 0.9452954048140044,
      "eval_matthews_correlation": 0.8821313985747625,
      "eval_auc": 0.9863321939522223,
      "eval_auprc": 0.9858719826328779,
      "eval_runtime": 16.5614,
      "eval_samples_per_second": 55.309,
      "eval_steps_per_second": 3.502,
      "epoch": 10.0
    },
    {
      "eval_loss": 0.17423059046268463,
      "eval_accuracy": 0.9377729257641921,
      "eval_f1": 0.9386437029063509,
      "eval_precision": 0.923728813559322,
      "eval_recall": 0.9540481400437637,
      "eval_matthews_correlation": 0.8760240471584506,
      "eval_auc": 0.9838007656259684,
      "eval_auprc": 0.9826519654380285,
      "eval_runtime": 16.6058,
      "eval_samples_per_second": 55.161,
      "eval_steps_per_second": 3.493,
      "epoch": 10.0
    },
    {
      "eval_loss": 0.20137973129749298,
      "eval_accuracy": 0.9399563318777293,
      "eval_f1": 0.9393605292171996,
      "eval_precision": 0.9466666666666667,
      "eval_recall": 0.9321663019693655,
      "eval_matthews_correlation": 0.8800108809677483,
      "eval_auc": 0.9855980320647588,
      "eval_auprc": 0.9851364244030365,
      "eval_runtime": 16.5724,
      "eval_samples_per_second": 55.272,
      "eval_steps_per_second": 3.5,
      "epoch": 10.0
    },
    {
      "eval_loss": 0.15276433527469635,
      "eval_accuracy": 0.9443231441048034,
      "eval_f1": 0.9454545454545454,
      "eval_precision": 0.9266247379454927,
      "eval_recall": 0.9650655021834061,
      "eval_matthews_correlation": 0.8894119486057189,
      "eval_auc": 0.9890448313342614,
      "eval_auprc": 0.9891171293475621,
      "eval_runtime": 16.602,
      "eval_samples_per_second": 55.174,
      "eval_steps_per_second": 3.494,
      "epoch": 10.0
    },
    {
      "eval_loss": 0.21144938468933105,
      "eval_accuracy": 0.9355895196506551,
      "eval_f1": 0.9359391965255157,
      "eval_precision": 0.9308855291576674,
      "eval_recall": 0.9410480349344978,
      "eval_matthews_correlation": 0.871230958179096,
      "eval_auc": 0.9798011098186534,
      "eval_auprc": 0.9783849186487368,
      "eval_runtime": 16.5815,
      "eval_samples_per_second": 55.242,
      "eval_steps_per_second": 3.498,
      "epoch": 7.0
    }
  ],
  "test_metrics": {
    "eval_loss": 0.20022934675216675,
    "eval_accuracy": 0.9380453752181501,
    "eval_f1": 0.9383145091225021,
    "eval_precision": 0.9391304347826087,
    "eval_recall": 0.9375,
    "eval_matthews_correlation": 0.8760898202478925,
    "eval_auc": 0.9831536306042885,
    "eval_auprc": 0.9808731589611808,
    "eval_runtime": 20.7458,
    "eval_samples_per_second": 55.24,
    "eval_steps_per_second": 3.471,
    "epoch": 10.0
  }
}