{
  "experiment": "rbp",
  "model_type": "dnabert2",
  "variant": "dnabert2_tapt_v3",
  "rbp_name": "QKI_K562_200",
  "weights_path": "/gpfs/bwfor/work/ws/fr_ml642-thesis_work/Thesis/DNABERT2/pretrain/models/dnabert2_tapt_v3/checkpoint-2566",
  "max_length": 512,
  "n_folds": 5,
  "hyperparameters": {
    "learning_rate": 5e-05,
    "per_device_train_batch_size": 16,
    "weight_decay": 0.01,
    "warmup_ratio": 0.1,
    "num_train_epochs": 10,
    "gradient_accumulation_steps": 1,
    "early_stopping_patience": 3
  },
  "cv_metrics": {
    "epoch_mean": 6.4,
    "epoch_std": 1.0198039027185568,
    "eval_accuracy_mean": 0.9502742230347347,
    "eval_accuracy_std": 0.01205195592237621,
    "eval_auc_mean": 0.9880133372728659,
    "eval_auc_std": 0.0039811444858611515,
    "eval_auprc_mean": 0.9899401979707658,
    "eval_auprc_std": 0.0029028417558371773,
    "eval_f1_mean": 0.9509863677336273,
    "eval_f1_std": 0.011046686318266812,
    "eval_loss_mean": 0.2138689249753952,
    "eval_loss_std": 0.03605966401685874,
    "eval_matthews_correlation_mean": 0.9015787714389957,
    "eval_matthews_correlation_std": 0.022815781319994892,
    "eval_precision_mean": 0.9392748568765178,
    "eval_precision_std": 0.026313892549436065,
    "eval_recall_mean": 0.9637208051886951,
    "eval_recall_std": 0.013682961700652967,
    "eval_runtime_mean": 1.16096,
    "eval_runtime_std": 0.003554490118146329,
    "eval_samples_per_second_mean": 942.348,
    "eval_samples_per_second_std": 2.8670148238193427,
    "eval_steps_per_second_mean": 59.4354,
    "eval_steps_per_second_std": 0.1807668111131029
  },
  "cv_fold_metrics": [
    {
      "eval_loss": 0.19124294817447662,
      "eval_accuracy": 0.9506398537477148,
      "eval_f1": 0.95,
      "eval_precision": 0.9606741573033708,
      "eval_recall": 0.9395604395604396,
      "eval_matthews_correlation": 0.9014923932302253,
      "eval_auc": 0.9871527499264726,
      "eval_auprc": 0.9870012078739526,
      "eval_runtime": 1.1587,
      "eval_samples_per_second": 944.196,
      "eval_steps_per_second": 59.552,
      "epoch": 6.0
    },
    {
      "eval_loss": 0.26341456174850464,
      "eval_accuracy": 0.9296160877513712,
      "eval_f1": 0.9326334208223972,
      "eval_precision": 0.8927973199329984,
      "eval_recall": 0.9761904761904762,
      "eval_matthews_correlation": 0.863013678180184,
      "eval_auc": 0.9806388866607845,
      "eval_auprc": 0.9859205090949836,
      "eval_runtime": 1.161,
      "eval_samples_per_second": 942.292,
      "eval_steps_per_second": 59.432,
      "epoch": 5.0
    },
    {
      "eval_loss": 0.16217662394046783,
      "eval_accuracy": 0.9670932358318098,
      "eval_f1": 0.9671532846715328,
      "eval_precision": 0.9636363636363636,
      "eval_recall": 0.9706959706959707,
      "eval_matthews_correlation": 0.9342121095472607,
      "eval_auc": 0.9914607898184541,
      "eval_auprc": 0.9930599193853916,
      "eval_runtime": 1.1573,
      "eval_samples_per_second": 945.295,
      "eval_steps_per_second": 59.621,
      "epoch": 7.0
    },
    {
      "eval_loss": 0.2095840722322464,
      "eval_accuracy": 0.9497257769652651,
      "eval_f1": 0.9508489722966935,
      "eval_precision": 0.9284467713787086,
      "eval_recall": 0.9743589743589743,
      "eval_matthews_correlation": 0.900557838968546,
      "eval_auc": 0.9897830271917863,
      "eval_auprc": 0.9915165801313718,
      "eval_runtime": 1.1676,
      "eval_samples_per_second": 936.998,
      "eval_steps_per_second": 59.098,
      "epoch": 6.0
    },
    {
      "eval_loss": 0.24292641878128052,
      "eval_accuracy": 0.9542961608775137,
      "eval_f1": 0.9542961608775137,
      "eval_precision": 0.9508196721311475,
      "eval_recall": 0.9577981651376147,
      "eval_matthews_correlation": 0.9086178372687622,
      "eval_auc": 0.9910312327668321,
      "eval_auprc": 0.9922027733681293,
      "eval_runtime": 1.1602,
      "eval_samples_per_second": 942.959,
      "eval_steps_per_second": 59.474,
      "epoch": 8.0
    }
  ],
  "test_metrics": {
    "eval_loss": 0.18436048924922943,
    "eval_accuracy": 0.9466374269005848,
    "eval_f1": 0.9481902058197303,
    "eval_precision": 0.9290681502086231,
    "eval_recall": 0.9681159420289855,
    "eval_matthews_correlation": 0.8940315503816632,
    "eval_auc": 0.9860031636099355,
    "eval_auprc": 0.9870956645894579,
    "eval_runtime": 1.4546,
    "eval_samples_per_second": 940.497,
    "eval_steps_per_second": 59.125,
    "epoch": 5.0
  }
}