{
  "experiment": "cross_length",
  "model_type": "lamar",
  "variant": "tapt_1024",
  "pair_name": "DDX51_K562_ENCSR145NLR",
  "pretrain_path": "/gpfs/bwfor/work/ws/fr_ml642-thesis_work/Thesis/LAMAR/src/pretrain/saving_model/tapt_1024_standard_collator/checkpoint-134000/model.safetensors",
  "max_length": 1024,
  "n_folds": 5,
  "hyperparameters": {
    "learning_rate": 5e-05,
    "per_device_train_batch_size": 16,
    "weight_decay": 0.01,
    "warmup_ratio": 0.1,
    "num_train_epochs": 10,
    "gradient_accumulation_steps": 1,
    "early_stopping_patience": 3
  },
  "cv_metrics": {
    "epoch_mean": 4.6,
    "epoch_std": 0.48989794855663565,
    "eval_accuracy_mean": 0.8833333333333332,
    "eval_accuracy_std": 0.038640077064565424,
    "eval_auc_mean": 0.9627528287300583,
    "eval_auc_std": 0.029309338073515216,
    "eval_auprc_mean": 0.955938268365008,
    "eval_auprc_std": 0.030399572177399636,
    "eval_f1_mean": 0.823154142039591,
    "eval_f1_std": 0.08216896766165996,
    "eval_loss_mean": 0.3568799316883087,
    "eval_loss_std": 0.11985783872855492,
    "eval_matthews_correlation_mean": 0.7535173181738738,
    "eval_matthews_correlation_std": 0.07544826049812338,
    "eval_precision_mean": 0.8964705882352941,
    "eval_precision_std": 0.05291339140160436,
    "eval_recall_mean": 0.7856209150326796,
    "eval_recall_std": 0.15340135228040153,
    "eval_runtime_mean": 1.0383200000000001,
    "eval_runtime_std": 0.0010571660229122062,
    "eval_samples_per_second_mean": 47.577400000000004,
    "eval_samples_per_second_std": 0.49937985542069874,
    "eval_steps_per_second_mean": 3.8524000000000003,
    "eval_steps_per_second_std": 0.004079215610874219
  },
  "cv_fold_metrics": [
    {
      "eval_loss": 0.5744600296020508,
      "eval_accuracy": 0.8125,
      "eval_f1": 0.6666666666666666,
      "eval_precision": 1.0,
      "eval_recall": 0.5,
      "eval_auc": 0.9962962962962963,
      "eval_auprc": 0.9944444444444445,
      "eval_matthews_correlation": 0.6201736729460423,
      "eval_runtime": 1.0366,
      "eval_samples_per_second": 48.233,
      "eval_steps_per_second": 3.859,
      "epoch": 5.0
    },
    {
      "eval_loss": 0.2669524848461151,
      "eval_accuracy": 0.9166666666666666,
      "eval_f1": 0.8823529411764706,
      "eval_precision": 0.8823529411764706,
      "eval_recall": 0.8823529411764706,
      "eval_auc": 0.9772296015180266,
      "eval_auprc": 0.960526516927901,
      "eval_matthews_correlation": 0.8178368121442126,
      "eval_runtime": 1.0386,
      "eval_samples_per_second": 48.141,
      "eval_steps_per_second": 3.851,
      "epoch": 5.0
    },
    {
      "eval_loss": 0.3998086750507355,
      "eval_accuracy": 0.875,
      "eval_f1": 0.823529411764706,
      "eval_precision": 0.875,
      "eval_recall": 0.7777777777777778,
      "eval_auc": 0.912962962962963,
      "eval_auprc": 0.9010250259573015,
      "eval_matthews_correlation": 0.7302967433402215,
      "eval_runtime": 1.0395,
      "eval_samples_per_second": 47.14,
      "eval_steps_per_second": 3.848,
      "epoch": 5.0
    },
    {
      "eval_loss": 0.2694006562232971,
      "eval_accuracy": 0.9166666666666666,
      "eval_f1": 0.8947368421052632,
      "eval_precision": 0.85,
      "eval_recall": 0.9444444444444444,
      "eval_auc": 0.9481481481481481,
      "eval_auprc": 0.957873642566415,
      "eval_matthews_correlation": 0.829227982896771,
      "eval_runtime": 1.0392,
      "eval_samples_per_second": 47.151,
      "eval_steps_per_second": 3.849,
      "epoch": 4.0
    },
    {
      "eval_loss": 0.2737778127193451,
      "eval_accuracy": 0.8958333333333334,
      "eval_f1": 0.8484848484848485,
      "eval_precision": 0.875,
      "eval_recall": 0.8235294117647058,
      "eval_auc": 0.9791271347248577,
      "eval_auprc": 0.9658217119289784,
      "eval_matthews_correlation": 0.7700513795421218,
      "eval_runtime": 1.0377,
      "eval_samples_per_second": 47.222,
      "eval_steps_per_second": 3.855,
      "epoch": 4.0
    }
  ],
  "test_metrics": {
    "eval_loss": 0.27653566002845764,
    "eval_accuracy": 0.9015151515151515,
    "eval_f1": 0.8947368421052632,
    "eval_precision": 0.9285714285714286,
    "eval_recall": 0.86328125,
    "eval_auc": 0.9494485294117647,
    "eval_auprc": 0.9493131354591547,
    "eval_matthews_correlation": 0.8043236763608789,
    "eval_runtime": 11.4207,
    "eval_samples_per_second": 47.108,
    "eval_steps_per_second": 2.977,
    "epoch": 7.0
  }
}