{
  "experiment": "cross_length",
  "model_type": "lamar",
  "variant": "tapt_1024",
  "pair_name": "GRWD1_K562_ENCSR999YGP",
  "pretrain_path": "/gpfs/bwfor/work/ws/fr_ml642-thesis_work/Thesis/LAMAR/src/pretrain/saving_model/tapt_1024_standard_collator/checkpoint-134000/model.safetensors",
  "max_length": 1024,
  "n_folds": 5,
  "hyperparameters": {
    "learning_rate": 5e-05,
    "per_device_train_batch_size": 16,
    "weight_decay": 0.01,
    "warmup_ratio": 0.1,
    "num_train_epochs": 10,
    "gradient_accumulation_steps": 1,
    "early_stopping_patience": 3
  },
  "cv_metrics": {
    "epoch_mean": 9.6,
    "epoch_std": 0.7999999999999999,
    "eval_accuracy_mean": 0.8190972222222221,
    "eval_accuracy_std": 0.01604001314229317,
    "eval_auc_mean": 0.8876947547541107,
    "eval_auc_std": 0.018665948964901043,
    "eval_auprc_mean": 0.7612612525910744,
    "eval_auprc_std": 0.037404794341931655,
    "eval_f1_mean": 0.6722449975998863,
    "eval_f1_std": 0.0677789956294654,
    "eval_loss_mean": 0.44198843836784363,
    "eval_loss_std": 0.059281552461815386,
    "eval_matthews_correlation_mean": 0.5578041573547674,
    "eval_matthews_correlation_std": 0.05388576939939883,
    "eval_precision_mean": 0.7070444791705708,
    "eval_precision_std": 0.04837505895204961,
    "eval_recall_mean": 0.6627804631700455,
    "eval_recall_std": 0.1279095786358326,
    "eval_runtime_mean": 12.455259999999999,
    "eval_runtime_std": 0.00909870320430379,
    "eval_samples_per_second_mean": 46.245400000000004,
    "eval_samples_per_second_std": 0.033979994114182364,
    "eval_steps_per_second_mean": 2.8906,
    "eval_steps_per_second_std": 0.0022449944320643944
  },
  "cv_fold_metrics": [
    {
      "eval_loss": 0.4756624400615692,
      "eval_accuracy": 0.8038194444444444,
      "eval_f1": 0.6743515850144093,
      "eval_precision": 0.6464088397790055,
      "eval_recall": 0.7048192771084337,
      "eval_auc": 0.8695856597120186,
      "eval_auprc": 0.7226313314106111,
      "eval_matthews_correlation": 0.5353777093869909,
      "eval_runtime": 12.453,
      "eval_samples_per_second": 46.254,
      "eval_steps_per_second": 2.891,
      "epoch": 10.0
    },
    {
      "eval_loss": 0.45640283823013306,
      "eval_accuracy": 0.8350694444444444,
      "eval_f1": 0.7147147147147147,
      "eval_precision": 0.7125748502994012,
      "eval_recall": 0.7168674698795181,
      "eval_auc": 0.8920364384366736,
      "eval_auprc": 0.7627600851153397,
      "eval_matthews_correlation": 0.5987264113634884,
      "eval_runtime": 12.4574,
      "eval_samples_per_second": 46.237,
      "eval_steps_per_second": 2.89,
      "epoch": 10.0
    },
    {
      "eval_loss": 0.3353216350078583,
      "eval_accuracy": 0.8385416666666666,
      "eval_f1": 0.736543909348442,
      "eval_precision": 0.6989247311827957,
      "eval_recall": 0.7784431137724551,
      "eval_auc": 0.9204134518249565,
      "eval_auprc": 0.8306704498816904,
      "eval_matthews_correlation": 0.6225064932337657,
      "eval_runtime": 12.4699,
      "eval_samples_per_second": 46.191,
      "eval_steps_per_second": 2.887,
      "epoch": 8.0
    },
    {
      "eval_loss": 0.431677907705307,
      "eval_accuracy": 0.8194444444444444,
      "eval_f1": 0.6923076923076923,
      "eval_precision": 0.6842105263157895,
      "eval_recall": 0.7005988023952096,
      "eval_auc": 0.8867399674977673,
      "eval_auprc": 0.7541361062063638,
      "eval_matthews_correlation": 0.5646480765974874,
      "eval_runtime": 12.4545,
      "eval_samples_per_second": 46.248,
      "eval_steps_per_second": 2.891,
      "epoch": 10.0
    },
    {
      "eval_loss": 0.5108773708343506,
      "eval_accuracy": 0.7986111111111112,
      "eval_f1": 0.5433070866141732,
      "eval_precision": 0.7931034482758621,
      "eval_recall": 0.41317365269461076,
      "eval_auc": 0.8696982562991377,
      "eval_auprc": 0.736108290341367,
      "eval_matthews_correlation": 0.46776209619210474,
      "eval_runtime": 12.4415,
      "eval_samples_per_second": 46.297,
      "eval_steps_per_second": 2.894,
      "epoch": 10.0
    }
  ],
  "test_metrics": {
    "eval_loss": 0.9833652973175049,
    "eval_accuracy": 0.7469594594594594,
    "eval_f1": 0.6793664383561644,
    "eval_precision": 0.8523093447905478,
    "eval_recall": 0.5647686832740213,
    "eval_auc": 0.8363432733347829,
    "eval_auprc": 0.833072510898185,
    "eval_matthews_correlation": 0.5122812001480304,
    "eval_runtime": 128.1293,
    "eval_samples_per_second": 46.258,
    "eval_steps_per_second": 2.896,
    "epoch": 10.0
  }
}