{
  "experiment": "rbp",
  "model_type": "dnabert2",
  "variant": "dnabert2_pretrained",
  "rbp_name": "RBFOX2_K562_200",
  "weights_path": "zhihan1996/DNABERT-2-117M",
  "max_length": 512,
  "n_folds": 5,
  "hyperparameters": {
    "learning_rate": 5e-05,
    "per_device_train_batch_size": 16,
    "weight_decay": 0.01,
    "warmup_ratio": 0.1,
    "num_train_epochs": 10,
    "gradient_accumulation_steps": 1,
    "early_stopping_patience": 3
  },
  "cv_metrics": {
    "epoch_mean": 7.0,
    "epoch_std": 1.0954451150103321,
    "eval_accuracy_mean": 0.8981894150417826,
    "eval_accuracy_std": 0.003095558603188411,
    "eval_auc_mean": 0.959755159209726,
    "eval_auc_std": 0.004731653374113536,
    "eval_auprc_mean": 0.9600493031557701,
    "eval_auprc_std": 0.006022745138298228,
    "eval_f1_mean": 0.9005468397010932,
    "eval_f1_std": 0.003274636531604607,
    "eval_loss_mean": 0.3445540308952332,
    "eval_loss_std": 0.053214365894100814,
    "eval_matthews_correlation_mean": 0.7978316838440767,
    "eval_matthews_correlation_std": 0.007027823192054044,
    "eval_precision_mean": 0.88722632190196,
    "eval_precision_std": 0.020469922411606653,
    "eval_recall_mean": 0.9154123014144565,
    "eval_recall_std": 0.024844757058090246,
    "eval_runtime_mean": 0.79136,
    "eval_runtime_std": 0.005171305444469502,
    "eval_samples_per_second_mean": 1814.6722000000002,
    "eval_samples_per_second_std": 11.946898097832722,
    "eval_steps_per_second_mean": 113.73299999999999,
    "eval_steps_per_second_std": 0.7486021640364092
  },
  "cv_fold_metrics": [
    {
      "eval_loss": 0.27297312021255493,
      "eval_accuracy": 0.9032033426183844,
      "eval_f1": 0.9019054340155258,
      "eval_precision": 0.922077922077922,
      "eval_recall": 0.8825966850828729,
      "eval_matthews_correlation": 0.8072152850246254,
      "eval_auc": 0.965721801477435,
      "eval_auprc": 0.9649539264633037,
      "eval_runtime": 0.7927,
      "eval_samples_per_second": 1811.497,
      "eval_steps_per_second": 113.534,
      "epoch": 6.0
    },
    {
      "eval_loss": 0.31303876638412476,
      "eval_accuracy": 0.8941504178272981,
      "eval_f1": 0.8957475994513031,
      "eval_precision": 0.8896457765667575,
      "eval_recall": 0.9019337016574586,
      "eval_matthews_correlation": 0.7883378981141308,
      "eval_auc": 0.9546497687628033,
      "eval_auprc": 0.9516783787900507,
      "eval_runtime": 0.7943,
      "eval_samples_per_second": 1807.972,
      "eval_steps_per_second": 113.313,
      "epoch": 6.0
    },
    {
      "eval_loss": 0.39796629548072815,
      "eval_accuracy": 0.8962395543175488,
      "eval_f1": 0.8996632996632996,
      "eval_precision": 0.8766404199475065,
      "eval_recall": 0.9239280774550485,
      "eval_matthews_correlation": 0.7935630399176936,
      "eval_auc": 0.9568059297884184,
      "eval_auprc": 0.9625888552721127,
      "eval_runtime": 0.7941,
      "eval_samples_per_second": 1808.258,
      "eval_steps_per_second": 113.331,
      "epoch": 7.0
    },
    {
      "eval_loss": 0.3249286413192749,
      "eval_accuracy": 0.8997214484679665,
      "eval_f1": 0.9057591623036649,
      "eval_precision": 0.8596273291925466,
      "eval_recall": 0.9571230982019364,
      "eval_matthews_correlation": 0.8045465353598299,
      "eval_auc": 0.9652375659312628,
      "eval_auprc": 0.9668514801053485,
      "eval_runtime": 0.7946,
      "eval_samples_per_second": 1807.247,
      "eval_steps_per_second": 113.268,
      "epoch": 7.0
    },
    {
      "eval_loss": 0.41386333107948303,
      "eval_accuracy": 0.8976323119777159,
      "eval_f1": 0.8996587030716724,
      "eval_precision": 0.8881401617250674,
      "eval_recall": 0.9114799446749654,
      "eval_matthews_correlation": 0.7954956608041037,
      "eval_auc": 0.9563607300887101,
      "eval_auprc": 0.9541738751480346,
      "eval_runtime": 0.7811,
      "eval_samples_per_second": 1838.387,
      "eval_steps_per_second": 115.219,
      "epoch": 9.0
    }
  ],
  "test_metrics": {
    "eval_loss": 0.2694784700870514,
    "eval_accuracy": 0.9014476614699332,
    "eval_f1": 0.9008403361344538,
    "eval_precision": 0.8796498905908097,
    "eval_recall": 0.9230769230769231,
    "eval_matthews_correlation": 0.8039220533484003,
    "eval_auc": 0.9606938281565148,
    "eval_auprc": 0.958653120513647,
    "eval_runtime": 1.0021,
    "eval_samples_per_second": 1792.238,
    "eval_steps_per_second": 112.763,
    "epoch": 5.0
  }
}