{
  "experiment": "cross_cell",
  "model_type": "lamar",
  "variant": "tapt_1024",
  "pair_name": "DGCR8_train_K562_test_adrenal-gland_fixlen_101",
  "pretrain_path": "/gpfs/bwfor/work/ws/fr_ml642-thesis_work/Thesis/LAMAR/src/pretrain/saving_model/tapt_1024_standard_collator/checkpoint-134000/model.safetensors",
  "max_length": 1024,
  "n_folds": 5,
  "hyperparameters": {
    "learning_rate": 5e-05,
    "per_device_train_batch_size": 16,
    "weight_decay": 0.01,
    "warmup_ratio": 0.1,
    "num_train_epochs": 10,
    "gradient_accumulation_steps": 1,
    "early_stopping_patience": 3
  },
  "cv_metrics": {
    "epoch_mean": 7.6,
    "epoch_std": 1.3564659966250536,
    "eval_accuracy_mean": 0.7235294117647058,
    "eval_accuracy_std": 0.053297412571823896,
    "eval_auc_mean": 0.8250772946001325,
    "eval_auc_std": 0.013793381357434043,
    "eval_auprc_mean": 0.8069522290036666,
    "eval_auprc_std": 0.018565985497706772,
    "eval_f1_mean": 0.7428036017238713,
    "eval_f1_std": 0.017872573839308604,
    "eval_loss_mean": 0.5670949459075928,
    "eval_loss_std": 0.066649794826082,
    "eval_matthews_correlation_mean": 0.476528814631895,
    "eval_matthews_correlation_std": 0.07008466912049162,
    "eval_precision_mean": 0.6925824498628492,
    "eval_precision_std": 0.08350756040400571,
    "eval_recall_mean": 0.8239459776864356,
    "eval_recall_std": 0.08909272709116765,
    "eval_runtime_mean": 4.685720000000001,
    "eval_runtime_std": 0.0006615134163416058,
    "eval_samples_per_second_mean": 58.30440000000001,
    "eval_samples_per_second_std": 0.08520234738550192,
    "eval_steps_per_second_mean": 3.8411999999999997,
    "eval_steps_per_second_std": 0.0007483314773548482
  },
  "cv_fold_metrics": [
    {
      "eval_loss": 0.5099178552627563,
      "eval_accuracy": 0.7647058823529411,
      "eval_f1": 0.7647058823529412,
      "eval_precision": 0.7375886524822695,
      "eval_recall": 0.7938931297709924,
      "eval_auc": 0.8312489848952411,
      "eval_auprc": 0.8117907160652602,
      "eval_matthews_correlation": 0.5314817822532619,
      "eval_runtime": 4.6858,
      "eval_samples_per_second": 58.474,
      "eval_steps_per_second": 3.841,
      "epoch": 8.0
    },
    {
      "eval_loss": 0.5213248133659363,
      "eval_accuracy": 0.75,
      "eval_f1": 0.7553956834532374,
      "eval_precision": 0.7094594594594594,
      "eval_recall": 0.8076923076923077,
      "eval_auc": 0.8344528710725893,
      "eval_auprc": 0.8232986296965139,
      "eval_matthews_correlation": 0.5063588020448773,
      "eval_runtime": 4.6857,
      "eval_samples_per_second": 58.262,
      "eval_steps_per_second": 3.841,
      "epoch": 9.0
    },
    {
      "eval_loss": 0.6360334753990173,
      "eval_accuracy": 0.7022058823529411,
      "eval_f1": 0.7378640776699029,
      "eval_precision": 0.6368715083798883,
      "eval_recall": 0.8769230769230769,
      "eval_auc": 0.8031419284940412,
      "eval_auprc": 0.7774098229758516,
      "eval_matthews_correlation": 0.4414127641017948,
      "eval_runtime": 4.685,
      "eval_samples_per_second": 58.271,
      "eval_steps_per_second": 3.842,
      "epoch": 8.0
    },
    {
      "eval_loss": 0.5082176923751831,
      "eval_accuracy": 0.7720588235294118,
      "eval_f1": 0.7438016528925621,
      "eval_precision": 0.8108108108108109,
      "eval_recall": 0.6870229007633588,
      "eval_auc": 0.8409939905798279,
      "eval_auprc": 0.8273357020392751,
      "eval_matthews_correlation": 0.5470450076933232,
      "eval_runtime": 4.6869,
      "eval_samples_per_second": 58.247,
      "eval_steps_per_second": 3.84,
      "epoch": 5.0
    },
    {
      "eval_loss": 0.6599808931350708,
      "eval_accuracy": 0.6286764705882353,
      "eval_f1": 0.7122507122507123,
      "eval_precision": 0.5681818181818182,
      "eval_recall": 0.9541984732824428,
      "eval_auc": 0.8155486979589628,
      "eval_auprc": 0.7949262742414324,
      "eval_matthews_correlation": 0.3563457170662177,
      "eval_runtime": 4.6852,
      "eval_samples_per_second": 58.268,
      "eval_steps_per_second": 3.842,
      "epoch": 8.0
    }
  ],
  "test_metrics": {
    "eval_loss": 0.5093851089477539,
    "eval_accuracy": 0.7585227272727273,
    "eval_f1": 0.6586345381526104,
    "eval_precision": 0.7961165048543689,
    "eval_recall": 0.5616438356164384,
    "eval_auc": 0.8276699029126214,
    "eval_auprc": 0.7895493050262103,
    "eval_matthews_correlation": 0.49781528665606545,
    "eval_runtime": 6.0566,
    "eval_samples_per_second": 58.944,
    "eval_steps_per_second": 3.798,
    "epoch": 4.0
  }
}