{
  "experiment": "cross_length",
  "model_type": "lamar",
  "variant": "tapt_1024",
  "pair_name": "ILF3_HepG2_ENCSR786TSC",
  "pretrain_path": "/gpfs/bwfor/work/ws/fr_ml642-thesis_work/Thesis/LAMAR/src/pretrain/saving_model/tapt_1024_standard_collator/checkpoint-134000/model.safetensors",
  "max_length": 1024,
  "n_folds": 5,
  "hyperparameters": {
    "learning_rate": 5e-05,
    "per_device_train_batch_size": 16,
    "weight_decay": 0.01,
    "warmup_ratio": 0.1,
    "num_train_epochs": 10,
    "gradient_accumulation_steps": 1,
    "early_stopping_patience": 3
  },
  "cv_metrics": {
    "epoch_mean": 10.0,
    "epoch_std": 0.0,
    "eval_accuracy_mean": 0.8087121212121213,
    "eval_accuracy_std": 0.015292900938019967,
    "eval_auc_mean": 0.8722586756604274,
    "eval_auc_std": 0.014612998322000637,
    "eval_auprc_mean": 0.7370524096344576,
    "eval_auprc_std": 0.028226502366351873,
    "eval_f1_mean": 0.6506233137044681,
    "eval_f1_std": 0.06513662984157484,
    "eval_loss_mean": 0.46324844360351564,
    "eval_loss_std": 0.04873950706636893,
    "eval_matthews_correlation_mean": 0.5338110500713562,
    "eval_matthews_correlation_std": 0.04696940053848062,
    "eval_precision_mean": 0.7050568998976837,
    "eval_precision_std": 0.07558957911951528,
    "eval_recall_mean": 0.6328283649725776,
    "eval_recall_std": 0.13358845883287862,
    "eval_runtime_mean": 11.462380000000001,
    "eval_runtime_std": 0.009855637980363905,
    "eval_samples_per_second_mean": 46.2556,
    "eval_samples_per_second_std": 0.06446890723441612,
    "eval_steps_per_second_mean": 2.9662,
    "eval_steps_per_second_std": 0.0027856776554368488
  },
  "cv_fold_metrics": [
    {
      "eval_loss": 0.5214349627494812,
      "eval_accuracy": 0.7878787878787878,
      "eval_f1": 0.6291390728476822,
      "eval_precision": 0.6418918918918919,
      "eval_recall": 0.6168831168831169,
      "eval_auc": 0.84816653934301,
      "eval_auprc": 0.6868192226318427,
      "eval_matthews_correlation": 0.48086619112908474,
      "eval_runtime": 11.4528,
      "eval_samples_per_second": 46.364,
      "eval_steps_per_second": 2.969,
      "epoch": 10.0
    },
    {
      "eval_loss": 0.4801265299320221,
      "eval_accuracy": 0.803030303030303,
      "eval_f1": 0.5357142857142857,
      "eval_precision": 0.8450704225352113,
      "eval_recall": 0.39215686274509803,
      "eval_auc": 0.8690021786492375,
      "eval_auprc": 0.7442827911544806,
      "eval_matthews_correlation": 0.48246911622210237,
      "eval_runtime": 11.4486,
      "eval_samples_per_second": 46.294,
      "eval_steps_per_second": 2.97,
      "epoch": 10.0
    },
    {
      "eval_loss": 0.3870415687561035,
      "eval_accuracy": 0.8200757575757576,
      "eval_f1": 0.6735395189003436,
      "eval_precision": 0.7101449275362319,
      "eval_recall": 0.6405228758169934,
      "eval_auc": 0.884322440087146,
      "eval_auprc": 0.7568652082547673,
      "eval_matthews_correlation": 0.5512058280269565,
      "eval_runtime": 11.4671,
      "eval_samples_per_second": 46.219,
      "eval_steps_per_second": 2.965,
      "epoch": 10.0
    },
    {
      "eval_loss": 0.4984534978866577,
      "eval_accuracy": 0.8011363636363636,
      "eval_f1": 0.6902654867256638,
      "eval_precision": 0.6358695652173914,
      "eval_recall": 0.7548387096774194,
      "eval_auc": 0.8695494248897344,
      "eval_auprc": 0.7293265630905291,
      "eval_matthews_correlation": 0.5497454121943258,
      "eval_runtime": 11.4737,
      "eval_samples_per_second": 46.192,
      "eval_steps_per_second": 2.963,
      "epoch": 10.0
    },
    {
      "eval_loss": 0.4291856586933136,
      "eval_accuracy": 0.8314393939393939,
      "eval_f1": 0.7244582043343654,
      "eval_precision": 0.6923076923076923,
      "eval_recall": 0.7597402597402597,
      "eval_auc": 0.8902527953330092,
      "eval_auprc": 0.767968263040668,
      "eval_matthews_correlation": 0.6047687027843115,
      "eval_runtime": 11.4697,
      "eval_samples_per_second": 46.209,
      "eval_steps_per_second": 2.964,
      "epoch": 10.0
    }
  ],
  "test_metrics": {
    "eval_loss": 0.6475627422332764,
    "eval_accuracy": 0.7134353741496599,
    "eval_f1": 0.663168415792104,
    "eval_precision": 0.7430011198208286,
    "eval_recall": 0.598826714801444,
    "eval_auc": 0.8089107499390575,
    "eval_auprc": 0.7668681510860532,
    "eval_matthews_correlation": 0.42617188746433077,
    "eval_runtime": 102.6478,
    "eval_samples_per_second": 45.895,
    "eval_steps_per_second": 2.874,
    "epoch": 10.0
  }
}