{
  "experiment": "cross_cell",
  "model_type": "lamar",
  "variant": "random",
  "pair_name": "DHX30_train_K562_test_HepG2_fixlen_101",
  "pretrain_path": "",
  "max_length": 1024,
  "n_folds": 5,
  "hyperparameters": {
    "learning_rate": 5e-05,
    "per_device_train_batch_size": 16,
    "weight_decay": 0.01,
    "warmup_ratio": 0.1,
    "num_train_epochs": 10,
    "gradient_accumulation_steps": 1,
    "early_stopping_patience": 3
  },
  "cv_metrics": {
    "epoch_mean": 6.0,
    "epoch_std": 1.4142135623730951,
    "eval_accuracy_mean": 0.7707107843137255,
    "eval_accuracy_std": 0.04459740504896127,
    "eval_auc_mean": 0.8559549406875032,
    "eval_auc_std": 0.028693469310836363,
    "eval_auprc_mean": 0.8632933903960925,
    "eval_auprc_std": 0.027864839051181742,
    "eval_f1_mean": 0.7751766049768589,
    "eval_f1_std": 0.03935414228689244,
    "eval_loss_mean": 0.5296992123126983,
    "eval_loss_std": 0.07718560713741138,
    "eval_matthews_correlation_mean": 0.5446867169779621,
    "eval_matthews_correlation_std": 0.0875324673123643,
    "eval_precision_mean": 0.753221539975721,
    "eval_precision_std": 0.058034393593835394,
    "eval_recall_mean": 0.8009851849532679,
    "eval_recall_std": 0.03743515812504528,
    "eval_runtime_mean": 6.118539999999999,
    "eval_runtime_std": 0.13848928622821327,
    "eval_samples_per_second_mean": 47.0608,
    "eval_samples_per_second_std": 1.0350007536229135,
    "eval_steps_per_second_mean": 2.9433999999999996,
    "eval_steps_per_second_std": 0.06885811499017383
  },
  "cv_fold_metrics": [
    {
      "eval_loss": 0.4157730042934418,
      "eval_accuracy": 0.84375,
      "eval_f1": 0.845360824742268,
      "eval_precision": 0.825503355704698,
      "eval_recall": 0.8661971830985915,
      "eval_auc": 0.9094636311016785,
      "eval_auprc": 0.9148245181107303,
      "eval_matthews_correlation": 0.6884637613834306,
      "eval_runtime": 6.1793,
      "eval_samples_per_second": 46.607,
      "eval_steps_per_second": 2.913,
      "epoch": 8.0
    },
    {
      "eval_loss": 0.5956317186355591,
      "eval_accuracy": 0.7326388888888888,
      "eval_f1": 0.7389830508474577,
      "eval_precision": 0.7124183006535948,
      "eval_recall": 0.7676056338028169,
      "eval_auc": 0.8285741848350378,
      "eval_auprc": 0.8409625551402145,
      "eval_matthews_correlation": 0.46710400507684496,
      "eval_runtime": 6.1841,
      "eval_samples_per_second": 46.571,
      "eval_steps_per_second": 2.911,
      "epoch": 7.0
    },
    {
      "eval_loss": 0.6325798034667969,
      "eval_accuracy": 0.7326388888888888,
      "eval_f1": 0.7458745874587458,
      "eval_precision": 0.6975308641975309,
      "eval_recall": 0.8014184397163121,
      "eval_auc": 0.8483137936025474,
      "eval_auprc": 0.8622047372146762,
      "eval_matthews_correlation": 0.4716830463815309,
      "eval_runtime": 6.1958,
      "eval_samples_per_second": 46.483,
      "eval_steps_per_second": 2.905,
      "epoch": 6.0
    },
    {
      "eval_loss": 0.5158776640892029,
      "eval_accuracy": 0.7430555555555556,
      "eval_f1": 0.7549668874172185,
      "eval_precision": 0.7080745341614907,
      "eval_recall": 0.8085106382978723,
      "eval_auc": 0.8349978289188016,
      "eval_auprc": 0.8363572436498763,
      "eval_matthews_correlation": 0.49211804852359703,
      "eval_runtime": 6.1917,
      "eval_samples_per_second": 46.514,
      "eval_steps_per_second": 2.907,
      "epoch": 5.0
    },
    {
      "eval_loss": 0.4886338710784912,
      "eval_accuracy": 0.8014705882352942,
      "eval_f1": 0.7906976744186047,
      "eval_precision": 0.8225806451612904,
      "eval_recall": 0.7611940298507462,
      "eval_auc": 0.8584252649794506,
      "eval_auprc": 0.8621178978649651,
      "eval_matthews_correlation": 0.604064723524407,
      "eval_runtime": 5.8418,
      "eval_samples_per_second": 49.129,
      "eval_steps_per_second": 3.081,
      "epoch": 4.0
    }
  ],
  "test_metrics": {
    "eval_loss": 0.7042609453201294,
    "eval_accuracy": 0.7152777777777778,
    "eval_f1": 0.5176470588235295,
    "eval_precision": 0.8461538461538461,
    "eval_recall": 0.3728813559322034,
    "eval_auc": 0.733000997008973,
    "eval_auprc": 0.7170764911899365,
    "eval_matthews_correlation": 0.41657087823397004,
    "eval_runtime": 3.0905,
    "eval_samples_per_second": 48.86,
    "eval_steps_per_second": 3.236,
    "epoch": 10.0
  }
}