{
  "experiment": "rbp",
  "model_type": "dnabert2",
  "variant": "dnabert2_random",
  "rbp_name": "QKI_K562_200",
  "weights_path": "",
  "max_length": 512,
  "n_folds": 5,
  "hyperparameters": {
    "learning_rate": 5e-05,
    "per_device_train_batch_size": 16,
    "weight_decay": 0.01,
    "warmup_ratio": 0.1,
    "num_train_epochs": 10,
    "gradient_accumulation_steps": 1,
    "early_stopping_patience": 3
  },
  "cv_metrics": {
    "epoch_mean": 7.6,
    "epoch_std": 0.48989794855663565,
    "eval_accuracy_mean": 0.9084095063985375,
    "eval_accuracy_std": 0.018055272577881365,
    "eval_auc_mean": 0.9694455938869538,
    "eval_auc_std": 0.004071232305082907,
    "eval_auprc_mean": 0.9706075925897334,
    "eval_auprc_std": 0.00544227137962496,
    "eval_f1_mean": 0.9093677920814258,
    "eval_f1_std": 0.01545482329109476,
    "eval_loss_mean": 0.34736858010292054,
    "eval_loss_std": 0.0681586489459627,
    "eval_matthews_correlation_mean": 0.8197248051484417,
    "eval_matthews_correlation_std": 0.03222636159106395,
    "eval_precision_mean": 0.9041008810615387,
    "eval_precision_std": 0.042635013777001796,
    "eval_recall_mean": 0.9175346977181841,
    "eval_recall_std": 0.03289356781015422,
    "eval_runtime_mean": 1.2322,
    "eval_runtime_std": 0.0012521980673999003,
    "eval_samples_per_second_mean": 887.823,
    "eval_samples_per_second_std": 0.9067610490090638,
    "eval_steps_per_second_mean": 55.9962,
    "eval_steps_per_second_std": 0.05705225674765247
  },
  "cv_fold_metrics": [
    {
      "eval_loss": 0.24672585725784302,
      "eval_accuracy": 0.9259597806215722,
      "eval_f1": 0.9242282507015903,
      "eval_precision": 0.9445506692160612,
      "eval_recall": 0.9047619047619048,
      "eval_matthews_correlation": 0.8526618879845372,
      "eval_auc": 0.9714780353466484,
      "eval_auprc": 0.9647036939353395,
      "eval_runtime": 1.2304,
      "eval_samples_per_second": 889.124,
      "eval_steps_per_second": 56.078,
      "epoch": 7.0
    },
    {
      "eval_loss": 0.35750889778137207,
      "eval_accuracy": 0.916819012797075,
      "eval_f1": 0.9161290322580645,
      "eval_precision": 0.922077922077922,
      "eval_recall": 0.9102564102564102,
      "eval_matthews_correlation": 0.8337018495186937,
      "eval_auc": 0.968065693430657,
      "eval_auprc": 0.9706639569254791,
      "eval_runtime": 1.2332,
      "eval_samples_per_second": 887.101,
      "eval_steps_per_second": 55.951,
      "epoch": 8.0
    },
    {
      "eval_loss": 0.3111760914325714,
      "eval_accuracy": 0.9241316270566727,
      "eval_f1": 0.9247506799637353,
      "eval_precision": 0.9156193895870736,
      "eval_recall": 0.9340659340659341,
      "eval_matthews_correlation": 0.8484398854605921,
      "eval_auc": 0.9732025881660918,
      "eval_auprc": 0.9769397764297847,
      "eval_runtime": 1.2312,
      "eval_samples_per_second": 888.551,
      "eval_steps_per_second": 56.042,
      "epoch": 8.0
    },
    {
      "eval_loss": 0.45349761843681335,
      "eval_accuracy": 0.8793418647166362,
      "eval_f1": 0.8890756302521008,
      "eval_precision": 0.8214285714285714,
      "eval_recall": 0.9688644688644689,
      "eval_matthews_correlation": 0.7712322249975972,
      "eval_auc": 0.9723887730274592,
      "eval_auprc": 0.9764075520752513,
      "eval_runtime": 1.2324,
      "eval_samples_per_second": 887.676,
      "eval_steps_per_second": 55.987,
      "epoch": 7.0
    },
    {
      "eval_loss": 0.3679344356060028,
      "eval_accuracy": 0.8957952468007313,
      "eval_f1": 0.8926553672316384,
      "eval_precision": 0.9168278529980658,
      "eval_recall": 0.8697247706422019,
      "eval_matthews_correlation": 0.7925881777807884,
      "eval_auc": 0.9620928794639126,
      "eval_auprc": 0.9643229835828125,
      "eval_runtime": 1.2338,
      "eval_samples_per_second": 886.663,
      "eval_steps_per_second": 55.923,
      "epoch": 8.0
    }
  ],
  "test_metrics": {
    "eval_loss": 0.27039608359336853,
    "eval_accuracy": 0.9203216374269005,
    "eval_f1": 0.9230769230769231,
    "eval_precision": 0.8995873452544704,
    "eval_recall": 0.9478260869565217,
    "eval_matthews_correlation": 0.841789198110992,
    "eval_auc": 0.974833269206105,
    "eval_auprc": 0.9732253476477728,
    "eval_runtime": 1.4726,
    "eval_samples_per_second": 928.95,
    "eval_steps_per_second": 58.399,
    "epoch": 8.0
  }
}