{
  "experiment": "cross_cell",
  "model_type": "lamar",
  "variant": "pretrained_custom",
  "pair_name": "DGCR8_train_K562_test_adrenal-gland_fixlen_101",
  "pretrain_path": "/gpfs/bwfor/work/ws/fr_ml642-thesis_work/Thesis/LAMAR/src/pretrain/saving_model/tapt_512_standard_collator_1gpu/checkpoint-265000/model.safetensors",
  "max_length": 512,
  "n_folds": 5,
  "hyperparameters": {
    "learning_rate": 5e-05,
    "per_device_train_batch_size": 16,
    "weight_decay": 0.01,
    "warmup_ratio": 0.1,
    "num_train_epochs": 10,
    "gradient_accumulation_steps": 1,
    "early_stopping_patience": 3
  },
  "cv_metrics": {
    "epoch_mean": 8.2,
    "epoch_std": 0.9797958971132713,
    "eval_accuracy_mean": 0.7492647058823529,
    "eval_accuracy_std": 0.02318218054475653,
    "eval_auc_mean": 0.8326020948301555,
    "eval_auc_std": 0.01947608076895349,
    "eval_auprc_mean": 0.819038491015528,
    "eval_auprc_std": 0.02862819664334412,
    "eval_f1_mean": 0.7501580096096445,
    "eval_f1_std": 0.028269324083089627,
    "eval_loss_mean": 0.5767390191555023,
    "eval_loss_std": 0.05657118851584959,
    "eval_matthews_correlation_mean": 0.5043233506725673,
    "eval_matthews_correlation_std": 0.04605086790656967,
    "eval_precision_mean": 0.719715094258546,
    "eval_precision_std": 0.02984847276174657,
    "eval_recall_mean": 0.7870698766881972,
    "eval_recall_std": 0.059601189437701534,
    "eval_runtime_mean": 2.1000799999999997,
    "eval_runtime_std": 0.0011548160026601797,
    "eval_samples_per_second_mean": 130.0908,
    "eval_samples_per_second_std": 0.21379934518140928,
    "eval_steps_per_second_mean": 8.571200000000001,
    "eval_steps_per_second_std": 0.004833218389437488
  },
  "cv_fold_metrics": [
    {
      "eval_loss": 0.6432262659072876,
      "eval_accuracy": 0.7647058823529411,
      "eval_f1": 0.7611940298507462,
      "eval_precision": 0.7445255474452555,
      "eval_recall": 0.7786259541984732,
      "eval_auc": 0.8520383303556927,
      "eval_auprc": 0.8534150693950345,
      "eval_matthews_correlation": 0.5300547565229358,
      "eval_runtime": 2.0997,
      "eval_samples_per_second": 130.494,
      "eval_steps_per_second": 8.573,
      "epoch": 10.0
    },
    {
      "eval_loss": 0.5983864068984985,
      "eval_accuracy": 0.7610294117647058,
      "eval_f1": 0.7719298245614036,
      "eval_precision": 0.7096774193548387,
      "eval_recall": 0.8461538461538461,
      "eval_auc": 0.8365113759479956,
      "eval_auprc": 0.8310875251754901,
      "eval_matthews_correlation": 0.5339737840053068,
      "eval_runtime": 2.0984,
      "eval_samples_per_second": 130.102,
      "eval_steps_per_second": 8.578,
      "epoch": 8.0
    },
    {
      "eval_loss": 0.6162212491035461,
      "eval_accuracy": 0.7132352941176471,
      "eval_f1": 0.6953125000000001,
      "eval_precision": 0.7063492063492064,
      "eval_recall": 0.6846153846153846,
      "eval_auc": 0.7968039003250271,
      "eval_auprc": 0.7677026476513636,
      "eval_matthews_correlation": 0.4247890059835447,
      "eval_runtime": 2.1001,
      "eval_samples_per_second": 129.994,
      "eval_steps_per_second": 8.571,
      "epoch": 7.0
    },
    {
      "eval_loss": 0.48637446761131287,
      "eval_accuracy": 0.7757352941176471,
      "eval_f1": 0.7698113207547169,
      "eval_precision": 0.7611940298507462,
      "eval_recall": 0.7786259541984732,
      "eval_auc": 0.8473282442748092,
      "eval_auprc": 0.8293522275758156,
      "eval_matthews_correlation": 0.5513622619676547,
      "eval_runtime": 2.1002,
      "eval_samples_per_second": 129.987,
      "eval_steps_per_second": 8.571,
      "epoch": 8.0
    },
    {
      "eval_loss": 0.5394867062568665,
      "eval_accuracy": 0.7316176470588235,
      "eval_f1": 0.7525423728813558,
      "eval_precision": 0.676829268292683,
      "eval_recall": 0.8473282442748091,
      "eval_auc": 0.8303286232472525,
      "eval_auprc": 0.8136349852799358,
      "eval_matthews_correlation": 0.4814369448833947,
      "eval_runtime": 2.102,
      "eval_samples_per_second": 129.877,
      "eval_steps_per_second": 8.563,
      "epoch": 8.0
    }
  ],
  "test_metrics": {
    "eval_loss": 0.6537165641784668,
    "eval_accuracy": 0.7130681818181818,
    "eval_f1": 0.5345622119815668,
    "eval_precision": 0.8169014084507042,
    "eval_recall": 0.3972602739726027,
    "eval_auc": 0.7961497539566432,
    "eval_auprc": 0.7365932625633805,
    "eval_matthews_correlation": 0.4102737106993723,
    "eval_runtime": 2.7116,
    "eval_samples_per_second": 131.655,
    "eval_steps_per_second": 8.482,
    "epoch": 4.0
  }
}