{
  "experiment": "cross_length",
  "model_type": "lamar",
  "variant": "pretrained_custom",
  "pair_name": "ELAVL1_HepG2_ENCSR296TSJ",
  "pretrain_path": "/gpfs/bwfor/work/ws/fr_ml642-thesis_work/Thesis/LAMAR/src/pretrain/saving_model/tapt_512_standard_collator_1gpu/checkpoint-265000/model.safetensors",
  "max_length": 512,
  "n_folds": 5,
  "hyperparameters": {
    "learning_rate": 5e-05,
    "per_device_train_batch_size": 16,
    "weight_decay": 0.01,
    "warmup_ratio": 0.1,
    "num_train_epochs": 10,
    "gradient_accumulation_steps": 1,
    "early_stopping_patience": 3
  },
  "cv_metrics": {
    "epoch_mean": 6.8,
    "epoch_std": 1.9390719429665317,
    "eval_accuracy_mean": 0.927027027027027,
    "eval_accuracy_std": 0.011963467033530902,
    "eval_auc_mean": 0.9701134531656075,
    "eval_auc_std": 0.0032167660329967453,
    "eval_auprc_mean": 0.9386109052792329,
    "eval_auprc_std": 0.010488273041829645,
    "eval_f1_mean": 0.8637317162509852,
    "eval_f1_std": 0.026488806050033675,
    "eval_loss_mean": 0.2246558427810669,
    "eval_loss_std": 0.03508945498113507,
    "eval_matthews_correlation_mean": 0.8180797270982012,
    "eval_matthews_correlation_std": 0.03004548085402054,
    "eval_precision_mean": 0.891689857480728,
    "eval_precision_std": 0.04940708109469732,
    "eval_recall_mean": 0.8448407995554877,
    "eval_recall_std": 0.07188069580687874,
    "eval_runtime_mean": 2.0027,
    "eval_runtime_std": 0.002855871145552587,
    "eval_samples_per_second_mean": 300.79380000000003,
    "eval_samples_per_second_std": 0.4796000000000095,
    "eval_steps_per_second_mean": 18.974400000000003,
    "eval_steps_per_second_std": 0.02674771018236879
  },
  "cv_fold_metrics": [
    {
      "eval_loss": 0.2544824779033661,
      "eval_accuracy": 0.918918918918919,
      "eval_f1": 0.8628571428571428,
      "eval_precision": 0.798941798941799,
      "eval_recall": 0.937888198757764,
      "eval_auc": 0.9716245622631177,
      "eval_auprc": 0.9326700100048472,
      "eval_matthews_correlation": 0.8110442950630482,
      "eval_runtime": 2.0029,
      "eval_samples_per_second": 301.064,
      "eval_steps_per_second": 18.973,
      "epoch": 4.0
    },
    {
      "eval_loss": 0.17791804671287537,
      "eval_accuracy": 0.9273648648648649,
      "eval_f1": 0.8599348534201955,
      "eval_precision": 0.9230769230769231,
      "eval_recall": 0.8048780487804879,
      "eval_auc": 0.9753960565306588,
      "eval_auprc": 0.9561705671191216,
      "eval_matthews_correlation": 0.8146832877337024,
      "eval_runtime": 2.0029,
      "eval_samples_per_second": 301.062,
      "eval_steps_per_second": 18.972,
      "epoch": 7.0
    },
    {
      "eval_loss": 0.25240880250930786,
      "eval_accuracy": 0.9121621621621622,
      "eval_f1": 0.821917808219178,
      "eval_precision": 0.9375,
      "eval_recall": 0.7317073170731707,
      "eval_auc": 0.9688283565078641,
      "eval_auprc": 0.9432725027841502,
      "eval_matthews_correlation": 0.7751378489204362,
      "eval_runtime": 1.9974,
      "eval_samples_per_second": 301.386,
      "eval_steps_per_second": 19.024,
      "epoch": 7.0
    },
    {
      "eval_loss": 0.18566933274269104,
      "eval_accuracy": 0.9476351351351351,
      "eval_f1": 0.9051987767584097,
      "eval_precision": 0.9135802469135802,
      "eval_recall": 0.896969696969697,
      "eval_auc": 0.9658221559860904,
      "eval_auprc": 0.9355760037444859,
      "eval_matthews_correlation": 0.8691000975365095,
      "eval_runtime": 2.0057,
      "eval_samples_per_second": 300.141,
      "eval_steps_per_second": 18.946,
      "epoch": 6.0
    },
    {
      "eval_loss": 0.2528005540370941,
      "eval_accuracy": 0.9290540540540541,
      "eval_f1": 0.86875,
      "eval_precision": 0.8853503184713376,
      "eval_recall": 0.852760736196319,
      "eval_auc": 0.9688961345403063,
      "eval_auprc": 0.9253654427435595,
      "eval_matthews_correlation": 0.8204331062373093,
      "eval_runtime": 2.0046,
      "eval_samples_per_second": 300.316,
      "eval_steps_per_second": 18.957,
      "epoch": 10.0
    }
  ],
  "test_metrics": {
    "eval_loss": 1.3134877681732178,
    "eval_accuracy": 0.6368649732620321,
    "eval_f1": 0.3988934993084371,
    "eval_precision": 0.9173027989821882,
    "eval_recall": 0.25486037469070344,
    "eval_auc": 0.8805089241549068,
    "eval_auprc": 0.8494951942471446,
    "eval_matthews_correlation": 0.34624336930498806,
    "eval_runtime": 20.1361,
    "eval_samples_per_second": 297.725,
    "eval_steps_per_second": 18.623,
    "epoch": 9.0
  }
}