{
  "experiment": "cross_length",
  "model_type": "lamar",
  "variant": "tapt_1024",
  "pair_name": "AKAP8L_K562_ENCSR206RXT",
  "pretrain_path": "/gpfs/bwfor/work/ws/fr_ml642-thesis_work/Thesis/LAMAR/src/pretrain/saving_model/tapt_1024_standard_collator/checkpoint-134000/model.safetensors",
  "max_length": 1024,
  "n_folds": 5,
  "hyperparameters": {
    "learning_rate": 5e-05,
    "per_device_train_batch_size": 16,
    "weight_decay": 0.01,
    "warmup_ratio": 0.1,
    "num_train_epochs": 10,
    "gradient_accumulation_steps": 1,
    "early_stopping_patience": 3
  },
  "cv_metrics": {
    "epoch_mean": 8.8,
    "epoch_std": 1.469693845669907,
    "eval_accuracy_mean": 0.8880952380952382,
    "eval_accuracy_std": 0.006128351274397054,
    "eval_auc_mean": 0.9512510194727639,
    "eval_auc_std": 0.0034503181117584805,
    "eval_auprc_mean": 0.9121749880875261,
    "eval_auprc_std": 0.016640780310775094,
    "eval_f1_mean": 0.834389203393302,
    "eval_f1_std": 0.01053332278245298,
    "eval_loss_mean": 0.3141435384750366,
    "eval_loss_std": 0.03481949498867176,
    "eval_matthews_correlation_mean": 0.752575542019321,
    "eval_matthews_correlation_std": 0.01229658443051552,
    "eval_precision_mean": 0.8215347058569433,
    "eval_precision_std": 0.03874641942457449,
    "eval_recall_mean": 0.8522534792478773,
    "eval_recall_std": 0.0491926975811134,
    "eval_runtime_mean": 7.2278199999999995,
    "eval_runtime_std": 0.005529339924439441,
    "eval_samples_per_second_mean": 47.7598,
    "eval_samples_per_second_std": 0.0562757496618214,
    "eval_steps_per_second_mean": 3.0438,
    "eval_steps_per_second_std": 0.0023151673805580893
  },
  "cv_fold_metrics": [
    {
      "eval_loss": 0.2809534966945648,
      "eval_accuracy": 0.8928571428571429,
      "eval_f1": 0.8461538461538463,
      "eval_precision": 0.8181818181818182,
      "eval_recall": 0.8761061946902655,
      "eval_auc": 0.9574189451962379,
      "eval_auprc": 0.9416918213345762,
      "eval_matthews_correlation": 0.7651613702782838,
      "eval_runtime": 7.2312,
      "eval_samples_per_second": 47.848,
      "eval_steps_per_second": 3.042,
      "epoch": 9.0
    },
    {
      "eval_loss": 0.3785064220428467,
      "eval_accuracy": 0.8928571428571429,
      "eval_f1": 0.8474576271186439,
      "eval_precision": 0.8064516129032258,
      "eval_recall": 0.8928571428571429,
      "eval_auc": 0.9499760841836735,
      "eval_auprc": 0.8953936072837736,
      "eval_matthews_correlation": 0.767571598917257,
      "eval_runtime": 7.2198,
      "eval_samples_per_second": 47.785,
      "eval_steps_per_second": 3.047,
      "epoch": 10.0
    },
    {
      "eval_loss": 0.30364736914634705,
      "eval_accuracy": 0.8928571428571429,
      "eval_f1": 0.8235294117647058,
      "eval_precision": 0.8936170212765957,
      "eval_recall": 0.7636363636363637,
      "eval_auc": 0.9516894609814964,
      "eval_auprc": 0.918656273115085,
      "eval_matthews_correlation": 0.7520426814528303,
      "eval_runtime": 7.2355,
      "eval_samples_per_second": 47.681,
      "eval_steps_per_second": 3.041,
      "epoch": 9.0
    },
    {
      "eval_loss": 0.3195197582244873,
      "eval_accuracy": 0.8839285714285714,
      "eval_f1": 0.8235294117647057,
      "eval_precision": 0.8125,
      "eval_recall": 0.8348623853211009,
      "eval_auc": 0.9469344865214404,
      "eval_auprc": 0.9009742775197166,
      "eval_matthews_correlation": 0.7372294450013863,
      "eval_runtime": 7.2289,
      "eval_samples_per_second": 47.725,
      "eval_steps_per_second": 3.043,
      "epoch": 10.0
    },
    {
      "eval_loss": 0.28809064626693726,
      "eval_accuracy": 0.8779761904761905,
      "eval_f1": 0.831275720164609,
      "eval_precision": 0.7769230769230769,
      "eval_recall": 0.8938053097345132,
      "eval_auc": 0.9502361204809715,
      "eval_auprc": 0.9041589611844782,
      "eval_matthews_correlation": 0.7408726144468476,
      "eval_runtime": 7.2237,
      "eval_samples_per_second": 47.76,
      "eval_steps_per_second": 3.046,
      "epoch": 6.0
    }
  ],
  "test_metrics": {
    "eval_loss": 0.30898869037628174,
    "eval_accuracy": 0.8742690058479532,
    "eval_f1": 0.8738077769625825,
    "eval_precision": 0.8334499650104968,
    "eval_recall": 0.9182729375481882,
    "eval_auc": 0.9469366684115746,
    "eval_auprc": 0.9340348593785688,
    "eval_matthews_correlation": 0.7526142074908039,
    "eval_runtime": 59.0332,
    "eval_samples_per_second": 46.516,
    "eval_steps_per_second": 2.914,
    "epoch": 6.0
  }
}