{
  "experiment": "cross_length",
  "model_type": "lamar",
  "variant": "random",
  "pair_name": "FMR1_K562_ENCSR331VNX",
  "pretrain_path": "",
  "max_length": 1024,
  "n_folds": 5,
  "hyperparameters": {
    "learning_rate": 5e-05,
    "per_device_train_batch_size": 16,
    "weight_decay": 0.01,
    "warmup_ratio": 0.1,
    "num_train_epochs": 10,
    "gradient_accumulation_steps": 1,
    "early_stopping_patience": 3
  },
  "cv_metrics": {
    "epoch_mean": 9.2,
    "epoch_std": 0.9797958971132713,
    "eval_accuracy_mean": 0.7995,
    "eval_accuracy_std": 0.01536229149573719,
    "eval_auc_mean": 0.8746882255778811,
    "eval_auc_std": 0.01505958929573377,
    "eval_auprc_mean": 0.7571466760427806,
    "eval_auprc_std": 0.03806180858956136,
    "eval_f1_mean": 0.6674254686860852,
    "eval_f1_std": 0.054241728517336205,
    "eval_loss_mean": 0.42727875113487246,
    "eval_loss_std": 0.03103317817190893,
    "eval_matthews_correlation_mean": 0.5323960728876724,
    "eval_matthews_correlation_std": 0.050285409819764475,
    "eval_precision_mean": 0.7137821491469993,
    "eval_precision_std": 0.02503016356059514,
    "eval_recall_mean": 0.6386739461142443,
    "eval_recall_std": 0.10810691888799269,
    "eval_runtime_mean": 8.61194,
    "eval_runtime_std": 0.0051301461967470634,
    "eval_samples_per_second_mean": 47.9798,
    "eval_samples_per_second_std": 0.05462380433474099,
    "eval_steps_per_second_mean": 3.019,
    "eval_steps_per_second_std": 0.0018973665961009593
  },
  "cv_fold_metrics": [
    {
      "eval_loss": 0.39650750160217285,
      "eval_accuracy": 0.815,
      "eval_f1": 0.7218045112781956,
      "eval_precision": 0.6808510638297872,
      "eval_recall": 0.768,
      "eval_auc": 0.8864872727272728,
      "eval_auprc": 0.7644961502714966,
      "eval_matthews_correlation": 0.5863544705109367,
      "eval_runtime": 8.6118,
      "eval_samples_per_second": 48.073,
      "eval_steps_per_second": 3.019,
      "epoch": 10.0
    },
    {
      "eval_loss": 0.45066627860069275,
      "eval_accuracy": 0.795,
      "eval_f1": 0.6821705426356589,
      "eval_precision": 0.6875,
      "eval_recall": 0.676923076923077,
      "eval_auc": 0.8584045584045584,
      "eval_auprc": 0.7497944677103245,
      "eval_matthews_correlation": 0.5309272018350534,
      "eval_runtime": 8.6124,
      "eval_samples_per_second": 47.954,
      "eval_steps_per_second": 3.019,
      "epoch": 10.0
    },
    {
      "eval_loss": 0.46737274527549744,
      "eval_accuracy": 0.785,
      "eval_f1": 0.6126126126126127,
      "eval_precision": 0.7311827956989247,
      "eval_recall": 0.5271317829457365,
      "eval_auc": 0.8568036843159129,
      "eval_auprc": 0.6946931672775976,
      "eval_matthews_correlation": 0.4812149740565209,
      "eval_runtime": 8.6198,
      "eval_samples_per_second": 47.913,
      "eval_steps_per_second": 3.016,
      "epoch": 8.0
    },
    {
      "eval_loss": 0.43520256876945496,
      "eval_accuracy": 0.7825,
      "eval_f1": 0.5953488372093023,
      "eval_precision": 0.7441860465116279,
      "eval_recall": 0.49612403100775193,
      "eval_auc": 0.8769415601132755,
      "eval_auprc": 0.7630311125339879,
      "eval_matthews_correlation": 0.47212187462372296,
      "eval_runtime": 8.6036,
      "eval_samples_per_second": 48.003,
      "eval_steps_per_second": 3.022,
      "epoch": 8.0
    },
    {
      "eval_loss": 0.3866446614265442,
      "eval_accuracy": 0.82,
      "eval_f1": 0.7251908396946565,
      "eval_precision": 0.7251908396946565,
      "eval_recall": 0.7251908396946565,
      "eval_auc": 0.8948040523283862,
      "eval_auprc": 0.8137184824204966,
      "eval_matthews_correlation": 0.5913618434121286,
      "eval_runtime": 8.6121,
      "eval_samples_per_second": 47.956,
      "eval_steps_per_second": 3.019,
      "epoch": 10.0
    }
  ],
  "test_metrics": {
    "eval_loss": 0.647818922996521,
    "eval_accuracy": 0.6683558558558559,
    "eval_f1": 0.5029535864978903,
    "eval_precision": 0.8688046647230321,
    "eval_recall": 0.35391923990498814,
    "eval_auc": 0.8023201106776463,
    "eval_auprc": 0.7828232201128291,
    "eval_matthews_correlation": 0.3867325196811566,
    "eval_runtime": 76.7384,
    "eval_samples_per_second": 46.326,
    "eval_steps_per_second": 2.906,
    "epoch": 4.0
  }
}