{
  "experiment": "rbp",
  "model_type": "lamar",
  "variant": "lamar_tapt_512_std",
  "rbp_name": "PUM2_K562_200",
  "weights_path": "/gpfs/bwfor/work/ws/fr_ml642-thesis_work/Thesis/LAMAR/src/pretrain/saving_model/tapt_512_standard_collator_1gpu/checkpoint-265000",
  "max_length": 512,
  "n_folds": 5,
  "hyperparameters": {
    "learning_rate": 5e-05,
    "per_device_train_batch_size": 16,
    "weight_decay": 0.01,
    "warmup_ratio": 0.1,
    "num_train_epochs": 10,
    "gradient_accumulation_steps": 1,
    "early_stopping_patience": 3
  },
  "cv_metrics": {
    "epoch_mean": 9.0,
    "epoch_std": 1.2649110640673518,
    "eval_accuracy_mean": 0.8929802530817386,
    "eval_accuracy_std": 0.011063597581871561,
    "eval_auc_mean": 0.9609478913295666,
    "eval_auc_std": 0.003944255862404316,
    "eval_auprc_mean": 0.9613623718158341,
    "eval_auprc_std": 0.005002142712101339,
    "eval_f1_mean": 0.8958463791902245,
    "eval_f1_std": 0.009239194894646752,
    "eval_loss_mean": 0.4248294234275818,
    "eval_loss_std": 0.09043951829825086,
    "eval_matthews_correlation_mean": 0.7872456435888419,
    "eval_matthews_correlation_std": 0.021111735607448463,
    "eval_precision_mean": 0.8772976938513635,
    "eval_precision_std": 0.023560359380239662,
    "eval_recall_mean": 0.9157913087671711,
    "eval_recall_std": 0.010079609166146022,
    "eval_runtime_mean": 19.079479999999997,
    "eval_runtime_std": 0.011430730510339337,
    "eval_samples_per_second_mean": 121.55460000000001,
    "eval_samples_per_second_std": 0.07117471461130145,
    "eval_steps_per_second_mean": 7.599799999999999,
    "eval_steps_per_second_std": 0.0044899888641290265
  },
  "cv_fold_metrics": [
    {
      "eval_loss": 0.38202521204948425,
      "eval_accuracy": 0.8939655172413793,
      "eval_f1": 0.8966386554621849,
      "eval_precision": 0.8774671052631579,
      "eval_recall": 0.9166666666666666,
      "eval_matthews_correlation": 0.7886888284975226,
      "eval_auc": 0.9609351775883185,
      "eval_auprc": 0.9609073365093503,
      "eval_runtime": 19.0846,
      "eval_samples_per_second": 121.564,
      "eval_steps_per_second": 7.598,
      "epoch": 10.0
    },
    {
      "eval_loss": 0.2999667227268219,
      "eval_accuracy": 0.8934885726606295,
      "eval_f1": 0.8961748633879781,
      "eval_precision": 0.8773662551440329,
      "eval_recall": 0.915807560137457,
      "eval_matthews_correlation": 0.7877001739175312,
      "eval_auc": 0.9626511804346854,
      "eval_auprc": 0.9640826320807384,
      "eval_runtime": 19.0746,
      "eval_samples_per_second": 121.575,
      "eval_steps_per_second": 7.602,
      "epoch": 7.0
    },
    {
      "eval_loss": 0.5281153321266174,
      "eval_accuracy": 0.91246226821906,
      "eval_f1": 0.9123110151187905,
      "eval_precision": 0.9174630755864466,
      "eval_recall": 0.9072164948453608,
      "eval_matthews_correlation": 0.8249813672237546,
      "eval_auc": 0.9673818449591643,
      "eval_auprc": 0.9693915488252624,
      "eval_runtime": 19.0728,
      "eval_samples_per_second": 121.587,
      "eval_steps_per_second": 7.602,
      "epoch": 10.0
    },
    {
      "eval_loss": 0.38376283645629883,
      "eval_accuracy": 0.8801207416990082,
      "eval_f1": 0.8866231647634584,
      "eval_precision": 0.843944099378882,
      "eval_recall": 0.9338487972508591,
      "eval_matthews_correlation": 0.764526516133341,
      "eval_auc": 0.9573779027387275,
      "eval_auprc": 0.95606476116529,
      "eval_runtime": 19.0991,
      "eval_samples_per_second": 121.419,
      "eval_steps_per_second": 7.592,
      "epoch": 8.0
    },
    {
      "eval_loss": 0.5302770137786865,
      "eval_accuracy": 0.8848641655886158,
      "eval_f1": 0.8874841972187105,
      "eval_precision": 0.8702479338842976,
      "eval_recall": 0.9054170249355116,
      "eval_matthews_correlation": 0.7703313321720596,
      "eval_auc": 0.956393350926937,
      "eval_auprc": 0.9563655804985296,
      "eval_runtime": 19.0663,
      "eval_samples_per_second": 121.628,
      "eval_steps_per_second": 7.605,
      "epoch": 10.0
    }
  ],
  "test_metrics": {
    "eval_loss": 0.27108529210090637,
    "eval_accuracy": 0.8975862068965518,
    "eval_f1": 0.8963350785340314,
    "eval_precision": 0.8941504178272981,
    "eval_recall": 0.8985304408677397,
    "eval_matthews_correlation": 0.7951530364233856,
    "eval_auc": 0.9614268676569021,
    "eval_auprc": 0.9607650711801192,
    "eval_runtime": 23.8629,
    "eval_samples_per_second": 121.528,
    "eval_steps_per_second": 7.627,
    "epoch": 9.0
  }
}