{
  "task_id": "data/ILF3_HepG2_IDR",
  "model_variant": "dnabert2_tapt",
  "best_layer": 11,
  "best_auroc": 0.875640869140625,
  "layer_aurocs": {
    "0": 0.83343505859375,
    "1": 0.84417724609375,
    "2": 0.858154296875,
    "3": 0.860504150390625,
    "4": 0.861480712890625,
    "5": 0.8687744140625,
    "6": 0.870391845703125,
    "7": 0.865203857421875,
    "8": 0.872894287109375,
    "9": 0.873321533203125,
    "10": 0.8662109375,
    "11": 0.875640869140625,
    "12": 0.856689453125
  }
}