{
  "task_id": "data/GTF2F1_K562_IDR",
  "model_variant": "dnabert2_tapt",
  "best_layer": 3,
  "best_auroc": 0.952362060546875,
  "layer_aurocs": {
    "0": 0.917083740234375,
    "1": 0.951934814453125,
    "2": 0.949310302734375,
    "3": 0.952362060546875,
    "4": 0.945404052734375,
    "5": 0.95037841796875,
    "6": 0.9443359375,
    "7": 0.945343017578125,
    "8": 0.93890380859375,
    "9": 0.941436767578125,
    "10": 0.94073486328125,
    "11": 0.931976318359375,
    "12": 0.92041015625
  }
}