{
  "task_id": "data/KHSRP_K562_IDR",
  "model_variant": "dnabert2_tapt",
  "best_layer": 4,
  "best_auroc": 0.921844482421875,
  "layer_aurocs": {
    "0": 0.87799072265625,
    "1": 0.889801025390625,
    "2": 0.91009521484375,
    "3": 0.920654296875,
    "4": 0.921844482421875,
    "5": 0.91387939453125,
    "6": 0.899261474609375,
    "7": 0.88385009765625,
    "8": 0.883636474609375,
    "9": 0.88653564453125,
    "10": 0.895843505859375,
    "11": 0.883758544921875,
    "12": 0.879364013671875
  }
}