{
  "task_id": "data/QKI_K562_IDR",
  "model_variant": "dnabert2_tapt",
  "best_layer": 11,
  "best_auroc": 0.958709716796875,
  "layer_aurocs": {
    "0": 0.93951416015625,
    "1": 0.95147705078125,
    "2": 0.955596923828125,
    "3": 0.9539794921875,
    "4": 0.93548583984375,
    "5": 0.927978515625,
    "6": 0.943817138671875,
    "7": 0.92706298828125,
    "8": 0.930328369140625,
    "9": 0.924102783203125,
    "10": 0.951019287109375,
    "11": 0.958709716796875,
    "12": 0.92156982421875
  }
}