{
  "task_id": "data/QKI_K562_IDR",
  "model_variant": "dnabert2_tapt",
  "best_layer": 1,
  "best_auroc": 0.958831787109375,
  "layer_aurocs": {
    "0": 0.953399658203125,
    "1": 0.958831787109375,
    "2": 0.953643798828125,
    "3": 0.94049072265625,
    "4": 0.929412841796875,
    "5": 0.947540283203125,
    "6": 0.9261474609375,
    "7": 0.93829345703125,
    "8": 0.93731689453125,
    "9": 0.9521484375,
    "10": 0.955474853515625,
    "11": 0.920928955078125
  }
}