{
  "task_id": "data/MATR3_K562_IDR",
  "model_variant": "dnabert2_tapt",
  "best_layer": 2,
  "best_auroc": 0.957000732421875,
  "layer_aurocs": {
    "0": 0.955810546875,
    "1": 0.95330810546875,
    "2": 0.957000732421875,
    "3": 0.9537353515625,
    "4": 0.951873779296875,
    "5": 0.955047607421875,
    "6": 0.9515380859375,
    "7": 0.9486083984375,
    "8": 0.953369140625,
    "9": 0.953033447265625,
    "10": 0.953216552734375,
    "11": 0.943572998046875
  }
}