{
  "task_id": "data/KHSRP_K562_IDR",
  "model_variant": "dnabert2_tapt",
  "best_layer": 2,
  "best_auroc": 0.921478271484375,
  "layer_aurocs": {
    "0": 0.884002685546875,
    "1": 0.91302490234375,
    "2": 0.921478271484375,
    "3": 0.919830322265625,
    "4": 0.9100341796875,
    "5": 0.9034423828125,
    "6": 0.886077880859375,
    "7": 0.883880615234375,
    "8": 0.89068603515625,
    "9": 0.890716552734375,
    "10": 0.89190673828125,
    "11": 0.87957763671875
  }
}