{
  "task_id": "finetune_data_koo/RBFOX2_K562_200",
  "model_variant": "dnabert2_tapt",
  "best_layer": 3,
  "best_auroc": 0.9216871146920589,
  "layer_aurocs": {
    "0": 0.8848501495452603,
    "1": 0.9161936153329671,
    "2": 0.9167124458279924,
    "3": 0.9216871146920589,
    "4": 0.9198559482390283,
    "5": 0.9100897271561985,
    "6": 0.9120734908136483,
    "7": 0.9031312946346823,
    "8": 0.9107306354147592,
    "9": 0.9090825856070317,
    "10": 0.8986144173838735,
    "11": 0.90398583897943,
    "12": 0.8892449490325338
  }
}