{
  "task_id": "finetune_data_koo/SRSF1_K562_200",
  "model_variant": "dnabert2_tapt",
  "best_layer": 4,
  "best_auroc": 0.9472624061527193,
  "layer_aurocs": {
    "0": 0.8915033876579381,
    "1": 0.8865897576756394,
    "2": 0.925563083684307,
    "3": 0.943996825978148,
    "4": 0.9472624061527193,
    "5": 0.943233839956052,
    "6": 0.9413721540621376,
    "7": 0.9367026796069096,
    "8": 0.9331319050235,
    "9": 0.921656595251175,
    "10": 0.9241286699627662,
    "11": 0.8948605261551608
  }
}