{
  "task_id": "finetune_data_koo/PUM2_K562_200",
  "model_variant": "dnabert2_tapt",
  "best_layer": 4,
  "best_auroc": 0.8837546964621054,
  "layer_aurocs": {
    "0": 0.7937269058884161,
    "1": 0.8245190565296343,
    "2": 0.8684655742346058,
    "3": 0.8575707280591448,
    "4": 0.8837546964621054,
    "5": 0.8785054420425089,
    "6": 0.8683126491846302,
    "7": 0.8529614616952406,
    "8": 0.8491163753818507,
    "9": 0.8438360967137238,
    "10": 0.8355959370875107,
    "11": 0.8433175325932131,
    "12": 0.8271125551764071
  }
}