{
  "task_id": "finetune_data_koo/U2AF1_K562_200",
  "model_variant": "dnabert2_tapt",
  "best_layer": 4,
  "best_auroc": 0.9338133590794919,
  "layer_aurocs": {
    "0": 0.8720445504097643,
    "1": 0.8762528154304823,
    "2": 0.8963795056022184,
    "3": 0.9321222946143963,
    "4": 0.9338133590794919,
    "5": 0.9171848187284423,
    "6": 0.9253455102947645,
    "7": 0.9145116598942047,
    "8": 0.9106797273019014,
    "9": 0.9005829039306044,
    "10": 0.8733989335585453,
    "11": 0.8030930293250758
  }
}