{
  "task_id": "finetune_data_koo/TARDBP_K562_200",
  "model_variant": "dnabert2_tapt",
  "best_layer": 1,
  "best_auroc": 0.9826654996408004,
  "layer_aurocs": {
    "0": 0.9633777792809,
    "1": 0.9826654996408004,
    "2": 0.981231238665485,
    "3": 0.9787592589545947,
    "4": 0.9708855803659138,
    "5": 0.9680474884437422,
    "6": 0.9654228277042847,
    "7": 0.9587695989054013,
    "8": 0.9557788278174213,
    "9": 0.9573352671452496,
    "10": 0.9618215355427501,
    "11": 0.9660636279228325,
    "12": 0.9469585883226659
  }
}