{
  "task_id": "finetune_data_koo/HNRNPK_K562_200",
  "model_variant": "dnabert2_tapt",
  "best_layer": 3,
  "best_auroc": 0.99017333984375,
  "layer_aurocs": {
    "0": 0.980987548828125,
    "1": 0.98760986328125,
    "2": 0.98883056640625,
    "3": 0.99017333984375,
    "4": 0.98919677734375,
    "5": 0.98516845703125,
    "6": 0.987274169921875,
    "7": 0.985748291015625,
    "8": 0.9862060546875,
    "9": 0.984039306640625,
    "10": 0.982269287109375,
    "11": 0.97894287109375,
    "12": 0.9739990234375
  }
}