{
  "experiment": "rbp",
  "model_type": "lamar",
  "variant": "lamar_tapt_512",
  "rbp_name": "QKI_K562_200",
  "weights_path": "/gpfs/bwfor/work/ws/fr_ml642-thesis_work/Thesis/LAMAR/src/pretrain/saving_model/tapt_lamar/checkpoint-98000",
  "max_length": 512,
  "n_folds": 5,
  "hyperparameters": {
    "learning_rate": 5e-05,
    "per_device_train_batch_size": 16,
    "weight_decay": 0.01,
    "warmup_ratio": 0.1,
    "num_train_epochs": 10,
    "gradient_accumulation_steps": 1,
    "early_stopping_patience": 3
  },
  "cv_metrics": {
    "epoch_mean": 9.8,
    "epoch_std": 0.39999999999999997,
    "eval_accuracy_mean": 0.813345521023766,
    "eval_accuracy_std": 0.015430309210975629,
    "eval_auc_mean": 0.9012023436798031,
    "eval_auc_std": 0.013232840581806094,
    "eval_auprc_mean": 0.8955341512872511,
    "eval_auprc_std": 0.01675848913206713,
    "eval_f1_mean": 0.8211867598905428,
    "eval_f1_std": 0.013771620282425684,
    "eval_loss_mean": 0.4511550426483154,
    "eval_loss_std": 0.0394723017815249,
    "eval_matthews_correlation_mean": 0.6324873265041899,
    "eval_matthews_correlation_std": 0.028280232558517856,
    "eval_precision_mean": 0.7891762756458663,
    "eval_precision_std": 0.03538284877526581,
    "eval_recall_mean": 0.8596713378364754,
    "eval_recall_std": 0.04450675674622119,
    "eval_runtime_mean": 8.988040000000002,
    "eval_runtime_std": 0.017476223848417786,
    "eval_samples_per_second_mean": 121.71779999999998,
    "eval_samples_per_second_std": 0.23632299930391973,
    "eval_steps_per_second_mean": 7.6768,
    "eval_steps_per_second_std": 0.014837789592792977
  },
  "cv_fold_metrics": [
    {
      "eval_loss": 0.5070673823356628,
      "eval_accuracy": 0.7943327239488117,
      "eval_f1": 0.8117154811715481,
      "eval_precision": 0.7473035439137135,
      "eval_recall": 0.8882783882783882,
      "eval_matthews_correlation": 0.5995227566296322,
      "eval_auc": 0.8868813668083741,
      "eval_auprc": 0.8691247302385717,
      "eval_runtime": 8.9734,
      "eval_samples_per_second": 121.916,
      "eval_steps_per_second": 7.689,
      "epoch": 10.0
    },
    {
      "eval_loss": 0.4625965356826782,
      "eval_accuracy": 0.8080438756855576,
      "eval_f1": 0.8022598870056498,
      "eval_precision": 0.8255813953488372,
      "eval_recall": 0.7802197802197802,
      "eval_matthews_correlation": 0.6169767746178775,
      "eval_auc": 0.8857416913986257,
      "eval_auprc": 0.8855931889996309,
      "eval_runtime": 8.971,
      "eval_samples_per_second": 121.948,
      "eval_steps_per_second": 7.691,
      "epoch": 10.0
    },
    {
      "eval_loss": 0.38426196575164795,
      "eval_accuracy": 0.8391224862888482,
      "eval_f1": 0.8394160583941606,
      "eval_precision": 0.8363636363636363,
      "eval_recall": 0.8424908424908425,
      "eval_matthews_correlation": 0.6782663333984013,
      "eval_auc": 0.9132810620036897,
      "eval_auprc": 0.904827032854322,
      "eval_runtime": 8.9779,
      "eval_samples_per_second": 121.855,
      "eval_steps_per_second": 7.686,
      "epoch": 10.0
    },
    {
      "eval_loss": 0.4455197751522064,
      "eval_accuracy": 0.8043875685557587,
      "eval_f1": 0.8186440677966101,
      "eval_precision": 0.7618296529968455,
      "eval_recall": 0.8846153846153846,
      "eval_matthews_correlation": 0.6169199222075027,
      "eval_auc": 0.9020280206411593,
      "eval_auprc": 0.9002440958523503,
      "eval_runtime": 9.0137,
      "eval_samples_per_second": 121.371,
      "eval_steps_per_second": 7.655,
      "epoch": 9.0
    },
    {
      "eval_loss": 0.4563295543193817,
      "eval_accuracy": 0.8208409506398537,
      "eval_f1": 0.8338983050847457,
      "eval_precision": 0.7748031496062993,
      "eval_recall": 0.9027522935779817,
      "eval_matthews_correlation": 0.650750845667536,
      "eval_auc": 0.9180795775471666,
      "eval_auprc": 0.9178817084913804,
      "eval_runtime": 9.0042,
      "eval_samples_per_second": 121.499,
      "eval_steps_per_second": 7.663,
      "epoch": 10.0
    }
  ],
  "test_metrics": {
    "eval_loss": 0.3522088825702667,
    "eval_accuracy": 0.8523391812865497,
    "eval_f1": 0.8565340909090909,
    "eval_precision": 0.8398328690807799,
    "eval_recall": 0.8739130434782608,
    "eval_matthews_correlation": 0.7051411133558303,
    "eval_auc": 0.9309734513274335,
    "eval_auprc": 0.9365588897836707,
    "eval_runtime": 11.2187,
    "eval_samples_per_second": 121.939,
    "eval_steps_per_second": 7.666,
    "epoch": 10.0
  }
}