{
  "experiment": "cross_length",
  "model_type": "lamar",
  "variant": "tapt_1024",
  "pair_name": "CDC40_HepG2_ENCSR815VVI",
  "pretrain_path": "/gpfs/bwfor/work/ws/fr_ml642-thesis_work/Thesis/LAMAR/src/pretrain/saving_model/tapt_1024_standard_collator/checkpoint-134000/model.safetensors",
  "max_length": 1024,
  "n_folds": 5,
  "hyperparameters": {
    "learning_rate": 5e-05,
    "per_device_train_batch_size": 16,
    "weight_decay": 0.01,
    "warmup_ratio": 0.1,
    "num_train_epochs": 10,
    "gradient_accumulation_steps": 1,
    "early_stopping_patience": 3
  },
  "cv_metrics": {
    "epoch_mean": 8.2,
    "epoch_std": 1.469693845669907,
    "eval_accuracy_mean": 0.8140625,
    "eval_accuracy_std": 0.05353700530941192,
    "eval_auc_mean": 0.889639801648603,
    "eval_auc_std": 0.009706323812564862,
    "eval_auprc_mean": 0.8520064074552598,
    "eval_auprc_std": 0.022492854333143467,
    "eval_f1_mean": 0.7253388570776993,
    "eval_f1_std": 0.05937777245817794,
    "eval_loss_mean": 0.4511616051197052,
    "eval_loss_std": 0.07444060060306085,
    "eval_matthews_correlation_mean": 0.6046419215497378,
    "eval_matthews_correlation_std": 0.07852576174705952,
    "eval_precision_mean": 0.7710967729817384,
    "eval_precision_std": 0.1205847489505427,
    "eval_recall_mean": 0.7170874861572536,
    "eval_recall_std": 0.11609552236954163,
    "eval_runtime_mean": 2.75818,
    "eval_runtime_std": 0.002071134954559902,
    "eval_samples_per_second_mean": 51.4832,
    "eval_samples_per_second_std": 0.03876286883088126,
    "eval_steps_per_second_mean": 3.2629999999999995,
    "eval_steps_per_second_std": 0.0023664319132398483
  },
  "cv_fold_metrics": [
    {
      "eval_loss": 0.4159492254257202,
      "eval_accuracy": 0.8515625,
      "eval_f1": 0.7764705882352942,
      "eval_precision": 0.8048780487804879,
      "eval_recall": 0.75,
      "eval_auc": 0.8831168831168831,
      "eval_auprc": 0.8230496095963118,
      "eval_matthews_correlation": 0.6664964338705465,
      "eval_runtime": 2.759,
      "eval_samples_per_second": 51.468,
      "eval_steps_per_second": 3.262,
      "epoch": 9.0
    },
    {
      "eval_loss": 0.4327981472015381,
      "eval_accuracy": 0.84375,
      "eval_f1": 0.7560975609756098,
      "eval_precision": 0.8378378378378378,
      "eval_recall": 0.6888888888888889,
      "eval_auc": 0.8846050870147255,
      "eval_auprc": 0.854057428052972,
      "eval_matthews_correlation": 0.6494221194407908,
      "eval_runtime": 2.7549,
      "eval_samples_per_second": 51.545,
      "eval_steps_per_second": 3.267,
      "epoch": 9.0
    },
    {
      "eval_loss": 0.598473846912384,
      "eval_accuracy": 0.7109375,
      "eval_f1": 0.6605504587155964,
      "eval_precision": 0.5373134328358209,
      "eval_recall": 0.8571428571428571,
      "eval_auc": 0.9089147286821706,
      "eval_auprc": 0.8920038267594746,
      "eval_matthews_correlation": 0.4669240555753985,
      "eval_runtime": 2.761,
      "eval_samples_per_second": 51.431,
      "eval_steps_per_second": 3.26,
      "epoch": 10.0
    },
    {
      "eval_loss": 0.40852031111717224,
      "eval_accuracy": 0.8125,
      "eval_f1": 0.6470588235294118,
      "eval_precision": 0.88,
      "eval_recall": 0.5116279069767442,
      "eval_auc": 0.8848153214774283,
      "eval_auprc": 0.8446089539320684,
      "eval_matthews_correlation": 0.5675007813083821,
      "eval_runtime": 2.757,
      "eval_samples_per_second": 51.505,
      "eval_steps_per_second": 3.264,
      "epoch": 6.0
    },
    {
      "eval_loss": 0.4000664949417114,
      "eval_accuracy": 0.8515625,
      "eval_f1": 0.7865168539325843,
      "eval_precision": 0.7954545454545454,
      "eval_recall": 0.7777777777777778,
      "eval_auc": 0.8867469879518072,
      "eval_auprc": 0.846312218935472,
      "eval_matthews_correlation": 0.6728662175535716,
      "eval_runtime": 2.759,
      "eval_samples_per_second": 51.467,
      "eval_steps_per_second": 3.262,
      "epoch": 7.0
    }
  ],
  "test_metrics": {
    "eval_loss": 0.5395913124084473,
    "eval_accuracy": 0.7269021739130435,
    "eval_f1": 0.6221804511278196,
    "eval_precision": 0.9297752808988764,
    "eval_recall": 0.4675141242937853,
    "eval_auc": 0.867740039045168,
    "eval_auprc": 0.8618500612122877,
    "eval_matthews_correlation": 0.5073262897608523,
    "eval_runtime": 31.7811,
    "eval_samples_per_second": 46.506,
    "eval_steps_per_second": 2.926,
    "epoch": 6.0
  }
}