{
  "experiment": "rbp",
  "model_type": "dnabert2",
  "variant": "dnabert2_tapt_v3",
  "rbp_name": "GTF2F1_K562_IDR",
  "weights_path": "/gpfs/bwfor/work/ws/fr_ml642-thesis_work/Thesis/DNABERT2/pretrain/models/dnabert2_tapt_v3/checkpoint-2566",
  "max_length": 512,
  "n_folds": 5,
  "hyperparameters": {
    "learning_rate": 5e-05,
    "per_device_train_batch_size": 16,
    "weight_decay": 0.01,
    "warmup_ratio": 0.1,
    "num_train_epochs": 10,
    "gradient_accumulation_steps": 1,
    "early_stopping_patience": 3
  },
  "cv_metrics": {
    "epoch_mean": 6.0,
    "epoch_std": 0.6324555320336759,
    "eval_accuracy_mean": 0.9181712205439932,
    "eval_accuracy_std": 0.0032437797183101176,
    "eval_auc_mean": 0.968283825261733,
    "eval_auc_std": 0.0037605072682491848,
    "eval_auprc_mean": 0.9684029831042228,
    "eval_auprc_std": 0.004615409314423233,
    "eval_f1_mean": 0.9178439283006394,
    "eval_f1_std": 0.00397823014389496,
    "eval_loss_mean": 0.2803859919309616,
    "eval_loss_std": 0.052675319692958925,
    "eval_matthews_correlation_mean": 0.8365752427985965,
    "eval_matthews_correlation_std": 0.006283194739143695,
    "eval_precision_mean": 0.9213332529825802,
    "eval_precision_std": 0.0076793873409560735,
    "eval_recall_mean": 0.914616869366415,
    "eval_recall_std": 0.013708444518438065,
    "eval_runtime_mean": 1.08562,
    "eval_runtime_std": 0.003777512408980296,
    "eval_samples_per_second_mean": 1346.348,
    "eval_samples_per_second_std": 4.37896047024858,
    "eval_steps_per_second_mean": 84.7456,
    "eval_steps_per_second_std": 0.29583684692749174
  },
  "cv_fold_metrics": [
    {
      "eval_loss": 0.38321587443351746,
      "eval_accuracy": 0.9199726402188783,
      "eval_f1": 0.9188063844552394,
      "eval_precision": 0.9323943661971831,
      "eval_recall": 0.905608755129959,
      "eval_matthews_correlation": 0.8402920921440759,
      "eval_auc": 0.9660182910055187,
      "eval_auprc": 0.9703543254555554,
      "eval_runtime": 1.0847,
      "eval_samples_per_second": 1347.892,
      "eval_steps_per_second": 84.819,
      "epoch": 7.0
    },
    {
      "eval_loss": 0.268456369638443,
      "eval_accuracy": 0.9199726402188783,
      "eval_f1": 0.9205702647657841,
      "eval_precision": 0.9137466307277629,
      "eval_recall": 0.9274965800273598,
      "eval_matthews_correlation": 0.8400403946419058,
      "eval_auc": 0.9702757124865025,
      "eval_auprc": 0.9716040718537665,
      "eval_runtime": 1.087,
      "eval_samples_per_second": 1344.929,
      "eval_steps_per_second": 84.633,
      "epoch": 6.0
    },
    {
      "eval_loss": 0.25220105051994324,
      "eval_accuracy": 0.9192886456908345,
      "eval_f1": 0.9196185286103542,
      "eval_precision": 0.9158751696065129,
      "eval_recall": 0.9233926128590971,
      "eval_matthews_correlation": 0.8386055403631096,
      "eval_auc": 0.9700146530154707,
      "eval_auprc": 0.9610841454228964,
      "eval_runtime": 1.092,
      "eval_samples_per_second": 1338.803,
      "eval_steps_per_second": 84.248,
      "epoch": 6.0
    },
    {
      "eval_loss": 0.23495443165302277,
      "eval_accuracy": 0.919917864476386,
      "eval_f1": 0.9202453987730062,
      "eval_precision": 0.9158751696065129,
      "eval_recall": 0.9246575342465754,
      "eval_matthews_correlation": 0.8398752651230704,
      "eval_auc": 0.9729194385622997,
      "eval_auprc": 0.973760719456798,
      "eval_runtime": 1.0807,
      "eval_samples_per_second": 1351.932,
      "eval_steps_per_second": 85.132,
      "epoch": 6.0
    },
    {
      "eval_loss": 0.2631022334098816,
      "eval_accuracy": 0.9117043121149897,
      "eval_f1": 0.9099790648988136,
      "eval_precision": 0.9287749287749287,
      "eval_recall": 0.8919288645690835,
      "eval_matthews_correlation": 0.8240629217208212,
      "eval_auc": 0.9621910312388733,
      "eval_auprc": 0.9652116533320971,
      "eval_runtime": 1.0837,
      "eval_samples_per_second": 1348.184,
      "eval_steps_per_second": 84.896,
      "epoch": 5.0
    }
  ],
  "test_metrics": {
    "eval_loss": 0.2783210873603821,
    "eval_accuracy": 0.9279069767441861,
    "eval_f1": 0.9267139479905437,
    "eval_precision": 0.9423076923076923,
    "eval_recall": 0.9116279069767442,
    "eval_matthews_correlation": 0.8562679097074309,
    "eval_auc": 0.9698263325521304,
    "eval_auprc": 0.9729348973259029,
    "eval_runtime": 0.9485,
    "eval_samples_per_second": 1360.021,
    "eval_steps_per_second": 85.397,
    "epoch": 7.0
  }
}