{
  "experiment": "rbp",
  "model_type": "dnabert2",
  "variant": "dnabert2_pretrained",
  "rbp_name": "ILF3_HepG2_IDR",
  "weights_path": "zhihan1996/DNABERT-2-117M",
  "max_length": 512,
  "n_folds": 5,
  "hyperparameters": {
    "learning_rate": 5e-05,
    "per_device_train_batch_size": 16,
    "weight_decay": 0.01,
    "warmup_ratio": 0.1,
    "num_train_epochs": 10,
    "gradient_accumulation_steps": 1,
    "early_stopping_patience": 3
  },
  "cv_metrics": {
    "epoch_mean": 6.2,
    "epoch_std": 0.7483314773547882,
    "eval_accuracy_mean": 0.8395616368493952,
    "eval_accuracy_std": 0.007267413673183585,
    "eval_auc_mean": 0.9058240617419167,
    "eval_auc_std": 0.009397667373777497,
    "eval_auprc_mean": 0.9031337380797367,
    "eval_auprc_std": 0.012573558037643385,
    "eval_f1_mean": 0.8326045588857063,
    "eval_f1_std": 0.010381605303563525,
    "eval_loss_mean": 0.4743357956409454,
    "eval_loss_std": 0.08215815231320919,
    "eval_matthews_correlation_mean": 0.681827682187252,
    "eval_matthews_correlation_std": 0.013064585574588757,
    "eval_precision_mean": 0.8698449733883352,
    "eval_precision_std": 0.009955019152819785,
    "eval_recall_mean": 0.7990640904660984,
    "eval_recall_std": 0.025123703812521114,
    "eval_runtime_mean": 0.48835999999999996,
    "eval_runtime_std": 0.0031683434157300577,
    "eval_samples_per_second_mean": 2082.9478,
    "eval_samples_per_second_std": 13.199907626949452,
    "eval_steps_per_second_mean": 131.0546,
    "eval_steps_per_second_std": 0.8479272610312725
  },
  "cv_fold_metrics": [
    {
      "eval_loss": 0.6057796478271484,
      "eval_accuracy": 0.8290766208251473,
      "eval_f1": 0.8198757763975155,
      "eval_precision": 0.8665207877461707,
      "eval_recall": 0.7779960707269156,
      "eval_matthews_correlation": 0.661614898664892,
      "eval_auc": 0.8954882835869862,
      "eval_auprc": 0.899755170333264,
      "eval_runtime": 0.4907,
      "eval_samples_per_second": 2074.649,
      "eval_steps_per_second": 130.43,
      "epoch": 7.0
    },
    {
      "eval_loss": 0.41010457277297974,
      "eval_accuracy": 0.8456243854473943,
      "eval_f1": 0.8428428428428428,
      "eval_precision": 0.8574338085539714,
      "eval_recall": 0.8287401574803149,
      "eval_matthews_correlation": 0.6916249630467579,
      "eval_auc": 0.9167891341676593,
      "eval_auprc": 0.9206196809615032,
      "eval_runtime": 0.4872,
      "eval_samples_per_second": 2087.431,
      "eval_steps_per_second": 131.362,
      "epoch": 6.0
    },
    {
      "eval_loss": 0.5367100834846497,
      "eval_accuracy": 0.8377581120943953,
      "eval_f1": 0.8293691830403309,
      "eval_precision": 0.8736383442265795,
      "eval_recall": 0.7893700787401575,
      "eval_matthews_correlation": 0.6786439268507318,
      "eval_auc": 0.9103537892733939,
      "eval_auprc": 0.9130123131464547,
      "eval_runtime": 0.4867,
      "eval_samples_per_second": 2089.652,
      "eval_steps_per_second": 131.502,
      "epoch": 7.0
    },
    {
      "eval_loss": 0.4150075614452362,
      "eval_accuracy": 0.8357915437561455,
      "eval_f1": 0.8243953732912723,
      "eval_precision": 0.8868778280542986,
      "eval_recall": 0.7701375245579568,
      "eval_matthews_correlation": 0.6775307476624205,
      "eval_auc": 0.8937394613492567,
      "eval_auprc": 0.8845056389688666,
      "eval_runtime": 0.4931,
      "eval_samples_per_second": 2062.358,
      "eval_steps_per_second": 129.785,
      "epoch": 5.0
    },
    {
      "eval_loss": 0.40407711267471313,
      "eval_accuracy": 0.8495575221238938,
      "eval_f1": 0.8465396188565697,
      "eval_precision": 0.8647540983606558,
      "eval_recall": 0.8290766208251473,
      "eval_matthews_correlation": 0.6997238747114574,
      "eval_auc": 0.9127496403322867,
      "eval_auprc": 0.8977758869885952,
      "eval_runtime": 0.4841,
      "eval_samples_per_second": 2100.649,
      "eval_steps_per_second": 132.194,
      "epoch": 6.0
    }
  ],
  "test_metrics": {
    "eval_loss": 0.4232282340526581,
    "eval_accuracy": 0.8452115812917594,
    "eval_f1": 0.8464088397790055,
    "eval_precision": 0.8399122807017544,
    "eval_recall": 0.8530066815144766,
    "eval_matthews_correlation": 0.6905070830582349,
    "eval_auc": 0.9049508682992643,
    "eval_auprc": 0.9049056951106714,
    "eval_runtime": 0.4376,
    "eval_samples_per_second": 2051.99,
    "eval_steps_per_second": 130.249,
    "epoch": 6.0
  }
}