{
  "experiment": "cross_length",
  "model_type": "lamar",
  "variant": "random",
  "pair_name": "BCCIP_HepG2_ENCSR485QCG",
  "pretrain_path": "",
  "max_length": 1024,
  "n_folds": 5,
  "hyperparameters": {
    "learning_rate": 5e-05,
    "per_device_train_batch_size": 16,
    "weight_decay": 0.01,
    "warmup_ratio": 0.1,
    "num_train_epochs": 10,
    "gradient_accumulation_steps": 1,
    "early_stopping_patience": 3
  },
  "cv_metrics": {
    "epoch_mean": 5.8,
    "epoch_std": 1.7204650534085253,
    "eval_accuracy_mean": 0.8675,
    "eval_accuracy_std": 0.056236109396009974,
    "eval_auc_mean": 0.9512837393021725,
    "eval_auc_std": 0.015281149327140657,
    "eval_auprc_mean": 0.9253266320786521,
    "eval_auprc_std": 0.03660839547513514,
    "eval_f1_mean": 0.81145454714128,
    "eval_f1_std": 0.10015511397995071,
    "eval_loss_mean": 0.4175587594509125,
    "eval_loss_std": 0.16618531285578644,
    "eval_matthews_correlation_mean": 0.7394523603939167,
    "eval_matthews_correlation_std": 0.10008689971259295,
    "eval_precision_mean": 0.9066705146705146,
    "eval_precision_std": 0.11468346715282367,
    "eval_recall_mean": 0.7741935483870968,
    "eval_recall_std": 0.17311494019353213,
    "eval_runtime_mean": 1.72742,
    "eval_runtime_std": 0.0013585286158192716,
    "eval_samples_per_second_mean": 46.312,
    "eval_samples_per_second_std": 0.036981076241775414,
    "eval_steps_per_second_mean": 2.8944,
    "eval_steps_per_second_std": 0.002416609194718957
  },
  "cv_fold_metrics": [
    {
      "eval_loss": 0.5733857154846191,
      "eval_accuracy": 0.8125,
      "eval_f1": 0.8,
      "eval_precision": 0.6818181818181818,
      "eval_recall": 0.967741935483871,
      "eval_auc": 0.9354838709677419,
      "eval_auprc": 0.891524324641692,
      "eval_matthews_correlation": 0.6678874453244549,
      "eval_runtime": 1.7248,
      "eval_samples_per_second": 46.383,
      "eval_steps_per_second": 2.899,
      "epoch": 5.0
    },
    {
      "eval_loss": 0.6572321653366089,
      "eval_accuracy": 0.7875,
      "eval_f1": 0.6222222222222222,
      "eval_precision": 1.0,
      "eval_recall": 0.45161290322580644,
      "eval_auc": 0.9723502304147466,
      "eval_auprc": 0.963729304515166,
      "eval_matthews_correlation": 0.5790409031721611,
      "eval_runtime": 1.7281,
      "eval_samples_per_second": 46.295,
      "eval_steps_per_second": 2.893,
      "epoch": 5.0
    },
    {
      "eval_loss": 0.33466315269470215,
      "eval_accuracy": 0.9125,
      "eval_f1": 0.8813559322033899,
      "eval_precision": 0.9285714285714286,
      "eval_recall": 0.8387096774193549,
      "eval_auc": 0.9368005266622778,
      "eval_auprc": 0.8750913185551031,
      "eval_matthews_correlation": 0.8149726708141022,
      "eval_runtime": 1.7276,
      "eval_samples_per_second": 46.308,
      "eval_steps_per_second": 2.894,
      "epoch": 9.0
    },
    {
      "eval_loss": 0.24351009726524353,
      "eval_accuracy": 0.925,
      "eval_f1": 0.896551724137931,
      "eval_precision": 0.9629629629629629,
      "eval_recall": 0.8387096774193549,
      "eval_auc": 0.966425279789335,
      "eval_auprc": 0.9642476908762028,
      "eval_matthews_correlation": 0.8430870622981905,
      "eval_runtime": 1.7287,
      "eval_samples_per_second": 46.276,
      "eval_steps_per_second": 2.892,
      "epoch": 6.0
    },
    {
      "eval_loss": 0.27900266647338867,
      "eval_accuracy": 0.9,
      "eval_f1": 0.8571428571428571,
      "eval_precision": 0.96,
      "eval_recall": 0.7741935483870968,
      "eval_auc": 0.945358788676761,
      "eval_auprc": 0.9320405218050968,
      "eval_matthews_correlation": 0.7922737203606754,
      "eval_runtime": 1.7279,
      "eval_samples_per_second": 46.298,
      "eval_steps_per_second": 2.894,
      "epoch": 4.0
    }
  ],
  "test_metrics": {
    "eval_loss": 0.36807799339294434,
    "eval_accuracy": 0.8517857142857143,
    "eval_f1": 0.8222698072805139,
    "eval_precision": 0.9746192893401016,
    "eval_recall": 0.7111111111111111,
    "eval_auc": 0.9588122605363985,
    "eval_auprc": 0.9493955954451455,
    "eval_matthews_correlation": 0.7260598112235698,
    "eval_runtime": 12.1043,
    "eval_samples_per_second": 47.173,
    "eval_steps_per_second": 2.974,
    "epoch": 6.0
  }
}