{
  "experiment": "cross_length",
  "model_type": "lamar",
  "variant": "tapt_512",
  "pair_name": "DHX30_K562_ENCSR529GSJ",
  "pretrain_path": "/gpfs/bwfor/work/ws/fr_ml642-thesis_work/Thesis/LAMAR/src/pretrain/saving_model/tapt_lamar/checkpoint-98000/model.safetensors",
  "max_length": 1024,
  "n_folds": 5,
  "hyperparameters": {
    "learning_rate": 5e-05,
    "per_device_train_batch_size": 16,
    "weight_decay": 0.01,
    "warmup_ratio": 0.1,
    "num_train_epochs": 10,
    "gradient_accumulation_steps": 1,
    "early_stopping_patience": 3
  },
  "cv_metrics": {
    "epoch_mean": 5.2,
    "epoch_std": 0.7483314773547882,
    "eval_accuracy_mean": 0.7904017857142858,
    "eval_accuracy_std": 0.02667760922915833,
    "eval_auc_mean": 0.8310658455453964,
    "eval_auc_std": 0.028407905964311194,
    "eval_auprc_mean": 0.7455893591259952,
    "eval_auprc_std": 0.03836662853348325,
    "eval_f1_mean": 0.6109094204868852,
    "eval_f1_std": 0.12515699007478015,
    "eval_loss_mean": 0.5321692705154419,
    "eval_loss_std": 0.08461671270410082,
    "eval_matthews_correlation_mean": 0.5074092585064244,
    "eval_matthews_correlation_std": 0.078593016665796,
    "eval_precision_mean": 0.7681083287894432,
    "eval_precision_std": 0.06295743210347564,
    "eval_recall_mean": 0.5489625514015758,
    "eval_recall_std": 0.18687845365943448,
    "eval_runtime_mean": 2.10102,
    "eval_runtime_std": 0.13693305517660811,
    "eval_samples_per_second_mean": 60.9828,
    "eval_samples_per_second_std": 3.8427107307212207,
    "eval_steps_per_second_mean": 3.8244,
    "eval_steps_per_second_std": 0.2561590131149009
  },
  "cv_fold_metrics": [
    {
      "eval_loss": 0.5090128183364868,
      "eval_accuracy": 0.8125,
      "eval_f1": 0.7142857142857143,
      "eval_precision": 0.7142857142857143,
      "eval_recall": 0.7142857142857143,
      "eval_auc": 0.8491140642303433,
      "eval_auprc": 0.7660643557941114,
      "eval_matthews_correlation": 0.574750830564784,
      "eval_runtime": 2.2208,
      "eval_samples_per_second": 57.637,
      "eval_steps_per_second": 3.602,
      "epoch": 5.0
    },
    {
      "eval_loss": 0.6848184466362,
      "eval_accuracy": 0.7421875,
      "eval_f1": 0.4,
      "eval_precision": 0.8461538461538461,
      "eval_recall": 0.2619047619047619,
      "eval_auc": 0.8186600221483942,
      "eval_auprc": 0.7581059915104871,
      "eval_matthews_correlation": 0.37094779909691883,
      "eval_runtime": 2.2095,
      "eval_samples_per_second": 57.933,
      "eval_steps_per_second": 3.621,
      "epoch": 5.0
    },
    {
      "eval_loss": 0.54734206199646,
      "eval_accuracy": 0.78125,
      "eval_f1": 0.5333333333333333,
      "eval_precision": 0.8421052631578947,
      "eval_recall": 0.3902439024390244,
      "eval_auc": 0.7816091954022988,
      "eval_auprc": 0.6850858215147069,
      "eval_matthews_correlation": 0.46689585457316746,
      "eval_runtime": 2.208,
      "eval_samples_per_second": 57.97,
      "eval_steps_per_second": 3.623,
      "epoch": 4.0
    },
    {
      "eval_loss": 0.4346603453159332,
      "eval_accuracy": 0.8125,
      "eval_f1": 0.7042253521126761,
      "eval_precision": 0.7352941176470589,
      "eval_recall": 0.6756756756756757,
      "eval_auc": 0.8616216216216217,
      "eval_auprc": 0.7963923695000673,
      "eval_matthews_correlation": 0.5684157722612152,
      "eval_runtime": 1.9329,
      "eval_samples_per_second": 65.703,
      "eval_steps_per_second": 4.139,
      "epoch": 6.0
    },
    {
      "eval_loss": 0.4850126802921295,
      "eval_accuracy": 0.8035714285714286,
      "eval_f1": 0.7027027027027027,
      "eval_precision": 0.7027027027027027,
      "eval_recall": 0.7027027027027027,
      "eval_auc": 0.8443243243243244,
      "eval_auprc": 0.722298257310604,
      "eval_matthews_correlation": 0.556036036036036,
      "eval_runtime": 1.9339,
      "eval_samples_per_second": 65.671,
      "eval_steps_per_second": 4.137,
      "epoch": 6.0
    }
  ],
  "test_metrics": {
    "eval_loss": 0.45403626561164856,
    "eval_accuracy": 0.8061594202898551,
    "eval_f1": 0.7816326530612246,
    "eval_precision": 0.8399122807017544,
    "eval_recall": 0.7309160305343512,
    "eval_auc": 0.8835252698078442,
    "eval_auprc": 0.8781806662852271,
    "eval_matthews_correlation": 0.6136261016716364,
    "eval_runtime": 18.9983,
    "eval_samples_per_second": 58.216,
    "eval_steps_per_second": 3.685,
    "epoch": 5.0
  }
}