{
  "experiment": "rbp",
  "model_type": "lamar",
  "variant": "lamar_tapt_512_std",
  "rbp_name": "TIA1_K562_200",
  "weights_path": "/gpfs/bwfor/work/ws/fr_ml642-thesis_work/Thesis/LAMAR/src/pretrain/saving_model/tapt_512_standard_collator_1gpu/checkpoint-265000",
  "max_length": 512,
  "n_folds": 5,
  "hyperparameters": {
    "learning_rate": 5e-05,
    "per_device_train_batch_size": 16,
    "weight_decay": 0.01,
    "warmup_ratio": 0.1,
    "num_train_epochs": 10,
    "gradient_accumulation_steps": 1,
    "early_stopping_patience": 3
  },
  "cv_metrics": {
    "epoch_mean": 8.4,
    "epoch_std": 0.48989794855663565,
    "eval_accuracy_mean": 0.859787900163879,
    "eval_accuracy_std": 0.006941588129026929,
    "eval_auc_mean": 0.9328375698855582,
    "eval_auc_std": 0.0038771496136568817,
    "eval_auprc_mean": 0.9315254168447147,
    "eval_auprc_std": 0.00503976728823375,
    "eval_f1_mean": 0.8631817984633612,
    "eval_f1_std": 0.005414951521564472,
    "eval_loss_mean": 0.37917588353157045,
    "eval_loss_std": 0.03687825211947892,
    "eval_matthews_correlation_mean": 0.7204221647563873,
    "eval_matthews_correlation_std": 0.013208199556086818,
    "eval_precision_mean": 0.8465850465848298,
    "eval_precision_std": 0.015200831488991573,
    "eval_recall_mean": 0.8807832754119433,
    "eval_recall_std": 0.010066542132624508,
    "eval_runtime_mean": 23.844540000000002,
    "eval_runtime_std": 0.025913131806094523,
    "eval_samples_per_second_mean": 121.378,
    "eval_samples_per_second_std": 0.13331616556142112,
    "eval_steps_per_second_mean": 7.5908,
    "eval_steps_per_second_std": 0.008084553172563114
  },
  "cv_fold_metrics": [
    {
      "eval_loss": 0.3687894642353058,
      "eval_accuracy": 0.8690846286701209,
      "eval_f1": 0.8698041909996564,
      "eval_precision": 0.8683127572016461,
      "eval_recall": 0.8713007570543703,
      "eval_matthews_correlation": 0.7381664445456644,
      "eval_auc": 0.9375255938977465,
      "eval_auprc": 0.9368445177659898,
      "eval_runtime": 23.8437,
      "eval_samples_per_second": 121.416,
      "eval_steps_per_second": 7.591,
      "epoch": 8.0
    },
    {
      "eval_loss": 0.44851768016815186,
      "eval_accuracy": 0.8479612992398065,
      "eval_f1": 0.8545935228023793,
      "eval_precision": 0.8214739517153749,
      "eval_recall": 0.890495867768595,
      "eval_matthews_correlation": 0.6983183139572876,
      "eval_auc": 0.92629564463192,
      "eval_auprc": 0.9231655764641786,
      "eval_runtime": 23.8341,
      "eval_samples_per_second": 121.423,
      "eval_steps_per_second": 7.594,
      "epoch": 9.0
    },
    {
      "eval_loss": 0.36601951718330383,
      "eval_accuracy": 0.8590186592950932,
      "eval_f1": 0.8620689655172413,
      "eval_precision": 0.8471760797342193,
      "eval_recall": 0.8774948382656572,
      "eval_matthews_correlation": 0.7184546672452006,
      "eval_auc": 0.9329846167660009,
      "eval_auprc": 0.9321791118033199,
      "eval_runtime": 23.8024,
      "eval_samples_per_second": 121.584,
      "eval_steps_per_second": 7.604,
      "epoch": 8.0
    },
    {
      "eval_loss": 0.3744697868824005,
      "eval_accuracy": 0.8635107118175536,
      "eval_f1": 0.8681135225375626,
      "eval_precision": 0.8430609597924773,
      "eval_recall": 0.8947006194081212,
      "eval_matthews_correlation": 0.7283267984509237,
      "eval_auc": 0.9358015410457582,
      "eval_auprc": 0.9362924666222938,
      "eval_runtime": 23.8665,
      "eval_samples_per_second": 121.258,
      "eval_steps_per_second": 7.584,
      "epoch": 9.0
    },
    {
      "eval_loss": 0.3380829691886902,
      "eval_accuracy": 0.859364201796821,
      "eval_f1": 0.8613287904599659,
      "eval_precision": 0.8529014844804319,
      "eval_recall": 0.8699242945629732,
      "eval_matthews_correlation": 0.7188445995828601,
      "eval_auc": 0.9315804530863662,
      "eval_auprc": 0.9291454115677917,
      "eval_runtime": 23.876,
      "eval_samples_per_second": 121.209,
      "eval_steps_per_second": 7.581,
      "epoch": 8.0
    }
  ],
  "test_metrics": {
    "eval_loss": 0.6037131547927856,
    "eval_accuracy": 0.8502348715114673,
    "eval_f1": 0.8568409931325938,
    "eval_precision": 0.8089775561097257,
    "eval_recall": 0.9107243121841662,
    "eval_matthews_correlation": 0.7063934281420102,
    "eval_auc": 0.935235397946771,
    "eval_auprc": 0.9317772786194549,
    "eval_runtime": 29.8192,
    "eval_samples_per_second": 121.365,
    "eval_steps_per_second": 7.613,
    "epoch": 10.0
  }
}