{
  "experiment": "cross_length",
  "model_type": "lamar",
  "variant": "pretrained_custom",
  "pair_name": "HNRNPC_HepG2_ENCSR550DVK",
  "pretrain_path": "/gpfs/bwfor/work/ws/fr_ml642-thesis_work/Thesis/LAMAR/src/pretrain/saving_model/tapt_512_standard_collator_1gpu/checkpoint-265000/model.safetensors",
  "max_length": 512,
  "n_folds": 5,
  "hyperparameters": {
    "learning_rate": 5e-05,
    "per_device_train_batch_size": 16,
    "weight_decay": 0.01,
    "warmup_ratio": 0.1,
    "num_train_epochs": 10,
    "gradient_accumulation_steps": 1,
    "early_stopping_patience": 3
  },
  "cv_metrics": {
    "epoch_mean": 7.6,
    "epoch_std": 1.4966629547095764,
    "eval_accuracy_mean": 0.9449074074074074,
    "eval_accuracy_std": 0.007522257782070334,
    "eval_auc_mean": 0.9828825847800557,
    "eval_auc_std": 0.006386727699046957,
    "eval_auprc_mean": 0.9567203075802124,
    "eval_auprc_std": 0.018519118957947823,
    "eval_f1_mean": 0.9015766525388764,
    "eval_f1_std": 0.013515456577888751,
    "eval_loss_mean": 0.20549315065145493,
    "eval_loss_std": 0.07229892470291423,
    "eval_matthews_correlation_mean": 0.8640699000335481,
    "eval_matthews_correlation_std": 0.018631363472961432,
    "eval_precision_mean": 0.9053682576312463,
    "eval_precision_std": 0.029846137618727276,
    "eval_recall_mean": 0.899336133315269,
    "eval_recall_std": 0.029300308558951858,
    "eval_runtime_mean": 3.23174,
    "eval_runtime_std": 0.0031347089179061035,
    "eval_samples_per_second_mean": 134.7884,
    "eval_samples_per_second_std": 0.2556158054581118,
    "eval_steps_per_second_mean": 8.663999999999998,
    "eval_steps_per_second_std": 0.008390470785361051
  },
  "cv_fold_metrics": [
    {
      "eval_loss": 0.30933019518852234,
      "eval_accuracy": 0.9351851851851852,
      "eval_f1": 0.8803418803418804,
      "eval_precision": 0.911504424778761,
      "eval_recall": 0.8512396694214877,
      "eval_auc": 0.9765618771757327,
      "eval_auprc": 0.9335103411395295,
      "eval_matthews_correlation": 0.8368882364770742,
      "eval_runtime": 3.2269,
      "eval_samples_per_second": 135.115,
      "eval_steps_per_second": 8.677,
      "epoch": 9.0
    },
    {
      "eval_loss": 0.1184064969420433,
      "eval_accuracy": 0.9583333333333334,
      "eval_f1": 0.923076923076923,
      "eval_precision": 0.9557522123893806,
      "eval_recall": 0.8925619834710744,
      "eval_auc": 0.9943663468948474,
      "eval_auprc": 0.9865750616365878,
      "eval_matthews_correlation": 0.895535304925651,
      "eval_runtime": 3.2291,
      "eval_samples_per_second": 135.022,
      "eval_steps_per_second": 8.671,
      "epoch": 8.0
    },
    {
      "eval_loss": 0.15153458714485168,
      "eval_accuracy": 0.9444444444444444,
      "eval_f1": 0.9016393442622952,
      "eval_precision": 0.8943089430894309,
      "eval_recall": 0.9090909090909091,
      "eval_auc": 0.9820626611038771,
      "eval_auprc": 0.9665992270100376,
      "eval_matthews_correlation": 0.862989588800451,
      "eval_runtime": 3.2344,
      "eval_samples_per_second": 134.803,
      "eval_steps_per_second": 8.657,
      "epoch": 5.0
    },
    {
      "eval_loss": 0.26973551511764526,
      "eval_accuracy": 0.9444444444444444,
      "eval_f1": 0.9016393442622952,
      "eval_precision": 0.9016393442622951,
      "eval_recall": 0.9016393442622951,
      "eval_auc": 0.977392913802221,
      "eval_auprc": 0.9534918652558764,
      "eval_matthews_correlation": 0.8629296668429403,
      "eval_runtime": 3.234,
      "eval_samples_per_second": 134.506,
      "eval_steps_per_second": 8.658,
      "epoch": 9.0
    },
    {
      "eval_loss": 0.17845895886421204,
      "eval_accuracy": 0.9421296296296297,
      "eval_f1": 0.901185770750988,
      "eval_precision": 0.8636363636363636,
      "eval_recall": 0.9421487603305785,
      "eval_auc": 0.9840291249236002,
      "eval_auprc": 0.9434250428590315,
      "eval_matthews_correlation": 0.8620067031216242,
      "eval_runtime": 3.2343,
      "eval_samples_per_second": 134.496,
      "eval_steps_per_second": 8.657,
      "epoch": 7.0
    }
  ],
  "test_metrics": {
    "eval_loss": 0.995242714881897,
    "eval_accuracy": 0.6821192052980133,
    "eval_f1": 0.5190983093299938,
    "eval_precision": 0.9252232142857143,
    "eval_recall": 0.3607484769364665,
    "eval_auc": 0.8907617069302225,
    "eval_auprc": 0.8580599121650802,
    "eval_matthews_correlation": 0.42957957454798734,
    "eval_runtime": 36.031,
    "eval_samples_per_second": 134.384,
    "eval_steps_per_second": 8.409,
    "epoch": 4.0
  }
}