{
  "experiment": "cross_cell",
  "model_type": "lamar",
  "variant": "pretrained",
  "pair_name": "SNRNP200_train_K562_test_HepG2_fixlen_101",
  "pretrain_path": "/gpfs/bwfor/work/ws/fr_ml642-thesis_work/Thesis/LAMAR/weights",
  "max_length": 1024,
  "n_folds": 5,
  "hyperparameters": {
    "learning_rate": 5e-05,
    "per_device_train_batch_size": 16,
    "weight_decay": 0.01,
    "warmup_ratio": 0.1,
    "num_train_epochs": 10,
    "gradient_accumulation_steps": 1,
    "early_stopping_patience": 3
  },
  "cv_metrics": {
    "epoch_mean": 5.2,
    "epoch_std": 0.7483314773547882,
    "eval_accuracy_mean": 0.7240384615384616,
    "eval_accuracy_std": 0.04120054862620878,
    "eval_auc_mean": 0.8260467141447364,
    "eval_auc_std": 0.020395921150923597,
    "eval_auprc_mean": 0.7794857664971537,
    "eval_auprc_std": 0.016060902328654484,
    "eval_f1_mean": 0.6693305817564474,
    "eval_f1_std": 0.08612007597466009,
    "eval_loss_mean": 0.553242313861847,
    "eval_loss_std": 0.03975593538907767,
    "eval_matthews_correlation_mean": 0.4578635653053043,
    "eval_matthews_correlation_std": 0.07554317938951441,
    "eval_precision_mean": 0.7028300328741826,
    "eval_precision_std": 0.08180122361591823,
    "eval_recall_mean": 0.6850722311396469,
    "eval_recall_std": 0.18039734156305823,
    "eval_runtime_mean": 4.47532,
    "eval_runtime_std": 0.002013355408267484,
    "eval_samples_per_second_mean": 47.9964,
    "eval_samples_per_second_std": 0.08724127463534743,
    "eval_steps_per_second_mean": 3.1282,
    "eval_steps_per_second_std": 0.001326649916142161
  },
  "cv_fold_metrics": [
    {
      "eval_loss": 0.5377961993217468,
      "eval_accuracy": 0.7403846153846154,
      "eval_f1": 0.6582278481012658,
      "eval_precision": 0.7761194029850746,
      "eval_recall": 0.5714285714285714,
      "eval_auc": 0.8160045083122006,
      "eval_auprc": 0.7779377520262738,
      "eval_matthews_correlation": 0.4705322473594862,
      "eval_runtime": 4.4761,
      "eval_samples_per_second": 48.033,
      "eval_steps_per_second": 3.128,
      "epoch": 5.0
    },
    {
      "eval_loss": 0.5698948502540588,
      "eval_accuracy": 0.6923076923076923,
      "eval_f1": 0.6981132075471698,
      "eval_precision": 0.6016260162601627,
      "eval_recall": 0.8314606741573034,
      "eval_auc": 0.8010575016523463,
      "eval_auprc": 0.7590767908513002,
      "eval_matthews_correlation": 0.42241687825209845,
      "eval_runtime": 4.475,
      "eval_samples_per_second": 48.045,
      "eval_steps_per_second": 3.128,
      "epoch": 6.0
    },
    {
      "eval_loss": 0.48579657077789307,
      "eval_accuracy": 0.7980769230769231,
      "eval_f1": 0.776595744680851,
      "eval_precision": 0.7373737373737373,
      "eval_recall": 0.8202247191011236,
      "eval_auc": 0.8600698706448872,
      "eval_auprc": 0.8085244448552511,
      "eval_matthews_correlation": 0.5961349554149445,
      "eval_runtime": 4.4786,
      "eval_samples_per_second": 48.006,
      "eval_steps_per_second": 3.126,
      "epoch": 6.0
    },
    {
      "eval_loss": 0.6043067574501038,
      "eval_accuracy": 0.6923076923076923,
      "eval_f1": 0.5151515151515151,
      "eval_precision": 0.7906976744186046,
      "eval_recall": 0.38202247191011235,
      "eval_auc": 0.8364649230478709,
      "eval_auprc": 0.7770674835950329,
      "eval_matthews_correlation": 0.37434325922436656,
      "eval_runtime": 4.4725,
      "eval_samples_per_second": 48.071,
      "eval_steps_per_second": 3.13,
      "epoch": 4.0
    },
    {
      "eval_loss": 0.5684171915054321,
      "eval_accuracy": 0.6971153846153846,
      "eval_f1": 0.6985645933014353,
      "eval_precision": 0.6083333333333333,
      "eval_recall": 0.8202247191011236,
      "eval_auc": 0.8166367670663771,
      "eval_auprc": 0.7748223611579111,
      "eval_matthews_correlation": 0.42589048627562576,
      "eval_runtime": 4.4744,
      "eval_samples_per_second": 47.827,
      "eval_steps_per_second": 3.129,
      "epoch": 5.0
    }
  ],
  "test_metrics": {
    "eval_loss": 0.6423618793487549,
    "eval_accuracy": 0.6953828828828829,
    "eval_f1": 0.6030814380044021,
    "eval_precision": 0.7459165154264973,
    "eval_recall": 0.5061576354679803,
    "eval_auc": 0.7587292786623878,
    "eval_auprc": 0.7369453686494778,
    "eval_matthews_correlation": 0.3886824853332859,
    "eval_runtime": 38.2057,
    "eval_samples_per_second": 46.564,
    "eval_steps_per_second": 2.931,
    "epoch": 8.0
  }
}