{
  "experiment": "rbp",
  "model_type": "dnabert2",
  "variant": "dnabert2_tapt_v3",
  "rbp_name": "U2AF1_K562_200",
  "weights_path": "/gpfs/bwfor/work/ws/fr_ml642-thesis_work/Thesis/DNABERT2/pretrain/models/dnabert2_tapt_v3/checkpoint-2566",
  "max_length": 512,
  "n_folds": 5,
  "hyperparameters": {
    "learning_rate": 5e-05,
    "per_device_train_batch_size": 16,
    "weight_decay": 0.01,
    "warmup_ratio": 0.1,
    "num_train_epochs": 10,
    "gradient_accumulation_steps": 1,
    "early_stopping_patience": 3
  },
  "cv_metrics": {
    "epoch_mean": 7.2,
    "epoch_std": 2.039607805437114,
    "eval_accuracy_mean": 0.8845437616387336,
    "eval_accuracy_std": 0.004561433413004042,
    "eval_auc_mean": 0.9552407086519734,
    "eval_auc_std": 0.006142862954199819,
    "eval_auprc_mean": 0.9608500599841691,
    "eval_auprc_std": 0.006802753060170276,
    "eval_f1_mean": 0.8936885670076393,
    "eval_f1_std": 0.004985725607329009,
    "eval_loss_mean": 0.5572132527828216,
    "eval_loss_std": 0.26259205623977455,
    "eval_matthews_correlation_mean": 0.7690488446655906,
    "eval_matthews_correlation_std": 0.009518752877122245,
    "eval_precision_mean": 0.8851723125525378,
    "eval_precision_std": 0.02040500629100603,
    "eval_recall_mean": 0.9036644559784699,
    "eval_recall_std": 0.02826007276820271,
    "eval_runtime_mean": 0.5736600000000001,
    "eval_runtime_std": 0.001455472431892826,
    "eval_samples_per_second_mean": 936.0842,
    "eval_samples_per_second_std": 2.3637161758553096,
    "eval_steps_per_second_mean": 59.26800000000001,
    "eval_steps_per_second_std": 0.14954062993046463
  },
  "cv_fold_metrics": [
    {
      "eval_loss": 1.0041784048080444,
      "eval_accuracy": 0.8770949720670391,
      "eval_f1": 0.8854166666666666,
      "eval_precision": 0.8885017421602788,
      "eval_recall": 0.8823529411764706,
      "eval_matthews_correlation": 0.7529111012909274,
      "eval_auc": 0.9450343230271234,
      "eval_auprc": 0.9501024767951979,
      "eval_runtime": 0.5724,
      "eval_samples_per_second": 938.11,
      "eval_steps_per_second": 59.396,
      "epoch": 10.0
    },
    {
      "eval_loss": 0.28747785091400146,
      "eval_accuracy": 0.888268156424581,
      "eval_f1": 0.8947368421052632,
      "eval_precision": 0.9074733096085409,
      "eval_recall": 0.8823529411764706,
      "eval_matthews_correlation": 0.7760862091644313,
      "eval_auc": 0.95914722625293,
      "eval_auprc": 0.9659059917213041,
      "eval_runtime": 0.5722,
      "eval_samples_per_second": 938.503,
      "eval_steps_per_second": 59.421,
      "epoch": 5.0
    },
    {
      "eval_loss": 0.5038681030273438,
      "eval_accuracy": 0.8845437616387337,
      "eval_f1": 0.8993506493506493,
      "eval_precision": 0.8470948012232415,
      "eval_recall": 0.9584775086505191,
      "eval_matthews_correlation": 0.7732313149768864,
      "eval_auc": 0.9610308070097109,
      "eval_auprc": 0.9629634233441946,
      "eval_runtime": 0.5742,
      "eval_samples_per_second": 935.242,
      "eval_steps_per_second": 59.215,
      "epoch": 7.0
    },
    {
      "eval_loss": 0.31960293650627136,
      "eval_accuracy": 0.88268156424581,
      "eval_f1": 0.8911917098445595,
      "eval_precision": 0.8865979381443299,
      "eval_recall": 0.8958333333333334,
      "eval_matthews_correlation": 0.7639746704100819,
      "eval_auc": 0.951277331548416,
      "eval_auprc": 0.9563365903528626,
      "eval_runtime": 0.5762,
      "eval_samples_per_second": 931.961,
      "eval_steps_per_second": 59.007,
      "epoch": 5.0
    },
    {
      "eval_loss": 0.6709389686584473,
      "eval_accuracy": 0.8901303538175046,
      "eval_f1": 0.8977469670710572,
      "eval_precision": 0.8961937716262975,
      "eval_recall": 0.8993055555555556,
      "eval_matthews_correlation": 0.7790409274856261,
      "eval_auc": 0.9597138554216867,
      "eval_auprc": 0.9689418177072865,
      "eval_runtime": 0.5733,
      "eval_samples_per_second": 936.605,
      "eval_steps_per_second": 59.301,
      "epoch": 9.0
    }
  ],
  "test_metrics": {
    "eval_loss": 0.6243313550949097,
    "eval_accuracy": 0.8720238095238095,
    "eval_f1": 0.8760806916426513,
    "eval_precision": 0.8760806916426513,
    "eval_recall": 0.8760806916426513,
    "eval_matthews_correlation": 0.743772999334959,
    "eval_auc": 0.947062735535358,
    "eval_auprc": 0.9531135179340527,
    "eval_runtime": 0.7085,
    "eval_samples_per_second": 948.428,
    "eval_steps_per_second": 59.277,
    "epoch": 9.0
  }
}