{
  "experiment": "rbp",
  "model_type": "dnabert2",
  "variant": "dnabert2_random",
  "rbp_name": "HNRNPM_HepG2_IDR",
  "weights_path": "",
  "max_length": 512,
  "n_folds": 5,
  "hyperparameters": {
    "learning_rate": 5e-05,
    "per_device_train_batch_size": 16,
    "weight_decay": 0.01,
    "warmup_ratio": 0.1,
    "num_train_epochs": 10,
    "gradient_accumulation_steps": 1,
    "early_stopping_patience": 3
  },
  "cv_metrics": {
    "epoch_mean": 9.4,
    "epoch_std": 0.7999999999999999,
    "eval_accuracy_mean": 0.84539911308204,
    "eval_accuracy_std": 0.005341103978024784,
    "eval_auc_mean": 0.923579253543493,
    "eval_auc_std": 0.002540791616354121,
    "eval_auprc_mean": 0.9081640364627394,
    "eval_auprc_std": 0.0037181704021811285,
    "eval_f1_mean": 0.8452970275503479,
    "eval_f1_std": 0.008513767002865883,
    "eval_loss_mean": 0.4744534492492676,
    "eval_loss_std": 0.03652953558329374,
    "eval_matthews_correlation_mean": 0.69213466334231,
    "eval_matthews_correlation_std": 0.01083845470668141,
    "eval_precision_mean": 0.8460287802614562,
    "eval_precision_std": 0.018784165580953676,
    "eval_recall_mean": 0.8461197339246119,
    "eval_recall_std": 0.033540204308963206,
    "eval_runtime_mean": 2.7563199999999997,
    "eval_runtime_std": 0.006605876172015333,
    "eval_samples_per_second_mean": 1309.0062,
    "eval_samples_per_second_std": 3.128510853425313,
    "eval_steps_per_second_mean": 81.9942,
    "eval_steps_per_second_std": 0.19605040168283408
  },
  "cv_fold_metrics": [
    {
      "eval_loss": 0.5129305124282837,
      "eval_accuracy": 0.8392461197339246,
      "eval_f1": 0.8390677025527192,
      "eval_precision": 0.84,
      "eval_recall": 0.8381374722838137,
      "eval_matthews_correlation": 0.6784939073424942,
      "eval_auc": 0.9189717909449807,
      "eval_auprc": 0.905407409768216,
      "eval_runtime": 2.761,
      "eval_samples_per_second": 1306.789,
      "eval_steps_per_second": 81.855,
      "epoch": 10.0
    },
    {
      "eval_loss": 0.4387228786945343,
      "eval_accuracy": 0.8511640798226164,
      "eval_f1": 0.8503761493452215,
      "eval_precision": 0.8549019607843137,
      "eval_recall": 0.8458980044345898,
      "eval_matthews_correlation": 0.7023671161831788,
      "eval_auc": 0.9252812178897842,
      "eval_auprc": 0.9127272469026406,
      "eval_runtime": 2.766,
      "eval_samples_per_second": 1304.421,
      "eval_steps_per_second": 81.707,
      "epoch": 10.0
    },
    {
      "eval_loss": 0.43251481652259827,
      "eval_accuracy": 0.8386917960088692,
      "eval_f1": 0.8323732718894009,
      "eval_precision": 0.8663069544364509,
      "eval_recall": 0.8009977827050998,
      "eval_matthews_correlation": 0.6793167415740817,
      "eval_auc": 0.9248974316743772,
      "eval_auprc": 0.9094110053741495,
      "eval_runtime": 2.756,
      "eval_samples_per_second": 1309.159,
      "eval_steps_per_second": 82.004,
      "epoch": 8.0
    },
    {
      "eval_loss": 0.46770548820495605,
      "eval_accuracy": 0.8481152993348116,
      "eval_f1": 0.8563188253801783,
      "eval_precision": 0.8124378109452737,
      "eval_recall": 0.905210643015521,
      "eval_matthews_correlation": 0.7008147328619205,
      "eval_auc": 0.9227674028151288,
      "eval_auprc": 0.9107896722084644,
      "eval_runtime": 2.7479,
      "eval_samples_per_second": 1312.989,
      "eval_steps_per_second": 82.244,
      "epoch": 9.0
    },
    {
      "eval_loss": 0.5203935503959656,
      "eval_accuracy": 0.8497782705099778,
      "eval_f1": 0.8483491885842194,
      "eval_precision": 0.8564971751412429,
      "eval_recall": 0.8403547671840355,
      "eval_matthews_correlation": 0.6996808187498744,
      "eval_auc": 0.9259784243931938,
      "eval_auprc": 0.9024848480602259,
      "eval_runtime": 2.7507,
      "eval_samples_per_second": 1311.673,
      "eval_steps_per_second": 82.161,
      "epoch": 10.0
    }
  ],
  "test_metrics": {
    "eval_loss": 0.423290878534317,
    "eval_accuracy": 0.8536432160804021,
    "eval_f1": 0.8643771827706636,
    "eval_precision": 0.8053145336225597,
    "eval_recall": 0.9327889447236181,
    "eval_matthews_correlation": 0.7163174532422104,
    "eval_auc": 0.9234611341885305,
    "eval_auprc": 0.8946060822784152,
    "eval_runtime": 2.3812,
    "eval_samples_per_second": 1337.129,
    "eval_steps_per_second": 83.571,
    "epoch": 9.0
  }
}