{
  "experiment": "cross_length",
  "model_type": "lamar",
  "variant": "random",
  "pair_name": "GPKOW_K562_ENCSR647CLF",
  "pretrain_path": "",
  "max_length": 1024,
  "n_folds": 5,
  "hyperparameters": {
    "learning_rate": 5e-05,
    "per_device_train_batch_size": 16,
    "weight_decay": 0.01,
    "warmup_ratio": 0.1,
    "num_train_epochs": 10,
    "gradient_accumulation_steps": 1,
    "early_stopping_patience": 3
  },
  "cv_metrics": {
    "epoch_mean": 6.4,
    "epoch_std": 2.244994432064365,
    "eval_accuracy_mean": 0.6609375,
    "eval_accuracy_std": 0.04490658707249973,
    "eval_auc_mean": 0.6705498680681897,
    "eval_auc_std": 0.03632049246037035,
    "eval_auprc_mean": 0.5071093344245534,
    "eval_auprc_std": 0.06796109136094576,
    "eval_f1_mean": 0.2149597168182385,
    "eval_f1_std": 0.1887987249061284,
    "eval_loss_mean": 0.6315295577049256,
    "eval_loss_std": 0.027690500263027377,
    "eval_matthews_correlation_mean": 0.09669978416924473,
    "eval_matthews_correlation_std": 0.08876650653375236,
    "eval_precision_mean": 0.4391080617495712,
    "eval_precision_std": 0.32388551844932334,
    "eval_recall_mean": 0.2061617458279846,
    "eval_recall_std": 0.2063194699261694,
    "eval_runtime_mean": 2.7586400000000006,
    "eval_runtime_std": 0.0027918452679186866,
    "eval_samples_per_second_mean": 50.5322,
    "eval_samples_per_second_std": 0.18312334640891698,
    "eval_steps_per_second_mean": 3.2626000000000004,
    "eval_steps_per_second_std": 0.0031368774282716757
  },
  "cv_fold_metrics": [
    {
      "eval_loss": 0.628498911857605,
      "eval_accuracy": 0.6953125,
      "eval_f1": 0.0,
      "eval_precision": 0.0,
      "eval_recall": 0.0,
      "eval_auc": 0.6943244021895707,
      "eval_auprc": 0.5909377393841843,
      "eval_matthews_correlation": 0.0,
      "eval_runtime": 2.7557,
      "eval_samples_per_second": 50.804,
      "eval_steps_per_second": 3.266,
      "epoch": 4.0
    },
    {
      "eval_loss": 0.6117982864379883,
      "eval_accuracy": 0.6484375,
      "eval_f1": 0.15094339622641506,
      "eval_precision": 0.3333333333333333,
      "eval_recall": 0.0975609756097561,
      "eval_auc": 0.6520885898514157,
      "eval_auprc": 0.44589166709254535,
      "eval_matthews_correlation": 0.008975503556816441,
      "eval_runtime": 2.7618,
      "eval_samples_per_second": 50.691,
      "eval_steps_per_second": 3.259,
      "epoch": 4.0
    },
    {
      "eval_loss": 0.5926299095153809,
      "eval_accuracy": 0.6953125,
      "eval_f1": 0.4507042253521127,
      "eval_precision": 0.48484848484848486,
      "eval_recall": 0.42105263157894735,
      "eval_auc": 0.6707602339181287,
      "eval_auprc": 0.504353122818084,
      "eval_matthews_correlation": 0.24248712075232295,
      "eval_runtime": 2.762,
      "eval_samples_per_second": 50.326,
      "eval_steps_per_second": 3.259,
      "epoch": 10.0
    },
    {
      "eval_loss": 0.6591157913208008,
      "eval_accuracy": 0.6875,
      "eval_f1": 0.047619047619047616,
      "eval_precision": 1.0,
      "eval_recall": 0.024390243902439025,
      "eval_auc": 0.721054107092795,
      "eval_auprc": 0.5750089550051363,
      "eval_matthews_correlation": 0.12926050177449283,
      "eval_runtime": 2.758,
      "eval_samples_per_second": 50.399,
      "eval_steps_per_second": 3.263,
      "epoch": 7.0
    },
    {
      "eval_loss": 0.6656048893928528,
      "eval_accuracy": 0.578125,
      "eval_f1": 0.425531914893617,
      "eval_precision": 0.37735849056603776,
      "eval_recall": 0.4878048780487805,
      "eval_auc": 0.6145220072890384,
      "eval_auprc": 0.4193551878228169,
      "eval_matthews_correlation": 0.10277579476259141,
      "eval_runtime": 2.7557,
      "eval_samples_per_second": 50.441,
      "eval_steps_per_second": 3.266,
      "epoch": 7.0
    }
  ],
  "test_metrics": {
    "eval_loss": 0.7310957908630371,
    "eval_accuracy": 0.5449029126213593,
    "eval_f1": 0.11137440758293839,
    "eval_precision": 0.8867924528301887,
    "eval_recall": 0.05941845764854614,
    "eval_auc": 0.6934208798811602,
    "eval_auprc": 0.6696164102309815,
    "eval_matthews_correlation": 0.14843453103086027,
    "eval_runtime": 35.5969,
    "eval_samples_per_second": 46.577,
    "eval_steps_per_second": 2.922,
    "epoch": 10.0
  }
}