{
  "experiment": "cross_length",
  "model_type": "dnabert2",
  "variant": "pretrained_custom",
  "pair_name": "EXOSC10_K562_ENCSR521GON",
  "max_length": 256,
  "n_folds": 5,
  "hyperparameters": {
    "learning_rate": 5e-05,
    "per_device_train_batch_size": 16,
    "weight_decay": 0.01,
    "warmup_ratio": 0.1,
    "num_train_epochs": 10,
    "gradient_accumulation_steps": 1,
    "early_stopping_patience": 3
  },
  "cv_metrics": {
    "epoch_mean": 5.6,
    "epoch_std": 0.7999999999999999,
    "eval_accuracy_mean": 0.8390215148835839,
    "eval_accuracy_std": 0.03528943272274786,
    "eval_auc_mean": 0.9033556413556413,
    "eval_auc_std": 0.01649137297361351,
    "eval_auprc_mean": 0.8675915267608062,
    "eval_auprc_std": 0.03134112723582094,
    "eval_f1_mean": 0.8249176740081381,
    "eval_f1_std": 0.03722235831748892,
    "eval_loss_mean": 0.4361840128898621,
    "eval_loss_std": 0.11336783861443564,
    "eval_matthews_correlation_mean": 0.6594195820790333,
    "eval_matthews_correlation_std": 0.07532882154971841,
    "eval_precision_mean": 0.8337366277990306,
    "eval_precision_std": 0.042826779517127704,
    "eval_recall_mean": 0.8261698841698841,
    "eval_recall_std": 0.03629111833922565,
    "eval_runtime_mean": 0.07078,
    "eval_runtime_std": 0.0019166637681137537,
    "eval_samples_per_second_mean": 1651.3946,
    "eval_samples_per_second_std": 41.2261144450941,
    "eval_steps_per_second_mean": 113.11659999999999,
    "eval_steps_per_second_std": 3.091646719791897
  },
  "cv_fold_metrics": [
    {
      "eval_loss": 0.33696678280830383,
      "eval_accuracy": 0.8803418803418803,
      "eval_f1": 0.8670454545454545,
      "eval_matthews_correlation": 0.7365590762903601,
      "eval_precision": 0.8772485009993338,
      "eval_recall": 0.8595238095238096,
      "eval_auc": 0.907936507936508,
      "eval_auprc": 0.9036795717540371,
      "eval_runtime": 0.0713,
      "eval_samples_per_second": 1641.178,
      "eval_steps_per_second": 112.217,
      "epoch": 5.0
    },
    {
      "eval_loss": 0.4719788134098053,
      "eval_accuracy": 0.7948717948717948,
      "eval_f1": 0.7692307692307693,
      "eval_matthews_correlation": 0.5434311918885962,
      "eval_precision": 0.7824074074074074,
      "eval_recall": 0.7614285714285715,
      "eval_auc": 0.8787301587301587,
      "eval_auprc": 0.8283965147743921,
      "eval_runtime": 0.0721,
      "eval_samples_per_second": 1623.747,
      "eval_steps_per_second": 111.025,
      "epoch": 5.0
    },
    {
      "eval_loss": 0.6401324272155762,
      "eval_accuracy": 0.811965811965812,
      "eval_f1": 0.8013888888888889,
      "eval_matthews_correlation": 0.6074332517071346,
      "eval_precision": 0.7961956521739131,
      "eval_recall": 0.8114285714285714,
      "eval_auc": 0.8911111111111111,
      "eval_auprc": 0.848104543859643,
      "eval_runtime": 0.0691,
      "eval_samples_per_second": 1692.57,
      "eval_steps_per_second": 115.731,
      "epoch": 7.0
    },
    {
      "eval_loss": 0.3370482325553894,
      "eval_accuracy": 0.8803418803418803,
      "eval_f1": 0.8635909393737509,
      "eval_matthews_correlation": 0.7375499667325286,
      "eval_precision": 0.8896172927002126,
      "eval_recall": 0.849047619047619,
      "eval_auc": 0.913968253968254,
      "eval_auprc": 0.9057003417931605,
      "eval_runtime": 0.0733,
      "eval_samples_per_second": 1595.295,
      "eval_steps_per_second": 109.08,
      "epoch": 6.0
    },
    {
      "eval_loss": 0.3947938084602356,
      "eval_accuracy": 0.8275862068965517,
      "eval_f1": 0.8233323180018276,
      "eval_matthews_correlation": 0.672124423776547,
      "eval_precision": 0.8232142857142857,
      "eval_recall": 0.8494208494208495,
      "eval_auc": 0.925032175032175,
      "eval_auprc": 0.8520766616227986,
      "eval_runtime": 0.0681,
      "eval_samples_per_second": 1704.183,
      "eval_steps_per_second": 117.53,
      "epoch": 5.0
    }
  ],
  "test_metrics": {
    "eval_loss": 0.4505501985549927,
    "eval_accuracy": 0.8526585522101218,
    "eval_f1": 0.8505595846985802,
    "eval_matthews_correlation": 0.7161085957854967,
    "eval_precision": 0.8661556036556037,
    "eval_recall": 0.8501322360207635,
    "eval_auc": 0.900013141467902,
    "eval_auprc": 0.8999618364935404,
    "eval_runtime": 0.9219,
    "eval_samples_per_second": 1693.184,
    "eval_steps_per_second": 106.299,
    "epoch": 7.0
  }
}