{
  "experiment": "cross_cell",
  "model_type": "dnabert2",
  "variant": "pretrained",
  "pair_name": "ILF3_train_K562_test_HepG2_fixlen_101",
  "max_length": 128,
  "n_folds": 5,
  "hyperparameters": {
    "learning_rate": 5e-05,
    "per_device_train_batch_size": 16,
    "weight_decay": 0.01,
    "warmup_ratio": 0.1,
    "num_train_epochs": 10,
    "gradient_accumulation_steps": 1,
    "early_stopping_patience": 3
  },
  "cv_metrics": {
    "epoch_mean": 6.6,
    "epoch_std": 1.0198039027185568,
    "eval_accuracy_mean": 0.7525564187939326,
    "eval_accuracy_std": 0.013585646521520677,
    "eval_auc_mean": 0.8347868121434082,
    "eval_auc_std": 0.007636844274147688,
    "eval_auprc_mean": 0.8224417104158258,
    "eval_auprc_std": 0.012927063072250906,
    "eval_f1_mean": 0.7430067242836667,
    "eval_f1_std": 0.013335737212818605,
    "eval_loss_mean": 0.6207339525222778,
    "eval_loss_std": 0.047218343499922384,
    "eval_matthews_correlation_mean": 0.5041358960806943,
    "eval_matthews_correlation_std": 0.030111135371283994,
    "eval_precision_mean": 0.7632652502512384,
    "eval_precision_std": 0.01793098190755901,
    "eval_recall_mean": 0.7413940188858168,
    "eval_recall_std": 0.012994970109559354,
    "eval_runtime_mean": 0.72782,
    "eval_runtime_std": 0.009009639282457437,
    "eval_samples_per_second_mean": 1237.3032,
    "eval_samples_per_second_std": 15.748291988657066,
    "eval_steps_per_second_mean": 78.3274,
    "eval_steps_per_second_std": 0.96521699114759
  },
  "cv_fold_metrics": [
    {
      "eval_loss": 0.6022021770477295,
      "eval_accuracy": 0.730299667036626,
      "eval_f1": 0.7196004226299106,
      "eval_matthews_correlation": 0.45720291824273857,
      "eval_precision": 0.7389538731974088,
      "eval_recall": 0.7186975520135062,
      "eval_auc": 0.8214707780922589,
      "eval_auprc": 0.8022226599388438,
      "eval_runtime": 0.7225,
      "eval_samples_per_second": 1247.036,
      "eval_steps_per_second": 78.891,
      "epoch": 6.0
    },
    {
      "eval_loss": 0.6658167243003845,
      "eval_accuracy": 0.7658157602663707,
      "eval_f1": 0.7536787332485966,
      "eval_matthews_correlation": 0.5376043269029862,
      "eval_precision": 0.7865709125797167,
      "eval_recall": 0.7521351606335965,
      "eval_auc": 0.8410745320025821,
      "eval_auprc": 0.840728684075274,
      "eval_runtime": 0.717,
      "eval_samples_per_second": 1256.67,
      "eval_steps_per_second": 79.501,
      "epoch": 7.0
    },
    {
      "eval_loss": 0.6556058526039124,
      "eval_accuracy": 0.7611111111111111,
      "eval_f1": 0.7508084238343049,
      "eval_matthews_correlation": 0.523050673938653,
      "eval_precision": 0.7747307073292649,
      "eval_recall": 0.7489547038327526,
      "eval_auc": 0.8354405176704829,
      "eval_auprc": 0.8302842409105399,
      "eval_runtime": 0.7233,
      "eval_samples_per_second": 1244.257,
      "eval_steps_per_second": 78.803,
      "epoch": 8.0
    },
    {
      "eval_loss": 0.6432650685310364,
      "eval_accuracy": 0.7433333333333333,
      "eval_f1": 0.7366857872385698,
      "eval_matthews_correlation": 0.4809420146151405,
      "eval_precision": 0.7460511436179915,
      "eval_recall": 0.7350174216027875,
      "eval_auc": 0.8327775012444002,
      "eval_auprc": 0.8169029419516664,
      "eval_runtime": 0.7345,
      "eval_samples_per_second": 1225.275,
      "eval_steps_per_second": 77.601,
      "epoch": 7.0
    },
    {
      "eval_loss": 0.5367799401283264,
      "eval_accuracy": 0.7622222222222222,
      "eval_f1": 0.7542602544669514,
      "eval_matthews_correlation": 0.5218795467039534,
      "eval_precision": 0.7700196145318097,
      "eval_recall": 0.752165256346441,
      "eval_auc": 0.843170731707317,
      "eval_auprc": 0.822070025202805,
      "eval_runtime": 0.7418,
      "eval_samples_per_second": 1213.278,
      "eval_steps_per_second": 76.841,
      "epoch": 5.0
    }
  ],
  "test_metrics": {
    "eval_loss": 0.4993208646774292,
    "eval_accuracy": 0.7814295977011494,
    "eval_f1": 0.7796741830719366,
    "eval_matthews_correlation": 0.5599544578357504,
    "eval_precision": 0.7809656597135313,
    "eval_recall": 0.77899227539926,
    "eval_auc": 0.8360976634314445,
    "eval_auprc": 0.8365071809052145,
    "eval_runtime": 4.2757,
    "eval_samples_per_second": 1302.234,
    "eval_steps_per_second": 81.39,
    "epoch": 5.0
  }
}