{
  "experiment": "cross_length",
  "model_type": "lamar",
  "variant": "random",
  "pair_name": "PCBP1_HepG2_ENCSR256CHX",
  "pretrain_path": "",
  "max_length": 1024,
  "n_folds": 5,
  "hyperparameters": {
    "learning_rate": 5e-05,
    "per_device_train_batch_size": 16,
    "weight_decay": 0.01,
    "warmup_ratio": 0.1,
    "num_train_epochs": 10,
    "gradient_accumulation_steps": 1,
    "early_stopping_patience": 3
  },
  "cv_metrics": {
    "epoch_mean": 7.2,
    "epoch_std": 1.9390719429665317,
    "eval_accuracy_mean": 0.8696428571428572,
    "eval_accuracy_std": 0.045386660811210136,
    "eval_auc_mean": 0.9591422752391351,
    "eval_auc_std": 0.014235735821592831,
    "eval_auprc_mean": 0.9182221500439519,
    "eval_auprc_std": 0.023409169258359664,
    "eval_f1_mean": 0.8018029423588938,
    "eval_f1_std": 0.05019432551369095,
    "eval_loss_mean": 0.2839253067970276,
    "eval_loss_std": 0.05604653180894634,
    "eval_matthews_correlation_mean": 0.7217783352459941,
    "eval_matthews_correlation_std": 0.08018355045432124,
    "eval_precision_mean": 0.8094174208144796,
    "eval_precision_std": 0.13683704891592977,
    "eval_recall_mean": 0.8237628384687208,
    "eval_recall_std": 0.1019192891899189,
    "eval_runtime_mean": 2.39492,
    "eval_runtime_std": 0.002285082055419402,
    "eval_samples_per_second_mean": 52.1106,
    "eval_samples_per_second_std": 0.20282859758919483,
    "eval_steps_per_second_mean": 3.3404,
    "eval_steps_per_second_std": 0.0032619012860601003
  },
  "cv_fold_metrics": [
    {
      "eval_loss": 0.3552425801753998,
      "eval_accuracy": 0.8125,
      "eval_f1": 0.7692307692307693,
      "eval_precision": 0.625,
      "eval_recall": 1.0,
      "eval_auc": 0.9658627087198517,
      "eval_auprc": 0.9249806751961984,
      "eval_matthews_correlation": 0.6741998624632421,
      "eval_runtime": 2.3968,
      "eval_samples_per_second": 52.153,
      "eval_steps_per_second": 3.338,
      "epoch": 7.0
    },
    {
      "eval_loss": 0.25981903076171875,
      "eval_accuracy": 0.9017857142857143,
      "eval_f1": 0.819672131147541,
      "eval_precision": 1.0,
      "eval_recall": 0.6944444444444444,
      "eval_auc": 0.962719298245614,
      "eval_auprc": 0.942576394642804,
      "eval_matthews_correlation": 0.7788716992435295,
      "eval_runtime": 2.3952,
      "eval_samples_per_second": 52.188,
      "eval_steps_per_second": 3.34,
      "epoch": 4.0
    },
    {
      "eval_loss": 0.1993885040283203,
      "eval_accuracy": 0.9285714285714286,
      "eval_f1": 0.8787878787878787,
      "eval_precision": 0.90625,
      "eval_recall": 0.8529411764705882,
      "eval_auc": 0.97473604826546,
      "eval_auprc": 0.9404829041396978,
      "eval_matthews_correlation": 0.8289856419565635,
      "eval_runtime": 2.3919,
      "eval_samples_per_second": 52.259,
      "eval_steps_per_second": 3.345,
      "epoch": 10.0
    },
    {
      "eval_loss": 0.3357222080230713,
      "eval_accuracy": 0.8214285714285714,
      "eval_f1": 0.7297297297297296,
      "eval_precision": 0.6923076923076923,
      "eval_recall": 0.7714285714285715,
      "eval_auc": 0.9324675324675326,
      "eval_auprc": 0.8820161592181368,
      "eval_matthews_correlation": 0.5989261393163233,
      "eval_runtime": 2.3928,
      "eval_samples_per_second": 52.241,
      "eval_steps_per_second": 3.343,
      "epoch": 8.0
    },
    {
      "eval_loss": 0.2694542109966278,
      "eval_accuracy": 0.8839285714285714,
      "eval_f1": 0.8115942028985507,
      "eval_precision": 0.8235294117647058,
      "eval_recall": 0.8,
      "eval_auc": 0.9599257884972171,
      "eval_auprc": 0.901054617022923,
      "eval_matthews_correlation": 0.7279083332503121,
      "eval_runtime": 2.3979,
      "eval_samples_per_second": 51.712,
      "eval_steps_per_second": 3.336,
      "epoch": 7.0
    }
  ],
  "test_metrics": {
    "eval_loss": 0.3601609468460083,
    "eval_accuracy": 0.8422619047619048,
    "eval_f1": 0.8281081081081081,
    "eval_precision": 0.8549107142857143,
    "eval_recall": 0.8029350104821803,
    "eval_auc": 0.9268418829233241,
    "eval_auprc": 0.9163608689948688,
    "eval_matthews_correlation": 0.683781225006398,
    "eval_runtime": 21.5987,
    "eval_samples_per_second": 47.318,
    "eval_steps_per_second": 2.963,
    "epoch": 5.0
  }
}