{
  "experiment": "cross_length",
  "model_type": "lamar",
  "variant": "random",
  "pair_name": "RBM15_HepG2_ENCSR754NDA",
  "pretrain_path": "",
  "max_length": 1024,
  "n_folds": 5,
  "hyperparameters": {
    "learning_rate": 5e-05,
    "per_device_train_batch_size": 16,
    "weight_decay": 0.01,
    "warmup_ratio": 0.1,
    "num_train_epochs": 10,
    "gradient_accumulation_steps": 1,
    "early_stopping_patience": 3
  },
  "cv_metrics": {
    "epoch_mean": 7.0,
    "epoch_std": 1.4142135623730951,
    "eval_accuracy_mean": 0.8125,
    "eval_accuracy_std": 0.03274881993447383,
    "eval_auc_mean": 0.8800480969520189,
    "eval_auc_std": 0.019773780409971117,
    "eval_auprc_mean": 0.8030701751684429,
    "eval_auprc_std": 0.03701499852213434,
    "eval_f1_mean": 0.7222153754633814,
    "eval_f1_std": 0.05538826867389852,
    "eval_loss_mean": 0.46025224328041076,
    "eval_loss_std": 0.04168762079783078,
    "eval_matthews_correlation_mean": 0.5903103333901208,
    "eval_matthews_correlation_std": 0.06766337478959059,
    "eval_precision_mean": 0.7455290147896292,
    "eval_precision_std": 0.06382931811614898,
    "eval_recall_mean": 0.7162754303599373,
    "eval_recall_std": 0.11322405754467069,
    "eval_runtime_mean": 4.468120000000001,
    "eval_runtime_std": 0.0036673696295845743,
    "eval_samples_per_second_mean": 47.671,
    "eval_samples_per_second_std": 0.038971784665318476,
    "eval_steps_per_second_mean": 3.1336,
    "eval_steps_per_second_std": 0.0024979991993594754
  },
  "cv_fold_metrics": [
    {
      "eval_loss": 0.48800593614578247,
      "eval_accuracy": 0.8028846153846154,
      "eval_f1": 0.6771653543307087,
      "eval_precision": 0.7818181818181819,
      "eval_recall": 0.5972222222222222,
      "eval_auc": 0.8490604575163399,
      "eval_auprc": 0.7450765394516592,
      "eval_matthews_correlation": 0.5490542670779083,
      "eval_runtime": 4.4641,
      "eval_samples_per_second": 47.714,
      "eval_steps_per_second": 3.136,
      "epoch": 7.0
    },
    {
      "eval_loss": 0.5097591280937195,
      "eval_accuracy": 0.7836538461538461,
      "eval_f1": 0.6456692913385828,
      "eval_precision": 0.7454545454545455,
      "eval_recall": 0.5694444444444444,
      "eval_auc": 0.8696895424836601,
      "eval_auprc": 0.794876646596379,
      "eval_matthews_correlation": 0.503226302570603,
      "eval_runtime": 4.4719,
      "eval_samples_per_second": 47.631,
      "eval_steps_per_second": 3.131,
      "epoch": 9.0
    },
    {
      "eval_loss": 0.41670146584510803,
      "eval_accuracy": 0.8509615384615384,
      "eval_f1": 0.7862068965517242,
      "eval_precision": 0.7808219178082192,
      "eval_recall": 0.7916666666666666,
      "eval_auc": 0.9003267973856209,
      "eval_auprc": 0.8608013953617539,
      "eval_matthews_correlation": 0.6718617531146537,
      "eval_runtime": 4.4719,
      "eval_samples_per_second": 47.631,
      "eval_steps_per_second": 3.131,
      "epoch": 8.0
    },
    {
      "eval_loss": 0.48214811086654663,
      "eval_accuracy": 0.7740384615384616,
      "eval_f1": 0.7218934911242604,
      "eval_precision": 0.6224489795918368,
      "eval_recall": 0.8591549295774648,
      "eval_auc": 0.8793050272437545,
      "eval_auprc": 0.8022232283215971,
      "eval_matthews_correlation": 0.5595717533547203,
      "eval_runtime": 4.4635,
      "eval_samples_per_second": 47.72,
      "eval_steps_per_second": 3.137,
      "epoch": 5.0
    },
    {
      "eval_loss": 0.4046465754508972,
      "eval_accuracy": 0.8509615384615384,
      "eval_f1": 0.7801418439716311,
      "eval_precision": 0.7971014492753623,
      "eval_recall": 0.7638888888888888,
      "eval_auc": 0.901858660130719,
      "eval_auprc": 0.8123730661108249,
      "eval_matthews_correlation": 0.6678375908327193,
      "eval_runtime": 4.4692,
      "eval_samples_per_second": 47.659,
      "eval_steps_per_second": 3.133,
      "epoch": 6.0
    }
  ],
  "test_metrics": {
    "eval_loss": 0.4242689907550812,
    "eval_accuracy": 0.8107798165137615,
    "eval_f1": 0.795539033457249,
    "eval_precision": 0.8199233716475096,
    "eval_recall": 0.7725631768953068,
    "eval_auc": 0.8898673130328995,
    "eval_auprc": 0.8808897705281883,
    "eval_matthews_correlation": 0.6206849522173657,
    "eval_runtime": 37.5269,
    "eval_samples_per_second": 46.58,
    "eval_steps_per_second": 2.931,
    "epoch": 8.0
  }
}