{
  "experiment": "cross_length",
  "model_type": "lamar",
  "variant": "tapt_1024",
  "pair_name": "EXOSC10_K562_ENCSR521GON",
  "pretrain_path": "/gpfs/bwfor/work/ws/fr_ml642-thesis_work/Thesis/LAMAR/src/pretrain/saving_model/tapt_1024_standard_collator/checkpoint-134000/model.safetensors",
  "max_length": 1024,
  "n_folds": 5,
  "hyperparameters": {
    "learning_rate": 5e-05,
    "per_device_train_batch_size": 16,
    "weight_decay": 0.01,
    "warmup_ratio": 0.1,
    "num_train_epochs": 10,
    "gradient_accumulation_steps": 1,
    "early_stopping_patience": 3
  },
  "cv_metrics": {
    "epoch_mean": 6.2,
    "epoch_std": 1.9390719429665315,
    "eval_accuracy_mean": 0.7196428571428571,
    "eval_accuracy_std": 0.0737567015287978,
    "eval_auc_mean": 0.7897866630419819,
    "eval_auc_std": 0.06382709357964486,
    "eval_auprc_mean": 0.6575489411296722,
    "eval_auprc_std": 0.10252471402420263,
    "eval_f1_mean": 0.4256844311726751,
    "eval_f1_std": 0.2886311730239092,
    "eval_loss_mean": 0.5614692449569703,
    "eval_loss_std": 0.07837569560571224,
    "eval_matthews_correlation_mean": 0.34274064188125875,
    "eval_matthews_correlation_std": 0.23537613822708658,
    "eval_precision_mean": 0.6606959706959706,
    "eval_precision_std": 0.12798817855218395,
    "eval_recall_mean": 0.4112883051907442,
    "eval_recall_std": 0.3523554445372914,
    "eval_runtime_mean": 2.38716,
    "eval_runtime_std": 0.001664451861724978,
    "eval_samples_per_second_mean": 48.928399999999996,
    "eval_samples_per_second_std": 0.1636222478760153,
    "eval_steps_per_second_mean": 3.3512,
    "eval_steps_per_second_std": 0.0023151673805580893
  },
  "cv_fold_metrics": [
    {
      "eval_loss": 0.547193169593811,
      "eval_accuracy": 0.7321428571428571,
      "eval_f1": 0.4230769230769231,
      "eval_precision": 0.8461538461538461,
      "eval_recall": 0.28205128205128205,
      "eval_auc": 0.7846856340007025,
      "eval_auprc": 0.6901322952212416,
      "eval_matthews_correlation": 0.37875205645754995,
      "eval_runtime": 2.3858,
      "eval_samples_per_second": 49.041,
      "eval_steps_per_second": 3.353,
      "epoch": 5.0
    },
    {
      "eval_loss": 0.5218876600265503,
      "eval_accuracy": 0.7589285714285714,
      "eval_f1": 0.7326732673267328,
      "eval_precision": 0.6166666666666667,
      "eval_recall": 0.9024390243902439,
      "eval_auc": 0.8443833734111988,
      "eval_auprc": 0.7027945376447919,
      "eval_matthews_correlation": 0.5587836464694839,
      "eval_runtime": 2.3853,
      "eval_samples_per_second": 49.05,
      "eval_steps_per_second": 3.354,
      "epoch": 9.0
    },
    {
      "eval_loss": 0.6518319249153137,
      "eval_accuracy": 0.6428571428571429,
      "eval_f1": 0.16666666666666669,
      "eval_precision": 0.5714285714285714,
      "eval_recall": 0.0975609756097561,
      "eval_auc": 0.6997595328065958,
      "eval_auprc": 0.5205924955967794,
      "eval_matthews_correlation": 0.11006800725044828,
      "eval_runtime": 2.3893,
      "eval_samples_per_second": 48.968,
      "eval_steps_per_second": 3.348,
      "epoch": 5.0
    },
    {
      "eval_loss": 0.44293832778930664,
      "eval_accuracy": 0.8303571428571429,
      "eval_f1": 0.7594936708860761,
      "eval_precision": 0.7692307692307693,
      "eval_recall": 0.75,
      "eval_auc": 0.875,
      "eval_auprc": 0.8074095041360974,
      "eval_matthews_correlation": 0.6286117978634083,
      "eval_runtime": 2.389,
      "eval_samples_per_second": 48.975,
      "eval_steps_per_second": 3.349,
      "epoch": 8.0
    },
    {
      "eval_loss": 0.6434951424598694,
      "eval_accuracy": 0.6339285714285714,
      "eval_f1": 0.046511627906976744,
      "eval_precision": 0.5,
      "eval_recall": 0.024390243902439025,
      "eval_auc": 0.7451047749914119,
      "eval_auprc": 0.5668158730494508,
      "eval_matthews_correlation": 0.03748770136540329,
      "eval_runtime": 2.3864,
      "eval_samples_per_second": 48.608,
      "eval_steps_per_second": 3.352,
      "epoch": 4.0
    }
  ],
  "test_metrics": {
    "eval_loss": 0.6648005843162537,
    "eval_accuracy": 0.7197164948453608,
    "eval_f1": 0.6886184681460272,
    "eval_precision": 0.7515625,
    "eval_recall": 0.6354029062087186,
    "eval_auc": 0.7981040685260421,
    "eval_auprc": 0.8005885409524114,
    "eval_matthews_correlation": 0.44211517471499734,
    "eval_runtime": 33.1118,
    "eval_samples_per_second": 47.143,
    "eval_steps_per_second": 2.96,
    "epoch": 10.0
  }
}