{
  "experiment": "cross_cell",
  "model_type": "lamar",
  "variant": "random",
  "pair_name": "NSUN2_train_K562_test_HepG2_fixlen_101",
  "pretrain_path": "",
  "max_length": 1024,
  "n_folds": 5,
  "hyperparameters": {
    "learning_rate": 5e-05,
    "per_device_train_batch_size": 16,
    "weight_decay": 0.01,
    "warmup_ratio": 0.1,
    "num_train_epochs": 10,
    "gradient_accumulation_steps": 1,
    "early_stopping_patience": 3
  },
  "cv_metrics": {
    "epoch_mean": 4.4,
    "epoch_std": 0.48989794855663565,
    "eval_accuracy_mean": 0.5125,
    "eval_accuracy_std": 0.1446979612848778,
    "eval_auc_mean": 0.7862310606060606,
    "eval_auc_std": 0.06919998409276502,
    "eval_auprc_mean": 0.7606632309489452,
    "eval_auprc_std": 0.06024470178254634,
    "eval_f1_mean": 0.4074059274059274,
    "eval_f1_std": 0.2159066035100313,
    "eval_loss_mean": 0.7788211464881897,
    "eval_loss_std": 0.15664258553572166,
    "eval_matthews_correlation_mean": 0.15649687809743448,
    "eval_matthews_correlation_std": 0.19185262167731257,
    "eval_precision_mean": 0.49749999999999994,
    "eval_precision_std": 0.35798044639337495,
    "eval_recall_mean": 0.55,
    "eval_recall_std": 0.39999999999999997,
    "eval_runtime_mean": 0.34882,
    "eval_runtime_std": 0.0006734983296193128,
    "eval_samples_per_second_mean": 79.7004,
    "eval_samples_per_second_std": 1.1201465261295054,
    "eval_steps_per_second_mean": 5.7338000000000005,
    "eval_steps_per_second_std": 0.011052601503718607
  },
  "cv_fold_metrics": [
    {
      "eval_loss": 0.9198892712593079,
      "eval_accuracy": 0.3125,
      "eval_f1": 0.47619047619047616,
      "eval_precision": 0.3125,
      "eval_recall": 1.0,
      "eval_auc": 0.8363636363636364,
      "eval_auprc": 0.6926190476190477,
      "eval_matthews_correlation": 0.0,
      "eval_runtime": 0.3478,
      "eval_samples_per_second": 80.51,
      "eval_steps_per_second": 5.751,
      "epoch": 4.0
    },
    {
      "eval_loss": 0.6498545408248901,
      "eval_accuracy": 0.625,
      "eval_f1": 0.4,
      "eval_precision": 1.0,
      "eval_recall": 0.25,
      "eval_auc": 0.75,
      "eval_auprc": 0.7777597402597403,
      "eval_matthews_correlation": 0.3779644730092272,
      "eval_runtime": 0.3494,
      "eval_samples_per_second": 80.142,
      "eval_steps_per_second": 5.724,
      "epoch": 5.0
    },
    {
      "eval_loss": 0.8523460626602173,
      "eval_accuracy": 0.5625,
      "eval_f1": 0.0,
      "eval_precision": 0.0,
      "eval_recall": 0.0,
      "eval_auc": 0.6666666666666667,
      "eval_auprc": 0.6869356833642548,
      "eval_matthews_correlation": 0.0,
      "eval_runtime": 0.3497,
      "eval_samples_per_second": 80.077,
      "eval_steps_per_second": 5.72,
      "epoch": 5.0
    },
    {
      "eval_loss": 0.9323240518569946,
      "eval_accuracy": 0.375,
      "eval_f1": 0.5454545454545454,
      "eval_precision": 0.375,
      "eval_recall": 1.0,
      "eval_auc": 0.85,
      "eval_auprc": 0.825925925925926,
      "eval_matthews_correlation": 0.0,
      "eval_runtime": 0.3487,
      "eval_samples_per_second": 80.293,
      "eval_steps_per_second": 5.735,
      "epoch": 4.0
    },
    {
      "eval_loss": 0.5396918058395386,
      "eval_accuracy": 0.6875,
      "eval_f1": 0.6153846153846154,
      "eval_precision": 0.8,
      "eval_recall": 0.5,
      "eval_auc": 0.828125,
      "eval_auprc": 0.8200757575757576,
      "eval_matthews_correlation": 0.40451991747794525,
      "eval_runtime": 0.3485,
      "eval_samples_per_second": 77.48,
      "eval_steps_per_second": 5.739,
      "epoch": 4.0
    }
  ],
  "test_metrics": {
    "eval_loss": 0.6734005212783813,
    "eval_accuracy": 0.6048387096774194,
    "eval_f1": 0.6818181818181818,
    "eval_precision": 0.5511811023622047,
    "eval_recall": 0.8936170212765957,
    "eval_auc": 0.7651911632836064,
    "eval_auprc": 0.7624274065312417,
    "eval_matthews_correlation": 0.28211766582320347,
    "eval_runtime": 10.7533,
    "eval_samples_per_second": 46.962,
    "eval_steps_per_second": 2.976,
    "epoch": 4.0
  }
}