{
  "experiment": "cross_length",
  "model_type": "lamar",
  "variant": "random",
  "pair_name": "LARP4_HepG2_ENCSR805SRN",
  "pretrain_path": "",
  "max_length": 1024,
  "n_folds": 5,
  "hyperparameters": {
    "learning_rate": 5e-05,
    "per_device_train_batch_size": 16,
    "weight_decay": 0.01,
    "warmup_ratio": 0.1,
    "num_train_epochs": 10,
    "gradient_accumulation_steps": 1,
    "early_stopping_patience": 3
  },
  "cv_metrics": {
    "epoch_mean": 7.2,
    "epoch_std": 0.7483314773547882,
    "eval_accuracy_mean": 0.7078125,
    "eval_accuracy_std": 0.011940608234089253,
    "eval_auc_mean": 0.7332987189249427,
    "eval_auc_std": 0.020025582533427802,
    "eval_auprc_mean": 0.5494918429186489,
    "eval_auprc_std": 0.027913909573108495,
    "eval_f1_mean": 0.39379784133132634,
    "eval_f1_std": 0.12731071805114366,
    "eval_loss_mean": 0.571035361289978,
    "eval_loss_std": 0.022457100303178348,
    "eval_matthews_correlation_mean": 0.27124246792876083,
    "eval_matthews_correlation_std": 0.05879323281822493,
    "eval_precision_mean": 0.6235509072026845,
    "eval_precision_std": 0.06643852093159215,
    "eval_recall_mean": 0.32564102564102565,
    "eval_recall_std": 0.16825242218496395,
    "eval_runtime_mean": 13.6344,
    "eval_runtime_std": 0.009350294113021611,
    "eval_samples_per_second_mean": 47.028200000000005,
    "eval_samples_per_second_std": 0.032603067340360364,
    "eval_steps_per_second_mean": 3.0071999999999997,
    "eval_steps_per_second_std": 0.0022271057451320906
  },
  "cv_fold_metrics": [
    {
      "eval_loss": 0.5427969098091125,
      "eval_accuracy": 0.728125,
      "eval_f1": 0.4276315789473685,
      "eval_precision": 0.6701030927835051,
      "eval_recall": 0.3140096618357488,
      "eval_auc": 0.7605739085807366,
      "eval_auprc": 0.5850952275716043,
      "eval_matthews_correlation": 0.31321860043870703,
      "eval_runtime": 13.6426,
      "eval_samples_per_second": 47.058,
      "eval_steps_per_second": 3.005,
      "epoch": 8.0
    },
    {
      "eval_loss": 0.596349835395813,
      "eval_accuracy": 0.696875,
      "eval_f1": 0.18487394957983191,
      "eval_precision": 0.7096774193548387,
      "eval_recall": 0.10628019323671498,
      "eval_auc": 0.7329718512568197,
      "eval_auprc": 0.5365195730165133,
      "eval_matthews_correlation": 0.1862859974010589,
      "eval_runtime": 13.6354,
      "eval_samples_per_second": 47.01,
      "eval_steps_per_second": 3.007,
      "epoch": 6.0
    },
    {
      "eval_loss": 0.5988327264785767,
      "eval_accuracy": 0.6953125,
      "eval_f1": 0.42136498516320475,
      "eval_precision": 0.5503875968992248,
      "eval_recall": 0.34134615384615385,
      "eval_auc": 0.6983729522792023,
      "eval_auprc": 0.5035059863380555,
      "eval_matthews_correlation": 0.24178026613013293,
      "eval_runtime": 13.6445,
      "eval_samples_per_second": 46.979,
      "eval_steps_per_second": 3.005,
      "epoch": 7.0
    },
    {
      "eval_loss": 0.5594165325164795,
      "eval_accuracy": 0.70625,
      "eval_f1": 0.5784753363228698,
      "eval_precision": 0.542016806722689,
      "eval_recall": 0.6201923076923077,
      "eval_auc": 0.7394609152421652,
      "eval_auprc": 0.5671954051970607,
      "eval_matthews_correlation": 0.35651290408229225,
      "eval_runtime": 13.6311,
      "eval_samples_per_second": 47.025,
      "eval_steps_per_second": 3.008,
      "epoch": 7.0
    },
    {
      "eval_loss": 0.5577808022499084,
      "eval_accuracy": 0.7125,
      "eval_f1": 0.35664335664335667,
      "eval_precision": 0.6455696202531646,
      "eval_recall": 0.2463768115942029,
      "eval_auc": 0.7351139672657898,
      "eval_auprc": 0.5551430224700111,
      "eval_matthews_correlation": 0.2584145715916131,
      "eval_runtime": 13.6184,
      "eval_samples_per_second": 47.069,
      "eval_steps_per_second": 3.011,
      "epoch": 8.0
    }
  ],
  "test_metrics": {
    "eval_loss": 0.6449403762817383,
    "eval_accuracy": 0.6581715210355987,
    "eval_f1": 0.6306818181818182,
    "eval_precision": 0.6424755120213713,
    "eval_recall": 0.6193133047210301,
    "eval_auc": 0.7022138961222338,
    "eval_auprc": 0.6744467643440342,
    "eval_matthews_correlation": 0.31291635127331896,
    "eval_runtime": 105.5451,
    "eval_samples_per_second": 46.861,
    "eval_steps_per_second": 2.937,
    "epoch": 7.0
  }
}