{
  "experiment": "cross_length",
  "model_type": "lamar",
  "variant": "tapt_512",
  "pair_name": "GARS_K562_ENCSR448GXJ",
  "pretrain_path": "/gpfs/bwfor/work/ws/fr_ml642-thesis_work/Thesis/LAMAR/src/pretrain/saving_model/tapt_lamar/checkpoint-98000/model.safetensors",
  "max_length": 1024,
  "n_folds": 5,
  "hyperparameters": {
    "learning_rate": 5e-05,
    "per_device_train_batch_size": 16,
    "weight_decay": 0.01,
    "warmup_ratio": 0.1,
    "num_train_epochs": 10,
    "gradient_accumulation_steps": 1,
    "early_stopping_patience": 3
  },
  "cv_metrics": {
    "epoch_mean": 6.0,
    "epoch_std": 2.1908902300206643,
    "eval_accuracy_mean": 0.7375,
    "eval_accuracy_std": 0.08052561704203204,
    "eval_auc_mean": 0.8371659919028339,
    "eval_auc_std": 0.07584576555160286,
    "eval_auprc_mean": 0.7923834570245104,
    "eval_auprc_std": 0.09302646607793826,
    "eval_f1_mean": 0.6625586367655332,
    "eval_f1_std": 0.11388498185750397,
    "eval_loss_mean": 0.5630945682525634,
    "eval_loss_std": 0.11882440559835886,
    "eval_matthews_correlation_mean": 0.46161231449708956,
    "eval_matthews_correlation_std": 0.17755124222887947,
    "eval_precision_mean": 0.6755156608097785,
    "eval_precision_std": 0.12229243359240494,
    "eval_recall_mean": 0.6705128205128205,
    "eval_recall_std": 0.1621478128591013,
    "eval_runtime_mean": 0.6906,
    "eval_runtime_std": 0.001456021977856082,
    "eval_samples_per_second_mean": 46.9174,
    "eval_samples_per_second_std": 0.8023771183178158,
    "eval_steps_per_second_mean": 3.4766,
    "eval_steps_per_second_std": 0.7168108816138328
  },
  "cv_fold_metrics": [
    {
      "eval_loss": 0.7174310088157654,
      "eval_accuracy": 0.6875,
      "eval_f1": 0.5454545454545455,
      "eval_precision": 0.6666666666666666,
      "eval_recall": 0.46153846153846156,
      "eval_auc": 0.7894736842105263,
      "eval_auprc": 0.7419128515103747,
      "eval_matthews_correlation": 0.3316863613133475,
      "eval_runtime": 0.6881,
      "eval_samples_per_second": 47.958,
      "eval_steps_per_second": 4.36,
      "epoch": 6.0
    },
    {
      "eval_loss": 0.576148509979248,
      "eval_accuracy": 0.6875,
      "eval_f1": 0.6153846153846153,
      "eval_precision": 0.5714285714285714,
      "eval_recall": 0.6666666666666666,
      "eval_auc": 0.7875,
      "eval_auprc": 0.6972955486542443,
      "eval_matthews_correlation": 0.3578300267477955,
      "eval_runtime": 0.6898,
      "eval_samples_per_second": 47.84,
      "eval_steps_per_second": 4.349,
      "epoch": 4.0
    },
    {
      "eval_loss": 0.4609334170818329,
      "eval_accuracy": 0.78125,
      "eval_f1": 0.7586206896551724,
      "eval_precision": 0.6470588235294118,
      "eval_recall": 0.9166666666666666,
      "eval_auc": 0.9125,
      "eval_auprc": 0.8527969228627124,
      "eval_matthews_correlation": 0.598254541756288,
      "eval_runtime": 0.6915,
      "eval_samples_per_second": 46.275,
      "eval_steps_per_second": 2.892,
      "epoch": 4.0
    },
    {
      "eval_loss": 0.6609439849853516,
      "eval_accuracy": 0.65625,
      "eval_f1": 0.5599999999999999,
      "eval_precision": 0.5833333333333334,
      "eval_recall": 0.5384615384615384,
      "eval_auc": 0.7530364372469636,
      "eval_auprc": 0.7244887955182073,
      "eval_matthews_correlation": 0.2792896329177484,
      "eval_runtime": 0.6919,
      "eval_samples_per_second": 46.251,
      "eval_steps_per_second": 2.891,
      "epoch": 10.0
    },
    {
      "eval_loss": 0.4000159204006195,
      "eval_accuracy": 0.875,
      "eval_f1": 0.8333333333333333,
      "eval_precision": 0.9090909090909091,
      "eval_recall": 0.7692307692307693,
      "eval_auc": 0.9433198380566802,
      "eval_auprc": 0.9454231665770128,
      "eval_matthews_correlation": 0.7410010097502685,
      "eval_runtime": 0.6917,
      "eval_samples_per_second": 46.263,
      "eval_steps_per_second": 2.891,
      "epoch": 6.0
    }
  ],
  "test_metrics": {
    "eval_loss": 0.5952526926994324,
    "eval_accuracy": 0.6875,
    "eval_f1": 0.6246973365617433,
    "eval_precision": 0.7633136094674556,
    "eval_recall": 0.5286885245901639,
    "eval_auc": 0.7756147540983607,
    "eval_auprc": 0.776077619395412,
    "eval_matthews_correlation": 0.39023912337706457,
    "eval_runtime": 10.7145,
    "eval_samples_per_second": 47.506,
    "eval_steps_per_second": 2.987,
    "epoch": 4.0
  }
}