{
  "experiment": "cross_cell",
  "model_type": "lamar",
  "variant": "tapt_1024",
  "pair_name": "SRSF9_train_K562_test_HepG2_fixlen_101",
  "pretrain_path": "/gpfs/bwfor/work/ws/fr_ml642-thesis_work/Thesis/LAMAR/src/pretrain/saving_model/tapt_1024_standard_collator/checkpoint-134000/model.safetensors",
  "max_length": 1024,
  "n_folds": 5,
  "hyperparameters": {
    "learning_rate": 5e-05,
    "per_device_train_batch_size": 16,
    "weight_decay": 0.01,
    "warmup_ratio": 0.1,
    "num_train_epochs": 10,
    "gradient_accumulation_steps": 1,
    "early_stopping_patience": 3
  },
  "cv_metrics": {
    "epoch_mean": 9.6,
    "epoch_std": 0.48989794855663565,
    "eval_accuracy_mean": 0.79375,
    "eval_accuracy_std": 0.06945659615904022,
    "eval_auc_mean": 0.8978901892501868,
    "eval_auc_std": 0.05444496735586888,
    "eval_auprc_mean": 0.9212006870384281,
    "eval_auprc_std": 0.04107115337518945,
    "eval_f1_mean": 0.8017923445481797,
    "eval_f1_std": 0.06941048646944306,
    "eval_loss_mean": 0.5173850774765014,
    "eval_loss_std": 0.20245832308931996,
    "eval_matthews_correlation_mean": 0.5945585851476283,
    "eval_matthews_correlation_std": 0.14635374569281218,
    "eval_precision_mean": 0.7786993413244805,
    "eval_precision_std": 0.06917434799702517,
    "eval_recall_mean": 0.8329448421597379,
    "eval_recall_std": 0.10604661157860433,
    "eval_runtime_mean": 1.40066,
    "eval_runtime_std": 0.0007310266752998604,
    "eval_samples_per_second_mean": 54.1168,
    "eval_samples_per_second_std": 0.2911641461444043,
    "eval_steps_per_second_mean": 3.5698,
    "eval_steps_per_second_std": 0.0017204650534085114
  },
  "cv_fold_metrics": [
    {
      "eval_loss": 0.8454258441925049,
      "eval_accuracy": 0.703125,
      "eval_f1": 0.7323943661971832,
      "eval_precision": 0.7027027027027027,
      "eval_recall": 0.7647058823529411,
      "eval_auc": 0.8598039215686275,
      "eval_auprc": 0.9039760748744825,
      "eval_matthews_correlation": 0.40220105327545247,
      "eval_runtime": 1.3997,
      "eval_samples_per_second": 54.296,
      "eval_steps_per_second": 3.572,
      "epoch": 10.0
    },
    {
      "eval_loss": 0.37689459323883057,
      "eval_accuracy": 0.84375,
      "eval_f1": 0.8648648648648648,
      "eval_precision": 0.7619047619047619,
      "eval_recall": 1.0,
      "eval_auc": 0.9619140625,
      "eval_auprc": 0.9628580951508725,
      "eval_matthews_correlation": 0.7237468644557459,
      "eval_runtime": 1.4003,
      "eval_samples_per_second": 54.272,
      "eval_steps_per_second": 3.571,
      "epoch": 9.0
    },
    {
      "eval_loss": 0.30789315700531006,
      "eval_accuracy": 0.875,
      "eval_f1": 0.8823529411764706,
      "eval_precision": 0.8571428571428571,
      "eval_recall": 0.9090909090909091,
      "eval_auc": 0.9442815249266863,
      "eval_auprc": 0.9573644109113604,
      "eval_matthews_correlation": 0.7507417997763154,
      "eval_runtime": 1.4019,
      "eval_samples_per_second": 54.213,
      "eval_steps_per_second": 3.567,
      "epoch": 9.0
    },
    {
      "eval_loss": 0.3989902138710022,
      "eval_accuracy": 0.828125,
      "eval_f1": 0.8196721311475409,
      "eval_precision": 0.8620689655172413,
      "eval_recall": 0.78125,
      "eval_auc": 0.9091796875,
      "eval_auprc": 0.9312656978785095,
      "eval_matthews_correlation": 0.6591530616030618,
      "eval_runtime": 1.4005,
      "eval_samples_per_second": 54.266,
      "eval_steps_per_second": 3.57,
      "epoch": 10.0
    },
    {
      "eval_loss": 0.6577215790748596,
      "eval_accuracy": 0.71875,
      "eval_f1": 0.7096774193548389,
      "eval_precision": 0.7096774193548387,
      "eval_recall": 0.7096774193548387,
      "eval_auc": 0.8142717497556207,
      "eval_auprc": 0.8505391563769151,
      "eval_matthews_correlation": 0.436950146627566,
      "eval_runtime": 1.4009,
      "eval_samples_per_second": 53.537,
      "eval_steps_per_second": 3.569,
      "epoch": 10.0
    }
  ],
  "test_metrics": {
    "eval_loss": 0.6101632118225098,
    "eval_accuracy": 0.646404109589041,
    "eval_f1": 0.48949320148331277,
    "eval_precision": 0.88,
    "eval_recall": 0.339041095890411,
    "eval_auc": 0.8319484190279602,
    "eval_auprc": 0.8001212013649085,
    "eval_matthews_correlation": 0.3712350771447266,
    "eval_runtime": 25.5578,
    "eval_samples_per_second": 46.052,
    "eval_steps_per_second": 2.895,
    "epoch": 5.0
  }
}