{
  "experiment": "cross_length",
  "model_type": "lamar",
  "variant": "random",
  "pair_name": "APEX1_HepG2_ENCSR554GSW",
  "pretrain_path": "",
  "max_length": 1024,
  "n_folds": 5,
  "hyperparameters": {
    "learning_rate": 5e-05,
    "per_device_train_batch_size": 16,
    "weight_decay": 0.01,
    "warmup_ratio": 0.1,
    "num_train_epochs": 10,
    "gradient_accumulation_steps": 1,
    "early_stopping_patience": 3
  },
  "cv_metrics": {
    "epoch_mean": 6.4,
    "epoch_std": 2.244994432064365,
    "eval_accuracy_mean": 0.7041666666666666,
    "eval_accuracy_std": 0.05170697352496188,
    "eval_auc_mean": 0.743798529344802,
    "eval_auc_std": 0.061924255869130834,
    "eval_auprc_mean": 0.6871173962483275,
    "eval_auprc_std": 0.07208366302839184,
    "eval_f1_mean": 0.49465941465941465,
    "eval_f1_std": 0.1289895496981706,
    "eval_loss_mean": 0.6152251660823822,
    "eval_loss_std": 0.10348605553189226,
    "eval_matthews_correlation_mean": 0.3514095909721436,
    "eval_matthews_correlation_std": 0.12494560666651551,
    "eval_precision_mean": 0.7138034188034188,
    "eval_precision_std": 0.14321810371575952,
    "eval_recall_mean": 0.4171310629514964,
    "eval_recall_std": 0.18567983656607992,
    "eval_runtime_mean": 1.0419000000000003,
    "eval_runtime_std": 0.0011009087155618466,
    "eval_samples_per_second_mean": 47.028999999999996,
    "eval_samples_per_second_std": 0.0495419014572509,
    "eval_steps_per_second_mean": 3.839,
    "eval_steps_per_second_std": 0.004195235392680695
  },
  "cv_fold_metrics": [
    {
      "eval_loss": 0.47153976559638977,
      "eval_accuracy": 0.7916666666666666,
      "eval_f1": 0.6153846153846153,
      "eval_precision": 0.8888888888888888,
      "eval_recall": 0.47058823529411764,
      "eval_auc": 0.8500948766603416,
      "eval_auprc": 0.8006091669642896,
      "eval_matthews_correlation": 0.5370974791748154,
      "eval_runtime": 1.0415,
      "eval_samples_per_second": 47.046,
      "eval_steps_per_second": 3.84,
      "epoch": 10.0
    },
    {
      "eval_loss": 0.7825818061828613,
      "eval_accuracy": 0.6666666666666666,
      "eval_f1": 0.2727272727272727,
      "eval_precision": 0.6,
      "eval_recall": 0.17647058823529413,
      "eval_auc": 0.6565464895635673,
      "eval_auprc": 0.5826767296407176,
      "eval_matthews_correlation": 0.17527802622968083,
      "eval_runtime": 1.0418,
      "eval_samples_per_second": 47.036,
      "eval_steps_per_second": 3.84,
      "epoch": 4.0
    },
    {
      "eval_loss": 0.5754518508911133,
      "eval_accuracy": 0.6875,
      "eval_f1": 0.4444444444444444,
      "eval_precision": 0.6666666666666666,
      "eval_recall": 0.3333333333333333,
      "eval_auc": 0.7277777777777777,
      "eval_auprc": 0.6656355886503362,
      "eval_matthews_correlation": 0.28941438070815306,
      "eval_runtime": 1.0422,
      "eval_samples_per_second": 47.016,
      "eval_steps_per_second": 3.838,
      "epoch": 4.0
    },
    {
      "eval_loss": 0.6631605625152588,
      "eval_accuracy": 0.6458333333333334,
      "eval_f1": 0.6222222222222222,
      "eval_precision": 0.5384615384615384,
      "eval_recall": 0.7368421052631579,
      "eval_auc": 0.7422867513611616,
      "eval_auprc": 0.6645811544376019,
      "eval_matthews_correlation": 0.3170634555266583,
      "eval_runtime": 1.0437,
      "eval_samples_per_second": 46.947,
      "eval_steps_per_second": 3.832,
      "epoch": 7.0
    },
    {
      "eval_loss": 0.5833918452262878,
      "eval_accuracy": 0.7291666666666666,
      "eval_f1": 0.5185185185185185,
      "eval_precision": 0.875,
      "eval_recall": 0.3684210526315789,
      "eval_auc": 0.7422867513611615,
      "eval_auprc": 0.7220843415486917,
      "eval_matthews_correlation": 0.43819461322141023,
      "eval_runtime": 1.0403,
      "eval_samples_per_second": 47.1,
      "eval_steps_per_second": 3.845,
      "epoch": 7.0
    }
  ],
  "test_metrics": {
    "eval_loss": 0.595991849899292,
    "eval_accuracy": 0.6723484848484849,
    "eval_f1": 0.6717267552182163,
    "eval_precision": 0.6531365313653137,
    "eval_recall": 0.69140625,
    "eval_auc": 0.7551413143382353,
    "eval_auprc": 0.785454254247816,
    "eval_matthews_correlation": 0.34578077297581067,
    "eval_runtime": 11.4613,
    "eval_samples_per_second": 46.941,
    "eval_steps_per_second": 2.967,
    "epoch": 6.0
  }
}