{
  "experiment": "cross_length",
  "model_type": "lamar",
  "variant": "pretrained",
  "pair_name": "DKC1_HepG2_ENCSR301TFY",
  "pretrain_path": "/gpfs/bwfor/work/ws/fr_ml642-thesis_work/Thesis/LAMAR/weights",
  "max_length": 1024,
  "n_folds": 5,
  "hyperparameters": {
    "learning_rate": 5e-05,
    "per_device_train_batch_size": 16,
    "weight_decay": 0.01,
    "warmup_ratio": 0.1,
    "num_train_epochs": 10,
    "gradient_accumulation_steps": 1,
    "early_stopping_patience": 3
  },
  "cv_metrics": {
    "epoch_mean": 6.4,
    "epoch_std": 2.244994432064365,
    "eval_accuracy_mean": 0.8569444444444445,
    "eval_accuracy_std": 0.025834826719080932,
    "eval_auc_mean": 0.8960131703806617,
    "eval_auc_std": 0.016579663971471356,
    "eval_auprc_mean": 0.8481505988734254,
    "eval_auprc_std": 0.04540889167375317,
    "eval_f1_mean": 0.7528012007690155,
    "eval_f1_std": 0.03397070567906398,
    "eval_loss_mean": 0.3779654264450073,
    "eval_loss_std": 0.04676547180110187,
    "eval_matthews_correlation_mean": 0.6759135703527346,
    "eval_matthews_correlation_std": 0.06125645239727501,
    "eval_precision_mean": 0.9026466871706841,
    "eval_precision_std": 0.08867213708527087,
    "eval_recall_mean": 0.650972345459923,
    "eval_recall_std": 0.0454053570675852,
    "eval_runtime_mean": 3.0973,
    "eval_runtime_std": 0.0072122118659951285,
    "eval_samples_per_second_mean": 49.0752,
    "eval_samples_per_second_std": 0.11395156865967328,
    "eval_steps_per_second_mean": 3.2286,
    "eval_steps_per_second_std": 0.007499333303701092
  },
  "cv_fold_metrics": [
    {
      "eval_loss": 0.34790340065956116,
      "eval_accuracy": 0.875,
      "eval_f1": 0.7906976744186046,
      "eval_precision": 0.85,
      "eval_recall": 0.7391304347826086,
      "eval_auc": 0.9181455190771961,
      "eval_auprc": 0.8916720937837445,
      "eval_matthews_correlation": 0.7056912472954822,
      "eval_runtime": 3.1025,
      "eval_samples_per_second": 48.993,
      "eval_steps_per_second": 3.223,
      "epoch": 10.0
    },
    {
      "eval_loss": 0.3411268889904022,
      "eval_accuracy": 0.8680555555555556,
      "eval_f1": 0.7654320987654321,
      "eval_precision": 0.9393939393939394,
      "eval_recall": 0.6458333333333334,
      "eval_auc": 0.8980034722222221,
      "eval_auprc": 0.8780156020915875,
      "eval_matthews_correlation": 0.7009996372327817,
      "eval_runtime": 3.1017,
      "eval_samples_per_second": 49.006,
      "eval_steps_per_second": 3.224,
      "epoch": 5.0
    },
    {
      "eval_loss": 0.45982763171195984,
      "eval_accuracy": 0.8055555555555556,
      "eval_f1": 0.6888888888888889,
      "eval_precision": 0.7560975609756098,
      "eval_recall": 0.6326530612244898,
      "eval_auc": 0.8719656283566058,
      "eval_auprc": 0.7817063832308254,
      "eval_matthews_correlation": 0.5537084013866611,
      "eval_runtime": 3.1049,
      "eval_samples_per_second": 48.955,
      "eval_steps_per_second": 3.221,
      "epoch": 4.0
    },
    {
      "eval_loss": 0.4009878635406494,
      "eval_accuracy": 0.8680555555555556,
      "eval_f1": 0.759493670886076,
      "eval_precision": 0.967741935483871,
      "eval_recall": 0.625,
      "eval_auc": 0.8836805555555556,
      "eval_auprc": 0.8054056314651731,
      "eval_matthews_correlation": 0.7048828515630335,
      "eval_runtime": 3.0907,
      "eval_samples_per_second": 49.179,
      "eval_steps_per_second": 3.235,
      "epoch": 5.0
    },
    {
      "eval_loss": 0.339981347322464,
      "eval_accuracy": 0.8680555555555556,
      "eval_f1": 0.759493670886076,
      "eval_precision": 1.0,
      "eval_recall": 0.6122448979591837,
      "eval_auc": 0.9082706766917292,
      "eval_auprc": 0.883953283795797,
      "eval_matthews_correlation": 0.7142857142857143,
      "eval_runtime": 3.0867,
      "eval_samples_per_second": 49.243,
      "eval_steps_per_second": 3.24,
      "epoch": 8.0
    }
  ],
  "test_metrics": {
    "eval_loss": 0.5660160183906555,
    "eval_accuracy": 0.7151785714285714,
    "eval_f1": 0.5763612217795484,
    "eval_precision": 0.9601769911504425,
    "eval_recall": 0.4117647058823529,
    "eval_auc": 0.7988678798506292,
    "eval_auprc": 0.8185023962033124,
    "eval_matthews_correlation": 0.493229280301154,
    "eval_runtime": 24.0896,
    "eval_samples_per_second": 46.493,
    "eval_steps_per_second": 2.906,
    "epoch": 7.0
  }
}