{
  "experiment": "cross_length",
  "model_type": "dnabert2",
  "variant": "pretrained_custom",
  "pair_name": "FTO_HepG2_ENCSR903PRV",
  "max_length": 256,
  "n_folds": 5,
  "hyperparameters": {
    "learning_rate": 5e-05,
    "per_device_train_batch_size": 16,
    "weight_decay": 0.01,
    "warmup_ratio": 0.1,
    "num_train_epochs": 10,
    "gradient_accumulation_steps": 1,
    "early_stopping_patience": 3
  },
  "cv_metrics": {
    "epoch_mean": 6.2,
    "epoch_std": 1.16619037896906,
    "eval_accuracy_mean": 0.9497402597402598,
    "eval_accuracy_std": 0.02109680200445826,
    "eval_auc_mean": 0.9766546618647458,
    "eval_auc_std": 0.020238632371181776,
    "eval_auprc_mean": 0.967926863122545,
    "eval_auprc_std": 0.02904500858330936,
    "eval_f1_mean": 0.9463467942999941,
    "eval_f1_std": 0.02234911907126347,
    "eval_loss_mean": 0.19928772002458572,
    "eval_loss_std": 0.0642128999976169,
    "eval_matthews_correlation_mean": 0.8929775616371028,
    "eval_matthews_correlation_std": 0.044897266622225464,
    "eval_precision_mean": 0.9484033613445378,
    "eval_precision_std": 0.023905276966057935,
    "eval_recall_mean": 0.944593837535014,
    "eval_recall_std": 0.021165352112083563,
    "eval_runtime_mean": 0.04058,
    "eval_runtime_std": 0.0016951696080333683,
    "eval_samples_per_second_mean": 1377.3142,
    "eval_samples_per_second_std": 52.92351192201818,
    "eval_steps_per_second_mean": 98.7512,
    "eval_steps_per_second_std": 4.2017657907122805
  },
  "cv_fold_metrics": [
    {
      "eval_loss": 0.19020995497703552,
      "eval_accuracy": 0.9821428571428571,
      "eval_f1": 0.9807626245276537,
      "eval_matthews_correlation": 0.9622504486493763,
      "eval_precision": 0.9861111111111112,
      "eval_recall": 0.9761904761904762,
      "eval_auc": 1.0,
      "eval_auprc": 1.0,
      "eval_runtime": 0.0419,
      "eval_samples_per_second": 1337.408,
      "eval_steps_per_second": 95.529,
      "epoch": 5.0
    },
    {
      "eval_loss": 0.09839219599962234,
      "eval_accuracy": 0.9642857142857143,
      "eval_f1": 0.9619047619047618,
      "eval_matthews_correlation": 0.9238095238095239,
      "eval_precision": 0.9619047619047618,
      "eval_recall": 0.9619047619047618,
      "eval_auc": 0.998639455782313,
      "eval_auprc": 0.9978354978354979,
      "eval_runtime": 0.0427,
      "eval_samples_per_second": 1310.179,
      "eval_steps_per_second": 93.584,
      "epoch": 7.0
    },
    {
      "eval_loss": 0.27884745597839355,
      "eval_accuracy": 0.9285714285714286,
      "eval_f1": 0.9238095238095239,
      "eval_matthews_correlation": 0.8476190476190476,
      "eval_precision": 0.9238095238095239,
      "eval_recall": 0.9238095238095239,
      "eval_auc": 0.9482993197278912,
      "eval_auprc": 0.9259253588276468,
      "eval_runtime": 0.0411,
      "eval_samples_per_second": 1361.708,
      "eval_steps_per_second": 97.265,
      "epoch": 8.0
    },
    {
      "eval_loss": 0.1722930371761322,
      "eval_accuracy": 0.9464285714285714,
      "eval_f1": 0.9422878735829612,
      "eval_matthews_correlation": 0.8852704127574261,
      "eval_precision": 0.9472222222222222,
      "eval_recall": 0.9380952380952381,
      "eval_auc": 0.9741496598639455,
      "eval_auprc": 0.9708037060978237,
      "eval_runtime": 0.0387,
      "eval_samples_per_second": 1447.007,
      "eval_steps_per_second": 103.358,
      "epoch": 6.0
    },
    {
      "eval_loss": 0.256695955991745,
      "eval_accuracy": 0.9272727272727272,
      "eval_f1": 0.9229691876750701,
      "eval_matthews_correlation": 0.84593837535014,
      "eval_precision": 0.9229691876750701,
      "eval_recall": 0.9229691876750701,
      "eval_auc": 0.9621848739495797,
      "eval_auprc": 0.9450697528517562,
      "eval_runtime": 0.0385,
      "eval_samples_per_second": 1430.269,
      "eval_steps_per_second": 104.02,
      "epoch": 5.0
    }
  ],
  "test_metrics": {
    "eval_loss": 0.28225192427635193,
    "eval_accuracy": 0.9162717219589257,
    "eval_f1": 0.9160294643996866,
    "eval_matthews_correlation": 0.8333885913074764,
    "eval_precision": 0.9179025743051787,
    "eval_recall": 0.9154895104895104,
    "eval_auc": 0.9674625374625374,
    "eval_auprc": 0.9556812123772171,
    "eval_runtime": 0.3996,
    "eval_samples_per_second": 1584.059,
    "eval_steps_per_second": 100.099,
    "epoch": 6.0
  }
}