{
  "experiment": "cross_length",
  "model_type": "dnabert2",
  "variant": "random",
  "pair_name": "ELAVL1_HepG2_ENCSR296TSJ",
  "max_length": 256,
  "n_folds": 5,
  "hyperparameters": {
    "learning_rate": 5e-05,
    "per_device_train_batch_size": 16,
    "weight_decay": 0.01,
    "warmup_ratio": 0.1,
    "num_train_epochs": 10,
    "gradient_accumulation_steps": 1,
    "early_stopping_patience": 3
  },
  "cv_metrics": {
    "epoch_mean": 6.4,
    "epoch_std": 1.0198039027185568,
    "eval_accuracy_mean": 0.8887786978727625,
    "eval_accuracy_std": 0.006200128637167432,
    "eval_auc_mean": 0.9407663887662828,
    "eval_auc_std": 0.0023595001801161052,
    "eval_auprc_mean": 0.8737289307292688,
    "eval_auprc_std": 0.011030681918869543,
    "eval_f1_mean": 0.8554109840084962,
    "eval_f1_std": 0.013356717265880573,
    "eval_loss_mean": 0.3842160999774933,
    "eval_loss_std": 0.050140807939478914,
    "eval_matthews_correlation_mean": 0.7168821873256139,
    "eval_matthews_correlation_std": 0.020826569042004434,
    "eval_precision_mean": 0.8741953336788933,
    "eval_precision_std": 0.00838983925024492,
    "eval_recall_mean": 0.844058122287535,
    "eval_recall_std": 0.024935482251721576,
    "eval_runtime_mean": 0.50502,
    "eval_runtime_std": 0.012316233190387396,
    "eval_samples_per_second_mean": 1193.5384,
    "eval_samples_per_second_std": 28.752799019225876,
    "eval_steps_per_second_mean": 75.28979999999999,
    "eval_steps_per_second_std": 1.8137239481244114
  },
  "cv_fold_metrics": [
    {
      "eval_loss": 0.29702329635620117,
      "eval_accuracy": 0.8805970149253731,
      "eval_f1": 0.8365607589218491,
      "eval_matthews_correlation": 0.6891745690841027,
      "eval_precision": 0.8826727642276423,
      "eval_recall": 0.8102922595176619,
      "eval_auc": 0.9436768664505851,
      "eval_auprc": 0.8902294413521866,
      "eval_runtime": 0.5156,
      "eval_samples_per_second": 1169.469,
      "eval_steps_per_second": 73.698,
      "epoch": 5.0
    },
    {
      "eval_loss": 0.4464031457901001,
      "eval_accuracy": 0.8955223880597015,
      "eval_f1": 0.8635182956403025,
      "eval_matthews_correlation": 0.7311802041217162,
      "eval_precision": 0.8837145969498911,
      "eval_recall": 0.8483217052134264,
      "eval_auc": 0.9373317585013459,
      "eval_auprc": 0.883019076091871,
      "eval_runtime": 0.4946,
      "eval_samples_per_second": 1219.12,
      "eval_steps_per_second": 76.827,
      "epoch": 8.0
    },
    {
      "eval_loss": 0.4138665795326233,
      "eval_accuracy": 0.8920265780730897,
      "eval_f1": 0.8665575391750644,
      "eval_matthews_correlation": 0.73329234832504,
      "eval_precision": 0.8633720930232558,
      "eval_recall": 0.8699497556610916,
      "eval_auc": 0.9388670933994082,
      "eval_auprc": 0.8618504253873439,
      "eval_runtime": 0.498,
      "eval_samples_per_second": 1208.914,
      "eval_steps_per_second": 76.31,
      "epoch": 7.0
    },
    {
      "eval_loss": 0.37162846326828003,
      "eval_accuracy": 0.893687707641196,
      "eval_f1": 0.8683739426322479,
      "eval_matthews_correlation": 0.7368620080435081,
      "eval_precision": 0.8657820110988996,
      "eval_recall": 0.871099180948448,
      "eval_auc": 0.942693922499828,
      "eval_auprc": 0.8692155188490733,
      "eval_runtime": 0.4932,
      "eval_samples_per_second": 1220.597,
      "eval_steps_per_second": 77.048,
      "epoch": 6.0
    },
    {
      "eval_loss": 0.39215901494026184,
      "eval_accuracy": 0.8820598006644518,
      "eval_f1": 0.8420443836730169,
      "eval_matthews_correlation": 0.6939018070537024,
      "eval_precision": 0.8754352030947776,
      "eval_recall": 0.8206277100970474,
      "eval_auc": 0.9412623029802465,
      "eval_auprc": 0.8643301919658684,
      "eval_runtime": 0.5237,
      "eval_samples_per_second": 1149.592,
      "eval_steps_per_second": 72.566,
      "epoch": 6.0
    }
  ],
  "test_metrics": {
    "eval_loss": 0.5379610061645508,
    "eval_accuracy": 0.7531276063386155,
    "eval_f1": 0.7362386030200421,
    "eval_matthews_correlation": 0.5396324792190444,
    "eval_precision": 0.8016996014436917,
    "eval_recall": 0.7413022848179347,
    "eval_auc": 0.9160446357297964,
    "eval_auprc": 0.8870813808068538,
    "eval_runtime": 6.5898,
    "eval_samples_per_second": 909.736,
    "eval_steps_per_second": 56.906,
    "epoch": 5.0
  }
}