{
  "task_id": "data/QKI_K562_IDR",
  "model_variant": "dnabert2_random",
  "best_layer": 11,
  "best_auroc": 0.797943115234375,
  "layer_aurocs": {
    "0": 0.540985107421875,
    "1": 0.5,
    "2": 0.63726806640625,
    "3": 0.66241455078125,
    "4": 0.5673980712890625,
    "5": 0.69964599609375,
    "6": 0.68316650390625,
    "7": 0.567779541015625,
    "8": 0.672454833984375,
    "9": 0.574493408203125,
    "10": 0.54168701171875,
    "11": 0.797943115234375,
    "12": 0.63922119140625
  }
}