{
  "task_id": "data/KHSRP_K562_IDR",
  "model_variant": "dnabert2_random",
  "best_layer": 3,
  "best_auroc": 0.6084136962890625,
  "layer_aurocs": {
    "0": 0.5,
    "1": 0.56488037109375,
    "2": 0.4969482421875,
    "3": 0.6084136962890625,
    "4": 0.56341552734375,
    "5": 0.53289794921875,
    "6": 0.540924072265625,
    "7": 0.5533905029296875,
    "8": 0.518585205078125,
    "9": 0.557830810546875,
    "10": 0.59832763671875,
    "11": 0.6077880859375,
    "12": 0.596221923828125
  }
}