{
  "task_id": "finetune_data_koo/PUM2_K562_200",
  "model_variant": "dnabert2_random",
  "best_layer": 11,
  "best_auroc": 0.5360724973000428,
  "layer_aurocs": {
    "0": 0.5330066262951688,
    "1": 0.4878990416895562,
    "2": 0.5024568149911494,
    "3": 0.5047758454361991,
    "4": 0.5230712890625,
    "5": 0.5279087117177724,
    "6": 0.5337222693698904,
    "7": 0.49882500152597203,
    "8": 0.49780113240239504,
    "9": 0.5232711928904963,
    "10": 0.5,
    "11": 0.5360724973000428,
    "12": 0.513671875
  }
}