{
  "task_id": "finetune_data_koo/TIA1_K562_200",
  "model_variant": "dnabert2_random",
  "best_layer": 8,
  "best_auroc": 0.5549781891057279,
  "layer_aurocs": {
    "0": 0.501953125,
    "1": 0.5004269294247466,
    "2": 0.5046844482421875,
    "3": 0.48155063102222484,
    "4": 0.5289476896783251,
    "5": 0.5131386193004944,
    "6": 0.5348661383495135,
    "7": 0.47808837890625,
    "8": 0.5549781891057279,
    "9": 0.519304671465372,
    "10": 0.48484709760117195,
    "11": 0.4855506318120345,
    "12": 0.4992839480497124
  }
}