{
  "task_id": "finetune_data_koo/RBFOX2_K562_200",
  "model_variant": "dnabert2_random",
  "best_layer": 3,
  "best_auroc": 0.7124458279924313,
  "layer_aurocs": {
    "0": 0.4960324726851004,
    "1": 0.5676005615577122,
    "2": 0.6437770860037844,
    "3": 0.7124458279924313,
    "4": 0.5,
    "5": 0.536333394372215,
    "6": 0.6110449856558628,
    "7": 0.5,
    "8": 0.5126960874076787,
    "9": 0.6243667216016602,
    "10": 0.5421015686992614,
    "11": 0.6419154001098701,
    "12": 0.5728346456692913
  }
}