{
  "experiment": "cross_length",
  "model_type": "dnabert2",
  "variant": "pretrained",
  "pair_name": "FASTKD2_K562_ENCSR887FHF",
  "max_length": 256,
  "n_folds": 5,
  "hyperparameters": {
    "learning_rate": 5e-05,
    "per_device_train_batch_size": 16,
    "weight_decay": 0.01,
    "warmup_ratio": 0.1,
    "num_train_epochs": 10,
    "gradient_accumulation_steps": 1,
    "early_stopping_patience": 3
  },
  "cv_metrics": {
    "epoch_mean": 7.4,
    "epoch_std": 2.1540659228538015,
    "eval_accuracy_mean": 0.8993740219092332,
    "eval_accuracy_std": 0.027359868522315173,
    "eval_auc_mean": 0.9512693890471668,
    "eval_auc_std": 0.028262335182969375,
    "eval_auprc_mean": 0.9407974198567004,
    "eval_auprc_std": 0.027576791831474524,
    "eval_f1_mean": 0.8877693233958986,
    "eval_f1_std": 0.03337726706011735,
    "eval_loss_mean": 0.4181541085243225,
    "eval_loss_std": 0.1331934544251087,
    "eval_matthews_correlation_mean": 0.7848693491747063,
    "eval_matthews_correlation_std": 0.05919686685083582,
    "eval_precision_mean": 0.9079021282115154,
    "eval_precision_std": 0.022210943285792633,
    "eval_recall_mean": 0.8780056980056979,
    "eval_recall_std": 0.03895792376016371,
    "eval_runtime_mean": 0.07822,
    "eval_runtime_std": 0.004659356178701084,
    "eval_samples_per_second_mean": 918.3113999999999,
    "eval_samples_per_second_std": 47.95478432273468,
    "eval_steps_per_second_mean": 64.1398,
    "eval_steps_per_second_std": 3.5247227068238978
  },
  "cv_fold_metrics": [
    {
      "eval_loss": 0.4896918833255768,
      "eval_accuracy": 0.9166666666666666,
      "eval_f1": 0.9080851063829788,
      "eval_matthews_correlation": 0.8229551931460529,
      "eval_precision": 0.927240461401952,
      "eval_recall": 0.8962962962962963,
      "eval_auc": 0.9736625514403292,
      "eval_auprc": 0.9661374421121967,
      "eval_runtime": 0.076,
      "eval_samples_per_second": 947.931,
      "eval_steps_per_second": 65.829,
      "epoch": 4.0
    },
    {
      "eval_loss": 0.26556241512298584,
      "eval_accuracy": 0.9305555555555556,
      "eval_f1": 0.9264555669050052,
      "eval_matthews_correlation": 0.8533103351879245,
      "eval_precision": 0.9237012987012987,
      "eval_recall": 0.9296296296296296,
      "eval_auc": 0.9646090534979423,
      "eval_auprc": 0.9475583090699151,
      "eval_runtime": 0.0875,
      "eval_samples_per_second": 822.625,
      "eval_steps_per_second": 57.127,
      "epoch": 6.0
    },
    {
      "eval_loss": 0.3853914737701416,
      "eval_accuracy": 0.875,
      "eval_f1": 0.8633776091081594,
      "eval_matthews_correlation": 0.7302967433402214,
      "eval_precision": 0.875,
      "eval_recall": 0.8555555555555556,
      "eval_auc": 0.9522633744855967,
      "eval_auprc": 0.942001802447961,
      "eval_runtime": 0.0766,
      "eval_samples_per_second": 940.149,
      "eval_steps_per_second": 65.288,
      "epoch": 8.0
    },
    {
      "eval_loss": 0.6374663710594177,
      "eval_accuracy": 0.8591549295774648,
      "eval_f1": 0.8353432282003711,
      "eval_matthews_correlation": 0.6994832515157408,
      "eval_precision": 0.8873165618448637,
      "eval_recall": 0.8158119658119658,
      "eval_auc": 0.8965811965811966,
      "eval_auprc": 0.8883781749728282,
      "eval_runtime": 0.0753,
      "eval_samples_per_second": 942.674,
      "eval_steps_per_second": 66.386,
      "epoch": 10.0
    },
    {
      "eval_loss": 0.3126583993434906,
      "eval_accuracy": 0.9154929577464789,
      "eval_f1": 0.9055851063829787,
      "eval_matthews_correlation": 0.8183012226835926,
      "eval_precision": 0.926252319109462,
      "eval_recall": 0.8927350427350427,
      "eval_auc": 0.9692307692307692,
      "eval_auprc": 0.9599113706806013,
      "eval_runtime": 0.0757,
      "eval_samples_per_second": 938.178,
      "eval_steps_per_second": 66.069,
      "epoch": 9.0
    }
  ],
  "test_metrics": {
    "eval_loss": 0.36822474002838135,
    "eval_accuracy": 0.9123055162659123,
    "eval_f1": 0.9117715730318986,
    "eval_matthews_correlation": 0.8273302499403756,
    "eval_precision": 0.9166124969529537,
    "eval_recall": 0.9107386045021229,
    "eval_auc": 0.9603941360249939,
    "eval_auprc": 0.9679696712133573,
    "eval_runtime": 0.8148,
    "eval_samples_per_second": 867.661,
    "eval_steps_per_second": 55.226,
    "epoch": 10.0
  }
}