{
  "experiment": "cross_cell",
  "model_type": "dnabert2",
  "variant": "pretrained",
  "pair_name": "FUS_train_K562_test_HepG2_fixlen_101",
  "max_length": 128,
  "n_folds": 5,
  "hyperparameters": {
    "learning_rate": 5e-05,
    "per_device_train_batch_size": 16,
    "weight_decay": 0.01,
    "warmup_ratio": 0.1,
    "num_train_epochs": 10,
    "gradient_accumulation_steps": 1,
    "early_stopping_patience": 3
  },
  "cv_metrics": {
    "epoch_mean": 6.2,
    "epoch_std": 1.469693845669907,
    "eval_accuracy_mean": 0.8448533116679149,
    "eval_accuracy_std": 0.02502678977448329,
    "eval_auc_mean": 0.9317979798472276,
    "eval_auc_std": 0.006134438621213763,
    "eval_auprc_mean": 0.9137377642711482,
    "eval_auprc_std": 0.011145754357259074,
    "eval_f1_mean": 0.8435592565917893,
    "eval_f1_std": 0.026786545525576473,
    "eval_loss_mean": 0.4828303515911102,
    "eval_loss_std": 0.12364911948791697,
    "eval_matthews_correlation_mean": 0.6948417040793051,
    "eval_matthews_correlation_std": 0.042696457367842326,
    "eval_precision_mean": 0.8511093183064282,
    "eval_precision_std": 0.016651498135004997,
    "eval_recall_mean": 0.843855338321424,
    "eval_recall_std": 0.025995712969356308,
    "eval_runtime_mean": 1.11652,
    "eval_runtime_std": 0.00039698866482554046,
    "eval_samples_per_second_mean": 1319.6414,
    "eval_samples_per_second_std": 0.6364553715697385,
    "eval_steps_per_second_mean": 83.295,
    "eval_steps_per_second_std": 0.02971868099361186
  },
  "cv_fold_metrics": [
    {
      "eval_loss": 0.38009771704673767,
      "eval_accuracy": 0.8561736770691994,
      "eval_f1": 0.8554540997104344,
      "eval_matthews_correlation": 0.7152711634635776,
      "eval_precision": 0.8601975159178549,
      "eval_recall": 0.8550918695114045,
      "eval_auc": 0.9387883464961395,
      "eval_auprc": 0.9266738185386635,
      "eval_runtime": 1.116,
      "eval_samples_per_second": 1320.831,
      "eval_steps_per_second": 83.336,
      "epoch": 5.0
    },
    {
      "eval_loss": 0.5927164554595947,
      "eval_accuracy": 0.7991858887381276,
      "eval_f1": 0.7942633819526834,
      "eval_matthews_correlation": 0.6190286709280598,
      "eval_precision": 0.8232442748091603,
      "eval_recall": 0.7963675811870101,
      "eval_auc": 0.9319579919844404,
      "eval_auprc": 0.9207165794348562,
      "eval_runtime": 1.1171,
      "eval_samples_per_second": 1319.498,
      "eval_steps_per_second": 83.252,
      "epoch": 5.0
    },
    {
      "eval_loss": 0.4571722149848938,
      "eval_accuracy": 0.8676171079429735,
      "eval_f1": 0.8675465386685162,
      "eval_matthews_correlation": 0.7351130893083955,
      "eval_precision": 0.8676141772376083,
      "eval_recall": 0.8674989211061153,
      "eval_auc": 0.9302628812552792,
      "eval_auprc": 0.8936870772360973,
      "eval_runtime": 1.1165,
      "eval_samples_per_second": 1319.319,
      "eval_steps_per_second": 83.297,
      "epoch": 8.0
    },
    {
      "eval_loss": 0.3293144106864929,
      "eval_accuracy": 0.8635437881873728,
      "eval_f1": 0.8635075534090957,
      "eval_matthews_correlation": 0.7270350157542603,
      "eval_precision": 0.863477289238156,
      "eval_recall": 0.8635577309662832,
      "eval_auc": 0.9367731298250533,
      "eval_auprc": 0.9150415060051734,
      "eval_runtime": 1.1168,
      "eval_samples_per_second": 1318.945,
      "eval_steps_per_second": 83.274,
      "epoch": 5.0
    },
    {
      "eval_loss": 0.654850959777832,
      "eval_accuracy": 0.8377460964019009,
      "eval_f1": 0.8370247092182166,
      "eval_matthews_correlation": 0.6777605809422329,
      "eval_precision": 0.8410133343293618,
      "eval_recall": 0.836760588836307,
      "eval_auc": 0.9212075496752252,
      "eval_auprc": 0.9125698401409497,
      "eval_runtime": 1.1162,
      "eval_samples_per_second": 1319.614,
      "eval_steps_per_second": 83.316,
      "epoch": 8.0
    }
  ],
  "test_metrics": {
    "eval_loss": 0.5005541443824768,
    "eval_accuracy": 0.8169582772543742,
    "eval_f1": 0.8093955427288759,
    "eval_matthews_correlation": 0.6372089648824611,
    "eval_precision": 0.8325791584723625,
    "eval_recall": 0.8052170096824627,
    "eval_auc": 0.9212639316833222,
    "eval_auprc": 0.9094250864628354,
    "eval_runtime": 1.1189,
    "eval_samples_per_second": 1328.105,
    "eval_steps_per_second": 83.118,
    "epoch": 6.0
  }
}