{
  "experiment": "cross_length",
  "model_type": "lamar",
  "variant": "random",
  "pair_name": "DDX3X_HepG2_ENCSR648LAH",
  "pretrain_path": "",
  "max_length": 1024,
  "n_folds": 5,
  "hyperparameters": {
    "learning_rate": 5e-05,
    "per_device_train_batch_size": 16,
    "weight_decay": 0.01,
    "warmup_ratio": 0.1,
    "num_train_epochs": 10,
    "gradient_accumulation_steps": 1,
    "early_stopping_patience": 3
  },
  "cv_metrics": {
    "epoch_mean": 7.2,
    "epoch_std": 2.7129319932501077,
    "eval_accuracy_mean": 0.9310483870967742,
    "eval_accuracy_std": 0.00914176132964084,
    "eval_auc_mean": 0.9753873956991083,
    "eval_auc_std": 0.002974475058282015,
    "eval_auprc_mean": 0.9560834785293737,
    "eval_auprc_std": 0.010133407742035503,
    "eval_f1_mean": 0.8950758243696534,
    "eval_f1_std": 0.011589842141743288,
    "eval_loss_mean": 0.21531515717506408,
    "eval_loss_std": 0.04026325787834518,
    "eval_matthews_correlation_mean": 0.8444630316729095,
    "eval_matthews_correlation_std": 0.019322601200651785,
    "eval_precision_mean": 0.9064555536592623,
    "eval_precision_std": 0.033418493066211336,
    "eval_recall_mean": 0.8850595883963812,
    "eval_recall_std": 0.013045685965171663,
    "eval_runtime_mean": 17.061079999999997,
    "eval_runtime_std": 0.004323147001895005,
    "eval_samples_per_second_mean": 58.3548,
    "eval_samples_per_second_std": 0.022103393404634006,
    "eval_steps_per_second_mean": 3.6927999999999996,
    "eval_steps_per_second_std": 0.0007483314773547059
  },
  "cv_fold_metrics": [
    {
      "eval_loss": 0.22440238296985626,
      "eval_accuracy": 0.9284274193548387,
      "eval_f1": 0.8912710566615619,
      "eval_precision": 0.8981481481481481,
      "eval_recall": 0.8844984802431611,
      "eval_auc": 0.9733618488311855,
      "eval_auprc": 0.9454795948191408,
      "eval_matthews_correlation": 0.8379869479777788,
      "eval_runtime": 17.0587,
      "eval_samples_per_second": 58.386,
      "eval_steps_per_second": 3.693,
      "epoch": 10.0
    },
    {
      "eval_loss": 0.18715953826904297,
      "eval_accuracy": 0.9324596774193549,
      "eval_f1": 0.8961240310077518,
      "eval_precision": 0.9174603174603174,
      "eval_recall": 0.8757575757575757,
      "eval_auc": 0.977080472397693,
      "eval_auprc": 0.961738010252569,
      "eval_matthews_correlation": 0.8466292943983035,
      "eval_runtime": 17.0658,
      "eval_samples_per_second": 58.362,
      "eval_steps_per_second": 3.692,
      "epoch": 4.0
    },
    {
      "eval_loss": 0.18139824271202087,
      "eval_accuracy": 0.9425403225806451,
      "eval_f1": 0.9090909090909091,
      "eval_precision": 0.9563758389261745,
      "eval_recall": 0.8662613981762918,
      "eval_auc": 0.9757480733701008,
      "eval_auprc": 0.96776418567532,
      "eval_matthews_correlation": 0.8695059980276467,
      "eval_runtime": 17.0655,
      "eval_samples_per_second": 58.363,
      "eval_steps_per_second": 3.692,
      "epoch": 4.0
    },
    {
      "eval_loss": 0.1934536248445511,
      "eval_accuracy": 0.936491935483871,
      "eval_f1": 0.9035222052067382,
      "eval_precision": 0.9076923076923077,
      "eval_recall": 0.899390243902439,
      "eval_auc": 0.9796824493094328,
      "eval_auprc": 0.9629627800376466,
      "eval_matthews_correlation": 0.8562109385012239,
      "eval_runtime": 17.0611,
      "eval_samples_per_second": 58.32,
      "eval_steps_per_second": 3.693,
      "epoch": 10.0
    },
    {
      "eval_loss": 0.29016199707984924,
      "eval_accuracy": 0.9153225806451613,
      "eval_f1": 0.8753709198813057,
      "eval_precision": 0.8526011560693642,
      "eval_recall": 0.899390243902439,
      "eval_auc": 0.971064134587129,
      "eval_auprc": 0.9424728218621928,
      "eval_matthews_correlation": 0.811981979459594,
      "eval_runtime": 17.0543,
      "eval_samples_per_second": 58.343,
      "eval_steps_per_second": 3.694,
      "epoch": 8.0
    }
  ],
  "test_metrics": {
    "eval_loss": 0.2982861399650574,
    "eval_accuracy": 0.8901231263383298,
    "eval_f1": 0.8730477810422143,
    "eval_precision": 0.9598775926555594,
    "eval_recall": 0.8006239364719229,
    "eval_auc": 0.9584558873205747,
    "eval_auprc": 0.9570176679299204,
    "eval_matthews_correlation": 0.7875387162054077,
    "eval_runtime": 128.3752,
    "eval_samples_per_second": 58.321,
    "eval_steps_per_second": 3.646,
    "epoch": 4.0
  }
}