{
  "best_layer": 12,
  "best_auroc": 0.939243781977346,
  "variant": "lamar_random",
  "task_id": "data/MATR3_K562_IDR",
  "layer_aurocs": {
    "0": 0.9055023215922869,
    "1": 0.9372593381243901,
    "2": 0.9367802324549729,
    "3": 0.9364948392630055,
    "4": 0.9367314346553102,
    "5": 0.937413125129388,
    "6": 0.9382441664448585,
    "7": 0.9345739804217313,
    "8": 0.9376970396001539,
    "9": 0.9364268180877178,
    "10": 0.9378804010291899,
    "11": 0.9371720935734776,
    "12": 0.939243781977346
  }
}