{
  "best_layer": 11,
  "best_auroc": 0.8719102120486204,
  "variant": "lamar_random",
  "task_id": "data/KHSRP_K562_IDR",
  "layer_aurocs": {
    "0": 0.8631310442729128,
    "1": 0.862956555171088,
    "2": 0.8643768668855175,
    "3": 0.8578623606305268,
    "4": 0.8666296986366191,
    "5": 0.8612619406737053,
    "6": 0.8004258717061485,
    "7": 0.867438559134061,
    "8": 0.865857806169225,
    "9": 0.8649676160056783,
    "10": 0.866134327033981,
    "11": 0.8719102120486204,
    "12": 0.8585085617957591
  }
}