{
  "best_layer": 0,
  "best_auroc": 0.8931505633927778,
  "variant": "lamar_random",
  "task_id": "data/QKI_K562_IDR",
  "layer_aurocs": {
    "0": 0.8931505633927778,
    "1": 0.7633957353680537,
    "2": 0.8370523171561235,
    "3": 0.832006920415225,
    "4": 0.8375195930559253,
    "5": 0.8339026409960667,
    "6": 0.8447409280454263,
    "7": 0.7689734717416379,
    "8": 0.8436503711590216,
    "9": 0.8395188241209002,
    "10": 0.8340542099192619,
    "11": 0.8233815396445154,
    "12": 0.8347115014935085
  }
}