{
  "best_layer": 8,
  "best_auroc": 0.8315910744388253,
  "variant": "lamar_random",
  "task_id": "finetune_data_koo/SRSF1_K562_200",
  "layer_aurocs": {
    "0": 0.8297542069618193,
    "1": 0.8297570461065271,
    "2": 0.8278724455091238,
    "3": 0.8029373909443113,
    "4": 0.8273139620855885,
    "5": 0.8261356578830628,
    "6": 0.8281287374678378,
    "7": 0.8313615177594416,
    "8": 0.8315910744388253,
    "9": 0.8260258776210334,
    "10": 0.8252459113358768,
    "11": 0.8158211043089935,
    "12": 0.8177294235944755
  }
}