{
  "experiment": "cross_cell",
  "model_type": "dnabert2",
  "variant": "tapt_v3",
  "pair_name": "DDX55_train_K562_test_HepG2_fixlen_101",
  "max_length": 128,
  "n_folds": 5,
  "hyperparameters": {
    "learning_rate": 5e-05,
    "per_device_train_batch_size": 16,
    "weight_decay": 0.01,
    "warmup_ratio": 0.1,
    "num_train_epochs": 10,
    "gradient_accumulation_steps": 1,
    "early_stopping_patience": 3
  },
  "cv_metrics": {
    "epoch_mean": 6.4,
    "epoch_std": 0.48989794855663565,
    "eval_accuracy_mean": 0.7784872583734834,
    "eval_accuracy_std": 0.017296690975916063,
    "eval_auc_mean": 0.8633398507573317,
    "eval_auc_std": 0.011702326744966712,
    "eval_auprc_mean": 0.8137567863998489,
    "eval_auprc_std": 0.016493631883498117,
    "eval_f1_mean": 0.7706741172122163,
    "eval_f1_std": 0.023108721808910177,
    "eval_loss_mean": 0.5858265280723571,
    "eval_loss_std": 0.06812979438649601,
    "eval_matthews_correlation_mean": 0.5545531813813879,
    "eval_matthews_correlation_std": 0.03159360390631566,
    "eval_precision_mean": 0.7853251689771026,
    "eval_precision_std": 0.01062326614239583,
    "eval_recall_mean": 0.7698376876350373,
    "eval_recall_std": 0.023615204479446376,
    "eval_runtime_mean": 0.27513999999999994,
    "eval_runtime_std": 0.010394537026727073,
    "eval_samples_per_second_mean": 1169.8162,
    "eval_samples_per_second_std": 44.08424483826395,
    "eval_steps_per_second_mean": 76.43820000000001,
    "eval_steps_per_second_std": 2.9664633083859275
  },
  "cv_fold_metrics": [
    {
      "eval_loss": 0.5835790038108826,
      "eval_accuracy": 0.7763975155279503,
      "eval_f1": 0.7746938775510204,
      "eval_matthews_correlation": 0.5503572393512739,
      "eval_precision": 0.7739824174121839,
      "eval_recall": 0.7763800445364691,
      "eval_auc": 0.8491620111731844,
      "eval_auprc": 0.7828181000478016,
      "eval_runtime": 0.2826,
      "eval_samples_per_second": 1139.601,
      "eval_steps_per_second": 74.322,
      "epoch": 7.0
    },
    {
      "eval_loss": 0.6704153418540955,
      "eval_accuracy": 0.7515527950310559,
      "eval_f1": 0.731498853450073,
      "eval_matthews_correlation": 0.507879795048629,
      "eval_precision": 0.7802197802197802,
      "eval_recall": 0.7301246239793726,
      "eval_auc": 0.851545102941751,
      "eval_auprc": 0.8203758032904003,
      "eval_runtime": 0.287,
      "eval_samples_per_second": 1121.87,
      "eval_steps_per_second": 73.165,
      "epoch": 6.0
    },
    {
      "eval_loss": 0.5690953731536865,
      "eval_accuracy": 0.8037383177570093,
      "eval_f1": 0.7988581772610179,
      "eval_matthews_correlation": 0.6013671243460765,
      "eval_precision": 0.8052137305699482,
      "eval_recall": 0.7962206332992849,
      "eval_auc": 0.8808831617820382,
      "eval_auprc": 0.8188896827165401,
      "eval_runtime": 0.2777,
      "eval_samples_per_second": 1155.792,
      "eval_steps_per_second": 75.613,
      "epoch": 7.0
    },
    {
      "eval_loss": 0.47051161527633667,
      "eval_accuracy": 0.7881619937694704,
      "eval_f1": 0.7864187866927593,
      "eval_matthews_correlation": 0.5738290592950723,
      "eval_precision": 0.7856140350877193,
      "eval_recall": 0.7882209457864505,
      "eval_auc": 0.8667479738767803,
      "eval_auprc": 0.8319749341081021,
      "eval_runtime": 0.2572,
      "eval_samples_per_second": 1247.999,
      "eval_steps_per_second": 81.645,
      "epoch": 6.0
    },
    {
      "eval_loss": 0.6355313062667847,
      "eval_accuracy": 0.7725856697819314,
      "eval_f1": 0.7619008911062113,
      "eval_matthews_correlation": 0.5393326888658879,
      "eval_precision": 0.7815958815958817,
      "eval_recall": 0.7582421905736092,
      "eval_auc": 0.8683610040129043,
      "eval_auprc": 0.8147254118364006,
      "eval_runtime": 0.2712,
      "eval_samples_per_second": 1183.819,
      "eval_steps_per_second": 77.446,
      "epoch": 6.0
    }
  ],
  "test_metrics": {
    "eval_loss": 0.7743837237358093,
    "eval_accuracy": 0.6871816638370118,
    "eval_f1": 0.6595679438956414,
    "eval_matthews_correlation": 0.38816476531122707,
    "eval_precision": 0.7224539411097557,
    "eval_recall": 0.669329305065875,
    "eval_auc": 0.8264121648264984,
    "eval_auprc": 0.7619753232489825,
    "eval_runtime": 1.7934,
    "eval_samples_per_second": 1313.726,
    "eval_steps_per_second": 82.526,
    "epoch": 6.0
  }
}