{
  "best_layer": 8,
  "best_auroc": 0.9160071570106172,
  "variant": "lamar_tapt_1024",
  "task_id": "data/HNRNPM_HepG2_IDR",
  "layer_aurocs": {
    "0": 0.8740661875609973,
    "1": 0.7303847632567356,
    "2": 0.8031703782568835,
    "3": 0.8885266021944223,
    "4": 0.8942906574394464,
    "5": 0.8921746073995209,
    "6": 0.8981382900068022,
    "7": 0.9113979830242807,
    "8": 0.9160071570106172,
    "9": 0.9096442196788217,
    "10": 0.8057877147842545,
    "11": 0.8934241268151302,
    "12": 0.9030298997427024
  }
}