{
  "best_layer": 8,
  "best_auroc": 0.8042927276491291,
  "variant": "lamar_tapt_1024",
  "task_id": "data/ILF3_HepG2_IDR",
  "layer_aurocs": {
    "0": 0.7894108774731613,
    "1": 0.5539023452518262,
    "2": 0.767791234140715,
    "3": 0.7885813148788927,
    "4": 0.745797474344187,
    "5": 0.7943217105846863,
    "6": 0.8035578032117824,
    "7": 0.7154607695265135,
    "8": 0.8042927276491291,
    "9": 0.7330198444385296,
    "10": 0.6099281341495875,
    "11": 0.6675228462425695,
    "12": 0.786406115990891
  }
}