{
  "best_layer": 9,
  "best_auroc": 0.9600331233549226,
  "variant": "lamar_tapt_1024",
  "task_id": "data/PTBP1_HepG2_IDR",
  "layer_aurocs": {
    "0": 0.9420829266850028,
    "1": 0.8648744565699584,
    "2": 0.8668869961257505,
    "3": 0.9474151953390708,
    "4": 0.9477597373791145,
    "5": 0.9460636441605299,
    "6": 0.9499940851151925,
    "7": 0.9480820986011297,
    "8": 0.9586046786738829,
    "9": 0.9600331233549226,
    "10": 0.953301984443853,
    "11": 0.9492133203205867,
    "12": 0.94547363440097
  }
}