{
  "best_layer": 7,
  "best_auroc": 0.9413524384112619,
  "variant": "lamar_tapt_1024",
  "task_id": "data/MATR3_K562_IDR",
  "layer_aurocs": {
    "0": 0.9063570224469878,
    "1": 0.9313341022683584,
    "2": 0.8497190429716381,
    "3": 0.9373865081477538,
    "4": 0.9281060538846007,
    "5": 0.9371218170526129,
    "6": 0.9382619110992814,
    "7": 0.9413524384112619,
    "8": 0.9319034099310916,
    "9": 0.9400570786383934,
    "10": 0.9016029337828646,
    "11": 0.9315692189394612,
    "12": 0.9378212521811138
  }
}