{
  "best_layer": 11,
  "best_auroc": 0.9610312601662082,
  "variant": "lamar_tapt_1024",
  "task_id": "finetune_data_koo/PTBP1_K562_200",
  "layer_aurocs": {
    "0": 0.911143642977553,
    "1": 0.9182222813710703,
    "2": 0.9324608878242095,
    "3": 0.933432407653861,
    "4": 0.9365510306686777,
    "5": 0.9330213231597314,
    "6": 0.9355691597906132,
    "7": 0.9318960163250821,
    "8": 0.9401812912193535,
    "9": 0.9460858249785584,
    "10": 0.9556220980096413,
    "11": 0.9610312601662082,
    "12": 0.9538505900097596
  }
}