{
  "best_layer": 12,
  "best_auroc": 0.9213913287788721,
  "variant": "lamar_tapt_1024",
  "task_id": "finetune_data_koo/RBFOX2_K562_200",
  "layer_aurocs": {
    "0": 0.857823766007157,
    "1": 0.7742224588176145,
    "2": 0.8630590896992281,
    "3": 0.8633648300949339,
    "4": 0.8667504510099666,
    "5": 0.8611636057137787,
    "6": 0.8773954100493893,
    "7": 0.886861000207021,
    "8": 0.8843949368586047,
    "9": 0.8916175139739154,
    "10": 0.9128769408215774,
    "11": 0.9165037115902166,
    "12": 0.9213913287788721
  }
}