{
  "experiment": "cross_length",
  "model_type": "dnabert2",
  "variant": "random",
  "pair_name": "FXR2_K562_ENCSR767OEY",
  "max_length": 256,
  "n_folds": 5,
  "hyperparameters": {
    "learning_rate": 5e-05,
    "per_device_train_batch_size": 16,
    "weight_decay": 0.01,
    "warmup_ratio": 0.1,
    "num_train_epochs": 10,
    "gradient_accumulation_steps": 1,
    "early_stopping_patience": 3
  },
  "cv_metrics": {
    "epoch_mean": 6.8,
    "epoch_std": 0.7483314773547882,
    "eval_accuracy_mean": 0.8311587892555898,
    "eval_accuracy_std": 0.015622478959294708,
    "eval_auc_mean": 0.9075257557536407,
    "eval_auc_std": 0.01323522743096126,
    "eval_auprc_mean": 0.8567367989879792,
    "eval_auprc_std": 0.02204150708544114,
    "eval_f1_mean": 0.7978082487915125,
    "eval_f1_std": 0.02297739591621771,
    "eval_loss_mean": 0.5432250201702118,
    "eval_loss_std": 0.09495677689226005,
    "eval_matthews_correlation_mean": 0.6159932387203989,
    "eval_matthews_correlation_std": 0.03670480028577244,
    "eval_precision_mean": 0.8363773213542363,
    "eval_precision_std": 0.019859124468330592,
    "eval_recall_mean": 0.7828140772172189,
    "eval_recall_std": 0.027252736955320437,
    "eval_runtime_mean": 0.35722,
    "eval_runtime_std": 0.004966044703785893,
    "eval_samples_per_second_mean": 1930.1346,
    "eval_samples_per_second_std": 25.943962061335153,
    "eval_steps_per_second_mean": 123.18879999999999,
    "eval_steps_per_second_std": 1.7108149403135327
  },
  "cv_fold_metrics": [
    {
      "eval_loss": 0.6966866850852966,
      "eval_accuracy": 0.8115942028985508,
      "eval_f1": 0.7820614989892707,
      "eval_matthews_correlation": 0.5696298345623758,
      "eval_precision": 0.7978061224489796,
      "eval_recall": 0.7723904278354364,
      "eval_auc": 0.88449189875308,
      "eval_auprc": 0.8174934034542172,
      "eval_runtime": 0.364,
      "eval_samples_per_second": 1895.698,
      "eval_steps_per_second": 120.885,
      "epoch": 8.0
    },
    {
      "eval_loss": 0.47194042801856995,
      "eval_accuracy": 0.8463768115942029,
      "eval_f1": 0.8166071571852684,
      "eval_matthews_correlation": 0.6504123969027171,
      "eval_precision": 0.853919791298196,
      "eval_recall": 0.7988221458971105,
      "eval_auc": 0.9159168968864332,
      "eval_auprc": 0.8791134703969228,
      "eval_runtime": 0.3583,
      "eval_samples_per_second": 1925.575,
      "eval_steps_per_second": 122.79,
      "epoch": 6.0
    },
    {
      "eval_loss": 0.43337756395339966,
      "eval_accuracy": 0.818577648766328,
      "eval_f1": 0.771020272515786,
      "eval_matthews_correlation": 0.5877648662495365,
      "eval_precision": 0.8462464220660942,
      "eval_recall": 0.7494376230199644,
      "eval_auc": 0.9218858374730526,
      "eval_auprc": 0.8751453867135951,
      "eval_runtime": 0.3501,
      "eval_samples_per_second": 1967.839,
      "eval_steps_per_second": 125.667,
      "epoch": 6.0
    },
    {
      "eval_loss": 0.601796567440033,
      "eval_accuracy": 0.8272859216255443,
      "eval_f1": 0.7868819222241573,
      "eval_matthews_correlation": 0.6060944893626818,
      "eval_precision": 0.8448537443864547,
      "eval_recall": 0.7663089324210329,
      "eval_auc": 0.9135251663698566,
      "eval_auprc": 0.8608809400706212,
      "eval_runtime": 0.3533,
      "eval_samples_per_second": 1949.968,
      "eval_steps_per_second": 124.526,
      "epoch": 7.0
    },
    {
      "eval_loss": 0.5123238563537598,
      "eval_accuracy": 0.8519593613933236,
      "eval_f1": 0.8324703930430801,
      "eval_matthews_correlation": 0.6660646065246832,
      "eval_precision": 0.8390605265714564,
      "eval_recall": 0.8271112569125504,
      "eval_auc": 0.9018089792857812,
      "eval_auprc": 0.8510507943045398,
      "eval_runtime": 0.3604,
      "eval_samples_per_second": 1911.593,
      "eval_steps_per_second": 122.076,
      "epoch": 7.0
    }
  ],
  "test_metrics": {
    "eval_loss": 0.8073534965515137,
    "eval_accuracy": 0.7963419646526921,
    "eval_f1": 0.7893422477392719,
    "eval_matthews_correlation": 0.6057387362739878,
    "eval_precision": 0.8178684891830093,
    "eval_recall": 0.788578004040185,
    "eval_auc": 0.8905393748559497,
    "eval_auprc": 0.8870752068593526,
    "eval_runtime": 2.8334,
    "eval_samples_per_second": 1717.377,
    "eval_steps_per_second": 107.645,
    "epoch": 8.0
  }
}