{
  "experiment": "rbp",
  "model_type": "dnabert2",
  "variant": "dnabert2_tapt_v3",
  "rbp_name": "PUM2_K562_200",
  "weights_path": "/gpfs/bwfor/work/ws/fr_ml642-thesis_work/Thesis/DNABERT2/pretrain/models/dnabert2_tapt_v3/checkpoint-2566",
  "max_length": 512,
  "n_folds": 5,
  "hyperparameters": {
    "learning_rate": 5e-05,
    "per_device_train_batch_size": 16,
    "weight_decay": 0.01,
    "warmup_ratio": 0.1,
    "num_train_epochs": 10,
    "gradient_accumulation_steps": 1,
    "early_stopping_patience": 3
  },
  "cv_metrics": {
    "epoch_mean": 6.4,
    "epoch_std": 1.9595917942265424,
    "eval_accuracy_mean": 0.8856504735989056,
    "eval_accuracy_std": 0.007644203967720553,
    "eval_auc_mean": 0.9543682577455082,
    "eval_auc_std": 0.0035164481637629703,
    "eval_auprc_mean": 0.9539920517533679,
    "eval_auprc_std": 0.003996512413656251,
    "eval_f1_mean": 0.8887096940799569,
    "eval_f1_std": 0.008685795464179316,
    "eval_loss_mean": 0.41027716398239134,
    "eval_loss_std": 0.11293593749348443,
    "eval_matthews_correlation_mean": 0.7728282739123961,
    "eval_matthews_correlation_std": 0.016058400135053073,
    "eval_precision_mean": 0.8682269498944102,
    "eval_precision_std": 0.011845760772295238,
    "eval_recall_mean": 0.9108037632263993,
    "eval_recall_std": 0.023895334901140774,
    "eval_runtime_mean": 2.50692,
    "eval_runtime_std": 0.0068280011716460535,
    "eval_samples_per_second_mean": 925.125,
    "eval_samples_per_second_std": 2.3564165166625153,
    "eval_steps_per_second_mean": 57.840199999999996,
    "eval_steps_per_second_std": 0.15679974489775161
  },
  "cv_fold_metrics": [
    {
      "eval_loss": 0.4952787160873413,
      "eval_accuracy": 0.8827586206896552,
      "eval_f1": 0.8850380388841927,
      "eval_precision": 0.8710482529118136,
      "eval_recall": 0.8994845360824743,
      "eval_matthews_correlation": 0.765899128836971,
      "eval_auc": 0.9506325877834456,
      "eval_auprc": 0.9535532154461573,
      "eval_runtime": 2.52,
      "eval_samples_per_second": 920.642,
      "eval_steps_per_second": 57.54,
      "epoch": 7.0
    },
    {
      "eval_loss": 0.3230685889720917,
      "eval_accuracy": 0.888745148771022,
      "eval_f1": 0.8956310679611651,
      "eval_precision": 0.8463302752293578,
      "eval_recall": 0.9510309278350515,
      "eval_matthews_correlation": 0.7834509655716918,
      "eval_auc": 0.9577899763466773,
      "eval_auprc": 0.9550931719646281,
      "eval_runtime": 2.5026,
      "eval_samples_per_second": 926.645,
      "eval_steps_per_second": 57.94,
      "epoch": 5.0
    },
    {
      "eval_loss": 0.30272242426872253,
      "eval_accuracy": 0.8870202673566192,
      "eval_f1": 0.8899159663865546,
      "eval_precision": 0.8708881578947368,
      "eval_recall": 0.9097938144329897,
      "eval_matthews_correlation": 0.7747776163373741,
      "eval_auc": 0.9580741137442167,
      "eval_auprc": 0.957559343633726,
      "eval_runtime": 2.5072,
      "eval_samples_per_second": 924.93,
      "eval_steps_per_second": 57.833,
      "epoch": 5.0
    },
    {
      "eval_loss": 0.5903582572937012,
      "eval_accuracy": 0.8965071151358344,
      "eval_f1": 0.8988195615514334,
      "eval_precision": 0.8824503311258278,
      "eval_recall": 0.915807560137457,
      "eval_matthews_correlation": 0.793552374749391,
      "eval_auc": 0.9555600184466163,
      "eval_auprc": 0.9572057386579834,
      "eval_runtime": 2.5013,
      "eval_samples_per_second": 927.111,
      "eval_steps_per_second": 57.969,
      "epoch": 10.0
    },
    {
      "eval_loss": 0.3399578332901001,
      "eval_accuracy": 0.8732212160413971,
      "eval_f1": 0.8741438356164384,
      "eval_precision": 0.8704177323103154,
      "eval_recall": 0.8779019776440241,
      "eval_matthews_correlation": 0.7464612840665519,
      "eval_auc": 0.9497845924065849,
      "eval_auprc": 0.9465487890643447,
      "eval_runtime": 2.5035,
      "eval_samples_per_second": 926.297,
      "eval_steps_per_second": 57.919,
      "epoch": 5.0
    }
  ],
  "test_metrics": {
    "eval_loss": 0.3738085925579071,
    "eval_accuracy": 0.9020689655172414,
    "eval_f1": 0.9003508771929825,
    "eval_precision": 0.9028852920478536,
    "eval_recall": 0.8978306508047585,
    "eval_matthews_correlation": 0.8040934276044489,
    "eval_auc": 0.9590508639386431,
    "eval_auprc": 0.9601206224607449,
    "eval_runtime": 3.1571,
    "eval_samples_per_second": 918.556,
    "eval_steps_per_second": 57.647,
    "epoch": 7.0
  }
}