{
  "experiment": "cross_length",
  "model_type": "dnabert2",
  "variant": "pretrained",
  "pair_name": "HNRNPU_HepG2_ENCSR240MVJ",
  "max_length": 256,
  "n_folds": 5,
  "hyperparameters": {
    "learning_rate": 5e-05,
    "per_device_train_batch_size": 16,
    "weight_decay": 0.01,
    "warmup_ratio": 0.1,
    "num_train_epochs": 10,
    "gradient_accumulation_steps": 1,
    "early_stopping_patience": 3
  },
  "cv_metrics": {
    "epoch_mean": 6.6,
    "epoch_std": 1.2,
    "eval_accuracy_mean": 0.8359851988899167,
    "eval_accuracy_std": 0.07120486827788162,
    "eval_auc_mean": 0.9124914301384889,
    "eval_auc_std": 0.06230131178407382,
    "eval_auprc_mean": 0.8519508195260702,
    "eval_auprc_std": 0.10602909943589697,
    "eval_f1_mean": 0.7813217533227498,
    "eval_f1_std": 0.10790406674520829,
    "eval_loss_mean": 0.3639159321784973,
    "eval_loss_std": 0.10994769634305929,
    "eval_matthews_correlation_mean": 0.6020596387043564,
    "eval_matthews_correlation_std": 0.16776102800092416,
    "eval_precision_mean": 0.8305351162116811,
    "eval_precision_std": 0.0795052416937544,
    "eval_recall_mean": 0.7875702728643905,
    "eval_recall_std": 0.10893775393754906,
    "eval_runtime_mean": 0.03218,
    "eval_runtime_std": 0.0016067358214715947,
    "eval_samples_per_second_mean": 1445.7448,
    "eval_samples_per_second_std": 64.01487564433754,
    "eval_steps_per_second_mean": 93.4986,
    "eval_steps_per_second_std": 4.523287592006508
  },
  "cv_fold_metrics": [
    {
      "eval_loss": 0.2904822826385498,
      "eval_accuracy": 0.8936170212765957,
      "eval_f1": 0.863768115942029,
      "eval_matthews_correlation": 0.7287756747142159,
      "eval_precision": 0.8738095238095238,
      "eval_recall": 0.8552036199095023,
      "eval_auc": 0.9547511312217194,
      "eval_auprc": 0.9086835683825647,
      "eval_runtime": 0.0314,
      "eval_samples_per_second": 1495.625,
      "eval_steps_per_second": 95.465,
      "epoch": 8.0
    },
    {
      "eval_loss": 0.34029632806777954,
      "eval_accuracy": 0.8297872340425532,
      "eval_f1": 0.7965367965367964,
      "eval_matthews_correlation": 0.5970365794695799,
      "eval_precision": 0.7864583333333333,
      "eval_recall": 0.8110859728506787,
      "eval_auc": 0.9457013574660634,
      "eval_auprc": 0.9022435897435894,
      "eval_runtime": 0.0349,
      "eval_samples_per_second": 1347.508,
      "eval_steps_per_second": 86.011,
      "epoch": 6.0
    },
    {
      "eval_loss": 0.212639719247818,
      "eval_accuracy": 0.9347826086956522,
      "eval_f1": 0.9213675213675214,
      "eval_matthews_correlation": 0.843983723070845,
      "eval_precision": 0.9129464285714286,
      "eval_recall": 0.9312354312354313,
      "eval_auc": 0.9836829836829837,
      "eval_auprc": 0.9627535925612845,
      "eval_runtime": 0.0302,
      "eval_samples_per_second": 1523.299,
      "eval_steps_per_second": 99.346,
      "epoch": 8.0
    },
    {
      "eval_loss": 0.507750928401947,
      "eval_accuracy": 0.7391304347826086,
      "eval_f1": 0.7032258064516128,
      "eval_matthews_correlation": 0.41966737003926224,
      "eval_precision": 0.6957403651115619,
      "eval_recall": 0.7249417249417249,
      "eval_auc": 0.8205128205128205,
      "eval_auprc": 0.6580041938737591,
      "eval_runtime": 0.0315,
      "eval_samples_per_second": 1462.05,
      "eval_steps_per_second": 95.351,
      "epoch": 6.0
    },
    {
      "eval_loss": 0.4684104025363922,
      "eval_accuracy": 0.782608695652174,
      "eval_f1": 0.6217105263157895,
      "eval_matthews_correlation": 0.4208348462278786,
      "eval_precision": 0.8837209302325582,
      "eval_recall": 0.6153846153846154,
      "eval_auc": 0.8578088578088578,
      "eval_auprc": 0.8280691530691529,
      "eval_runtime": 0.0329,
      "eval_samples_per_second": 1400.242,
      "eval_steps_per_second": 91.32,
      "epoch": 5.0
    }
  ],
  "test_metrics": {
    "eval_loss": 0.44592565298080444,
    "eval_accuracy": 0.7954070981210856,
    "eval_f1": 0.7944314041479821,
    "eval_matthews_correlation": 0.6127080308221091,
    "eval_precision": 0.8116115029842648,
    "eval_recall": 0.8011852318019719,
    "eval_auc": 0.9099713306761764,
    "eval_auprc": 0.8862603202702273,
    "eval_runtime": 0.2901,
    "eval_samples_per_second": 1650.964,
    "eval_steps_per_second": 103.401,
    "epoch": 6.0
  }
}