{
  "experiment": "cross_length",
  "model_type": "lamar",
  "variant": "pretrained_custom",
  "pair_name": "AGGF1_K562_ENCSR725ARB",
  "pretrain_path": "/gpfs/bwfor/work/ws/fr_ml642-thesis_work/Thesis/LAMAR/src/pretrain/saving_model/tapt_512_standard_collator_1gpu/checkpoint-265000/model.safetensors",
  "max_length": 512,
  "n_folds": 5,
  "hyperparameters": {
    "learning_rate": 5e-05,
    "per_device_train_batch_size": 16,
    "weight_decay": 0.01,
    "warmup_ratio": 0.1,
    "num_train_epochs": 10,
    "gradient_accumulation_steps": 1,
    "early_stopping_patience": 3
  },
  "cv_metrics": {
    "epoch_mean": 7.4,
    "epoch_std": 1.3564659966250536,
    "eval_accuracy_mean": 0.8384803921568628,
    "eval_accuracy_std": 0.016042223697993692,
    "eval_auc_mean": 0.9146642892517063,
    "eval_auc_std": 0.009108388821407824,
    "eval_auprc_mean": 0.8925704645370095,
    "eval_auprc_std": 0.01269571188228567,
    "eval_f1_mean": 0.771153163372369,
    "eval_f1_std": 0.04704857727734201,
    "eval_loss_mean": 0.3830868721008301,
    "eval_loss_std": 0.027694285511598495,
    "eval_matthews_correlation_mean": 0.6584606043314041,
    "eval_matthews_correlation_std": 0.03167292759405108,
    "eval_precision_mean": 0.8173646545365252,
    "eval_precision_std": 0.07241721997562897,
    "eval_recall_mean": 0.7505865967424665,
    "eval_recall_std": 0.11349160400825006,
    "eval_runtime_mean": 6.09696,
    "eval_runtime_std": 0.0030143656048994484,
    "eval_samples_per_second_mean": 134.29659999999998,
    "eval_samples_per_second_std": 0.08515538738095779,
    "eval_steps_per_second_mean": 8.529,
    "eval_steps_per_second_std": 0.00414728827066573
  },
  "cv_fold_metrics": [
    {
      "eval_loss": 0.3700856864452362,
      "eval_accuracy": 0.8455882352941176,
      "eval_f1": 0.8037383177570093,
      "eval_precision": 0.7655786350148368,
      "eval_recall": 0.8459016393442623,
      "eval_auc": 0.9240832825382568,
      "eval_auprc": 0.909428088040303,
      "eval_matthews_correlation": 0.6792755566146472,
      "eval_runtime": 6.0956,
      "eval_samples_per_second": 134.36,
      "eval_steps_per_second": 8.531,
      "epoch": 9.0
    },
    {
      "eval_loss": 0.3651028871536255,
      "eval_accuracy": 0.8480392156862745,
      "eval_f1": 0.7898305084745763,
      "eval_precision": 0.8175438596491228,
      "eval_recall": 0.7639344262295082,
      "eval_auc": 0.9099098521061244,
      "eval_auprc": 0.8871734218841452,
      "eval_matthews_correlation": 0.6719891510996009,
      "eval_runtime": 6.0927,
      "eval_samples_per_second": 134.424,
      "eval_steps_per_second": 8.535,
      "epoch": 7.0
    },
    {
      "eval_loss": 0.422442227602005,
      "eval_accuracy": 0.8235294117647058,
      "eval_f1": 0.7714285714285715,
      "eval_precision": 0.745398773006135,
      "eval_recall": 0.7993421052631579,
      "eval_auc": 0.9047915810032895,
      "eval_auprc": 0.8756588711412022,
      "eval_matthews_correlation": 0.6290179033338739,
      "eval_runtime": 6.0993,
      "eval_samples_per_second": 134.277,
      "eval_steps_per_second": 8.526,
      "epoch": 8.0
    },
    {
      "eval_loss": 0.34924930334091187,
      "eval_accuracy": 0.8590686274509803,
      "eval_f1": 0.8099173553719009,
      "eval_precision": 0.805921052631579,
      "eval_recall": 0.813953488372093,
      "eval_auc": 0.9270780247072864,
      "eval_auprc": 0.905087273106747,
      "eval_matthews_correlation": 0.6979667682169691,
      "eval_runtime": 6.1013,
      "eval_samples_per_second": 134.233,
      "eval_steps_per_second": 8.523,
      "epoch": 8.0
    },
    {
      "eval_loss": 0.4085542559623718,
      "eval_accuracy": 0.8161764705882353,
      "eval_f1": 0.6808510638297873,
      "eval_precision": 0.9523809523809523,
      "eval_recall": 0.5298013245033113,
      "eval_auc": 0.9074587059035741,
      "eval_auprc": 0.8855046685126501,
      "eval_matthews_correlation": 0.6140536423919295,
      "eval_runtime": 6.0959,
      "eval_samples_per_second": 134.189,
      "eval_steps_per_second": 8.53,
      "epoch": 5.0
    }
  ],
  "test_metrics": {
    "eval_loss": 0.5173451900482178,
    "eval_accuracy": 0.8158723021582733,
    "eval_f1": 0.7660668380462726,
    "eval_precision": 0.9530916844349681,
    "eval_recall": 0.6404011461318052,
    "eval_auc": 0.8792392635348477,
    "eval_auprc": 0.9007003775814306,
    "eval_matthews_correlation": 0.6572729998591368,
    "eval_runtime": 33.1276,
    "eval_samples_per_second": 134.661,
    "eval_steps_per_second": 8.422,
    "epoch": 8.0
  }
}