{
  "experiment": "rbp",
  "model_type": "dnabert2",
  "variant": "dnabert2_tapt_v3",
  "rbp_name": "KHSRP_K562_IDR",
  "weights_path": "/gpfs/bwfor/work/ws/fr_ml642-thesis_work/Thesis/DNABERT2/pretrain/models/dnabert2_tapt_v3/checkpoint-2566",
  "max_length": 512,
  "n_folds": 5,
  "hyperparameters": {
    "learning_rate": 5e-05,
    "per_device_train_batch_size": 16,
    "weight_decay": 0.01,
    "warmup_ratio": 0.1,
    "num_train_epochs": 10,
    "gradient_accumulation_steps": 1,
    "early_stopping_patience": 3
  },
  "cv_metrics": {
    "epoch_mean": 6.0,
    "epoch_std": 2.0976176963403033,
    "eval_accuracy_mean": 0.8742551054569802,
    "eval_accuracy_std": 0.0045724689351464036,
    "eval_auc_mean": 0.9458407479167903,
    "eval_auc_std": 0.0035956793301732794,
    "eval_auprc_mean": 0.9356123719349478,
    "eval_auprc_std": 0.0037115865211611167,
    "eval_f1_mean": 0.8801403527535798,
    "eval_f1_std": 0.005041789345227353,
    "eval_loss_mean": 0.3584280967712402,
    "eval_loss_std": 0.04209532072543977,
    "eval_matthews_correlation_mean": 0.7533162551516714,
    "eval_matthews_correlation_std": 0.009425731005243585,
    "eval_precision_mean": 0.841273081123626,
    "eval_precision_std": 0.018012089170051274,
    "eval_recall_mean": 0.9239370605959157,
    "eval_recall_std": 0.026384212949413018,
    "eval_runtime_mean": 4.65722,
    "eval_runtime_std": 0.006705639417684096,
    "eval_samples_per_second_mean": 1282.7422000000001,
    "eval_samples_per_second_std": 1.845817694139876,
    "eval_steps_per_second_mean": 80.3056,
    "eval_steps_per_second_std": 0.11548263938791932
  },
  "cv_fold_metrics": [
    {
      "eval_loss": 0.3918873071670532,
      "eval_accuracy": 0.871108135252762,
      "eval_f1": 0.8765630009618467,
      "eval_precision": 0.8409720086127346,
      "eval_recall": 0.9152996317375293,
      "eval_matthews_correlation": 0.7451322967240945,
      "eval_auc": 0.9419010668818311,
      "eval_auprc": 0.9335150966162006,
      "eval_runtime": 4.6511,
      "eval_samples_per_second": 1284.436,
      "eval_steps_per_second": 80.412,
      "epoch": 6.0
    },
    {
      "eval_loss": 0.30163952708244324,
      "eval_accuracy": 0.875460328088383,
      "eval_f1": 0.8846153846153846,
      "eval_precision": 0.8240392950014447,
      "eval_recall": 0.954804151322397,
      "eval_matthews_correlation": 0.7605578087249171,
      "eval_auc": 0.9525484778421032,
      "eval_auprc": 0.942908740560072,
      "eval_runtime": 4.6686,
      "eval_samples_per_second": 1279.613,
      "eval_steps_per_second": 80.11,
      "epoch": 5.0
    },
    {
      "eval_loss": 0.3599124848842621,
      "eval_accuracy": 0.881653833277536,
      "eval_f1": 0.8877243131649992,
      "eval_precision": 0.8444108761329305,
      "eval_recall": 0.9357214596585203,
      "eval_matthews_correlation": 0.7678099571623365,
      "eval_auc": 0.9459408917271127,
      "eval_auprc": 0.9334967061939606,
      "eval_runtime": 4.6598,
      "eval_samples_per_second": 1282.035,
      "eval_steps_per_second": 80.261,
      "epoch": 5.0
    },
    {
      "eval_loss": 0.3231184780597687,
      "eval_accuracy": 0.8680950786742551,
      "eval_f1": 0.8765277342525853,
      "eval_precision": 0.8238586156111929,
      "eval_recall": 0.9363910277870774,
      "eval_matthews_correlation": 0.7431554532583671,
      "eval_auc": 0.944349518598,
      "eval_auprc": 0.9350741543756909,
      "eval_runtime": 4.6565,
      "eval_samples_per_second": 1282.925,
      "eval_steps_per_second": 80.317,
      "epoch": 4.0
    },
    {
      "eval_loss": 0.41558268666267395,
      "eval_accuracy": 0.8749581519919651,
      "eval_f1": 0.8752713307730839,
      "eval_precision": 0.8730846102598268,
      "eval_recall": 0.8774690324740543,
      "eval_matthews_correlation": 0.7499257598886421,
      "eval_auc": 0.944463784534904,
      "eval_auprc": 0.9330671619288143,
      "eval_runtime": 4.6501,
      "eval_samples_per_second": 1284.702,
      "eval_steps_per_second": 80.428,
      "epoch": 10.0
    }
  ],
  "test_metrics": {
    "eval_loss": 0.3123517632484436,
    "eval_accuracy": 0.8829666160849773,
    "eval_f1": 0.8830331753554502,
    "eval_precision": 0.8825312618416067,
    "eval_recall": 0.883535660091047,
    "eval_matthews_correlation": 0.7659337282057719,
    "eval_auc": 0.9455269169040323,
    "eval_auprc": 0.9204265363515999,
    "eval_runtime": 4.0416,
    "eval_samples_per_second": 1304.44,
    "eval_steps_per_second": 81.651,
    "epoch": 5.0
  }
}