{
  "experiment": "cross_length",
  "model_type": "lamar",
  "variant": "tapt_512",
  "pair_name": "FTO_K562_ENCSR989SMC",
  "pretrain_path": "/gpfs/bwfor/work/ws/fr_ml642-thesis_work/Thesis/LAMAR/src/pretrain/saving_model/tapt_lamar/checkpoint-98000/model.safetensors",
  "max_length": 1024,
  "n_folds": 5,
  "hyperparameters": {
    "learning_rate": 5e-05,
    "per_device_train_batch_size": 16,
    "weight_decay": 0.01,
    "warmup_ratio": 0.1,
    "num_train_epochs": 10,
    "gradient_accumulation_steps": 1,
    "early_stopping_patience": 3
  },
  "cv_metrics": {
    "epoch_mean": 6.8,
    "epoch_std": 1.16619037896906,
    "eval_accuracy_mean": 0.8291666666666666,
    "eval_accuracy_std": 0.028412878535387213,
    "eval_auc_mean": 0.8782935715588076,
    "eval_auc_std": 0.01877403592681752,
    "eval_auprc_mean": 0.8301786522862427,
    "eval_auprc_std": 0.020448654689086587,
    "eval_f1_mean": 0.7525021645021645,
    "eval_f1_std": 0.05488220381687088,
    "eval_loss_mean": 0.47996469140052794,
    "eval_loss_std": 0.054316629562100927,
    "eval_matthews_correlation_mean": 0.6320470613521215,
    "eval_matthews_correlation_std": 0.06099218854728732,
    "eval_precision_mean": 0.7953644387157344,
    "eval_precision_std": 0.041691175627027406,
    "eval_recall_mean": 0.7282872100519159,
    "eval_recall_std": 0.11555859266916836,
    "eval_runtime_mean": 1.6588,
    "eval_runtime_std": 0.0004242640687119446,
    "eval_samples_per_second_mean": 63.1774,
    "eval_samples_per_second_std": 0.22998486906750962,
    "eval_steps_per_second_mean": 4.219799999999999,
    "eval_steps_per_second_std": 0.0009797958971132722
  },
  "cv_fold_metrics": [
    {
      "eval_loss": 0.5047785639762878,
      "eval_accuracy": 0.84375,
      "eval_f1": 0.761904761904762,
      "eval_precision": 0.8,
      "eval_recall": 0.7272727272727273,
      "eval_auc": 0.8768638768638769,
      "eval_auprc": 0.8325048802358029,
      "eval_matthews_correlation": 0.6476427756840266,
      "eval_runtime": 1.6589,
      "eval_samples_per_second": 63.295,
      "eval_steps_per_second": 4.22,
      "epoch": 6.0
    },
    {
      "eval_loss": 0.44003525376319885,
      "eval_accuracy": 0.8229166666666666,
      "eval_f1": 0.7733333333333334,
      "eval_precision": 0.7435897435897436,
      "eval_recall": 0.8055555555555556,
      "eval_auc": 0.8842592592592593,
      "eval_auprc": 0.864543572543553,
      "eval_matthews_correlation": 0.629770740892962,
      "eval_runtime": 1.6595,
      "eval_samples_per_second": 63.271,
      "eval_steps_per_second": 4.218,
      "epoch": 5.0
    },
    {
      "eval_loss": 0.4945865571498871,
      "eval_accuracy": 0.7916666666666666,
      "eval_f1": 0.6666666666666666,
      "eval_precision": 0.8695652173913043,
      "eval_recall": 0.5405405405405406,
      "eval_auc": 0.847457627118644,
      "eval_auprc": 0.8241880516488511,
      "eval_matthews_correlation": 0.5583743877539618,
      "eval_runtime": 1.6586,
      "eval_samples_per_second": 63.305,
      "eval_steps_per_second": 4.22,
      "epoch": 8.0
    },
    {
      "eval_loss": 0.40170207619667053,
      "eval_accuracy": 0.875,
      "eval_f1": 0.8333333333333333,
      "eval_precision": 0.7894736842105263,
      "eval_recall": 0.8823529411764706,
      "eval_auc": 0.9060721062618596,
      "eval_auprc": 0.8289214478207341,
      "eval_matthews_correlation": 0.7367317724443136,
      "eval_runtime": 1.6588,
      "eval_samples_per_second": 63.298,
      "eval_steps_per_second": 4.22,
      "epoch": 7.0
    },
    {
      "eval_loss": 0.5587210059165955,
      "eval_accuracy": 0.8125,
      "eval_f1": 0.7272727272727272,
      "eval_precision": 0.7741935483870968,
      "eval_recall": 0.6857142857142857,
      "eval_auc": 0.8768149882903982,
      "eval_auprc": 0.8007353091822728,
      "eval_matthews_correlation": 0.5877156299853437,
      "eval_runtime": 1.6582,
      "eval_samples_per_second": 62.718,
      "eval_steps_per_second": 4.221,
      "epoch": 8.0
    }
  ],
  "test_metrics": {
    "eval_loss": 0.382346510887146,
    "eval_accuracy": 0.8194444444444444,
    "eval_f1": 0.7782515991471215,
    "eval_precision": 0.9656084656084656,
    "eval_recall": 0.6517857142857143,
    "eval_auc": 0.9324083011583011,
    "eval_auprc": 0.9403581033187308,
    "eval_matthews_correlation": 0.6704389653794277,
    "eval_runtime": 19.8252,
    "eval_samples_per_second": 58.663,
    "eval_steps_per_second": 3.682,
    "epoch": 7.0
  }
}