{
  "experiment": "cross_cell",
  "model_type": "lamar",
  "variant": "random",
  "pair_name": "SNRPD3_train_K562_test_HepG2_fixlen_101",
  "pretrain_path": "",
  "max_length": 1024,
  "n_folds": 5,
  "hyperparameters": {
    "learning_rate": 5e-05,
    "per_device_train_batch_size": 16,
    "weight_decay": 0.01,
    "warmup_ratio": 0.1,
    "num_train_epochs": 10,
    "gradient_accumulation_steps": 1,
    "early_stopping_patience": 3
  },
  "cv_metrics": {
    "epoch_mean": 10.0,
    "epoch_std": 0.0,
    "eval_accuracy_mean": 0.7068965517241379,
    "eval_accuracy_std": 0.008402408917938736,
    "eval_auc_mean": 0.77828125,
    "eval_auc_std": 0.013790042960917319,
    "eval_auprc_mean": 0.7687129216212403,
    "eval_auprc_std": 0.007976505090430795,
    "eval_f1_mean": 0.6962119865028594,
    "eval_f1_std": 0.010059763211877057,
    "eval_loss_mean": 0.5805186033248901,
    "eval_loss_std": 0.018935355774969874,
    "eval_matthews_correlation_mean": 0.4140086189176781,
    "eval_matthews_correlation_std": 0.01589638357420727,
    "eval_precision_mean": 0.6975721654419972,
    "eval_precision_std": 0.018354856639508657,
    "eval_recall_mean": 0.6964285714285714,
    "eval_recall_std": 0.03131371056562533,
    "eval_runtime_mean": 9.9809,
    "eval_runtime_std": 0.013770548282475925,
    "eval_samples_per_second_mean": 46.489,
    "eval_samples_per_second_std": 0.06412175917736382,
    "eval_steps_per_second_mean": 2.9058,
    "eval_steps_per_second_std": 0.0041182520563948595
  },
  "cv_fold_metrics": [
    {
      "eval_loss": 0.6099979281425476,
      "eval_accuracy": 0.6982758620689655,
      "eval_f1": 0.6916299559471365,
      "eval_precision": 0.6826086956521739,
      "eval_recall": 0.7008928571428571,
      "eval_auc": 0.7554129464285715,
      "eval_auprc": 0.7650805241702288,
      "eval_matthews_correlation": 0.39650498823402786,
      "eval_runtime": 9.9937,
      "eval_samples_per_second": 46.429,
      "eval_steps_per_second": 2.902,
      "epoch": 10.0
    },
    {
      "eval_loss": 0.586536169052124,
      "eval_accuracy": 0.7004310344827587,
      "eval_f1": 0.7073684210526316,
      "eval_precision": 0.6693227091633466,
      "eval_recall": 0.75,
      "eval_auc": 0.7868861607142856,
      "eval_auprc": 0.763362894562635,
      "eval_matthews_correlation": 0.4052877340596238,
      "eval_runtime": 9.9766,
      "eval_samples_per_second": 46.509,
      "eval_steps_per_second": 2.907,
      "epoch": 10.0
    },
    {
      "eval_loss": 0.5519587993621826,
      "eval_accuracy": 0.7219827586206896,
      "eval_f1": 0.708803611738149,
      "eval_precision": 0.7168949771689498,
      "eval_recall": 0.7008928571428571,
      "eval_auc": 0.7968005952380953,
      "eval_auprc": 0.7845457803986262,
      "eval_matthews_correlation": 0.4429923449631493,
      "eval_runtime": 10.0003,
      "eval_samples_per_second": 46.399,
      "eval_steps_per_second": 2.9,
      "epoch": 10.0
    },
    {
      "eval_loss": 0.5819374322891235,
      "eval_accuracy": 0.709051724137931,
      "eval_f1": 0.689655172413793,
      "eval_precision": 0.7109004739336493,
      "eval_recall": 0.6696428571428571,
      "eval_auc": 0.7771019345238097,
      "eval_auprc": 0.7663275180824924,
      "eval_matthews_correlation": 0.4169406918247949,
      "eval_runtime": 9.9673,
      "eval_samples_per_second": 46.552,
      "eval_steps_per_second": 2.91,
      "epoch": 10.0
    },
    {
      "eval_loss": 0.5721626877784729,
      "eval_accuracy": 0.7047413793103449,
      "eval_f1": 0.6836027713625866,
      "eval_precision": 0.7081339712918661,
      "eval_recall": 0.6607142857142857,
      "eval_auc": 0.7752046130952381,
      "eval_auprc": 0.7642478908922195,
      "eval_matthews_correlation": 0.40831733550679483,
      "eval_runtime": 9.9666,
      "eval_samples_per_second": 46.556,
      "eval_steps_per_second": 2.91,
      "epoch": 10.0
    }
  ],
  "test_metrics": {
    "eval_loss": 0.8539077639579773,
    "eval_accuracy": 0.5709459459459459,
    "eval_f1": 0.36180904522613067,
    "eval_precision": 0.5106382978723404,
    "eval_recall": 0.2801556420233463,
    "eval_auc": 0.5966200127765839,
    "eval_auprc": 0.5038761680805779,
    "eval_matthews_correlation": 0.08631974002986745,
    "eval_runtime": 12.7183,
    "eval_samples_per_second": 46.704,
    "eval_steps_per_second": 2.988,
    "epoch": 8.0
  }
}