{
  "experiment": "rbp",
  "model_type": "lamar",
  "variant": "lamar_pretrained",
  "rbp_name": "PUM2_K562_200",
  "weights_path": "/gpfs/bwfor/work/ws/fr_ml642-thesis_work/Thesis/LAMAR/weights",
  "max_length": 1024,
  "n_folds": 5,
  "hyperparameters": {
    "learning_rate": 5e-05,
    "per_device_train_batch_size": 16,
    "weight_decay": 0.01,
    "warmup_ratio": 0.1,
    "num_train_epochs": 10,
    "gradient_accumulation_steps": 1,
    "early_stopping_patience": 3
  },
  "cv_metrics": {
    "epoch_mean": 9.8,
    "epoch_std": 0.4,
    "eval_accuracy_mean": 0.7643138391994171,
    "eval_accuracy_std": 0.011148764208010076,
    "eval_auc_mean": 0.8483808769601067,
    "eval_auc_std": 0.010128254743275451,
    "eval_auprc_mean": 0.8354136138277198,
    "eval_auprc_std": 0.01036249701832456,
    "eval_f1_mean": 0.7704314007827444,
    "eval_f1_std": 0.007865853412527555,
    "eval_loss_mean": 0.5015375733375549,
    "eval_loss_std": 0.021201189499933434,
    "eval_matthews_correlation_mean": 0.5298881248371906,
    "eval_matthews_correlation_std": 0.021666549422143373,
    "eval_precision_mean": 0.7547564465634343,
    "eval_precision_std": 0.02281713098165531,
    "eval_recall_mean": 0.7879360168777867,
    "eval_recall_std": 0.021346406614272603,
    "eval_runtime_mean": 31.40174,
    "eval_runtime_std": 0.019588425153645485,
    "eval_samples_per_second_mean": 73.85560000000001,
    "eval_samples_per_second_std": 0.03834892436562313,
    "eval_steps_per_second_mean": 4.6176,
    "eval_steps_per_second_std": 0.0027276363393971834
  },
  "cv_fold_metrics": [
    {
      "eval_loss": 0.46736088395118713,
      "eval_accuracy": 0.7810344827586206,
      "eval_f1": 0.7821612349914236,
      "eval_precision": 0.7808219178082192,
      "eval_recall": 0.7835051546391752,
      "eval_matthews_correlation": 0.5620618925356745,
      "eval_auc": 0.8635789367293308,
      "eval_auprc": 0.846796021750469,
      "eval_runtime": 31.4286,
      "eval_samples_per_second": 73.818,
      "eval_steps_per_second": 4.614,
      "epoch": 10.0
    },
    {
      "eval_loss": 0.49160268902778625,
      "eval_accuracy": 0.7710219922380336,
      "eval_f1": 0.7670030715225976,
      "eval_precision": 0.7838565022421524,
      "eval_recall": 0.7508591065292096,
      "eval_matthews_correlation": 0.5425967620036162,
      "eval_auc": 0.8558114279763764,
      "eval_auprc": 0.846860825158909,
      "eval_runtime": 31.4069,
      "eval_samples_per_second": 73.837,
      "eval_steps_per_second": 4.617,
      "epoch": 10.0
    },
    {
      "eval_loss": 0.5040439367294312,
      "eval_accuracy": 0.7641224665804226,
      "eval_f1": 0.7753593429158111,
      "eval_precision": 0.7427222659323367,
      "eval_recall": 0.8109965635738832,
      "eval_matthews_correlation": 0.5303334381985586,
      "eval_auc": 0.8469473825143928,
      "eval_auprc": 0.8360483256208133,
      "eval_runtime": 31.3699,
      "eval_samples_per_second": 73.924,
      "eval_steps_per_second": 4.622,
      "epoch": 10.0
    },
    {
      "eval_loss": 0.5297200679779053,
      "eval_accuracy": 0.7563605002156102,
      "eval_f1": 0.7687269750307,
      "eval_precision": 0.7341673182173573,
      "eval_recall": 0.8067010309278351,
      "eval_matthews_correlation": 0.5150676294468695,
      "eval_auc": 0.8379286234956338,
      "eval_auprc": 0.8242375913121234,
      "eval_runtime": 31.4105,
      "eval_samples_per_second": 73.829,
      "eval_steps_per_second": 4.616,
      "epoch": 10.0
    },
    {
      "eval_loss": 0.5149602890014648,
      "eval_accuracy": 0.7490297542043984,
      "eval_f1": 0.7589063794531897,
      "eval_precision": 0.7322142286171063,
      "eval_recall": 0.7876182287188306,
      "eval_matthews_correlation": 0.49938090200123414,
      "eval_auc": 0.8376380140848004,
      "eval_auprc": 0.8231253052962845,
      "eval_runtime": 31.3928,
      "eval_samples_per_second": 73.87,
      "eval_steps_per_second": 4.619,
      "epoch": 9.0
    }
  ],
  "test_metrics": {
    "eval_loss": 0.5107856392860413,
    "eval_accuracy": 0.7537931034482759,
    "eval_f1": 0.7646671061305208,
    "eval_precision": 0.7227414330218068,
    "eval_recall": 0.8117564730580826,
    "eval_matthews_correlation": 0.5121221519257831,
    "eval_auc": 0.8498733860467284,
    "eval_auprc": 0.8368012406651915,
    "eval_runtime": 39.2526,
    "eval_samples_per_second": 73.88,
    "eval_steps_per_second": 4.637,
    "epoch": 10.0
  }
}