{
  "experiment": "cross_length",
  "model_type": "lamar",
  "variant": "tapt_512",
  "pair_name": "EXOSC10_K562_ENCSR521GON",
  "pretrain_path": "/gpfs/bwfor/work/ws/fr_ml642-thesis_work/Thesis/LAMAR/src/pretrain/saving_model/tapt_lamar/checkpoint-98000/model.safetensors",
  "max_length": 1024,
  "n_folds": 5,
  "hyperparameters": {
    "learning_rate": 5e-05,
    "per_device_train_batch_size": 16,
    "weight_decay": 0.01,
    "warmup_ratio": 0.1,
    "num_train_epochs": 10,
    "gradient_accumulation_steps": 1,
    "early_stopping_patience": 3
  },
  "cv_metrics": {
    "epoch_mean": 7.0,
    "epoch_std": 2.5298221281347035,
    "eval_accuracy_mean": 0.725,
    "eval_accuracy_std": 0.058793134404122586,
    "eval_auc_mean": 0.7927949993295218,
    "eval_auc_std": 0.04692342393810498,
    "eval_auprc_mean": 0.6695626073419219,
    "eval_auprc_std": 0.08562266351183188,
    "eval_f1_mean": 0.659644241489582,
    "eval_f1_std": 0.04385086402067788,
    "eval_loss_mean": 0.5741556107997894,
    "eval_loss_std": 0.09221990494388067,
    "eval_matthews_correlation_mean": 0.44546465605157026,
    "eval_matthews_correlation_std": 0.08990785327383932,
    "eval_precision_mean": 0.6145652652432314,
    "eval_precision_std": 0.09280196444007978,
    "eval_recall_mean": 0.7279987492182615,
    "eval_recall_std": 0.05322851402569674,
    "eval_runtime_mean": 1.9313200000000001,
    "eval_runtime_std": 0.0007858753081755372,
    "eval_samples_per_second_mean": 60.4764,
    "eval_samples_per_second_std": 0.21013862091486293,
    "eval_steps_per_second_mean": 4.142200000000001,
    "eval_steps_per_second_std": 0.0017204650534084185
  },
  "cv_fold_metrics": [
    {
      "eval_loss": 0.6704491972923279,
      "eval_accuracy": 0.6696428571428571,
      "eval_f1": 0.6262626262626263,
      "eval_precision": 0.5166666666666667,
      "eval_recall": 0.7948717948717948,
      "eval_auc": 0.7892518440463646,
      "eval_auprc": 0.7198923941378546,
      "eval_matthews_correlation": 0.3798178720334115,
      "eval_runtime": 1.9328,
      "eval_samples_per_second": 60.534,
      "eval_steps_per_second": 4.139,
      "epoch": 4.0
    },
    {
      "eval_loss": 0.4861705005168915,
      "eval_accuracy": 0.7946428571428571,
      "eval_f1": 0.7294117647058823,
      "eval_precision": 0.7045454545454546,
      "eval_recall": 0.7560975609756098,
      "eval_auc": 0.83167296461697,
      "eval_auprc": 0.7238648528230637,
      "eval_matthews_correlation": 0.5651895832737368,
      "eval_runtime": 1.931,
      "eval_samples_per_second": 60.589,
      "eval_steps_per_second": 4.143,
      "epoch": 6.0
    },
    {
      "eval_loss": 0.656356155872345,
      "eval_accuracy": 0.7053571428571429,
      "eval_f1": 0.6292134831460675,
      "eval_precision": 0.5833333333333334,
      "eval_recall": 0.6829268292682927,
      "eval_auc": 0.7454482995534181,
      "eval_auprc": 0.5841433440109824,
      "eval_matthews_correlation": 0.39058101922338634,
      "eval_runtime": 1.9308,
      "eval_samples_per_second": 60.597,
      "eval_steps_per_second": 4.143,
      "epoch": 10.0
    },
    {
      "eval_loss": 0.443297803401947,
      "eval_accuracy": 0.7946428571428571,
      "eval_f1": 0.6933333333333334,
      "eval_precision": 0.7428571428571429,
      "eval_recall": 0.65,
      "eval_auc": 0.8586805555555554,
      "eval_auprc": 0.7687986903110127,
      "eval_matthews_correlation": 0.5427204202399745,
      "eval_runtime": 1.9306,
      "eval_samples_per_second": 60.603,
      "eval_steps_per_second": 4.144,
      "epoch": 10.0
    },
    {
      "eval_loss": 0.6145043969154358,
      "eval_accuracy": 0.6607142857142857,
      "eval_f1": 0.62,
      "eval_precision": 0.5254237288135594,
      "eval_recall": 0.7560975609756098,
      "eval_auc": 0.7389213328753006,
      "eval_auprc": 0.5511137554266962,
      "eval_matthews_correlation": 0.34901438548734237,
      "eval_runtime": 1.9314,
      "eval_samples_per_second": 60.059,
      "eval_steps_per_second": 4.142,
      "epoch": 5.0
    }
  ],
  "test_metrics": {
    "eval_loss": 0.6180123686790466,
    "eval_accuracy": 0.6585051546391752,
    "eval_f1": 0.6257062146892656,
    "eval_precision": 0.6722306525037937,
    "eval_recall": 0.5852047556142669,
    "eval_auc": 0.7319790965662204,
    "eval_auprc": 0.7114716331594958,
    "eval_matthews_correlation": 0.3170369010198284,
    "eval_runtime": 26.6691,
    "eval_samples_per_second": 58.532,
    "eval_steps_per_second": 3.675,
    "epoch": 5.0
  }
}