{
  "experiment": "cross_cell",
  "model_type": "dnabert2",
  "variant": "pretrained",
  "pair_name": "QKI_train_K562_test_HepG2_fixlen_101",
  "max_length": 128,
  "n_folds": 5,
  "hyperparameters": {
    "learning_rate": 5e-05,
    "per_device_train_batch_size": 16,
    "weight_decay": 0.01,
    "warmup_ratio": 0.1,
    "num_train_epochs": 10,
    "gradient_accumulation_steps": 1,
    "early_stopping_patience": 3
  },
  "cv_metrics": {
    "epoch_mean": 7.0,
    "epoch_std": 1.6733200530681511,
    "eval_accuracy_mean": 0.931332867653299,
    "eval_accuracy_std": 0.002817621443866424,
    "eval_auc_mean": 0.9708642876933673,
    "eval_auc_std": 0.007022241100133308,
    "eval_auprc_mean": 0.9472788304141545,
    "eval_auprc_std": 0.016348940078216804,
    "eval_f1_mean": 0.9177214220248174,
    "eval_f1_std": 0.0032119740769480844,
    "eval_loss_mean": 0.31603323817253115,
    "eval_loss_std": 0.09191651328365803,
    "eval_matthews_correlation_mean": 0.8371629646370687,
    "eval_matthews_correlation_std": 0.006731804123080384,
    "eval_precision_mean": 0.9091195200765758,
    "eval_precision_std": 0.004402580400521388,
    "eval_recall_mean": 0.928297422340799,
    "eval_recall_std": 0.005728577236493984,
    "eval_runtime_mean": 0.43528,
    "eval_runtime_std": 0.0017255723688098363,
    "eval_samples_per_second_mean": 1271.4207999999999,
    "eval_samples_per_second_std": 4.087518141855751,
    "eval_steps_per_second_mean": 80.41159999999999,
    "eval_steps_per_second_std": 0.31499625394597874
  },
  "cv_fold_metrics": [
    {
      "eval_loss": 0.29895609617233276,
      "eval_accuracy": 0.9332129963898917,
      "eval_f1": 0.9211090456342105,
      "eval_matthews_correlation": 0.8458724899029106,
      "eval_precision": 0.9083277467411546,
      "eval_recall": 0.9380673826876358,
      "eval_auc": 0.97885500575374,
      "eval_auprc": 0.9590239724746363,
      "eval_runtime": 0.436,
      "eval_samples_per_second": 1270.719,
      "eval_steps_per_second": 80.28,
      "epoch": 7.0
    },
    {
      "eval_loss": 0.25955691933631897,
      "eval_accuracy": 0.9314079422382672,
      "eval_f1": 0.9182865482548752,
      "eval_matthews_correlation": 0.83871940111364,
      "eval_precision": 0.907940108892922,
      "eval_recall": 0.9310989643268124,
      "eval_auc": 0.9766494054468738,
      "eval_auprc": 0.9586232812258596,
      "eval_runtime": 0.4381,
      "eval_samples_per_second": 1264.694,
      "eval_steps_per_second": 79.899,
      "epoch": 7.0
    },
    {
      "eval_loss": 0.34974732995033264,
      "eval_accuracy": 0.9330922242314648,
      "eval_f1": 0.9184992810283088,
      "eval_matthews_correlation": 0.8372178848264665,
      "eval_precision": 0.9147248271289192,
      "eval_recall": 0.9225294344721097,
      "eval_auc": 0.9614134980377018,
      "eval_auprc": 0.9153452558328279,
      "eval_runtime": 0.4333,
      "eval_samples_per_second": 1276.262,
      "eval_steps_per_second": 80.776,
      "epoch": 8.0
    },
    {
      "eval_loss": 0.20024773478507996,
      "eval_accuracy": 0.9330922242314648,
      "eval_f1": 0.919097382853121,
      "eval_matthews_correlation": 0.8388961544541134,
      "eval_precision": 0.9126350362691075,
      "eval_recall": 0.9263736086984495,
      "eval_auc": 0.963673357781638,
      "eval_auprc": 0.9493627568568046,
      "eval_runtime": 0.4353,
      "eval_samples_per_second": 1270.368,
      "eval_steps_per_second": 80.403,
      "epoch": 4.0
    },
    {
      "eval_loss": 0.4716581106185913,
      "eval_accuracy": 0.9258589511754068,
      "eval_f1": 0.9116148523535718,
      "eval_matthews_correlation": 0.8251088928882131,
      "eval_precision": 0.9019698813507757,
      "eval_recall": 0.9234177215189874,
      "eval_auc": 0.9737301714468835,
      "eval_auprc": 0.9540388856806443,
      "eval_runtime": 0.4337,
      "eval_samples_per_second": 1275.061,
      "eval_steps_per_second": 80.7,
      "epoch": 9.0
    }
  ],
  "test_metrics": {
    "eval_loss": 0.40480807423591614,
    "eval_accuracy": 0.8476570289132602,
    "eval_f1": 0.8411054331648381,
    "eval_matthews_correlation": 0.7107169633878613,
    "eval_precision": 0.8748888559573207,
    "eval_recall": 0.8368455703740416,
    "eval_auc": 0.9314864736255739,
    "eval_auprc": 0.9368463298990214,
    "eval_runtime": 13.9678,
    "eval_samples_per_second": 1077.117,
    "eval_steps_per_second": 67.369,
    "epoch": 4.0
  }
}