{
  "experiment": "rbp",
  "model_type": "lamar",
  "variant": "lamar_tapt_standard_1gpu",
  "rbp_name": "PUM2_K562_200",
  "weights_path": "/gpfs/bwfor/work/ws/fr_ml642-thesis_work/Thesis/LAMAR/src/pretrain/saving_model/tapt_1024_standard_collator_1gpu/checkpoint-232000",
  "max_length": 1024,
  "n_folds": 5,
  "hyperparameters": {
    "learning_rate": 5e-05,
    "per_device_train_batch_size": 16,
    "weight_decay": 0.01,
    "warmup_ratio": 0.1,
    "num_train_epochs": 10,
    "gradient_accumulation_steps": 1,
    "early_stopping_patience": 3
  },
  "cv_metrics": {
    "epoch_mean": 9.6,
    "epoch_std": 0.7999999999999999,
    "eval_accuracy_mean": 0.8918584853756821,
    "eval_accuracy_std": 0.008729271915075491,
    "eval_auc_mean": 0.962566516444921,
    "eval_auc_std": 0.0023456818138735,
    "eval_auprc_mean": 0.9626637990179396,
    "eval_auprc_std": 0.0036804862802318973,
    "eval_f1_mean": 0.8951494059093911,
    "eval_f1_std": 0.006077283186130243,
    "eval_loss_mean": 0.3810065984725952,
    "eval_loss_std": 0.07309119213624353,
    "eval_matthews_correlation_mean": 0.7859155967793533,
    "eval_matthews_correlation_std": 0.015373727111077047,
    "eval_precision_mean": 0.8739149559824855,
    "eval_precision_std": 0.026994636901250924,
    "eval_recall_mean": 0.9187149302816214,
    "eval_recall_std": 0.01997415717469343,
    "eval_runtime_mean": 42.112260000000006,
    "eval_runtime_std": 0.03396860903834556,
    "eval_samples_per_second_mean": 55.07180000000001,
    "eval_samples_per_second_std": 0.05228154550125579,
    "eval_steps_per_second_mean": 3.4432,
    "eval_steps_per_second_std": 0.0029257477676655095
  },
  "cv_fold_metrics": [
    {
      "eval_loss": 0.5153939127922058,
      "eval_accuracy": 0.9008620689655172,
      "eval_f1": 0.8993875765529309,
      "eval_precision": 0.9162210338680927,
      "eval_recall": 0.8831615120274914,
      "eval_matthews_correlation": 0.8022724516552271,
      "eval_auc": 0.9655733124056172,
      "eval_auprc": 0.9662081344901713,
      "eval_runtime": 42.0569,
      "eval_samples_per_second": 55.163,
      "eval_steps_per_second": 3.448,
      "epoch": 10.0
    },
    {
      "eval_loss": 0.3603843152523041,
      "eval_accuracy": 0.8982319965502372,
      "eval_f1": 0.9011725293132329,
      "eval_precision": 0.8790849673202614,
      "eval_recall": 0.9243986254295533,
      "eval_matthews_correlation": 0.7974889356936622,
      "eval_auc": 0.9640845122803886,
      "eval_auprc": 0.9651657008107803,
      "eval_runtime": 42.1174,
      "eval_samples_per_second": 55.06,
      "eval_steps_per_second": 3.443,
      "epoch": 10.0
    },
    {
      "eval_loss": 0.295987606048584,
      "eval_accuracy": 0.8965071151358344,
      "eval_f1": 0.8992443324937027,
      "eval_precision": 0.8793103448275862,
      "eval_recall": 0.9201030927835051,
      "eval_matthews_correlation": 0.79383538574425,
      "eval_auc": 0.9629252763273382,
      "eval_auprc": 0.9639124999357042,
      "eval_runtime": 42.124,
      "eval_samples_per_second": 55.052,
      "eval_steps_per_second": 3.442,
      "epoch": 10.0
    },
    {
      "eval_loss": 0.3495311439037323,
      "eval_accuracy": 0.877533419577404,
      "eval_f1": 0.8856682769726248,
      "eval_precision": 0.8333333333333334,
      "eval_recall": 0.9450171821305842,
      "eval_matthews_correlation": 0.7618695408557066,
      "eval_auc": 0.9586907365257881,
      "eval_auprc": 0.9557960229344469,
      "eval_runtime": 42.1615,
      "eval_samples_per_second": 55.003,
      "eval_steps_per_second": 3.439,
      "epoch": 8.0
    },
    {
      "eval_loss": 0.3837360143661499,
      "eval_accuracy": 0.8861578266494179,
      "eval_f1": 0.8902743142144638,
      "eval_precision": 0.8616251005631537,
      "eval_recall": 0.9208942390369733,
      "eval_matthews_correlation": 0.7741116699479201,
      "eval_auc": 0.9615587446854722,
      "eval_auprc": 0.9622366369185957,
      "eval_runtime": 42.1015,
      "eval_samples_per_second": 55.081,
      "eval_steps_per_second": 3.444,
      "epoch": 10.0
    }
  ],
  "test_metrics": {
    "eval_loss": 0.29842591285705566,
    "eval_accuracy": 0.9024137931034483,
    "eval_f1": 0.9012216404886562,
    "eval_precision": 0.899025069637883,
    "eval_recall": 0.9034289713086074,
    "eval_matthews_correlation": 0.8048096717017698,
    "eval_auc": 0.9624618053061308,
    "eval_auprc": 0.9645760945560773,
    "eval_runtime": 52.6832,
    "eval_samples_per_second": 55.046,
    "eval_steps_per_second": 3.455,
    "epoch": 10.0
  }
}