{
  "experiment": "cross_length",
  "model_type": "lamar",
  "variant": "pretrained",
  "pair_name": "DROSHA_K562_ENCSR653HQC",
  "pretrain_path": "/gpfs/bwfor/work/ws/fr_ml642-thesis_work/Thesis/LAMAR/weights",
  "max_length": 1024,
  "n_folds": 5,
  "hyperparameters": {
    "learning_rate": 5e-05,
    "per_device_train_batch_size": 16,
    "weight_decay": 0.01,
    "warmup_ratio": 0.1,
    "num_train_epochs": 10,
    "gradient_accumulation_steps": 1,
    "early_stopping_patience": 3
  },
  "cv_metrics": {
    "epoch_mean": 7.6,
    "epoch_std": 1.3564659966250536,
    "eval_accuracy_mean": 0.8649305555555555,
    "eval_accuracy_std": 0.013687780100296545,
    "eval_auc_mean": 0.911322905179432,
    "eval_auc_std": 0.007059043636557294,
    "eval_auprc_mean": 0.8595378599424468,
    "eval_auprc_std": 0.009957508985935016,
    "eval_f1_mean": 0.7835845395158356,
    "eval_f1_std": 0.02390270769456275,
    "eval_loss_mean": 0.3958930432796478,
    "eval_loss_std": 0.0654695089014791,
    "eval_matthews_correlation_mean": 0.6880796973957413,
    "eval_matthews_correlation_std": 0.03264577763277756,
    "eval_precision_mean": 0.8188962757325005,
    "eval_precision_std": 0.03185872138513352,
    "eval_recall_mean": 0.753407668676755,
    "eval_recall_std": 0.04407626792678334,
    "eval_runtime_mean": 12.34638,
    "eval_runtime_std": 0.006636083182118676,
    "eval_samples_per_second_mean": 46.7668,
    "eval_samples_per_second_std": 0.03292658500360894,
    "eval_steps_per_second_mean": 2.9968000000000004,
    "eval_steps_per_second_std": 0.0017204650534085114
  },
  "cv_fold_metrics": [
    {
      "eval_loss": 0.32279136776924133,
      "eval_accuracy": 0.8767361111111112,
      "eval_f1": 0.8146214099216711,
      "eval_precision": 0.8,
      "eval_recall": 0.8297872340425532,
      "eval_auc": 0.9196506909409958,
      "eval_auprc": 0.8657409514339781,
      "eval_matthews_correlation": 0.7226107138743906,
      "eval_runtime": 12.3562,
      "eval_samples_per_second": 46.778,
      "eval_steps_per_second": 2.994,
      "epoch": 8.0
    },
    {
      "eval_loss": 0.35132932662963867,
      "eval_accuracy": 0.8628472222222222,
      "eval_f1": 0.7683284457478006,
      "eval_precision": 0.8506493506493507,
      "eval_recall": 0.7005347593582888,
      "eval_auc": 0.9078261825880153,
      "eval_auprc": 0.8654293522854936,
      "eval_matthews_correlation": 0.678600115064277,
      "eval_runtime": 12.3457,
      "eval_samples_per_second": 46.818,
      "eval_steps_per_second": 2.997,
      "epoch": 7.0
    },
    {
      "eval_loss": 0.36348530650138855,
      "eval_accuracy": 0.8784722222222222,
      "eval_f1": 0.8044692737430168,
      "eval_precision": 0.8421052631578947,
      "eval_recall": 0.7700534759358288,
      "eval_auc": 0.9171879081148702,
      "eval_auprc": 0.8642937804725178,
      "eval_matthews_correlation": 0.7180718476386713,
      "eval_runtime": 12.3507,
      "eval_samples_per_second": 46.718,
      "eval_steps_per_second": 2.996,
      "epoch": 10.0
    },
    {
      "eval_loss": 0.5008484125137329,
      "eval_accuracy": 0.8402777777777778,
      "eval_f1": 0.7486338797814208,
      "eval_precision": 0.7653631284916201,
      "eval_recall": 0.732620320855615,
      "eval_auc": 0.8998116657272865,
      "eval_auprc": 0.8397551570958112,
      "eval_matthews_correlation": 0.6319917255596669,
      "eval_runtime": 12.337,
      "eval_samples_per_second": 46.77,
      "eval_steps_per_second": 2.999,
      "epoch": 6.0
    },
    {
      "eval_loss": 0.44101080298423767,
      "eval_accuracy": 0.8663194444444444,
      "eval_f1": 0.7818696883852692,
      "eval_precision": 0.8363636363636363,
      "eval_recall": 0.7340425531914894,
      "eval_auc": 0.9121380785259925,
      "eval_auprc": 0.8624700584244326,
      "eval_matthews_correlation": 0.6891240848417006,
      "eval_runtime": 12.3423,
      "eval_samples_per_second": 46.75,
      "eval_steps_per_second": 2.998,
      "epoch": 7.0
    }
  ],
  "test_metrics": {
    "eval_loss": 0.4826841950416565,
    "eval_accuracy": 0.8044554455445545,
    "eval_f1": 0.7486744432661718,
    "eval_precision": 0.9579375848032564,
    "eval_recall": 0.6144473455178416,
    "eval_auc": 0.9347725217153876,
    "eval_auprc": 0.9339069297338871,
    "eval_matthews_correlation": 0.6405811852517038,
    "eval_runtime": 104.1658,
    "eval_samples_per_second": 46.628,
    "eval_steps_per_second": 2.918,
    "epoch": 5.0
  }
}