{
  "experiment": "rbp",
  "model_type": "dnabert2",
  "variant": "dnabert2_pretrained",
  "rbp_name": "HNRNPL_K562_IDR",
  "weights_path": "zhihan1996/DNABERT-2-117M",
  "max_length": 512,
  "n_folds": 5,
  "hyperparameters": {
    "learning_rate": 5e-05,
    "per_device_train_batch_size": 16,
    "weight_decay": 0.01,
    "warmup_ratio": 0.1,
    "num_train_epochs": 10,
    "gradient_accumulation_steps": 1,
    "early_stopping_patience": 3
  },
  "cv_metrics": {
    "epoch_mean": 5.8,
    "epoch_std": 0.7483314773547882,
    "eval_accuracy_mean": 0.8452441608861267,
    "eval_accuracy_std": 0.011376304522051836,
    "eval_auc_mean": 0.9244910168440363,
    "eval_auc_std": 0.007323535162783527,
    "eval_auprc_mean": 0.9282747515149389,
    "eval_auprc_std": 0.01012594632491085,
    "eval_f1_mean": 0.8440894384050687,
    "eval_f1_std": 0.008694027528855498,
    "eval_loss_mean": 0.4396528363227844,
    "eval_loss_std": 0.10538860725214129,
    "eval_matthews_correlation_mean": 0.6949488278963362,
    "eval_matthews_correlation_std": 0.01852105664595328,
    "eval_precision_mean": 0.8550891047844822,
    "eval_precision_std": 0.04253828235349926,
    "eval_recall_mean": 0.838136826783115,
    "eval_recall_std": 0.04966490390017145,
    "eval_runtime_mean": 0.6698,
    "eval_runtime_std": 0.005453439281774414,
    "eval_samples_per_second_mean": 2051.2314,
    "eval_samples_per_second_std": 17.19299608096276,
    "eval_steps_per_second_mean": 128.407,
    "eval_steps_per_second_std": 1.0542711226245391
  },
  "cv_fold_metrics": [
    {
      "eval_loss": 0.34872326254844666,
      "eval_accuracy": 0.8558951965065502,
      "eval_f1": 0.8528974739970282,
      "eval_precision": 0.8710166919575114,
      "eval_recall": 0.8355167394468704,
      "eval_matthews_correlation": 0.7123823173424242,
      "eval_auc": 0.9273702298244164,
      "eval_auprc": 0.9334780582079405,
      "eval_runtime": 0.6702,
      "eval_samples_per_second": 2050.255,
      "eval_steps_per_second": 128.327,
      "epoch": 5.0
    },
    {
      "eval_loss": 0.4334638714790344,
      "eval_accuracy": 0.8362445414847162,
      "eval_f1": 0.828113063407181,
      "eval_precision": 0.8713826366559485,
      "eval_recall": 0.7889374090247453,
      "eval_matthews_correlation": 0.6755194575977908,
      "eval_auc": 0.910508952918518,
      "eval_auprc": 0.9118905409852979,
      "eval_runtime": 0.6717,
      "eval_samples_per_second": 2045.65,
      "eval_steps_per_second": 128.039,
      "epoch": 6.0
    },
    {
      "eval_loss": 0.6416037082672119,
      "eval_accuracy": 0.8544395924308588,
      "eval_f1": 0.8507462686567164,
      "eval_precision": 0.8728943338437979,
      "eval_recall": 0.8296943231441049,
      "eval_matthews_correlation": 0.7097489165184482,
      "eval_auc": 0.9243477855537123,
      "eval_auprc": 0.93692079357355,
      "eval_runtime": 0.6712,
      "eval_samples_per_second": 2046.976,
      "eval_steps_per_second": 128.122,
      "epoch": 7.0
    },
    {
      "eval_loss": 0.36546239256858826,
      "eval_accuracy": 0.8522561863173217,
      "eval_f1": 0.8449197860962567,
      "eval_precision": 0.8890675241157556,
      "eval_recall": 0.8049490538573508,
      "eval_matthews_correlation": 0.7076870508167331,
      "eval_auc": 0.9293640048393008,
      "eval_auprc": 0.9378845556951009,
      "eval_runtime": 0.6597,
      "eval_samples_per_second": 2082.804,
      "eval_steps_per_second": 130.365,
      "epoch": 5.0
    },
    {
      "eval_loss": 0.40901094675064087,
      "eval_accuracy": 0.8273852876911871,
      "eval_f1": 0.8437705998681608,
      "eval_precision": 0.7710843373493976,
      "eval_recall": 0.9315866084425036,
      "eval_matthews_correlation": 0.6694063972062845,
      "eval_auc": 0.9308641110842342,
      "eval_auprc": 0.921199809112805,
      "eval_runtime": 0.6762,
      "eval_samples_per_second": 2030.472,
      "eval_steps_per_second": 127.182,
      "epoch": 6.0
    }
  ],
  "test_metrics": {
    "eval_loss": 0.33949148654937744,
    "eval_accuracy": 0.8639736191261336,
    "eval_f1": 0.8600508905852418,
    "eval_precision": 0.8848167539267016,
    "eval_recall": 0.8366336633663366,
    "eval_matthews_correlation": 0.7290148751079754,
    "eval_auc": 0.929738855269382,
    "eval_auprc": 0.9397269242109063,
    "eval_runtime": 0.5906,
    "eval_samples_per_second": 2053.9,
    "eval_steps_per_second": 128.686,
    "epoch": 5.0
  }
}