{
  "experiment": "cross_cell",
  "model_type": "lamar",
  "variant": "pretrained_custom",
  "pair_name": "NONO_train_K562_test_HepG2_fixlen_101",
  "pretrain_path": "/gpfs/bwfor/work/ws/fr_ml642-thesis_work/Thesis/LAMAR/src/pretrain/saving_model/tapt_512_standard_collator_1gpu/checkpoint-265000/model.safetensors",
  "max_length": 512,
  "n_folds": 5,
  "hyperparameters": {
    "learning_rate": 5e-05,
    "per_device_train_batch_size": 16,
    "weight_decay": 0.01,
    "warmup_ratio": 0.1,
    "num_train_epochs": 10,
    "gradient_accumulation_steps": 1,
    "early_stopping_patience": 3
  },
  "cv_metrics": {
    "epoch_mean": 7.6,
    "epoch_std": 2.5768197453450252,
    "eval_accuracy_mean": 0.9191037735849056,
    "eval_accuracy_std": 0.011568630630595014,
    "eval_auc_mean": 0.9749919693692245,
    "eval_auc_std": 0.0044511393222361265,
    "eval_auprc_mean": 0.9578179619705098,
    "eval_auprc_std": 0.0110733899492994,
    "eval_f1_mean": 0.9118853746066202,
    "eval_f1_std": 0.010175968463961908,
    "eval_loss_mean": 0.24053239524364473,
    "eval_loss_std": 0.03564371114828156,
    "eval_matthews_correlation_mean": 0.8422747566265313,
    "eval_matthews_correlation_std": 0.018957051588756914,
    "eval_precision_mean": 0.8739655626867116,
    "eval_precision_std": 0.0378411572461265,
    "eval_recall_mean": 0.9557069960166681,
    "eval_recall_std": 0.027309787956478444,
    "eval_runtime_mean": 6.54268,
    "eval_runtime_std": 0.0017348198753759938,
    "eval_samples_per_second_mean": 131.017,
    "eval_samples_per_second_std": 0.07189993045893593,
    "eval_steps_per_second_mean": 8.2536,
    "eval_steps_per_second_std": 0.0020591260281975356
  },
  "cv_fold_metrics": [
    {
      "eval_loss": 0.2585241198539734,
      "eval_accuracy": 0.9115566037735849,
      "eval_f1": 0.9047013977128335,
      "eval_precision": 0.8496420047732697,
      "eval_recall": 0.967391304347826,
      "eval_auc": 0.9702445652173912,
      "eval_auprc": 0.949264972496829,
      "eval_matthews_correlation": 0.8288740592792359,
      "eval_runtime": 6.5425,
      "eval_samples_per_second": 131.143,
      "eval_steps_per_second": 8.254,
      "epoch": 10.0
    },
    {
      "eval_loss": 0.2257251739501953,
      "eval_accuracy": 0.9221698113207547,
      "eval_f1": 0.9119999999999999,
      "eval_precision": 0.8976377952755905,
      "eval_recall": 0.926829268292683,
      "eval_auc": 0.9755701523612313,
      "eval_auprc": 0.963960342018799,
      "eval_matthews_correlation": 0.8426111649938943,
      "eval_runtime": 6.5414,
      "eval_samples_per_second": 131.012,
      "eval_steps_per_second": 8.255,
      "epoch": 10.0
    },
    {
      "eval_loss": 0.2982252836227417,
      "eval_accuracy": 0.902122641509434,
      "eval_f1": 0.8976572133168926,
      "eval_precision": 0.8272727272727273,
      "eval_recall": 0.9811320754716981,
      "eval_auc": 0.9706809744189594,
      "eval_auprc": 0.951835767397078,
      "eval_matthews_correlation": 0.815938475111549,
      "eval_runtime": 6.5405,
      "eval_samples_per_second": 131.03,
      "eval_steps_per_second": 8.256,
      "epoch": 4.0
    },
    {
      "eval_loss": 0.1923748254776001,
      "eval_accuracy": 0.9363207547169812,
      "eval_f1": 0.9268292682926829,
      "eval_precision": 0.9344262295081968,
      "eval_recall": 0.9193548387096774,
      "eval_auc": 0.9759419896991054,
      "eval_auprc": 0.9473308505644732,
      "eval_matthews_correlation": 0.8705586006642502,
      "eval_runtime": 6.5435,
      "eval_samples_per_second": 130.97,
      "eval_steps_per_second": 8.253,
      "epoch": 5.0
    },
    {
      "eval_loss": 0.22781257331371307,
      "eval_accuracy": 0.9233490566037735,
      "eval_f1": 0.9182389937106917,
      "eval_precision": 0.8608490566037735,
      "eval_recall": 0.9838274932614556,
      "eval_auc": 0.9825221651494347,
      "eval_auprc": 0.9766978773753703,
      "eval_matthews_correlation": 0.8533914830837268,
      "eval_runtime": 6.5455,
      "eval_samples_per_second": 130.93,
      "eval_steps_per_second": 8.25,
      "epoch": 9.0
    }
  ],
  "test_metrics": {
    "eval_loss": 0.5916739702224731,
    "eval_accuracy": 0.7991520100502513,
    "eval_f1": 0.7766719050113496,
    "eval_precision": 0.7942857142857143,
    "eval_recall": 0.7598223436966177,
    "eval_auc": 0.8788800758394198,
    "eval_auprc": 0.8565953775212994,
    "eval_matthews_correlation": 0.5948379580614701,
    "eval_runtime": 49.0098,
    "eval_samples_per_second": 130.178,
    "eval_steps_per_second": 8.141,
    "epoch": 5.0
  }
}