{
  "experiment": "cross_length",
  "model_type": "lamar",
  "variant": "random",
  "pair_name": "NIPBL_K562_ENCSR891RIC",
  "pretrain_path": "",
  "max_length": 1024,
  "n_folds": 5,
  "hyperparameters": {
    "learning_rate": 5e-05,
    "per_device_train_batch_size": 16,
    "weight_decay": 0.01,
    "warmup_ratio": 0.1,
    "num_train_epochs": 10,
    "gradient_accumulation_steps": 1,
    "early_stopping_patience": 3
  },
  "cv_metrics": {
    "epoch_mean": 4.6,
    "epoch_std": 0.8,
    "eval_accuracy_mean": 0.575,
    "eval_accuracy_std": 0.07288689868556626,
    "eval_auc_mean": 0.560218253968254,
    "eval_auc_std": 0.04628734796363558,
    "eval_auprc_mean": 0.5006116383616384,
    "eval_auprc_std": 0.05944005749474624,
    "eval_f1_mean": 0.22545454545454544,
    "eval_f1_std": 0.2948819626576479,
    "eval_loss_mean": 0.7762083411216736,
    "eval_loss_std": 0.15686564416978618,
    "eval_matthews_correlation_mean": 0.05634734229393633,
    "eval_matthews_correlation_std": 0.1807460452141784,
    "eval_precision_mean": 0.16883116883116883,
    "eval_precision_std": 0.22732837908614092,
    "eval_recall_mean": 0.35,
    "eval_recall_std": 0.43588989435406733,
    "eval_runtime_mean": 0.34925999999999996,
    "eval_runtime_std": 0.00046733285782191294,
    "eval_samples_per_second_mean": 85.89759999999998,
    "eval_samples_per_second_std": 0.11043477713112,
    "eval_steps_per_second_mean": 5.7264,
    "eval_steps_per_second_std": 0.007172168430816372
  },
  "cv_fold_metrics": [
    {
      "eval_loss": 0.7298486828804016,
      "eval_accuracy": 0.4375,
      "eval_f1": 0.39999999999999997,
      "eval_precision": 0.2727272727272727,
      "eval_recall": 0.75,
      "eval_auc": 0.5833333333333333,
      "eval_auprc": 0.48168498168498164,
      "eval_matthews_correlation": 0.0778498944161523,
      "eval_runtime": 0.3486,
      "eval_samples_per_second": 86.047,
      "eval_steps_per_second": 5.736,
      "epoch": 5.0
    },
    {
      "eval_loss": 0.7691655158996582,
      "eval_accuracy": 0.625,
      "eval_f1": 0.7272727272727273,
      "eval_precision": 0.5714285714285714,
      "eval_recall": 1.0,
      "eval_auc": 0.53125,
      "eval_auprc": 0.5130612443112442,
      "eval_matthews_correlation": 0.3779644730092272,
      "eval_runtime": 0.3488,
      "eval_samples_per_second": 86.013,
      "eval_steps_per_second": 5.734,
      "epoch": 4.0
    },
    {
      "eval_loss": 1.0712379217147827,
      "eval_accuracy": 0.5625,
      "eval_f1": 0.0,
      "eval_precision": 0.0,
      "eval_recall": 0.0,
      "eval_auc": 0.6031746031746033,
      "eval_auprc": 0.6031746031746031,
      "eval_matthews_correlation": 0.0,
      "eval_runtime": 0.3495,
      "eval_samples_per_second": 85.845,
      "eval_steps_per_second": 5.723,
      "epoch": 4.0
    },
    {
      "eval_loss": 0.6074309945106506,
      "eval_accuracy": 0.625,
      "eval_f1": 0.0,
      "eval_precision": 0.0,
      "eval_recall": 0.0,
      "eval_auc": 0.6000000000000001,
      "eval_auprc": 0.4208119658119659,
      "eval_matthews_correlation": -0.17407765595569785,
      "eval_runtime": 0.3497,
      "eval_samples_per_second": 85.786,
      "eval_steps_per_second": 5.719,
      "epoch": 4.0
    },
    {
      "eval_loss": 0.7033585906028748,
      "eval_accuracy": 0.625,
      "eval_f1": 0.0,
      "eval_precision": 0.0,
      "eval_recall": 0.0,
      "eval_auc": 0.48333333333333334,
      "eval_auprc": 0.4843253968253968,
      "eval_matthews_correlation": 0.0,
      "eval_runtime": 0.3497,
      "eval_samples_per_second": 85.797,
      "eval_steps_per_second": 5.72,
      "epoch": 6.0
    }
  ],
  "test_metrics": {
    "eval_loss": 0.6428130269050598,
    "eval_accuracy": 0.5833333333333334,
    "eval_f1": 0.3700787401574803,
    "eval_precision": 0.6911764705882353,
    "eval_recall": 0.25268817204301075,
    "eval_auc": 0.7446779624198979,
    "eval_auprc": 0.704068653294132,
    "eval_matthews_correlation": 0.1919582115091568,
    "eval_runtime": 8.348,
    "eval_samples_per_second": 46.358,
    "eval_steps_per_second": 2.995,
    "epoch": 10.0
  }
}