{
  "experiment": "cross_cell",
  "model_type": "lamar",
  "variant": "tapt_512",
  "pair_name": "DGCR8_train_K562_test_adrenal-gland_fixlen_101",
  "pretrain_path": "/gpfs/bwfor/work/ws/fr_ml642-thesis_work/Thesis/LAMAR/src/pretrain/saving_model/tapt_lamar/checkpoint-98000/model.safetensors",
  "max_length": 1024,
  "n_folds": 5,
  "hyperparameters": {
    "learning_rate": 5e-05,
    "per_device_train_batch_size": 16,
    "weight_decay": 0.01,
    "warmup_ratio": 0.1,
    "num_train_epochs": 10,
    "gradient_accumulation_steps": 1,
    "early_stopping_patience": 3
  },
  "cv_metrics": {
    "epoch_mean": 7.4,
    "epoch_std": 2.0591260281974,
    "eval_accuracy_mean": 0.7235294117647059,
    "eval_accuracy_std": 0.026244953378786396,
    "eval_auc_mean": 0.8095157106396119,
    "eval_auc_std": 0.0173895719253625,
    "eval_auprc_mean": 0.7909861862919922,
    "eval_auprc_std": 0.01823827613141056,
    "eval_f1_mean": 0.699717795260449,
    "eval_f1_std": 0.05919720745329876,
    "eval_loss_mean": 0.5686835646629333,
    "eval_loss_std": 0.03635411402785813,
    "eval_matthews_correlation_mean": 0.4610489122149996,
    "eval_matthews_correlation_std": 0.0454589151334533,
    "eval_precision_mean": 0.740799429129409,
    "eval_precision_std": 0.0748655201373968,
    "eval_recall_mean": 0.6924955960070464,
    "eval_recall_std": 0.1378244854903119,
    "eval_runtime_mean": 4.69376,
    "eval_runtime_std": 0.0009372299611087598,
    "eval_samples_per_second_mean": 58.205000000000005,
    "eval_samples_per_second_std": 0.09387438415244148,
    "eval_steps_per_second_mean": 3.8348,
    "eval_steps_per_second_std": 0.0007483314773547059
  },
  "cv_fold_metrics": [
    {
      "eval_loss": 0.5692189335823059,
      "eval_accuracy": 0.6911764705882353,
      "eval_f1": 0.5841584158415841,
      "eval_precision": 0.8309859154929577,
      "eval_recall": 0.45038167938931295,
      "eval_auc": 0.8002273834659738,
      "eval_auprc": 0.7905229192518544,
      "eval_matthews_correlation": 0.4155643684176793,
      "eval_runtime": 4.6924,
      "eval_samples_per_second": 58.392,
      "eval_steps_per_second": 3.836,
      "epoch": 5.0
    },
    {
      "eval_loss": 0.5358319282531738,
      "eval_accuracy": 0.7426470588235294,
      "eval_f1": 0.7482014388489208,
      "eval_precision": 0.7027027027027027,
      "eval_recall": 0.8,
      "eval_auc": 0.8174431202600216,
      "eval_auprc": 0.7913705953452695,
      "eval_matthews_correlation": 0.49158094859464047,
      "eval_runtime": 4.6939,
      "eval_samples_per_second": 58.161,
      "eval_steps_per_second": 3.835,
      "epoch": 8.0
    },
    {
      "eval_loss": 0.5679397583007812,
      "eval_accuracy": 0.7316176470588235,
      "eval_f1": 0.7364620938628158,
      "eval_precision": 0.6938775510204082,
      "eval_recall": 0.7846153846153846,
      "eval_auc": 0.8028710725893825,
      "eval_auprc": 0.7776921709559268,
      "eval_matthews_correlation": 0.4687945154310976,
      "eval_runtime": 4.6943,
      "eval_samples_per_second": 58.156,
      "eval_steps_per_second": 3.834,
      "epoch": 10.0
    },
    {
      "eval_loss": 0.535305917263031,
      "eval_accuracy": 0.7573529411764706,
      "eval_f1": 0.7130434782608696,
      "eval_precision": 0.8282828282828283,
      "eval_recall": 0.6259541984732825,
      "eval_auc": 0.8388825726815008,
      "eval_auprc": 0.8240985901102702,
      "eval_matthews_correlation": 0.5248418640327172,
      "eval_runtime": 4.6951,
      "eval_samples_per_second": 58.145,
      "eval_steps_per_second": 3.834,
      "epoch": 5.0
    },
    {
      "eval_loss": 0.6351212859153748,
      "eval_accuracy": 0.6948529411764706,
      "eval_f1": 0.7167235494880546,
      "eval_precision": 0.6481481481481481,
      "eval_recall": 0.8015267175572519,
      "eval_auc": 0.7881544042011803,
      "eval_auprc": 0.7712466557966403,
      "eval_matthews_correlation": 0.4044628645988635,
      "eval_runtime": 4.6931,
      "eval_samples_per_second": 58.171,
      "eval_steps_per_second": 3.835,
      "epoch": 9.0
    }
  ],
  "test_metrics": {
    "eval_loss": 0.5874261260032654,
    "eval_accuracy": 0.7414772727272727,
    "eval_f1": 0.6060606060606061,
    "eval_precision": 0.8235294117647058,
    "eval_recall": 0.4794520547945205,
    "eval_auc": 0.7985436893203883,
    "eval_auprc": 0.7476031003928792,
    "eval_matthews_correlation": 0.4681136718386451,
    "eval_runtime": 6.0667,
    "eval_samples_per_second": 58.846,
    "eval_steps_per_second": 3.791,
    "epoch": 4.0
  }
}