{
  "experiment": "cross_length",
  "model_type": "lamar",
  "variant": "tapt_1024",
  "pair_name": "APOBEC3C_K562_ENCSR739VVT",
  "pretrain_path": "/gpfs/bwfor/work/ws/fr_ml642-thesis_work/Thesis/LAMAR/src/pretrain/saving_model/tapt_1024_standard_collator/checkpoint-134000/model.safetensors",
  "max_length": 1024,
  "n_folds": 5,
  "hyperparameters": {
    "learning_rate": 5e-05,
    "per_device_train_batch_size": 16,
    "weight_decay": 0.01,
    "warmup_ratio": 0.1,
    "num_train_epochs": 10,
    "gradient_accumulation_steps": 1,
    "early_stopping_patience": 3
  },
  "cv_metrics": {
    "epoch_mean": 6.8,
    "epoch_std": 2.039607805437114,
    "eval_accuracy_mean": 0.7265625,
    "eval_accuracy_std": 0.02614562582918986,
    "eval_auc_mean": 0.6908671605382132,
    "eval_auc_std": 0.025499745128390944,
    "eval_auprc_mean": 0.5118127481437832,
    "eval_auprc_std": 0.04034584336626217,
    "eval_f1_mean": 0.28534015345268543,
    "eval_f1_std": 0.1720330631240899,
    "eval_loss_mean": 0.6117844462394715,
    "eval_loss_std": 0.1090276939073267,
    "eval_matthews_correlation_mean": 0.22486611896062528,
    "eval_matthews_correlation_std": 0.1351051721617683,
    "eval_precision_mean": 0.5295905707196029,
    "eval_precision_std": 0.29316646506130034,
    "eval_recall_mean": 0.2130867709815078,
    "eval_recall_std": 0.1578592350486985,
    "eval_runtime_mean": 2.73628,
    "eval_runtime_std": 0.0013181805642627942,
    "eval_samples_per_second_mean": 51.018,
    "eval_samples_per_second_std": 0.17969641064862685,
    "eval_steps_per_second_mean": 3.289,
    "eval_steps_per_second_std": 0.0016733200530681793
  },
  "cv_fold_metrics": [
    {
      "eval_loss": 0.5472801327705383,
      "eval_accuracy": 0.75,
      "eval_f1": 0.5294117647058824,
      "eval_precision": 0.5806451612903226,
      "eval_recall": 0.4864864864864865,
      "eval_auc": 0.7208197208197209,
      "eval_auprc": 0.5560906475411161,
      "eval_matthews_correlation": 0.36361775967495197,
      "eval_runtime": 2.7372,
      "eval_samples_per_second": 51.147,
      "eval_steps_per_second": 3.288,
      "epoch": 10.0
    },
    {
      "eval_loss": 0.8295629024505615,
      "eval_accuracy": 0.6875,
      "eval_f1": 0.0,
      "eval_precision": 0.0,
      "eval_recall": 0.0,
      "eval_auc": 0.6437499999999999,
      "eval_auprc": 0.4800754628588131,
      "eval_matthews_correlation": 0.0,
      "eval_runtime": 2.7348,
      "eval_samples_per_second": 51.192,
      "eval_steps_per_second": 3.291,
      "epoch": 4.0
    },
    {
      "eval_loss": 0.5604482293128967,
      "eval_accuracy": 0.703125,
      "eval_f1": 0.23999999999999996,
      "eval_precision": 0.5,
      "eval_recall": 0.15789473684210525,
      "eval_auc": 0.7014619883040936,
      "eval_auprc": 0.44998458831113836,
      "eval_matthews_correlation": 0.14299535272655334,
      "eval_runtime": 2.737,
      "eval_samples_per_second": 51.151,
      "eval_steps_per_second": 3.288,
      "epoch": 6.0
    },
    {
      "eval_loss": 0.5580003261566162,
      "eval_accuracy": 0.7421875,
      "eval_f1": 0.35294117647058826,
      "eval_precision": 0.6923076923076923,
      "eval_recall": 0.23684210526315788,
      "eval_auc": 0.693859649122807,
      "eval_auprc": 0.5282774225658509,
      "eval_matthews_correlation": 0.29099950099224353,
      "eval_runtime": 2.7346,
      "eval_samples_per_second": 50.83,
      "eval_steps_per_second": 3.291,
      "epoch": 8.0
    },
    {
      "eval_loss": 0.5636306405067444,
      "eval_accuracy": 0.75,
      "eval_f1": 0.30434782608695654,
      "eval_precision": 0.875,
      "eval_recall": 0.18421052631578946,
      "eval_auc": 0.6944444444444444,
      "eval_auprc": 0.5446356194419972,
      "eval_matthews_correlation": 0.32671798140937747,
      "eval_runtime": 2.7378,
      "eval_samples_per_second": 50.77,
      "eval_steps_per_second": 3.287,
      "epoch": 6.0
    }
  ],
  "test_metrics": {
    "eval_loss": 0.7280588746070862,
    "eval_accuracy": 0.47544642857142855,
    "eval_f1": 0.6441191317516406,
    "eval_precision": 0.47505584512285925,
    "eval_recall": 1.0,
    "eval_auc": 0.6826351825374977,
    "eval_auprc": 0.6590340088799669,
    "eval_matthews_correlation": 0.02594000064222238,
    "eval_runtime": 28.8127,
    "eval_samples_per_second": 46.889,
    "eval_steps_per_second": 2.95,
    "epoch": 4.0
  }
}