{
  "experiment": "cross_cell",
  "model_type": "dnabert2",
  "variant": "tapt_v3",
  "pair_name": "LARP7_train_K562_test_HepG2_fixlen_101",
  "max_length": 128,
  "n_folds": 5,
  "hyperparameters": {
    "learning_rate": 5e-05,
    "per_device_train_batch_size": 16,
    "weight_decay": 0.01,
    "warmup_ratio": 0.1,
    "num_train_epochs": 10,
    "gradient_accumulation_steps": 1,
    "early_stopping_patience": 3
  },
  "cv_metrics": {
    "epoch_mean": 8.2,
    "epoch_std": 1.5999999999999999,
    "eval_accuracy_mean": 0.9384615384615385,
    "eval_accuracy_std": 0.02614881801842451,
    "eval_auc_mean": 0.9839188503803887,
    "eval_auc_std": 0.026642353760669292,
    "eval_auprc_mean": 0.9794767137624278,
    "eval_auprc_std": 0.031516924954701,
    "eval_f1_mean": 0.9295241374730832,
    "eval_f1_std": 0.03134000199700257,
    "eval_loss_mean": 0.2639239504933357,
    "eval_loss_std": 0.11377715226354755,
    "eval_matthews_correlation_mean": 0.86726334647496,
    "eval_matthews_correlation_std": 0.05612356335369788,
    "eval_precision_mean": 0.9485084838533115,
    "eval_precision_std": 0.018507451465154635,
    "eval_recall_mean": 0.9197802197802197,
    "eval_recall_std": 0.040128702497824645,
    "eval_runtime_mean": 0.04702,
    "eval_runtime_std": 0.0018659046063504957,
    "eval_samples_per_second_mean": 830.8674000000001,
    "eval_samples_per_second_std": 33.36731044960022,
    "eval_steps_per_second_mean": 63.91279999999999,
    "eval_steps_per_second_std": 2.5668286580915387
  },
  "cv_fold_metrics": [
    {
      "eval_loss": 0.3132151663303375,
      "eval_accuracy": 0.9230769230769231,
      "eval_f1": 0.9116981132075471,
      "eval_matthews_correlation": 0.8249579113843054,
      "eval_precision": 0.9212962962962963,
      "eval_recall": 0.9038461538461539,
      "eval_auc": 0.9881656804733728,
      "eval_auprc": 0.9787545787545784,
      "eval_runtime": 0.0486,
      "eval_samples_per_second": 801.99,
      "eval_steps_per_second": 61.692,
      "epoch": 10.0
    },
    {
      "eval_loss": 0.05989054590463638,
      "eval_accuracy": 0.9743589743589743,
      "eval_f1": 0.971677559912854,
      "eval_matthews_correlation": 0.9449111825230682,
      "eval_precision": 0.9642857142857143,
      "eval_recall": 0.9807692307692308,
      "eval_auc": 1.0,
      "eval_auprc": 0.9999999999999998,
      "eval_runtime": 0.0468,
      "eval_samples_per_second": 833.577,
      "eval_steps_per_second": 64.121,
      "epoch": 10.0
    },
    {
      "eval_loss": 0.2773958742618561,
      "eval_accuracy": 0.9487179487179487,
      "eval_f1": 0.9423076923076923,
      "eval_matthews_correlation": 0.890870806374748,
      "eval_precision": 0.962962962962963,
      "eval_recall": 0.9285714285714286,
      "eval_auc": 1.0,
      "eval_auprc": 0.9999999999999998,
      "eval_runtime": 0.0441,
      "eval_samples_per_second": 884.047,
      "eval_steps_per_second": 68.004,
      "epoch": 6.0
    },
    {
      "eval_loss": 0.2620787024497986,
      "eval_accuracy": 0.9487179487179487,
      "eval_f1": 0.9423076923076923,
      "eval_matthews_correlation": 0.890870806374748,
      "eval_precision": 0.962962962962963,
      "eval_recall": 0.9285714285714286,
      "eval_auc": 1.0,
      "eval_auprc": 0.9999999999999998,
      "eval_runtime": 0.0462,
      "eval_samples_per_second": 845.045,
      "eval_steps_per_second": 65.003,
      "epoch": 7.0
    },
    {
      "eval_loss": 0.40703946352005005,
      "eval_accuracy": 0.8974358974358975,
      "eval_f1": 0.8796296296296295,
      "eval_matthews_correlation": 0.7847060257179307,
      "eval_precision": 0.9310344827586207,
      "eval_recall": 0.8571428571428572,
      "eval_auc": 0.9314285714285714,
      "eval_auprc": 0.9186289900575613,
      "eval_runtime": 0.0494,
      "eval_samples_per_second": 789.678,
      "eval_steps_per_second": 60.744,
      "epoch": 8.0
    }
  ],
  "test_metrics": {
    "eval_loss": 0.8967577815055847,
    "eval_accuracy": 0.5971731448763251,
    "eval_f1": 0.5572299077733861,
    "eval_matthews_correlation": 0.125130882208434,
    "eval_precision": 0.5665210718923386,
    "eval_recall": 0.5588450292397661,
    "eval_auc": 0.5802527151211362,
    "eval_auprc": 0.45355442812073415,
    "eval_runtime": 0.253,
    "eval_samples_per_second": 1118.747,
    "eval_steps_per_second": 71.157,
    "epoch": 6.0
  }
}