{
  "experiment": "cross_length",
  "model_type": "lamar",
  "variant": "pretrained",
  "pair_name": "IGF2BP1_HepG2_ENCSR744GEU",
  "pretrain_path": "/gpfs/bwfor/work/ws/fr_ml642-thesis_work/Thesis/LAMAR/weights",
  "max_length": 1024,
  "n_folds": 5,
  "hyperparameters": {
    "learning_rate": 5e-05,
    "per_device_train_batch_size": 16,
    "weight_decay": 0.01,
    "warmup_ratio": 0.1,
    "num_train_epochs": 10,
    "gradient_accumulation_steps": 1,
    "early_stopping_patience": 3
  },
  "cv_metrics": {
    "epoch_mean": 10.0,
    "epoch_std": 0.0,
    "eval_accuracy_mean": 0.7860294117647059,
    "eval_accuracy_std": 0.018982839181508216,
    "eval_auc_mean": 0.857149115617253,
    "eval_auc_std": 0.015344711009564537,
    "eval_auprc_mean": 0.7759452228190211,
    "eval_auprc_std": 0.020048220732998875,
    "eval_f1_mean": 0.6684423301967242,
    "eval_f1_std": 0.031508477758958875,
    "eval_loss_mean": 0.4689618766307831,
    "eval_loss_std": 0.03115859303423098,
    "eval_matthews_correlation_mean": 0.5124115529885436,
    "eval_matthews_correlation_std": 0.043591155370104766,
    "eval_precision_mean": 0.6940577583407557,
    "eval_precision_std": 0.03670320372524061,
    "eval_recall_mean": 0.6465564108938044,
    "eval_recall_std": 0.043904862779784386,
    "eval_runtime_mean": 11.68348,
    "eval_runtime_std": 0.00728269181003857,
    "eval_samples_per_second_mean": 47.2976,
    "eval_samples_per_second_std": 0.05733620147864471,
    "eval_steps_per_second_mean": 2.9956,
    "eval_steps_per_second_std": 0.001743559577416332
  },
  "cv_fold_metrics": [
    {
      "eval_loss": 0.42199572920799255,
      "eval_accuracy": 0.8216911764705882,
      "eval_f1": 0.7220630372492837,
      "eval_precision": 0.7590361445783133,
      "eval_recall": 0.6885245901639344,
      "eval_auc": 0.8797662836988934,
      "eval_auprc": 0.8088848410900201,
      "eval_matthews_correlation": 0.5927854785530162,
      "eval_runtime": 11.6868,
      "eval_samples_per_second": 47.318,
      "eval_steps_per_second": 2.995,
      "epoch": 10.0
    },
    {
      "eval_loss": 0.4781407117843628,
      "eval_accuracy": 0.7794117647058824,
      "eval_f1": 0.6363636363636364,
      "eval_precision": 0.695364238410596,
      "eval_recall": 0.5865921787709497,
      "eval_auc": 0.8509374760847939,
      "eval_auprc": 0.7693230800546074,
      "eval_matthews_correlation": 0.4832578574886541,
      "eval_runtime": 11.6725,
      "eval_samples_per_second": 47.376,
      "eval_steps_per_second": 2.998,
      "epoch": 10.0
    },
    {
      "eval_loss": 0.4472728967666626,
      "eval_accuracy": 0.78125,
      "eval_f1": 0.6843501326259946,
      "eval_precision": 0.6649484536082474,
      "eval_recall": 0.7049180327868853,
      "eval_auc": 0.8694125304633455,
      "eval_auprc": 0.7879718779073251,
      "eval_matthews_correlation": 0.5177140030733578,
      "eval_runtime": 11.6862,
      "eval_samples_per_second": 47.321,
      "eval_steps_per_second": 2.995,
      "epoch": 10.0
    },
    {
      "eval_loss": 0.51144939661026,
      "eval_accuracy": 0.7647058823529411,
      "eval_f1": 0.6424581005586593,
      "eval_precision": 0.6534090909090909,
      "eval_recall": 0.6318681318681318,
      "eval_auc": 0.8370772873535305,
      "eval_auprc": 0.7574830652662209,
      "eval_matthews_correlation": 0.4673348092906499,
      "eval_runtime": 11.6935,
      "eval_samples_per_second": 47.206,
      "eval_steps_per_second": 2.993,
      "epoch": 10.0
    },
    {
      "eval_loss": 0.48595064878463745,
      "eval_accuracy": 0.7830882352941176,
      "eval_f1": 0.6569767441860466,
      "eval_precision": 0.6975308641975309,
      "eval_recall": 0.6208791208791209,
      "eval_auc": 0.8485520004857022,
      "eval_auprc": 0.7560632497769316,
      "eval_matthews_correlation": 0.5009656165370401,
      "eval_runtime": 11.6784,
      "eval_samples_per_second": 47.267,
      "eval_steps_per_second": 2.997,
      "epoch": 10.0
    }
  ],
  "test_metrics": {
    "eval_loss": 0.5572144389152527,
    "eval_accuracy": 0.6914612676056338,
    "eval_f1": 0.5497752087347463,
    "eval_precision": 0.8944618599791013,
    "eval_recall": 0.39684747334260545,
    "eval_auc": 0.8092952107488426,
    "eval_auprc": 0.8104100142587154,
    "eval_matthews_correlation": 0.43419885679176534,
    "eval_runtime": 97.8293,
    "eval_samples_per_second": 46.52,
    "eval_steps_per_second": 2.913,
    "epoch": 7.0
  }
}