{
  "experiment": "cross_cell",
  "model_type": "dnabert2",
  "variant": "pretrained",
  "pair_name": "TIAL1_train_K562_test_HepG2_fixlen_101",
  "max_length": 128,
  "n_folds": 5,
  "hyperparameters": {
    "learning_rate": 5e-05,
    "per_device_train_batch_size": 16,
    "weight_decay": 0.01,
    "warmup_ratio": 0.1,
    "num_train_epochs": 10,
    "gradient_accumulation_steps": 1,
    "early_stopping_patience": 3
  },
  "cv_metrics": {
    "epoch_mean": 6.6,
    "epoch_std": 0.7999999999999999,
    "eval_accuracy_mean": 0.8880684689371664,
    "eval_accuracy_std": 0.008961153554252284,
    "eval_auc_mean": 0.9540755601012225,
    "eval_auc_std": 0.005175270708170217,
    "eval_auprc_mean": 0.9397421721968147,
    "eval_auprc_std": 0.013478694636588299,
    "eval_f1_mean": 0.8875645832513012,
    "eval_f1_std": 0.009445705853272684,
    "eval_loss_mean": 0.41420161724090576,
    "eval_loss_std": 0.036858170926948014,
    "eval_matthews_correlation_mean": 0.7767811408289073,
    "eval_matthews_correlation_std": 0.017281393543481356,
    "eval_precision_mean": 0.8890337966482276,
    "eval_precision_std": 0.007061299408943988,
    "eval_recall_mean": 0.8877601045524853,
    "eval_recall_std": 0.010385850184652396,
    "eval_runtime_mean": 1.31946,
    "eval_runtime_std": 0.00299305863624487,
    "eval_samples_per_second_mean": 1271.5844000000002,
    "eval_samples_per_second_std": 3.028148120551608,
    "eval_steps_per_second_mean": 79.57820000000001,
    "eval_steps_per_second_std": 0.181059548215496
  },
  "cv_fold_metrics": [
    {
      "eval_loss": 0.3940686583518982,
      "eval_accuracy": 0.8730631704410012,
      "eval_f1": 0.8713969436561488,
      "eval_matthews_correlation": 0.7482959892434444,
      "eval_precision": 0.8789767417371961,
      "eval_recall": 0.8693807731782415,
      "eval_auc": 0.9570375755502337,
      "eval_auprc": 0.9405272514942731,
      "eval_runtime": 1.3142,
      "eval_samples_per_second": 1276.806,
      "eval_steps_per_second": 79.896,
      "epoch": 6.0
    },
    {
      "eval_loss": 0.4707475006580353,
      "eval_accuracy": 0.8969010727056019,
      "eval_f1": 0.8966482067933046,
      "eval_matthews_correlation": 0.7934403898730213,
      "eval_precision": 0.896368629627258,
      "eval_recall": 0.8970720720720721,
      "eval_auc": 0.9583646938077319,
      "eval_auprc": 0.9488609964932632,
      "eval_runtime": 1.321,
      "eval_samples_per_second": 1270.204,
      "eval_steps_per_second": 79.482,
      "epoch": 7.0
    },
    {
      "eval_loss": 0.4427335262298584,
      "eval_accuracy": 0.8933253873659118,
      "eval_f1": 0.8929677241182705,
      "eval_matthews_correlation": 0.7859360865226428,
      "eval_precision": 0.8929408780003905,
      "eval_recall": 0.8929952104002736,
      "eval_auc": 0.9539642490591856,
      "eval_auprc": 0.9488193636608943,
      "eval_runtime": 1.322,
      "eval_samples_per_second": 1269.279,
      "eval_steps_per_second": 79.424,
      "epoch": 8.0
    },
    {
      "eval_loss": 0.3932805061340332,
      "eval_accuracy": 0.8825983313468415,
      "eval_f1": 0.8824219026491227,
      "eval_matthews_correlation": 0.7655285626400627,
      "eval_precision": 0.8821804409768853,
      "eval_recall": 0.8833490135705326,
      "eval_auc": 0.9441320275972175,
      "eval_auprc": 0.9134875209070557,
      "eval_runtime": 1.3181,
      "eval_samples_per_second": 1273.073,
      "eval_steps_per_second": 79.662,
      "epoch": 6.0
    },
    {
      "eval_loss": 0.37017789483070374,
      "eval_accuracy": 0.8944543828264758,
      "eval_f1": 0.8943881390396593,
      "eval_matthews_correlation": 0.7907046758653654,
      "eval_precision": 0.8947022928994083,
      "eval_recall": 0.896003453541307,
      "eval_auc": 0.9568792544917443,
      "eval_auprc": 0.947015728428588,
      "eval_runtime": 1.322,
      "eval_samples_per_second": 1268.56,
      "eval_steps_per_second": 79.427,
      "epoch": 6.0
    }
  ],
  "test_metrics": {
    "eval_loss": 0.6406720280647278,
    "eval_accuracy": 0.7613469985358712,
    "eval_f1": 0.7519701097793319,
    "eval_matthews_correlation": 0.5082629962981295,
    "eval_precision": 0.7595270226849173,
    "eval_recall": 0.7488481456896141,
    "eval_auc": 0.8368641694185129,
    "eval_auprc": 0.7665355924234465,
    "eval_runtime": 2.7069,
    "eval_samples_per_second": 1261.577,
    "eval_steps_per_second": 79.056,
    "epoch": 4.0
  }
}