{
  "experiment": "cross_length",
  "model_type": "lamar",
  "variant": "tapt_1024",
  "pair_name": "HNRNPUL1_HepG2_ENCSR755TJC",
  "pretrain_path": "/gpfs/bwfor/work/ws/fr_ml642-thesis_work/Thesis/LAMAR/src/pretrain/saving_model/tapt_1024_standard_collator/checkpoint-134000/model.safetensors",
  "max_length": 1024,
  "n_folds": 5,
  "hyperparameters": {
    "learning_rate": 5e-05,
    "per_device_train_batch_size": 16,
    "weight_decay": 0.01,
    "warmup_ratio": 0.1,
    "num_train_epochs": 10,
    "gradient_accumulation_steps": 1,
    "early_stopping_patience": 3
  },
  "cv_metrics": {
    "epoch_mean": 7.0,
    "epoch_std": 1.8973665961010275,
    "eval_accuracy_mean": 0.8166666666666667,
    "eval_accuracy_std": 0.030618621784789735,
    "eval_auc_mean": 0.8976032734626485,
    "eval_auc_std": 0.058427687256309174,
    "eval_auprc_mean": 0.8452474345300433,
    "eval_auprc_std": 0.07539276283862893,
    "eval_f1_mean": 0.6308300395256917,
    "eval_f1_std": 0.08206127603074138,
    "eval_loss_mean": 0.4269254982471466,
    "eval_loss_std": 0.08914283544593167,
    "eval_matthews_correlation_mean": 0.564548720950195,
    "eval_matthews_correlation_std": 0.06179945667907392,
    "eval_precision_mean": 0.8575396825396826,
    "eval_precision_std": 0.10771744810780728,
    "eval_recall_mean": 0.5314102564102564,
    "eval_recall_std": 0.15818767305942424,
    "eval_runtime_mean": 1.03464,
    "eval_runtime_std": 0.0010442221985764973,
    "eval_samples_per_second_mean": 54.899,
    "eval_samples_per_second_std": 0.3617960751583681,
    "eval_steps_per_second_mean": 3.8662,
    "eval_steps_per_second_std": 0.0038678159211627994
  },
  "cv_fold_metrics": [
    {
      "eval_loss": 0.36472880840301514,
      "eval_accuracy": 0.8125,
      "eval_f1": 0.608695652173913,
      "eval_precision": 0.875,
      "eval_recall": 0.4666666666666667,
      "eval_auc": 0.9515151515151515,
      "eval_auprc": 0.911910496910497,
      "eval_matthews_correlation": 0.5427204202399745,
      "eval_runtime": 1.0366,
      "eval_samples_per_second": 54.987,
      "eval_steps_per_second": 3.859,
      "epoch": 8.0
    },
    {
      "eval_loss": 0.48598137497901917,
      "eval_accuracy": 0.8125,
      "eval_f1": 0.7272727272727272,
      "eval_precision": 0.6666666666666666,
      "eval_recall": 0.8,
      "eval_auc": 0.8949494949494949,
      "eval_auprc": 0.7851661301661301,
      "eval_matthews_correlation": 0.5918640302493726,
      "eval_runtime": 1.0347,
      "eval_samples_per_second": 55.088,
      "eval_steps_per_second": 3.866,
      "epoch": 10.0
    },
    {
      "eval_loss": 0.46780332922935486,
      "eval_accuracy": 0.7916666666666666,
      "eval_f1": 0.5454545454545454,
      "eval_precision": 1.0,
      "eval_recall": 0.375,
      "eval_auc": 0.845703125,
      "eval_auprc": 0.8534900284900284,
      "eval_matthews_correlation": 0.5345224838248488,
      "eval_runtime": 1.0343,
      "eval_samples_per_second": 55.111,
      "eval_steps_per_second": 3.867,
      "epoch": 5.0
    },
    {
      "eval_loss": 0.5305175185203552,
      "eval_accuracy": 0.7916666666666666,
      "eval_f1": 0.5454545454545455,
      "eval_precision": 0.8571428571428571,
      "eval_recall": 0.4,
      "eval_auc": 0.8222222222222222,
      "eval_auprc": 0.7373643787774222,
      "eval_matthews_correlation": 0.48552046664893705,
      "eval_runtime": 1.034,
      "eval_samples_per_second": 55.127,
      "eval_steps_per_second": 3.869,
      "epoch": 7.0
    },
    {
      "eval_loss": 0.28559646010398865,
      "eval_accuracy": 0.875,
      "eval_f1": 0.7272727272727274,
      "eval_precision": 0.8888888888888888,
      "eval_recall": 0.6153846153846154,
      "eval_auc": 0.9736263736263737,
      "eval_auprc": 0.9383061383061382,
      "eval_matthews_correlation": 0.668116203787842,
      "eval_runtime": 1.0336,
      "eval_samples_per_second": 54.182,
      "eval_steps_per_second": 3.87,
      "epoch": 5.0
    }
  ],
  "test_metrics": {
    "eval_loss": 0.3867828845977783,
    "eval_accuracy": 0.8454861111111112,
    "eval_f1": 0.8157349896480331,
    "eval_precision": 0.933649289099526,
    "eval_recall": 0.7242647058823529,
    "eval_auc": 0.9365566950464398,
    "eval_auprc": 0.9224650192822614,
    "eval_matthews_correlation": 0.7027471633719202,
    "eval_runtime": 12.4303,
    "eval_samples_per_second": 47.465,
    "eval_steps_per_second": 2.977,
    "epoch": 10.0
  }
}