{
  "experiment": "cross_cell",
  "model_type": "dnabert2",
  "variant": "tapt_v3",
  "pair_name": "GARS_train_K562_test_HepG2_fixlen_101",
  "max_length": 128,
  "n_folds": 5,
  "hyperparameters": {
    "learning_rate": 5e-05,
    "per_device_train_batch_size": 16,
    "weight_decay": 0.01,
    "warmup_ratio": 0.1,
    "num_train_epochs": 10,
    "gradient_accumulation_steps": 1,
    "early_stopping_patience": 3
  },
  "cv_metrics": {
    "epoch_mean": 5.4,
    "epoch_std": 0.48989794855663565,
    "eval_accuracy_mean": 0.8088278388278388,
    "eval_accuracy_std": 0.031675589876154396,
    "eval_auc_mean": 0.8988113524979886,
    "eval_auc_std": 0.03866959738076878,
    "eval_auprc_mean": 0.8897714597294233,
    "eval_auprc_std": 0.04317822715596808,
    "eval_f1_mean": 0.7971881611899425,
    "eval_f1_std": 0.032644149599394726,
    "eval_loss_mean": 0.45384355187416076,
    "eval_loss_std": 0.06378556482863934,
    "eval_matthews_correlation_mean": 0.6209304274436328,
    "eval_matthews_correlation_std": 0.04870787090759002,
    "eval_precision_mean": 0.8226295251516372,
    "eval_precision_std": 0.02516758356243349,
    "eval_recall_mean": 0.7995135688684075,
    "eval_recall_std": 0.031002558878440847,
    "eval_runtime_mean": 0.09354,
    "eval_runtime_std": 0.005296262833357122,
    "eval_samples_per_second_mean": 1121.6024000000002,
    "eval_samples_per_second_std": 56.96733408050619,
    "eval_steps_per_second_mean": 75.0698,
    "eval_steps_per_second_std": 3.9871910613864494
  },
  "cv_fold_metrics": [
    {
      "eval_loss": 0.4016726613044739,
      "eval_accuracy": 0.8571428571428571,
      "eval_f1": 0.8462064251537935,
      "eval_matthews_correlation": 0.7010681840159741,
      "eval_precision": 0.8642857142857143,
      "eval_recall": 0.8373015873015873,
      "eval_auc": 0.8858654572940288,
      "eval_auprc": 0.8841671591197678,
      "eval_runtime": 0.1037,
      "eval_samples_per_second": 1012.318,
      "eval_steps_per_second": 67.488,
      "epoch": 6.0
    },
    {
      "eval_loss": 0.4945148229598999,
      "eval_accuracy": 0.7619047619047619,
      "eval_f1": 0.7618183467924871,
      "eval_matthews_correlation": 0.5752491414717921,
      "eval_precision": 0.7855812220566318,
      "eval_recall": 0.7896825396825398,
      "eval_auc": 0.9357520786092215,
      "eval_auprc": 0.9304609448575544,
      "eval_runtime": 0.0939,
      "eval_samples_per_second": 1118.592,
      "eval_steps_per_second": 74.573,
      "epoch": 5.0
    },
    {
      "eval_loss": 0.5594519376754761,
      "eval_accuracy": 0.7904761904761904,
      "eval_f1": 0.7607705053852527,
      "eval_matthews_correlation": 0.5674984825977337,
      "eval_precision": 0.8220545277507303,
      "eval_recall": 0.75,
      "eval_auc": 0.8325774754346182,
      "eval_auprc": 0.8123545022762334,
      "eval_runtime": 0.0901,
      "eval_samples_per_second": 1165.893,
      "eval_steps_per_second": 77.726,
      "epoch": 6.0
    },
    {
      "eval_loss": 0.42067578434944153,
      "eval_accuracy": 0.8173076923076923,
      "eval_f1": 0.8019047619047619,
      "eval_matthews_correlation": 0.6177999934661041,
      "eval_precision": 0.8256508749466496,
      "eval_recall": 0.793010752688172,
      "eval_auc": 0.9016897081413211,
      "eval_auprc": 0.8916321744138229,
      "eval_runtime": 0.09,
      "eval_samples_per_second": 1155.217,
      "eval_steps_per_second": 77.755,
      "epoch": 5.0
    },
    {
      "eval_loss": 0.39290255308151245,
      "eval_accuracy": 0.8173076923076923,
      "eval_f1": 0.8152407667134175,
      "eval_matthews_correlation": 0.6430363356665598,
      "eval_precision": 0.8155752867184609,
      "eval_recall": 0.8275729646697388,
      "eval_auc": 0.9381720430107527,
      "eval_auprc": 0.9302425179797379,
      "eval_runtime": 0.09,
      "eval_samples_per_second": 1155.992,
      "eval_steps_per_second": 77.807,
      "epoch": 5.0
    }
  ],
  "test_metrics": {
    "eval_loss": 0.7910425066947937,
    "eval_accuracy": 0.609019060901906,
    "eval_f1": 0.5885291173393874,
    "eval_matthews_correlation": 0.21716931058036235,
    "eval_precision": 0.6182508673419054,
    "eval_recall": 0.5997085909771518,
    "eval_auc": 0.744193482420142,
    "eval_auprc": 0.6646078328355491,
    "eval_runtime": 1.6548,
    "eval_samples_per_second": 1299.861,
    "eval_steps_per_second": 81.581,
    "epoch": 6.0
  }
}