{
  "experiment": "cross_cell",
  "model_type": "lamar",
  "variant": "pretrained",
  "pair_name": "DHX30_train_K562_test_HepG2_fixlen_101",
  "pretrain_path": "/gpfs/bwfor/work/ws/fr_ml642-thesis_work/Thesis/LAMAR/weights",
  "max_length": 1024,
  "n_folds": 5,
  "hyperparameters": {
    "learning_rate": 5e-05,
    "per_device_train_batch_size": 16,
    "weight_decay": 0.01,
    "warmup_ratio": 0.1,
    "num_train_epochs": 10,
    "gradient_accumulation_steps": 1,
    "early_stopping_patience": 3
  },
  "cv_metrics": {
    "epoch_mean": 8.4,
    "epoch_std": 2.0591260281974,
    "eval_accuracy_mean": 0.7742647058823529,
    "eval_accuracy_std": 0.038503368659050456,
    "eval_auc_mean": 0.8653833163692226,
    "eval_auc_std": 0.02850428172877057,
    "eval_auprc_mean": 0.8638974292101291,
    "eval_auprc_std": 0.029142249883350534,
    "eval_f1_mean": 0.7700683778543784,
    "eval_f1_std": 0.04060020769636734,
    "eval_loss_mean": 0.4909998536109924,
    "eval_loss_std": 0.06560618995774678,
    "eval_matthews_correlation_mean": 0.5520389597055295,
    "eval_matthews_correlation_std": 0.0755063467515126,
    "eval_precision_mean": 0.7746295499488467,
    "eval_precision_std": 0.054778597801715526,
    "eval_recall_mean": 0.7704496695426075,
    "eval_recall_std": 0.06297207951657617,
    "eval_runtime_mean": 6.09418,
    "eval_runtime_std": 0.1338388045373986,
    "eval_samples_per_second_mean": 47.2476,
    "eval_samples_per_second_std": 1.0050736490426955,
    "eval_steps_per_second_mean": 2.9552,
    "eval_steps_per_second_std": 0.06692204420069668
  },
  "cv_fold_metrics": [
    {
      "eval_loss": 0.3813410699367523,
      "eval_accuracy": 0.8229166666666666,
      "eval_f1": 0.8104089219330854,
      "eval_precision": 0.8582677165354331,
      "eval_recall": 0.7676056338028169,
      "eval_auc": 0.9134671039938259,
      "eval_auprc": 0.9159181918201686,
      "eval_matthews_correlation": 0.6487928282629529,
      "eval_runtime": 6.1628,
      "eval_samples_per_second": 46.732,
      "eval_steps_per_second": 2.921,
      "epoch": 10.0
    },
    {
      "eval_loss": 0.5801558494567871,
      "eval_accuracy": 0.71875,
      "eval_f1": 0.6966292134831461,
      "eval_precision": 0.744,
      "eval_recall": 0.6549295774647887,
      "eval_auc": 0.8345552768666795,
      "eval_auprc": 0.8414142627818775,
      "eval_matthews_correlation": 0.4395524220107615,
      "eval_runtime": 6.1583,
      "eval_samples_per_second": 46.766,
      "eval_steps_per_second": 2.923,
      "epoch": 7.0
    },
    {
      "eval_loss": 0.5110175609588623,
      "eval_accuracy": 0.7743055555555556,
      "eval_f1": 0.7735191637630662,
      "eval_precision": 0.7602739726027398,
      "eval_recall": 0.7872340425531915,
      "eval_auc": 0.8637525932358759,
      "eval_auprc": 0.8677570382301585,
      "eval_matthews_correlation": 0.5490725817204192,
      "eval_runtime": 6.1668,
      "eval_samples_per_second": 46.702,
      "eval_steps_per_second": 2.919,
      "epoch": 10.0
    },
    {
      "eval_loss": 0.515181839466095,
      "eval_accuracy": 0.7465277777777778,
      "eval_f1": 0.765273311897106,
      "eval_precision": 0.7,
      "eval_recall": 0.8439716312056738,
      "eval_auc": 0.8391952525691129,
      "eval_auprc": 0.8319982034852489,
      "eval_matthews_correlation": 0.5052285189887223,
      "eval_runtime": 6.1564,
      "eval_samples_per_second": 46.781,
      "eval_steps_per_second": 2.924,
      "epoch": 5.0
    },
    {
      "eval_loss": 0.46730294823646545,
      "eval_accuracy": 0.8088235294117647,
      "eval_f1": 0.8045112781954887,
      "eval_precision": 0.8106060606060606,
      "eval_recall": 0.7985074626865671,
      "eval_auc": 0.8759463551806186,
      "eval_auprc": 0.8623994497331933,
      "eval_matthews_correlation": 0.6175484475447913,
      "eval_runtime": 5.8266,
      "eval_samples_per_second": 49.257,
      "eval_steps_per_second": 3.089,
      "epoch": 10.0
    }
  ],
  "test_metrics": {
    "eval_loss": 0.9040009379386902,
    "eval_accuracy": 0.7291666666666666,
    "eval_f1": 0.5185185185185185,
    "eval_precision": 0.9545454545454546,
    "eval_recall": 0.3559322033898305,
    "eval_auc": 0.7180458624127618,
    "eval_auprc": 0.6870405974498138,
    "eval_matthews_correlation": 0.470450643542606,
    "eval_runtime": 3.0911,
    "eval_samples_per_second": 48.851,
    "eval_steps_per_second": 3.235,
    "epoch": 5.0
  }
}