{
  "experiment": "cross_cell",
  "model_type": "lamar",
  "variant": "tapt_1024",
  "pair_name": "SNRNP200_train_K562_test_HepG2_fixlen_101",
  "pretrain_path": "/gpfs/bwfor/work/ws/fr_ml642-thesis_work/Thesis/LAMAR/src/pretrain/saving_model/tapt_1024_standard_collator/checkpoint-134000/model.safetensors",
  "max_length": 1024,
  "n_folds": 5,
  "hyperparameters": {
    "learning_rate": 5e-05,
    "per_device_train_batch_size": 16,
    "weight_decay": 0.01,
    "warmup_ratio": 0.1,
    "num_train_epochs": 10,
    "gradient_accumulation_steps": 1,
    "early_stopping_patience": 3
  },
  "cv_metrics": {
    "epoch_mean": 7.4,
    "epoch_std": 1.2,
    "eval_accuracy_mean": 0.75,
    "eval_accuracy_std": 0.0229564161275256,
    "eval_auc_mean": 0.8276239281475947,
    "eval_auc_std": 0.014812449422884047,
    "eval_auprc_mean": 0.7877619797457174,
    "eval_auprc_std": 0.013813918187924577,
    "eval_f1_mean": 0.7067283058048937,
    "eval_f1_std": 0.03494256925852409,
    "eval_loss_mean": 0.5192742586135864,
    "eval_loss_std": 0.01769024694075837,
    "eval_matthews_correlation_mean": 0.4942709098087086,
    "eval_matthews_correlation_std": 0.048315245157400134,
    "eval_precision_mean": 0.715803157098317,
    "eval_precision_std": 0.045422235005276215,
    "eval_recall_mean": 0.7069514754908013,
    "eval_recall_std": 0.0828924547813614,
    "eval_runtime_mean": 4.4931600000000005,
    "eval_runtime_std": 0.0070150124732603234,
    "eval_samples_per_second_mean": 47.806,
    "eval_samples_per_second_std": 0.04792494131451812,
    "eval_steps_per_second_mean": 3.1158,
    "eval_steps_per_second_std": 0.004833218389437881
  },
  "cv_fold_metrics": [
    {
      "eval_loss": 0.5241382122039795,
      "eval_accuracy": 0.7355769230769231,
      "eval_f1": 0.6994535519125683,
      "eval_precision": 0.6956521739130435,
      "eval_recall": 0.7032967032967034,
      "eval_auc": 0.8245515168592092,
      "eval_auprc": 0.7968932285267672,
      "eval_matthews_correlation": 0.4634366899568411,
      "eval_runtime": 4.4935,
      "eval_samples_per_second": 47.847,
      "eval_steps_per_second": 3.116,
      "epoch": 8.0
    },
    {
      "eval_loss": 0.5370266437530518,
      "eval_accuracy": 0.7211538461538461,
      "eval_f1": 0.6627906976744186,
      "eval_precision": 0.6867469879518072,
      "eval_recall": 0.6404494382022472,
      "eval_auc": 0.8041733547351525,
      "eval_auprc": 0.7687394769249458,
      "eval_matthews_correlation": 0.4263318885064275,
      "eval_runtime": 4.4952,
      "eval_samples_per_second": 47.829,
      "eval_steps_per_second": 3.114,
      "epoch": 8.0
    },
    {
      "eval_loss": 0.4873937964439392,
      "eval_accuracy": 0.7884615384615384,
      "eval_f1": 0.7582417582417582,
      "eval_precision": 0.7419354838709677,
      "eval_recall": 0.7752808988764045,
      "eval_auc": 0.8504390520253045,
      "eval_auprc": 0.7966518608552645,
      "eval_matthews_correlation": 0.5708045204160528,
      "eval_runtime": 4.5032,
      "eval_samples_per_second": 47.743,
      "eval_steps_per_second": 3.109,
      "epoch": 6.0
    },
    {
      "eval_loss": 0.5147782564163208,
      "eval_accuracy": 0.7596153846153846,
      "eval_f1": 0.6794871794871795,
      "eval_precision": 0.7910447761194029,
      "eval_recall": 0.5955056179775281,
      "eval_auc": 0.8272117835898404,
      "eval_auprc": 0.7736107891871744,
      "eval_matthews_correlation": 0.5059654892457112,
      "eval_runtime": 4.4926,
      "eval_samples_per_second": 47.857,
      "eval_steps_per_second": 3.116,
      "epoch": 6.0
    },
    {
      "eval_loss": 0.5330343842506409,
      "eval_accuracy": 0.7451923076923077,
      "eval_f1": 0.7336683417085428,
      "eval_precision": 0.6636363636363637,
      "eval_recall": 0.8202247191011236,
      "eval_auc": 0.8317439335284676,
      "eval_auprc": 0.8029145432344345,
      "eval_matthews_correlation": 0.5048159609185104,
      "eval_runtime": 4.4813,
      "eval_samples_per_second": 47.754,
      "eval_steps_per_second": 3.124,
      "epoch": 9.0
    }
  ],
  "test_metrics": {
    "eval_loss": 0.689349353313446,
    "eval_accuracy": 0.6903153153153153,
    "eval_f1": 0.5877061469265368,
    "eval_precision": 0.7509578544061303,
    "eval_recall": 0.4827586206896552,
    "eval_auc": 0.7546948776649021,
    "eval_auprc": 0.7346634757649682,
    "eval_matthews_correlation": 0.3804448812983202,
    "eval_runtime": 38.2476,
    "eval_samples_per_second": 46.513,
    "eval_steps_per_second": 2.928,
    "epoch": 10.0
  }
}