{
  "experiment": "cross_cell",
  "model_type": "lamar",
  "variant": "pretrained",
  "pair_name": "FTO_train_K562_test_HepG2_fixlen_101",
  "pretrain_path": "/gpfs/bwfor/work/ws/fr_ml642-thesis_work/Thesis/LAMAR/weights",
  "max_length": 1024,
  "n_folds": 5,
  "hyperparameters": {
    "learning_rate": 5e-05,
    "per_device_train_batch_size": 16,
    "weight_decay": 0.01,
    "warmup_ratio": 0.1,
    "num_train_epochs": 10,
    "gradient_accumulation_steps": 1,
    "early_stopping_patience": 3
  },
  "cv_metrics": {
    "epoch_mean": 7.2,
    "epoch_std": 1.469693845669907,
    "eval_accuracy_mean": 0.8236111111111111,
    "eval_accuracy_std": 0.013958160584890118,
    "eval_auc_mean": 0.9180392538007045,
    "eval_auc_std": 0.010588849054993557,
    "eval_auprc_mean": 0.9204098094990926,
    "eval_auprc_std": 0.013758263506753831,
    "eval_f1_mean": 0.823341043702387,
    "eval_f1_std": 0.009671030889724935,
    "eval_loss_mean": 0.4004659116268158,
    "eval_loss_std": 0.037460412015553876,
    "eval_matthews_correlation_mean": 0.6523153986507839,
    "eval_matthews_correlation_std": 0.02451378890886674,
    "eval_precision_mean": 0.8143116756660097,
    "eval_precision_std": 0.04865996220539265,
    "eval_recall_mean": 0.8385325312984888,
    "eval_recall_std": 0.05043924350914396,
    "eval_runtime_mean": 6.249720000000001,
    "eval_runtime_std": 0.0059687184554140515,
    "eval_samples_per_second_mean": 47.2024,
    "eval_samples_per_second_std": 0.045133579516807215,
    "eval_steps_per_second_mean": 3.04,
    "eval_steps_per_second_std": 0.0030331501776206084
  },
  "cv_fold_metrics": [
    {
      "eval_loss": 0.3680553138256073,
      "eval_accuracy": 0.8298611111111112,
      "eval_f1": 0.8338983050847457,
      "eval_precision": 0.8092105263157895,
      "eval_recall": 0.8601398601398601,
      "eval_auc": 0.9330118157704365,
      "eval_auprc": 0.9371303147804648,
      "eval_matthews_correlation": 0.6611450162171455,
      "eval_runtime": 6.2553,
      "eval_samples_per_second": 47.16,
      "eval_steps_per_second": 3.037,
      "epoch": 7.0
    },
    {
      "eval_loss": 0.38412216305732727,
      "eval_accuracy": 0.8159722222222222,
      "eval_f1": 0.8239202657807309,
      "eval_precision": 0.7701863354037267,
      "eval_recall": 0.8857142857142857,
      "eval_auc": 0.9231660231660231,
      "eval_auprc": 0.9223880623907865,
      "eval_matthews_correlation": 0.6399441126588143,
      "eval_runtime": 6.2576,
      "eval_samples_per_second": 47.143,
      "eval_steps_per_second": 3.036,
      "epoch": 6.0
    },
    {
      "eval_loss": 0.4658570885658264,
      "eval_accuracy": 0.84375,
      "eval_f1": 0.8339483394833948,
      "eval_precision": 0.8692307692307693,
      "eval_recall": 0.8014184397163121,
      "eval_auc": 0.9028803010565929,
      "eval_auprc": 0.8962249025775242,
      "eval_matthews_correlation": 0.6888868073124982,
      "eval_runtime": 6.2453,
      "eval_samples_per_second": 47.236,
      "eval_steps_per_second": 3.042,
      "epoch": 10.0
    },
    {
      "eval_loss": 0.4174896478652954,
      "eval_accuracy": 0.8020833333333334,
      "eval_f1": 0.8143322475570033,
      "eval_precision": 0.7530120481927711,
      "eval_recall": 0.8865248226950354,
      "eval_auc": 0.9097312683938824,
      "eval_auprc": 0.9175403240568157,
      "eval_matthews_correlation": 0.6146975836156742,
      "eval_runtime": 6.2487,
      "eval_samples_per_second": 47.21,
      "eval_steps_per_second": 3.041,
      "epoch": 7.0
    },
    {
      "eval_loss": 0.3668053448200226,
      "eval_accuracy": 0.8263888888888888,
      "eval_f1": 0.8106060606060606,
      "eval_precision": 0.8699186991869918,
      "eval_recall": 0.7588652482269503,
      "eval_auc": 0.921406860616587,
      "eval_auprc": 0.9287654436898715,
      "eval_matthews_correlation": 0.6569034734497871,
      "eval_runtime": 6.2417,
      "eval_samples_per_second": 47.263,
      "eval_steps_per_second": 3.044,
      "epoch": 6.0
    }
  ],
  "test_metrics": {
    "eval_loss": 0.4180765748023987,
    "eval_accuracy": 0.8061224489795918,
    "eval_f1": 0.8031088082901555,
    "eval_precision": 0.7808564231738035,
    "eval_recall": 0.8266666666666667,
    "eval_auc": 0.8925509372453138,
    "eval_auprc": 0.8936132129174652,
    "eval_matthews_correlation": 0.613425021750054,
    "eval_runtime": 16.9918,
    "eval_samples_per_second": 46.434,
    "eval_steps_per_second": 2.943,
    "epoch": 6.0
  }
}