{
  "experiment": "cross_cell",
  "model_type": "dnabert2",
  "variant": "pretrained",
  "pair_name": "HNRNPL_train_K562_test_HepG2_fixlen_101",
  "max_length": 128,
  "n_folds": 5,
  "hyperparameters": {
    "learning_rate": 5e-05,
    "per_device_train_batch_size": 16,
    "weight_decay": 0.01,
    "warmup_ratio": 0.1,
    "num_train_epochs": 10,
    "gradient_accumulation_steps": 1,
    "early_stopping_patience": 3
  },
  "cv_metrics": {
    "epoch_mean": 5.4,
    "epoch_std": 1.0198039027185568,
    "eval_accuracy_mean": 0.8425015544888691,
    "eval_accuracy_std": 0.0161819359829627,
    "eval_auc_mean": 0.9165120928924411,
    "eval_auc_std": 0.010860428430466402,
    "eval_auprc_mean": 0.9062684056336611,
    "eval_auprc_std": 0.009245984990118286,
    "eval_f1_mean": 0.832915232965662,
    "eval_f1_std": 0.02017888626001843,
    "eval_loss_mean": 0.44271318316459657,
    "eval_loss_std": 0.08304086499436442,
    "eval_matthews_correlation_mean": 0.6790403926907187,
    "eval_matthews_correlation_std": 0.03189670845355146,
    "eval_precision_mean": 0.852756914779313,
    "eval_precision_std": 0.01351411450685842,
    "eval_recall_mean": 0.8271108555867196,
    "eval_recall_std": 0.02300437747172983,
    "eval_runtime_mean": 1.04944,
    "eval_runtime_std": 0.018243639987677918,
    "eval_samples_per_second_mean": 1299.9302,
    "eval_samples_per_second_std": 22.44231346719851,
    "eval_steps_per_second_mean": 81.9728,
    "eval_steps_per_second_std": 1.4308256916899438
  },
  "cv_fold_metrics": [
    {
      "eval_loss": 0.3427704870700836,
      "eval_accuracy": 0.8489736070381232,
      "eval_f1": 0.841615277950013,
      "eval_matthews_correlation": 0.6880788036876718,
      "eval_precision": 0.8521388888888889,
      "eval_recall": 0.8361262097308764,
      "eval_auc": 0.9221596181890493,
      "eval_auprc": 0.9090416888201654,
      "eval_runtime": 1.064,
      "eval_samples_per_second": 1282.0,
      "eval_steps_per_second": 80.83,
      "epoch": 5.0
    },
    {
      "eval_loss": 0.41275811195373535,
      "eval_accuracy": 0.8130498533724341,
      "eval_f1": 0.7974086338100772,
      "eval_matthews_correlation": 0.6189437706153129,
      "eval_precision": 0.8317506062183402,
      "eval_recall": 0.7886892925007734,
      "eval_auc": 0.8950616465597242,
      "eval_auprc": 0.8892216883255151,
      "eval_runtime": 1.0553,
      "eval_samples_per_second": 1292.466,
      "eval_steps_per_second": 81.49,
      "epoch": 4.0
    },
    {
      "eval_loss": 0.5324636101722717,
      "eval_accuracy": 0.8504398826979472,
      "eval_f1": 0.8471537427162706,
      "eval_matthews_correlation": 0.6948533966698777,
      "eval_precision": 0.8455988455988456,
      "eval_recall": 0.8492642184807105,
      "eval_auc": 0.9240289009677846,
      "eval_auprc": 0.913419944746251,
      "eval_runtime": 1.0305,
      "eval_samples_per_second": 1323.648,
      "eval_steps_per_second": 83.456,
      "epoch": 7.0
    },
    {
      "eval_loss": 0.5486123561859131,
      "eval_accuracy": 0.8394428152492669,
      "eval_f1": 0.8247456248888951,
      "eval_matthews_correlation": 0.6804991509978289,
      "eval_precision": 0.8688885426000234,
      "eval_recall": 0.813834018295108,
      "eval_auc": 0.9225120420699103,
      "eval_auprc": 0.9149603528279253,
      "eval_runtime": 1.0717,
      "eval_samples_per_second": 1272.687,
      "eval_steps_per_second": 80.243,
      "epoch": 6.0
    },
    {
      "eval_loss": 0.376961350440979,
      "eval_accuracy": 0.8606016140865738,
      "eval_f1": 0.853652885463053,
      "eval_matthews_correlation": 0.7128268414829024,
      "eval_precision": 0.8654076905904677,
      "eval_recall": 0.8476405389261299,
      "eval_auc": 0.9187982566757371,
      "eval_auprc": 0.904698353448449,
      "eval_runtime": 1.0257,
      "eval_samples_per_second": 1328.85,
      "eval_steps_per_second": 83.845,
      "epoch": 5.0
    }
  ],
  "test_metrics": {
    "eval_loss": 0.2718822658061981,
    "eval_accuracy": 0.8932852548484553,
    "eval_f1": 0.8929664561174802,
    "eval_matthews_correlation": 0.7907192382508701,
    "eval_precision": 0.8931285258335395,
    "eval_recall": 0.8976033743763341,
    "eval_auc": 0.9676631041418913,
    "eval_auprc": 0.9610841219358908,
    "eval_runtime": 8.7566,
    "eval_samples_per_second": 1171.801,
    "eval_steps_per_second": 73.316,
    "epoch": 4.0
  }
}