{
  "experiment": "cross_cell",
  "model_type": "dnabert2",
  "variant": "pretrained",
  "pair_name": "IGF2BP1_train_K562_test_HepG2_fixlen_101",
  "max_length": 128,
  "n_folds": 5,
  "hyperparameters": {
    "learning_rate": 5e-05,
    "per_device_train_batch_size": 16,
    "weight_decay": 0.01,
    "warmup_ratio": 0.1,
    "num_train_epochs": 10,
    "gradient_accumulation_steps": 1,
    "early_stopping_patience": 3
  },
  "cv_metrics": {
    "epoch_mean": 5.6,
    "epoch_std": 0.48989794855663565,
    "eval_accuracy_mean": 0.7886766302942545,
    "eval_accuracy_std": 0.026213828847982217,
    "eval_auc_mean": 0.8858228851798258,
    "eval_auc_std": 0.005142958585281592,
    "eval_auprc_mean": 0.8539171320818365,
    "eval_auprc_std": 0.006695765464909746,
    "eval_f1_mean": 0.7871971570104437,
    "eval_f1_std": 0.02811932748515296,
    "eval_loss_mean": 0.5470418512821198,
    "eval_loss_std": 0.09130773184053291,
    "eval_matthews_correlation_mean": 0.5948472758873835,
    "eval_matthews_correlation_std": 0.029046437466880966,
    "eval_precision_mean": 0.8008504693049971,
    "eval_precision_std": 0.009488962287942394,
    "eval_recall_mean": 0.7942557433862172,
    "eval_recall_std": 0.020977638077909984,
    "eval_runtime_mean": 1.23642,
    "eval_runtime_std": 0.024780589177822242,
    "eval_samples_per_second_mean": 1282.6147999999998,
    "eval_samples_per_second_std": 25.456536444693338,
    "eval_steps_per_second_mean": 80.91180000000001,
    "eval_steps_per_second_std": 1.5967593932712583
  },
  "cv_fold_metrics": [
    {
      "eval_loss": 0.7024701833724976,
      "eval_accuracy": 0.7377049180327869,
      "eval_f1": 0.7324630835906886,
      "eval_matthews_correlation": 0.5474641950413306,
      "eval_precision": 0.7931447641169639,
      "eval_recall": 0.7556049787850432,
      "eval_auc": 0.8833465793285561,
      "eval_auprc": 0.854460876061959,
      "eval_runtime": 1.2143,
      "eval_samples_per_second": 1306.143,
      "eval_steps_per_second": 82.355,
      "epoch": 6.0
    },
    {
      "eval_loss": 0.458572119474411,
      "eval_accuracy": 0.7993690851735016,
      "eval_f1": 0.7990516119566744,
      "eval_matthews_correlation": 0.6017962285486654,
      "eval_precision": 0.7997488909482909,
      "eval_recall": 0.8020517436692307,
      "eval_auc": 0.8801799026356409,
      "eval_auprc": 0.8427868337411261,
      "eval_runtime": 1.2251,
      "eval_samples_per_second": 1293.753,
      "eval_steps_per_second": 81.625,
      "epoch": 5.0
    },
    {
      "eval_loss": 0.4529651999473572,
      "eval_accuracy": 0.8088328075709779,
      "eval_f1": 0.808825197790715,
      "eval_matthews_correlation": 0.6320743633773298,
      "eval_precision": 0.8164156490857857,
      "eval_recall": 0.8156591669795548,
      "eval_auc": 0.8953846598184287,
      "eval_auprc": 0.8627934514031794,
      "eval_runtime": 1.2152,
      "eval_samples_per_second": 1304.328,
      "eval_steps_per_second": 82.292,
      "epoch": 5.0
    },
    {
      "eval_loss": 0.5450680255889893,
      "eval_accuracy": 0.7911671924290221,
      "eval_f1": 0.7899632680431976,
      "eval_matthews_correlation": 0.58011012984628,
      "eval_precision": 0.7895816144444232,
      "eval_recall": 0.7905292894681117,
      "eval_auc": 0.8841511540608697,
      "eval_auprc": 0.8516309377340165,
      "eval_runtime": 1.2797,
      "eval_samples_per_second": 1238.586,
      "eval_steps_per_second": 78.144,
      "epoch": 6.0
    },
    {
      "eval_loss": 0.5761337280273438,
      "eval_accuracy": 0.8063091482649842,
      "eval_f1": 0.805682623670943,
      "eval_matthews_correlation": 0.6127914626233122,
      "eval_precision": 0.8053614279295214,
      "eval_recall": 0.8074335380291451,
      "eval_auc": 0.8860521300556335,
      "eval_auprc": 0.8579135614689019,
      "eval_runtime": 1.2478,
      "eval_samples_per_second": 1270.264,
      "eval_steps_per_second": 80.143,
      "epoch": 6.0
    }
  ],
  "test_metrics": {
    "eval_loss": 0.5922226309776306,
    "eval_accuracy": 0.7062911485003658,
    "eval_f1": 0.7035267776358328,
    "eval_matthews_correlation": 0.47943845913561806,
    "eval_precision": 0.7507524976739901,
    "eval_recall": 0.7291714322195749,
    "eval_auc": 0.8351210835305207,
    "eval_auprc": 0.8003745254203103,
    "eval_runtime": 4.2586,
    "eval_samples_per_second": 1283.996,
    "eval_steps_per_second": 80.308,
    "epoch": 4.0
  }
}