{
  "experiment": "rbp",
  "model_type": "lamar",
  "variant": "lamar_tapt_512_std",
  "rbp_name": "SF3B4_K562_200",
  "weights_path": "/gpfs/bwfor/work/ws/fr_ml642-thesis_work/Thesis/LAMAR/src/pretrain/saving_model/tapt_512_standard_collator_1gpu/checkpoint-265000",
  "max_length": 512,
  "n_folds": 5,
  "hyperparameters": {
    "learning_rate": 5e-05,
    "per_device_train_batch_size": 16,
    "weight_decay": 0.01,
    "warmup_ratio": 0.1,
    "num_train_epochs": 10,
    "gradient_accumulation_steps": 1,
    "early_stopping_patience": 3
  },
  "cv_metrics": {
    "epoch_mean": 10.0,
    "epoch_std": 0.0,
    "eval_accuracy_mean": 0.9260902830910481,
    "eval_accuracy_std": 0.003174518964915792,
    "eval_auc_mean": 0.9780127686473918,
    "eval_auc_std": 0.001632900613403876,
    "eval_auprc_mean": 0.9779822858489803,
    "eval_auprc_std": 0.0020642781061672726,
    "eval_f1_mean": 0.9262636457571253,
    "eval_f1_std": 0.002460312653374458,
    "eval_loss_mean": 0.3785706639289856,
    "eval_loss_std": 0.0498197299238769,
    "eval_matthews_correlation_mean": 0.8524565606871063,
    "eval_matthews_correlation_std": 0.006165532088790488,
    "eval_precision_mean": 0.9240968185366908,
    "eval_precision_std": 0.013212896229123753,
    "eval_recall_mean": 0.9287259368137519,
    "eval_recall_std": 0.0099550312990127,
    "eval_runtime_mean": 43.039559999999994,
    "eval_runtime_std": 0.04007121660244571,
    "eval_samples_per_second_mean": 121.46979999999999,
    "eval_samples_per_second_std": 0.11288649166308261,
    "eval_steps_per_second_mean": 7.5976,
    "eval_steps_per_second_std": 0.0068293484315855146
  },
  "cv_fold_metrics": [
    {
      "eval_loss": 0.39336860179901123,
      "eval_accuracy": 0.930566182096404,
      "eval_f1": 0.9302593659942363,
      "eval_precision": 0.9340277777777778,
      "eval_recall": 0.9265212399540758,
      "eval_matthews_correlation": 0.8611597072359327,
      "eval_auc": 0.9802920973892121,
      "eval_auprc": 0.9806249520767184,
      "eval_runtime": 43.0554,
      "eval_samples_per_second": 121.425,
      "eval_steps_per_second": 7.595,
      "epoch": 10.0
    },
    {
      "eval_loss": 0.34731394052505493,
      "eval_accuracy": 0.9276970160673298,
      "eval_f1": 0.9265734265734266,
      "eval_precision": 0.9408284023668639,
      "eval_recall": 0.912743972445465,
      "eval_matthews_correlation": 0.8557734379989587,
      "eval_auc": 0.9795987703781431,
      "eval_auprc": 0.980065501942142,
      "eval_runtime": 43.0248,
      "eval_samples_per_second": 121.511,
      "eval_steps_per_second": 7.6,
      "epoch": 10.0
    },
    {
      "eval_loss": 0.308741956949234,
      "eval_accuracy": 0.9213848508033665,
      "eval_f1": 0.922787901559271,
      "eval_precision": 0.9059387679822943,
      "eval_recall": 0.9402756508422665,
      "eval_matthews_correlation": 0.8433792043596775,
      "eval_auc": 0.9765578534264346,
      "eval_auprc": 0.9758029123015555,
      "eval_runtime": 42.9796,
      "eval_samples_per_second": 121.639,
      "eval_steps_per_second": 7.608,
      "epoch": 10.0
    },
    {
      "eval_loss": 0.457875519990921,
      "eval_accuracy": 0.9238714613618975,
      "eval_f1": 0.9249056603773584,
      "eval_precision": 0.9118303571428571,
      "eval_recall": 0.9383614088820827,
      "eval_matthews_correlation": 0.8481047364469192,
      "eval_auc": 0.9762601800206997,
      "eval_auprc": 0.9757113531849247,
      "eval_runtime": 43.1024,
      "eval_samples_per_second": 121.293,
      "eval_steps_per_second": 7.587,
      "epoch": 10.0
    },
    {
      "eval_loss": 0.3855533003807068,
      "eval_accuracy": 0.9269319051262433,
      "eval_f1": 0.9267918742813338,
      "eval_precision": 0.9278587874136608,
      "eval_recall": 0.9257274119448698,
      "eval_matthews_correlation": 0.8538657173940428,
      "eval_auc": 0.9773549420224699,
      "eval_auprc": 0.9777067097395612,
      "eval_runtime": 43.0356,
      "eval_samples_per_second": 121.481,
      "eval_steps_per_second": 7.598,
      "epoch": 10.0
    }
  ],
  "test_metrics": {
    "eval_loss": 0.2805883288383484,
    "eval_accuracy": 0.9291615667074663,
    "eval_f1": 0.9299228091418192,
    "eval_precision": 0.9222455719003302,
    "eval_recall": 0.9377289377289377,
    "eval_matthews_correlation": 0.8584380410718592,
    "eval_auc": 0.9795771627826843,
    "eval_auprc": 0.9792100581315345,
    "eval_runtime": 53.7556,
    "eval_samples_per_second": 121.587,
    "eval_steps_per_second": 7.609,
    "epoch": 10.0
  }
}