{
  "experiment": "cross_length",
  "model_type": "dnabert2",
  "variant": "pretrained_custom",
  "pair_name": "HNRNPC_HepG2_ENCSR550DVK",
  "max_length": 256,
  "n_folds": 5,
  "hyperparameters": {
    "learning_rate": 5e-05,
    "per_device_train_batch_size": 16,
    "weight_decay": 0.01,
    "warmup_ratio": 0.1,
    "num_train_epochs": 10,
    "gradient_accumulation_steps": 1,
    "early_stopping_patience": 3
  },
  "cv_metrics": {
    "epoch_mean": 6.6,
    "epoch_std": 1.019803902718557,
    "eval_accuracy_mean": 0.9527143309079404,
    "eval_accuracy_std": 0.01300717713461729,
    "eval_auc_mean": 0.9850615129974816,
    "eval_auc_std": 0.006258723100588909,
    "eval_auprc_mean": 0.9683199558996899,
    "eval_auprc_std": 0.012454406724563119,
    "eval_f1_mean": 0.9414789713004357,
    "eval_f1_std": 0.016534001006785162,
    "eval_loss_mean": 0.1817311406135559,
    "eval_loss_std": 0.03964814042022065,
    "eval_matthews_correlation_mean": 0.8835927638564594,
    "eval_matthews_correlation_std": 0.032614421214073035,
    "eval_precision_mean": 0.9409575054639934,
    "eval_precision_std": 0.013936776589176733,
    "eval_recall_mean": 0.9427542385974597,
    "eval_recall_std": 0.020866320523691716,
    "eval_runtime_mean": 0.3759,
    "eval_runtime_std": 0.007677760090026258,
    "eval_samples_per_second_mean": 1159.2795999999998,
    "eval_samples_per_second_std": 23.47581941147102,
    "eval_steps_per_second_mean": 74.51840000000001,
    "eval_steps_per_second_std": 1.543018937019246
  },
  "cv_fold_metrics": [
    {
      "eval_loss": 0.2364848256111145,
      "eval_accuracy": 0.9380733944954128,
      "eval_f1": 0.9244760090074484,
      "eval_matthews_correlation": 0.8496508188579082,
      "eval_precision": 0.9178218821806429,
      "eval_recall": 0.9319463297483555,
      "eval_auc": 0.9777592147854234,
      "eval_auprc": 0.9503547140011577,
      "eval_runtime": 0.3767,
      "eval_samples_per_second": 1157.418,
      "eval_steps_per_second": 74.33,
      "epoch": 6.0
    },
    {
      "eval_loss": 0.11476673185825348,
      "eval_accuracy": 0.9701834862385321,
      "eval_f1": 0.9636365969295122,
      "eval_matthews_correlation": 0.9276477182181202,
      "eval_precision": 0.9583502435064934,
      "eval_recall": 0.9693628405932622,
      "eval_auc": 0.9960778202031222,
      "eval_auprc": 0.9890426824881344,
      "eval_runtime": 0.3854,
      "eval_samples_per_second": 1131.259,
      "eval_steps_per_second": 72.65,
      "epoch": 7.0
    },
    {
      "eval_loss": 0.1903437227010727,
      "eval_accuracy": 0.9380733944954128,
      "eval_f1": 0.9213600988676978,
      "eval_matthews_correlation": 0.8445800661927051,
      "eval_precision": 0.9349647266313933,
      "eval_recall": 0.9099846749266215,
      "eval_auc": 0.9812982155380658,
      "eval_auprc": 0.9647459871241455,
      "eval_runtime": 0.3733,
      "eval_samples_per_second": 1167.83,
      "eval_steps_per_second": 74.998,
      "epoch": 5.0
    },
    {
      "eval_loss": 0.171343594789505,
      "eval_accuracy": 0.9632183908045977,
      "eval_f1": 0.9548801991494658,
      "eval_matthews_correlation": 0.9100013109174548,
      "eval_precision": 0.9506087224533826,
      "eval_recall": 0.9594353951710051,
      "eval_auc": 0.9832137432566909,
      "eval_auprc": 0.9709946207442357,
      "eval_runtime": 0.3812,
      "eval_samples_per_second": 1141.081,
      "eval_steps_per_second": 73.449,
      "epoch": 7.0
    },
    {
      "eval_loss": 0.19571682810783386,
      "eval_accuracy": 0.9540229885057471,
      "eval_f1": 0.9430419525480542,
      "eval_matthews_correlation": 0.8860839050961086,
      "eval_precision": 0.9430419525480542,
      "eval_recall": 0.9430419525480542,
      "eval_auc": 0.9869585712041062,
      "eval_auprc": 0.9664617751407765,
      "eval_runtime": 0.3629,
      "eval_samples_per_second": 1198.81,
      "eval_steps_per_second": 77.165,
      "epoch": 8.0
    }
  ],
  "test_metrics": {
    "eval_loss": 0.36057910323143005,
    "eval_accuracy": 0.8874432052870714,
    "eval_f1": 0.8855853912598597,
    "eval_matthews_correlation": 0.7824334067509306,
    "eval_precision": 0.8992824461179886,
    "eval_recall": 0.8833138934305671,
    "eval_auc": 0.9557868200879756,
    "eval_auprc": 0.9459986559007812,
    "eval_runtime": 5.3098,
    "eval_samples_per_second": 911.896,
    "eval_steps_per_second": 57.064,
    "epoch": 6.0
  }
}