{
  "experiment": "cross_length",
  "model_type": "dnabert2",
  "variant": "random",
  "pair_name": "DKC1_HepG2_ENCSR301TFY",
  "max_length": 256,
  "n_folds": 5,
  "hyperparameters": {
    "learning_rate": 5e-05,
    "per_device_train_batch_size": 16,
    "weight_decay": 0.01,
    "warmup_ratio": 0.1,
    "num_train_epochs": 10,
    "gradient_accumulation_steps": 1,
    "early_stopping_patience": 3
  },
  "cv_metrics": {
    "epoch_mean": 6.4,
    "epoch_std": 1.624807680927192,
    "eval_accuracy_mean": 0.8473684210526317,
    "eval_accuracy_std": 0.03730907073357321,
    "eval_auc_mean": 0.8728204369126292,
    "eval_auc_std": 0.018708461137311196,
    "eval_auprc_mean": 0.8581202433211951,
    "eval_auprc_std": 0.014857036103043368,
    "eval_f1_mean": 0.8032349192502103,
    "eval_f1_std": 0.06556757743459343,
    "eval_loss_mean": 0.5242591142654419,
    "eval_loss_std": 0.16353264675915605,
    "eval_matthews_correlation_mean": 0.6516675839179054,
    "eval_matthews_correlation_std": 0.08707348487981337,
    "eval_precision_mean": 0.8771832814113469,
    "eval_precision_std": 0.036828265157790724,
    "eval_recall_mean": 0.7864424915597307,
    "eval_recall_std": 0.0634622023044748,
    "eval_runtime_mean": 0.08236000000000002,
    "eval_runtime_std": 0.00022449944320643848,
    "eval_samples_per_second_mean": 1845.11,
    "eval_samples_per_second_std": 5.277094617306003,
    "eval_steps_per_second_mean": 121.38879999999999,
    "eval_steps_per_second_std": 0.34737207717373975
  },
  "cv_fold_metrics": [
    {
      "eval_loss": 0.3126582205295563,
      "eval_accuracy": 0.8947368421052632,
      "eval_f1": 0.8683982683982684,
      "eval_matthews_correlation": 0.7595440621687313,
      "eval_precision": 0.9216117216117217,
      "eval_recall": 0.8420844065781652,
      "eval_auc": 0.8983554586883297,
      "eval_auprc": 0.8841242450477191,
      "eval_runtime": 0.0826,
      "eval_samples_per_second": 1839.915,
      "eval_steps_per_second": 121.047,
      "epoch": 5.0
    },
    {
      "eval_loss": 0.5482786297798157,
      "eval_accuracy": 0.7828947368421053,
      "eval_f1": 0.6771161892500804,
      "eval_matthews_correlation": 0.49729158405087365,
      "eval_precision": 0.8786764705882353,
      "eval_recall": 0.6632653061224489,
      "eval_auc": 0.8926094709728551,
      "eval_auprc": 0.8631555832793313,
      "eval_runtime": 0.0822,
      "eval_samples_per_second": 1848.182,
      "eval_steps_per_second": 121.591,
      "epoch": 4.0
    },
    {
      "eval_loss": 0.8108327984809875,
      "eval_accuracy": 0.8618421052631579,
      "eval_f1": 0.8232851685766484,
      "eval_matthews_correlation": 0.6881892359235678,
      "eval_precision": 0.901226339642762,
      "eval_recall": 0.7950980392156863,
      "eval_auc": 0.8539215686274509,
      "eval_auprc": 0.8435774079621676,
      "eval_runtime": 0.082,
      "eval_samples_per_second": 1854.03,
      "eval_steps_per_second": 121.976,
      "epoch": 8.0
    },
    {
      "eval_loss": 0.5006332397460938,
      "eval_accuracy": 0.8618421052631579,
      "eval_f1": 0.8309232480533927,
      "eval_matthews_correlation": 0.679635475886455,
      "eval_precision": 0.8720329024676851,
      "eval_recall": 0.8103921568627451,
      "eval_auc": 0.8598039215686274,
      "eval_auprc": 0.8550937443556291,
      "eval_runtime": 0.0825,
      "eval_samples_per_second": 1841.983,
      "eval_steps_per_second": 121.183,
      "epoch": 8.0
    },
    {
      "eval_loss": 0.4488926827907562,
      "eval_accuracy": 0.8355263157894737,
      "eval_f1": 0.816451721972661,
      "eval_matthews_correlation": 0.633677561559899,
      "eval_precision": 0.8123689727463312,
      "eval_recall": 0.8213725490196079,
      "eval_auc": 0.8594117647058823,
      "eval_auprc": 0.8446502359611284,
      "eval_runtime": 0.0825,
      "eval_samples_per_second": 1841.44,
      "eval_steps_per_second": 121.147,
      "epoch": 7.0
    }
  ],
  "test_metrics": {
    "eval_loss": 1.1974358558654785,
    "eval_accuracy": 0.7383928571428572,
    "eval_f1": 0.7281893397807193,
    "eval_matthews_correlation": 0.4851560517027798,
    "eval_precision": 0.756391557995882,
    "eval_recall": 0.7295087212930105,
    "eval_auc": 0.8040900960286198,
    "eval_auprc": 0.8314036676794232,
    "eval_runtime": 0.6272,
    "eval_samples_per_second": 1785.573,
    "eval_steps_per_second": 111.598,
    "epoch": 9.0
  }
}