{
  "experiment": "cross_length",
  "model_type": "dnabert2",
  "variant": "tapt_v3",
  "pair_name": "FXR2_K562_ENCSR767OEY",
  "max_length": 256,
  "n_folds": 5,
  "hyperparameters": {
    "learning_rate": 5e-05,
    "per_device_train_batch_size": 16,
    "weight_decay": 0.01,
    "warmup_ratio": 0.1,
    "num_train_epochs": 10,
    "gradient_accumulation_steps": 1,
    "early_stopping_patience": 3
  },
  "cv_metrics": {
    "epoch_mean": 5.6,
    "epoch_std": 1.0198039027185568,
    "eval_accuracy_mean": 0.9051412465030184,
    "eval_accuracy_std": 0.012844931309307323,
    "eval_auc_mean": 0.9545135995145129,
    "eval_auc_std": 0.010158329478199977,
    "eval_auprc_mean": 0.9275203086409111,
    "eval_auprc_std": 0.01836332664441912,
    "eval_f1_mean": 0.8924638507683108,
    "eval_f1_std": 0.015227782066113846,
    "eval_loss_mean": 0.30372210741043093,
    "eval_loss_std": 0.05207241030057937,
    "eval_matthews_correlation_mean": 0.7868353115391999,
    "eval_matthews_correlation_std": 0.02967923098029986,
    "eval_precision_mean": 0.9011821610732111,
    "eval_precision_std": 0.012692765513819669,
    "eval_recall_mean": 0.8858651470838211,
    "eval_recall_std": 0.01800618552838822,
    "eval_runtime_mean": 0.36426,
    "eval_runtime_std": 0.0070828242954346825,
    "eval_samples_per_second_mean": 1893.2558000000001,
    "eval_samples_per_second_std": 36.39546237321349,
    "eval_steps_per_second_mean": 120.83400000000002,
    "eval_steps_per_second_std": 2.2967830546222667
  },
  "cv_fold_metrics": [
    {
      "eval_loss": 0.40332525968551636,
      "eval_accuracy": 0.8826086956521739,
      "eval_f1": 0.866604292816585,
      "eval_matthews_correlation": 0.7352463016904057,
      "eval_precision": 0.8765483476132191,
      "eval_recall": 0.8589095049652804,
      "eval_auc": 0.9354700216531024,
      "eval_auprc": 0.8922986389562806,
      "eval_runtime": 0.3593,
      "eval_samples_per_second": 1920.149,
      "eval_steps_per_second": 122.444,
      "epoch": 6.0
    },
    {
      "eval_loss": 0.2696223556995392,
      "eval_accuracy": 0.9057971014492754,
      "eval_f1": 0.8919514034272003,
      "eval_matthews_correlation": 0.7879957973669544,
      "eval_precision": 0.9078674948240165,
      "eval_recall": 0.8805999402673038,
      "eval_auc": 0.9581871126707981,
      "eval_auprc": 0.9382461390922079,
      "eval_runtime": 0.3639,
      "eval_samples_per_second": 1896.011,
      "eval_steps_per_second": 120.905,
      "epoch": 5.0
    },
    {
      "eval_loss": 0.25826841592788696,
      "eval_accuracy": 0.9201741654571843,
      "eval_f1": 0.9111115802411797,
      "eval_matthews_correlation": 0.8222278727122531,
      "eval_precision": 0.9115384615384615,
      "eval_recall": 0.9106898490955104,
      "eval_auc": 0.9651701190364608,
      "eval_auprc": 0.9446856582949449,
      "eval_runtime": 0.3627,
      "eval_samples_per_second": 1899.585,
      "eval_steps_per_second": 121.309,
      "epoch": 7.0
    },
    {
      "eval_loss": 0.2835221588611603,
      "eval_accuracy": 0.9027576197387518,
      "eval_f1": 0.8888134205233811,
      "eval_matthews_correlation": 0.7806449448204876,
      "eval_precision": 0.9019832985386221,
      "eval_recall": 0.8789999062705034,
      "eval_auc": 0.9541194113787609,
      "eval_auprc": 0.9290722496753437,
      "eval_runtime": 0.3577,
      "eval_samples_per_second": 1926.282,
      "eval_steps_per_second": 123.014,
      "epoch": 4.0
    },
    {
      "eval_loss": 0.30387234687805176,
      "eval_accuracy": 0.9143686502177069,
      "eval_f1": 0.9038385568332084,
      "eval_matthews_correlation": 0.8080616411058985,
      "eval_precision": 0.9079732028517364,
      "eval_recall": 0.9001265348205081,
      "eval_auc": 0.9596213328334428,
      "eval_auprc": 0.9332988571857783,
      "eval_runtime": 0.3777,
      "eval_samples_per_second": 1824.252,
      "eval_steps_per_second": 116.498,
      "epoch": 6.0
    }
  ],
  "test_metrics": {
    "eval_loss": 0.4513089954853058,
    "eval_accuracy": 0.8896424167694205,
    "eval_f1": 0.889304124721279,
    "eval_matthews_correlation": 0.778610138172405,
    "eval_precision": 0.8892607079047756,
    "eval_recall": 0.889349435323147,
    "eval_auc": 0.9502914051166637,
    "eval_auprc": 0.9484105026905628,
    "eval_runtime": 2.9271,
    "eval_samples_per_second": 1662.368,
    "eval_steps_per_second": 104.197,
    "epoch": 8.0
  }
}