{
  "experiment": "cross_length",
  "model_type": "lamar",
  "variant": "tapt_1024",
  "pair_name": "AKAP1_HepG2_ENCSR356ZMO",
  "pretrain_path": "/gpfs/bwfor/work/ws/fr_ml642-thesis_work/Thesis/LAMAR/src/pretrain/saving_model/tapt_1024_standard_collator/checkpoint-134000/model.safetensors",
  "max_length": 1024,
  "n_folds": 5,
  "hyperparameters": {
    "learning_rate": 5e-05,
    "per_device_train_batch_size": 16,
    "weight_decay": 0.01,
    "warmup_ratio": 0.1,
    "num_train_epochs": 10,
    "gradient_accumulation_steps": 1,
    "early_stopping_patience": 3
  },
  "cv_metrics": {
    "epoch_mean": 9.6,
    "epoch_std": 0.48989794855663565,
    "eval_accuracy_mean": 0.759090909090909,
    "eval_accuracy_std": 0.00862439361864104,
    "eval_auc_mean": 0.8335028582252779,
    "eval_auc_std": 0.00847583170457742,
    "eval_auprc_mean": 0.7470683475223808,
    "eval_auprc_std": 0.01968814046630919,
    "eval_f1_mean": 0.6804750049773889,
    "eval_f1_std": 0.018105058131366966,
    "eval_loss_mean": 0.5431214928627014,
    "eval_loss_std": 0.02371441843352851,
    "eval_matthews_correlation_mean": 0.4915310004209692,
    "eval_matthews_correlation_std": 0.016354909131790062,
    "eval_precision_mean": 0.7128077836356084,
    "eval_precision_std": 0.03275305998164924,
    "eval_recall_mean": 0.6558481919814392,
    "eval_recall_std": 0.053877152138434865,
    "eval_runtime_mean": 15.195640000000001,
    "eval_runtime_std": 0.014417572611226614,
    "eval_samples_per_second_mean": 58.451,
    "eval_samples_per_second_std": 0.04563770371085714,
    "eval_steps_per_second_mean": 3.6851999999999996,
    "eval_steps_per_second_std": 0.003487119154832537
  },
  "cv_fold_metrics": [
    {
      "eval_loss": 0.5360131859779358,
      "eval_accuracy": 0.7613636363636364,
      "eval_f1": 0.6884272997032641,
      "eval_precision": 0.7051671732522796,
      "eval_recall": 0.672463768115942,
      "eval_auc": 0.8428389543545983,
      "eval_auprc": 0.7609262910225821,
      "eval_matthews_correlation": 0.49560031676989486,
      "eval_runtime": 15.2122,
      "eval_samples_per_second": 58.44,
      "eval_steps_per_second": 3.681,
      "epoch": 10.0
    },
    {
      "eval_loss": 0.5160015225410461,
      "eval_accuracy": 0.7647727272727273,
      "eval_f1": 0.6666666666666666,
      "eval_precision": 0.7582417582417582,
      "eval_recall": 0.5948275862068966,
      "eval_auc": 0.8421808832425892,
      "eval_auprc": 0.7681369955068047,
      "eval_matthews_correlation": 0.4975952008060167,
      "eval_runtime": 15.2136,
      "eval_samples_per_second": 58.369,
      "eval_steps_per_second": 3.681,
      "epoch": 9.0
    },
    {
      "eval_loss": 0.5521774291992188,
      "eval_accuracy": 0.7556818181818182,
      "eval_f1": 0.6548956661316212,
      "eval_precision": 0.7364620938628159,
      "eval_recall": 0.5895953757225434,
      "eval_auc": 0.8341235305579008,
      "eval_auprc": 0.7443903607770336,
      "eval_matthews_correlation": 0.47632576431088897,
      "eval_runtime": 15.1792,
      "eval_samples_per_second": 58.501,
      "eval_steps_per_second": 3.689,
      "epoch": 10.0
    },
    {
      "eval_loss": 0.5271856188774109,
      "eval_accuracy": 0.7443181818181818,
      "eval_f1": 0.6853146853146853,
      "eval_precision": 0.6621621621621622,
      "eval_recall": 0.7101449275362319,
      "eval_auc": 0.8208153866991739,
      "eval_auprc": 0.7112586954944817,
      "eval_matthews_correlation": 0.47126312107559193,
      "eval_runtime": 15.1887,
      "eval_samples_per_second": 58.464,
      "eval_steps_per_second": 3.687,
      "epoch": 9.0
    },
    {
      "eval_loss": 0.5842297077178955,
      "eval_accuracy": 0.7693181818181818,
      "eval_f1": 0.7070707070707071,
      "eval_precision": 0.7020057306590258,
      "eval_recall": 0.7122093023255814,
      "eval_auc": 0.8275555362721277,
      "eval_auprc": 0.7506293948110017,
      "eval_matthews_correlation": 0.5168705991424535,
      "eval_runtime": 15.1845,
      "eval_samples_per_second": 58.481,
      "eval_steps_per_second": 3.688,
      "epoch": 10.0
    }
  ],
  "test_metrics": {
    "eval_loss": 0.5983796715736389,
    "eval_accuracy": 0.6845817120622568,
    "eval_f1": 0.66038229903116,
    "eval_precision": 0.670388091440723,
    "eval_recall": 0.650670794633643,
    "eval_auc": 0.744301971987168,
    "eval_auprc": 0.6960619316146159,
    "eval_matthews_correlation": 0.366208741118783,
    "eval_runtime": 70.8933,
    "eval_samples_per_second": 58.144,
    "eval_steps_per_second": 3.639,
    "epoch": 4.0
  }
}