{
  "experiment": "cross_cell",
  "model_type": "lamar",
  "variant": "pretrained_custom",
  "pair_name": "LARP4_train_K562_test_HepG2_fixlen_101",
  "pretrain_path": "/gpfs/bwfor/work/ws/fr_ml642-thesis_work/Thesis/LAMAR/src/pretrain/saving_model/tapt_512_standard_collator_1gpu/checkpoint-265000/model.safetensors",
  "max_length": 512,
  "n_folds": 5,
  "hyperparameters": {
    "learning_rate": 5e-05,
    "per_device_train_batch_size": 16,
    "weight_decay": 0.01,
    "warmup_ratio": 0.1,
    "num_train_epochs": 10,
    "gradient_accumulation_steps": 1,
    "early_stopping_patience": 3
  },
  "cv_metrics": {
    "epoch_mean": 7.8,
    "epoch_std": 1.469693845669907,
    "eval_accuracy_mean": 0.6854166666666667,
    "eval_accuracy_std": 0.036324157862838935,
    "eval_auc_mean": 0.7788239712361728,
    "eval_auc_std": 0.04110375353748285,
    "eval_auprc_mean": 0.6643106774298617,
    "eval_auprc_std": 0.03237793633917588,
    "eval_f1_mean": 0.35748521385913956,
    "eval_f1_std": 0.20655938230263607,
    "eval_loss_mean": 0.6253161311149598,
    "eval_loss_std": 0.08602418369493083,
    "eval_matthews_correlation_mean": 0.25126118705745154,
    "eval_matthews_correlation_std": 0.13894182670206262,
    "eval_precision_mean": 0.5541025641025641,
    "eval_precision_std": 0.3003462584019985,
    "eval_recall_mean": 0.2992411424029071,
    "eval_recall_std": 0.2089646519990826,
    "eval_runtime_mean": 0.74496,
    "eval_runtime_std": 0.0001743559577416077,
    "eval_samples_per_second_mean": 144.43540000000002,
    "eval_samples_per_second_std": 0.6829426330227141,
    "eval_steps_per_second_mean": 9.3964,
    "eval_steps_per_second_std": 0.0021540659228534652
  },
  "cv_fold_metrics": [
    {
      "eval_loss": 0.7775919437408447,
      "eval_accuracy": 0.6875,
      "eval_f1": 0.3181818181818182,
      "eval_precision": 0.7,
      "eval_recall": 0.20588235294117646,
      "eval_auc": 0.7514231499051234,
      "eval_auprc": 0.6209839356552558,
      "eval_matthews_correlation": 0.24657756232311032,
      "eval_runtime": 0.7451,
      "eval_samples_per_second": 144.949,
      "eval_steps_per_second": 9.395,
      "epoch": 8.0
    },
    {
      "eval_loss": 0.6337677240371704,
      "eval_accuracy": 0.6458333333333334,
      "eval_f1": 0.0,
      "eval_precision": 0.0,
      "eval_recall": 0.0,
      "eval_auc": 0.836337760910816,
      "eval_auprc": 0.6904692906049184,
      "eval_matthews_correlation": 0.0,
      "eval_runtime": 0.7447,
      "eval_samples_per_second": 145.021,
      "eval_steps_per_second": 9.399,
      "epoch": 5.0
    },
    {
      "eval_loss": 0.5988236665725708,
      "eval_accuracy": 0.65625,
      "eval_f1": 0.5352112676056338,
      "eval_precision": 0.5277777777777778,
      "eval_recall": 0.5428571428571428,
      "eval_auc": 0.7199063231850117,
      "eval_auprc": 0.6588123715547113,
      "eval_matthews_correlation": 0.26263541542674296,
      "eval_runtime": 0.7448,
      "eval_samples_per_second": 145.008,
      "eval_steps_per_second": 9.399,
      "epoch": 8.0
    },
    {
      "eval_loss": 0.5133094191551208,
      "eval_accuracy": 0.75,
      "eval_f1": 0.5862068965517242,
      "eval_precision": 0.6538461538461539,
      "eval_recall": 0.53125,
      "eval_auc": 0.80908203125,
      "eval_auprc": 0.64105300555983,
      "eval_matthews_correlation": 0.4143709650823724,
      "eval_runtime": 0.7451,
      "eval_samples_per_second": 143.597,
      "eval_steps_per_second": 9.394,
      "epoch": 9.0
    },
    {
      "eval_loss": 0.6030879020690918,
      "eval_accuracy": 0.6875,
      "eval_f1": 0.34782608695652173,
      "eval_precision": 0.8888888888888888,
      "eval_recall": 0.21621621621621623,
      "eval_auc": 0.777370590929913,
      "eval_auprc": 0.7102347837745934,
      "eval_matthews_correlation": 0.3327219924550319,
      "eval_runtime": 0.7451,
      "eval_samples_per_second": 143.602,
      "eval_steps_per_second": 9.395,
      "epoch": 9.0
    }
  ],
  "test_metrics": {
    "eval_loss": 0.7618758082389832,
    "eval_accuracy": 0.5157766990291263,
    "eval_f1": 0.03037667071688943,
    "eval_precision": 0.704225352112676,
    "eval_recall": 0.01552312946289972,
    "eval_auc": 0.6531001913705767,
    "eval_auprc": 0.6159713296086904,
    "eval_matthews_correlation": 0.04500584179768621,
    "eval_runtime": 50.7324,
    "eval_samples_per_second": 129.956,
    "eval_steps_per_second": 8.141,
    "epoch": 4.0
  }
}