{
  "experiment": "cross_length",
  "model_type": "dnabert2",
  "variant": "random",
  "pair_name": "FAM120A_K562_ENCSR006OEQ",
  "max_length": 256,
  "n_folds": 5,
  "hyperparameters": {
    "learning_rate": 5e-05,
    "per_device_train_batch_size": 16,
    "weight_decay": 0.01,
    "warmup_ratio": 0.1,
    "num_train_epochs": 10,
    "gradient_accumulation_steps": 1,
    "early_stopping_patience": 3
  },
  "cv_metrics": {
    "epoch_mean": 6.0,
    "epoch_std": 0.6324555320336759,
    "eval_accuracy_mean": 0.6778923253150058,
    "eval_accuracy_std": 0.015426113053408859,
    "eval_auc_mean": 0.6767945169320373,
    "eval_auc_std": 0.0252872075775949,
    "eval_auprc_mean": 0.5480741532741296,
    "eval_auprc_std": 0.025342200572774,
    "eval_f1_mean": 0.5366810822872421,
    "eval_f1_std": 0.07312911266167027,
    "eval_loss_mean": 0.6518082737922668,
    "eval_loss_std": 0.05018390285451109,
    "eval_matthews_correlation_mean": 0.19624353887356266,
    "eval_matthews_correlation_std": 0.07769362763451171,
    "eval_precision_mean": 0.699100515529408,
    "eval_precision_std": 0.0706148126855568,
    "eval_recall_mean": 0.5674298145636413,
    "eval_recall_std": 0.035135132280941485,
    "eval_runtime_mean": 0.46778,
    "eval_runtime_std": 0.007153292948006544,
    "eval_samples_per_second_mean": 1866.7051999999999,
    "eval_samples_per_second_std": 28.614014422307108,
    "eval_steps_per_second_mean": 117.60440000000001,
    "eval_steps_per_second_std": 1.802677408745113
  },
  "cv_fold_metrics": [
    {
      "eval_loss": 0.5809800624847412,
      "eval_accuracy": 0.6987399770904925,
      "eval_f1": 0.5682029755759042,
      "eval_matthews_correlation": 0.26717322693833245,
      "eval_precision": 0.7091315453384419,
      "eval_recall": 0.5853309015112037,
      "eval_auc": 0.7219616698511957,
      "eval_auprc": 0.5947195111587031,
      "eval_runtime": 0.4652,
      "eval_samples_per_second": 1876.782,
      "eval_steps_per_second": 118.239,
      "epoch": 6.0
    },
    {
      "eval_loss": 0.6310362815856934,
      "eval_accuracy": 0.6529209621993127,
      "eval_f1": 0.39814336583201554,
      "eval_matthews_correlation": 0.04632987184950442,
      "eval_precision": 0.8262614678899083,
      "eval_recall": 0.5016447368421053,
      "eval_auc": 0.6489975487928961,
      "eval_auprc": 0.5229070677415,
      "eval_runtime": 0.4666,
      "eval_samples_per_second": 1870.923,
      "eval_steps_per_second": 117.87,
      "epoch": 5.0
    },
    {
      "eval_loss": 0.7244237065315247,
      "eval_accuracy": 0.6838487972508591,
      "eval_f1": 0.600370193455935,
      "eval_matthews_correlation": 0.24166973511084555,
      "eval_precision": 0.6453727721529579,
      "eval_recall": 0.6004387891961891,
      "eval_auc": 0.6819269725279807,
      "eval_auprc": 0.5458202632772985,
      "eval_runtime": 0.4568,
      "eval_samples_per_second": 1911.107,
      "eval_steps_per_second": 120.402,
      "epoch": 6.0
    },
    {
      "eval_loss": 0.6903764009475708,
      "eval_accuracy": 0.6838487972508591,
      "eval_f1": 0.5304329524017399,
      "eval_matthews_correlation": 0.21801086537437914,
      "eval_precision": 0.6912204234122041,
      "eval_recall": 0.5621386781981316,
      "eval_auc": 0.6727869762279161,
      "eval_auprc": 0.5487599129699576,
      "eval_runtime": 0.4782,
      "eval_samples_per_second": 1825.518,
      "eval_steps_per_second": 115.01,
      "epoch": 6.0
    },
    {
      "eval_loss": 0.6322249174118042,
      "eval_accuracy": 0.6701030927835051,
      "eval_f1": 0.5862559241706161,
      "eval_matthews_correlation": 0.20803399509475176,
      "eval_precision": 0.6235163688535281,
      "eval_recall": 0.5875959670705763,
      "eval_auc": 0.6582994172601979,
      "eval_auprc": 0.5281640112231885,
      "eval_runtime": 0.4721,
      "eval_samples_per_second": 1849.196,
      "eval_steps_per_second": 116.501,
      "epoch": 7.0
    }
  ],
  "test_metrics": {
    "eval_loss": 0.6353209614753723,
    "eval_accuracy": 0.650706940874036,
    "eval_f1": 0.6245092053822571,
    "eval_matthews_correlation": 0.31416714165815934,
    "eval_precision": 0.6782457740338077,
    "eval_recall": 0.6384338470752993,
    "eval_auc": 0.723662543641972,
    "eval_auprc": 0.7154014915281113,
    "eval_runtime": 3.6706,
    "eval_samples_per_second": 1695.628,
    "eval_steps_per_second": 105.977,
    "epoch": 6.0
  }
}