{
  "experiment": "cross_length",
  "model_type": "dnabert2",
  "variant": "tapt_v3",
  "pair_name": "CSTF2_HepG2_ENCSR384MWO",
  "max_length": 256,
  "n_folds": 5,
  "hyperparameters": {
    "learning_rate": 5e-05,
    "per_device_train_batch_size": 16,
    "weight_decay": 0.01,
    "warmup_ratio": 0.1,
    "num_train_epochs": 10,
    "gradient_accumulation_steps": 1,
    "early_stopping_patience": 3
  },
  "cv_metrics": {
    "epoch_mean": 6.4,
    "epoch_std": 1.2,
    "eval_accuracy_mean": 0.7605976623689601,
    "eval_accuracy_std": 0.007482778351819877,
    "eval_auc_mean": 0.8085173525196689,
    "eval_auc_std": 0.02186962571915087,
    "eval_auprc_mean": 0.6810540918398253,
    "eval_auprc_std": 0.02833872736739848,
    "eval_f1_mean": 0.7122645068990882,
    "eval_f1_std": 0.03149958148212839,
    "eval_loss_mean": 0.7092515885829925,
    "eval_loss_std": 0.19275240960160733,
    "eval_matthews_correlation_mean": 0.44726649252288053,
    "eval_matthews_correlation_std": 0.04159472957588907,
    "eval_precision_mean": 0.7387532718272688,
    "eval_precision_std": 0.013950557110732514,
    "eval_recall_mean": 0.7123879968412739,
    "eval_recall_std": 0.042020110607383844,
    "eval_runtime_mean": 0.21908,
    "eval_runtime_std": 0.006775071955337458,
    "eval_samples_per_second_mean": 1767.1273999999999,
    "eval_samples_per_second_std": 55.781179100481566,
    "eval_steps_per_second_mean": 114.2126,
    "eval_steps_per_second_std": 3.540263583407314
  },
  "cv_fold_metrics": [
    {
      "eval_loss": 0.8649656176567078,
      "eval_accuracy": 0.7545219638242894,
      "eval_f1": 0.7361963190184049,
      "eval_matthews_correlation": 0.48609928880790126,
      "eval_precision": 0.7307957048458149,
      "eval_recall": 0.7559541984732825,
      "eval_auc": 0.8114809160305344,
      "eval_auprc": 0.6922453931306949,
      "eval_runtime": 0.2262,
      "eval_samples_per_second": 1710.968,
      "eval_steps_per_second": 110.528,
      "epoch": 7.0
    },
    {
      "eval_loss": 0.9769158363342285,
      "eval_accuracy": 0.7571059431524548,
      "eval_f1": 0.6623663498663499,
      "eval_matthews_correlation": 0.3989943346130231,
      "eval_precision": 0.763237639553429,
      "eval_recall": 0.6511908396946564,
      "eval_auc": 0.7893129770992366,
      "eval_auprc": 0.6734923847362434,
      "eval_runtime": 0.2199,
      "eval_samples_per_second": 1759.762,
      "eval_steps_per_second": 113.68,
      "epoch": 8.0
    },
    {
      "eval_loss": 0.7012726664543152,
      "eval_accuracy": 0.7596899224806202,
      "eval_f1": 0.7198119156422972,
      "eval_matthews_correlation": 0.44062454422732883,
      "eval_precision": 0.7248695762819697,
      "eval_recall": 0.7158473282442748,
      "eval_auc": 0.8031450381679389,
      "eval_auprc": 0.642886528489512,
      "eval_runtime": 0.213,
      "eval_samples_per_second": 1816.563,
      "eval_steps_per_second": 117.349,
      "epoch": 7.0
    },
    {
      "eval_loss": 0.459513396024704,
      "eval_accuracy": 0.7751937984496124,
      "eval_f1": 0.7503873670163472,
      "eval_matthews_correlation": 0.5034683383130885,
      "eval_precision": 0.7449826489300173,
      "eval_recall": 0.7586717557251907,
      "eval_auc": 0.8489160305343512,
      "eval_auprc": 0.7281542191756988,
      "eval_runtime": 0.2098,
      "eval_samples_per_second": 1844.195,
      "eval_steps_per_second": 119.134,
      "epoch": 5.0
    },
    {
      "eval_loss": 0.5435904264450073,
      "eval_accuracy": 0.7564766839378239,
      "eval_f1": 0.692560582952042,
      "eval_matthews_correlation": 0.40714595665306097,
      "eval_precision": 0.7298807895251124,
      "eval_recall": 0.6802758620689655,
      "eval_auc": 0.7897318007662837,
      "eval_auprc": 0.6684919336669777,
      "eval_runtime": 0.2265,
      "eval_samples_per_second": 1704.149,
      "eval_steps_per_second": 110.372,
      "epoch": 5.0
    }
  ],
  "test_metrics": {
    "eval_loss": 0.730573296546936,
    "eval_accuracy": 0.6243400211193242,
    "eval_f1": 0.5710635369502572,
    "eval_matthews_correlation": 0.2912712756886115,
    "eval_precision": 0.6935296105286264,
    "eval_recall": 0.6095942835433986,
    "eval_auc": 0.7403558538929114,
    "eval_auprc": 0.7102978635978907,
    "eval_runtime": 2.2802,
    "eval_samples_per_second": 1661.287,
    "eval_steps_per_second": 103.94,
    "epoch": 5.0
  }
}