{
  "experiment": "cross_length",
  "model_type": "lamar",
  "variant": "pretrained",
  "pair_name": "GTF2F1_K562_ENCSR736AAG",
  "pretrain_path": "/gpfs/bwfor/work/ws/fr_ml642-thesis_work/Thesis/LAMAR/weights",
  "max_length": 1024,
  "n_folds": 5,
  "hyperparameters": {
    "learning_rate": 5e-05,
    "per_device_train_batch_size": 16,
    "weight_decay": 0.01,
    "warmup_ratio": 0.1,
    "num_train_epochs": 10,
    "gradient_accumulation_steps": 1,
    "early_stopping_patience": 3
  },
  "cv_metrics": {
    "epoch_mean": 9.2,
    "epoch_std": 1.1661903789690602,
    "eval_accuracy_mean": 0.9151442307692308,
    "eval_accuracy_std": 0.0069504001417312194,
    "eval_auc_mean": 0.9580089673821914,
    "eval_auc_std": 0.007343570309805976,
    "eval_auprc_mean": 0.9368359609077374,
    "eval_auprc_std": 0.012234945428836979,
    "eval_f1_mean": 0.8686244033953947,
    "eval_f1_std": 0.010822515563352697,
    "eval_loss_mean": 0.2943370431661606,
    "eval_loss_std": 0.041556726819350825,
    "eval_matthews_correlation_mean": 0.8073126130383391,
    "eval_matthews_correlation_std": 0.016192833034929837,
    "eval_precision_mean": 0.8816049232508896,
    "eval_precision_std": 0.03196526542648083,
    "eval_recall_mean": 0.8582282913165266,
    "eval_recall_std": 0.034805295330467445,
    "eval_runtime_mean": 14.317519999999998,
    "eval_runtime_std": 0.003695619027983954,
    "eval_samples_per_second_mean": 58.1804,
    "eval_samples_per_second_std": 0.014921125962876149,
    "eval_steps_per_second_mean": 3.7020000000000004,
    "eval_steps_per_second_std": 0.0010954451150102117
  },
  "cv_fold_metrics": [
    {
      "eval_loss": 0.24876521527767181,
      "eval_accuracy": 0.9206730769230769,
      "eval_f1": 0.8745247148288974,
      "eval_precision": 0.905511811023622,
      "eval_recall": 0.8455882352941176,
      "eval_auc": 0.9647321428571429,
      "eval_auprc": 0.9463429880644305,
      "eval_matthews_correlation": 0.8176506248420816,
      "eval_runtime": 14.3145,
      "eval_samples_per_second": 58.193,
      "eval_steps_per_second": 3.703,
      "epoch": 10.0
    },
    {
      "eval_loss": 0.31237947940826416,
      "eval_accuracy": 0.9074519230769231,
      "eval_f1": 0.8602540834845737,
      "eval_precision": 0.8494623655913979,
      "eval_recall": 0.8713235294117647,
      "eval_auc": 0.9597886029411764,
      "eval_auprc": 0.9293766773872439,
      "eval_matthews_correlation": 0.7912310949967255,
      "eval_runtime": 14.3141,
      "eval_samples_per_second": 58.194,
      "eval_steps_per_second": 3.703,
      "epoch": 10.0
    },
    {
      "eval_loss": 0.36559009552001953,
      "eval_accuracy": 0.90625,
      "eval_f1": 0.8555555555555555,
      "eval_precision": 0.8619402985074627,
      "eval_recall": 0.8492647058823529,
      "eval_auc": 0.9498686974789915,
      "eval_auprc": 0.9173651012710126,
      "eval_matthews_correlation": 0.7862134469515816,
      "eval_runtime": 14.3182,
      "eval_samples_per_second": 58.178,
      "eval_steps_per_second": 3.702,
      "epoch": 10.0
    },
    {
      "eval_loss": 0.26248496770858765,
      "eval_accuracy": 0.9230769230769231,
      "eval_f1": 0.8861209964412813,
      "eval_precision": 0.8586206896551725,
      "eval_recall": 0.9154411764705882,
      "eval_auc": 0.9666294642857143,
      "eval_auprc": 0.9515286605907798,
      "eval_matthews_correlation": 0.8291038404660235,
      "eval_runtime": 14.3165,
      "eval_samples_per_second": 58.184,
      "eval_steps_per_second": 3.702,
      "epoch": 9.0
    },
    {
      "eval_loss": 0.28246545791625977,
      "eval_accuracy": 0.9182692307692307,
      "eval_f1": 0.8666666666666666,
      "eval_precision": 0.9324894514767933,
      "eval_recall": 0.8095238095238095,
      "eval_auc": 0.9490259293479328,
      "eval_auprc": 0.9395663772252199,
      "eval_matthews_correlation": 0.8123640579352839,
      "eval_runtime": 14.3243,
      "eval_samples_per_second": 58.153,
      "eval_steps_per_second": 3.7,
      "epoch": 7.0
    }
  ],
  "test_metrics": {
    "eval_loss": 0.3122788369655609,
    "eval_accuracy": 0.8883698453608248,
    "eval_f1": 0.8737474949899801,
    "eval_precision": 0.9334371350720124,
    "eval_recall": 0.8212328767123288,
    "eval_auc": 0.9513215865913409,
    "eval_auprc": 0.94958491683827,
    "eval_matthews_correlation": 0.7795392137549779,
    "eval_runtime": 106.7057,
    "eval_samples_per_second": 58.282,
    "eval_steps_per_second": 3.646,
    "epoch": 5.0
  }
}