{
  "experiment": "cross_cell",
  "model_type": "lamar",
  "variant": "pretrained_custom",
  "pair_name": "RBM22_train_K562_test_HepG2_fixlen_101",
  "pretrain_path": "/gpfs/bwfor/work/ws/fr_ml642-thesis_work/Thesis/LAMAR/src/pretrain/saving_model/tapt_512_standard_collator_1gpu/checkpoint-265000/model.safetensors",
  "max_length": 512,
  "n_folds": 5,
  "hyperparameters": {
    "learning_rate": 5e-05,
    "per_device_train_batch_size": 16,
    "weight_decay": 0.01,
    "warmup_ratio": 0.1,
    "num_train_epochs": 10,
    "gradient_accumulation_steps": 1,
    "early_stopping_patience": 3
  },
  "cv_metrics": {
    "epoch_mean": 9.4,
    "epoch_std": 0.7999999999999999,
    "eval_accuracy_mean": 0.7092261904761905,
    "eval_accuracy_std": 0.023255457994428144,
    "eval_auc_mean": 0.7774363030457148,
    "eval_auc_std": 0.03247200438100666,
    "eval_auprc_mean": 0.7211844293403699,
    "eval_auprc_std": 0.03956602286382407,
    "eval_f1_mean": 0.6571130486918914,
    "eval_f1_std": 0.03837299745932809,
    "eval_loss_mean": 0.6019578456878663,
    "eval_loss_std": 0.04011202613392739,
    "eval_matthews_correlation_mean": 0.4102418075477316,
    "eval_matthews_correlation_std": 0.04918235574887006,
    "eval_precision_mean": 0.6923569544759869,
    "eval_precision_std": 0.03190383592483329,
    "eval_recall_mean": 0.6310372464415017,
    "eval_recall_std": 0.07530740296155847,
    "eval_runtime_mean": 1.10538,
    "eval_runtime_std": 0.02607154771009967,
    "eval_samples_per_second_mean": 303.769,
    "eval_samples_per_second_std": 6.786577900532782,
    "eval_steps_per_second_mean": 19.0088,
    "eval_steps_per_second_std": 0.45292798544580964
  },
  "cv_fold_metrics": [
    {
      "eval_loss": 0.590520977973938,
      "eval_accuracy": 0.7142857142857143,
      "eval_f1": 0.6390977443609023,
      "eval_precision": 0.7327586206896551,
      "eval_recall": 0.5666666666666667,
      "eval_auc": 0.7965232974910395,
      "eval_auprc": 0.7518382633724795,
      "eval_matthews_correlation": 0.41823633282397155,
      "eval_runtime": 1.1269,
      "eval_samples_per_second": 298.151,
      "eval_steps_per_second": 18.634,
      "epoch": 8.0
    },
    {
      "eval_loss": 0.601050078868866,
      "eval_accuracy": 0.6904761904761905,
      "eval_f1": 0.6119402985074626,
      "eval_precision": 0.6949152542372882,
      "eval_recall": 0.5466666666666666,
      "eval_auc": 0.7519713261648746,
      "eval_auprc": 0.6713912146645531,
      "eval_matthews_correlation": 0.3677503130322111,
      "eval_runtime": 1.1263,
      "eval_samples_per_second": 298.334,
      "eval_steps_per_second": 18.646,
      "epoch": 10.0
    },
    {
      "eval_loss": 0.5611617565155029,
      "eval_accuracy": 0.7351190476190477,
      "eval_f1": 0.719242902208202,
      "eval_precision": 0.6826347305389222,
      "eval_recall": 0.76,
      "eval_auc": 0.8055555555555555,
      "eval_auprc": 0.7563876802751056,
      "eval_matthews_correlation": 0.47232754871805427,
      "eval_runtime": 1.1268,
      "eval_samples_per_second": 298.199,
      "eval_steps_per_second": 18.637,
      "epoch": 10.0
    },
    {
      "eval_loss": 0.677706241607666,
      "eval_accuracy": 0.675,
      "eval_f1": 0.6338028169014084,
      "eval_precision": 0.6382978723404256,
      "eval_recall": 0.6293706293706294,
      "eval_auc": 0.7263640314487773,
      "eval_auprc": 0.6741650845800473,
      "eval_matthews_correlation": 0.3417214148784172,
      "eval_runtime": 1.0734,
      "eval_samples_per_second": 312.087,
      "eval_steps_per_second": 19.564,
      "epoch": 10.0
    },
    {
      "eval_loss": 0.5793501734733582,
      "eval_accuracy": 0.73125,
      "eval_f1": 0.6814814814814816,
      "eval_precision": 0.7131782945736435,
      "eval_recall": 0.6524822695035462,
      "eval_auc": 0.8067673045683268,
      "eval_auprc": 0.7521399038096637,
      "eval_matthews_correlation": 0.45117342828600404,
      "eval_runtime": 1.0735,
      "eval_samples_per_second": 312.074,
      "eval_steps_per_second": 19.563,
      "epoch": 9.0
    }
  ],
  "test_metrics": {
    "eval_loss": 0.6692134141921997,
    "eval_accuracy": 0.5630952380952381,
    "eval_f1": 0.3993453355155483,
    "eval_precision": 0.5714285714285714,
    "eval_recall": 0.3069182389937107,
    "eval_auc": 0.6438084070639234,
    "eval_auprc": 0.5547239322684493,
    "eval_matthews_correlation": 0.11483311519984521,
    "eval_runtime": 11.2109,
    "eval_samples_per_second": 300.244,
    "eval_steps_per_second": 18.821,
    "epoch": 5.0
  }
}