{
  "experiment": "cross_cell",
  "model_type": "dnabert2",
  "variant": "pretrained",
  "pair_name": "U2AF1_train_K562_test_HepG2_fixlen_101",
  "max_length": 128,
  "n_folds": 5,
  "hyperparameters": {
    "learning_rate": 5e-05,
    "per_device_train_batch_size": 16,
    "weight_decay": 0.01,
    "warmup_ratio": 0.1,
    "num_train_epochs": 10,
    "gradient_accumulation_steps": 1,
    "early_stopping_patience": 3
  },
  "cv_metrics": {
    "epoch_mean": 7.2,
    "epoch_std": 1.16619037896906,
    "eval_accuracy_mean": 0.9016823809927258,
    "eval_accuracy_std": 0.021210927518483542,
    "eval_auc_mean": 0.9730327439929314,
    "eval_auc_std": 0.009555141418707343,
    "eval_auprc_mean": 0.9679119934156262,
    "eval_auprc_std": 0.015158996343747592,
    "eval_f1_mean": 0.9011394602908058,
    "eval_f1_std": 0.021038800124647566,
    "eval_loss_mean": 0.3955709218978882,
    "eval_loss_std": 0.0709328659682842,
    "eval_matthews_correlation_mean": 0.8087075823370922,
    "eval_matthews_correlation_std": 0.03539253193951854,
    "eval_precision_mean": 0.904039013439023,
    "eval_precision_std": 0.01690331495723021,
    "eval_recall_mean": 0.9046800876718908,
    "eval_recall_std": 0.018704432987729856,
    "eval_runtime_mean": 0.31844,
    "eval_runtime_std": 0.0009478396488858243,
    "eval_samples_per_second_mean": 1277.4774,
    "eval_samples_per_second_std": 3.0753540023873644,
    "eval_steps_per_second_mean": 81.648,
    "eval_steps_per_second_std": 0.24493509344314104
  },
  "cv_fold_metrics": [
    {
      "eval_loss": 0.5176488161087036,
      "eval_accuracy": 0.9041769041769042,
      "eval_f1": 0.902459857558086,
      "eval_matthews_correlation": 0.8068261840958821,
      "eval_precision": 0.9069123852072475,
      "eval_recall": 0.8999438914910226,
      "eval_auc": 0.9561377829820453,
      "eval_auprc": 0.9401382856245476,
      "eval_runtime": 0.3178,
      "eval_samples_per_second": 1280.612,
      "eval_steps_per_second": 81.808,
      "epoch": 8.0
    },
    {
      "eval_loss": 0.3895227611064911,
      "eval_accuracy": 0.8624078624078624,
      "eval_f1": 0.8624003863801013,
      "eval_matthews_correlation": 0.745199620242916,
      "eval_precision": 0.8732011747430249,
      "eval_recall": 0.8719994145199064,
      "eval_auc": 0.9688231850117096,
      "eval_auprc": 0.9630849440311234,
      "eval_runtime": 0.3199,
      "eval_samples_per_second": 1272.16,
      "eval_steps_per_second": 81.268,
      "epoch": 5.0
    },
    {
      "eval_loss": 0.3975902795791626,
      "eval_accuracy": 0.9017199017199017,
      "eval_f1": 0.9015052514399109,
      "eval_matthews_correlation": 0.8083160235949569,
      "eval_precision": 0.9021130161796667,
      "eval_recall": 0.9062134074941453,
      "eval_auc": 0.9807035519125684,
      "eval_auprc": 0.9788060097788014,
      "eval_runtime": 0.3186,
      "eval_samples_per_second": 1277.649,
      "eval_steps_per_second": 81.619,
      "epoch": 7.0
    },
    {
      "eval_loss": 0.37683218717575073,
      "eval_accuracy": 0.9164619164619164,
      "eval_f1": 0.9161942829457365,
      "eval_matthews_correlation": 0.8360017171371706,
      "eval_precision": 0.9159059073564217,
      "eval_recall": 0.9201063622170179,
      "eval_auc": 0.9782884465261514,
      "eval_auprc": 0.97887874295241,
      "eval_runtime": 0.3188,
      "eval_samples_per_second": 1276.594,
      "eval_steps_per_second": 81.551,
      "epoch": 8.0
    },
    {
      "eval_loss": 0.2962605655193329,
      "eval_accuracy": 0.9236453201970444,
      "eval_f1": 0.9231375231301948,
      "eval_matthews_correlation": 0.8471943666145354,
      "eval_precision": 0.9220625837087544,
      "eval_recall": 0.9251373626373627,
      "eval_auc": 0.9812107535321821,
      "eval_auprc": 0.9786519846912484,
      "eval_runtime": 0.3171,
      "eval_samples_per_second": 1280.372,
      "eval_steps_per_second": 81.994,
      "epoch": 8.0
    }
  ],
  "test_metrics": {
    "eval_loss": 0.5008144378662109,
    "eval_accuracy": 0.8584502745576571,
    "eval_f1": 0.8559719040519738,
    "eval_matthews_correlation": 0.7120095990249724,
    "eval_precision": 0.8565851296962927,
    "eval_recall": 0.8554254137963375,
    "eval_auc": 0.9303073483452684,
    "eval_auprc": 0.9008251771109306,
    "eval_runtime": 1.2739,
    "eval_samples_per_second": 1286.607,
    "eval_steps_per_second": 80.854,
    "epoch": 6.0
  }
}