{
  "experiment": "cross_length",
  "model_type": "lamar",
  "variant": "random",
  "pair_name": "YWHAG_K562_ENCSR867ZVK",
  "pretrain_path": "",
  "max_length": 1024,
  "n_folds": 5,
  "hyperparameters": {
    "learning_rate": 5e-05,
    "per_device_train_batch_size": 16,
    "weight_decay": 0.01,
    "warmup_ratio": 0.1,
    "num_train_epochs": 10,
    "gradient_accumulation_steps": 1,
    "early_stopping_patience": 3
  },
  "cv_metrics": {
    "epoch_mean": 5.6,
    "epoch_std": 1.624807680927192,
    "eval_accuracy_mean": 0.6796875,
    "eval_accuracy_std": 0.03597145135381668,
    "eval_auc_mean": 0.7513989235793826,
    "eval_auc_std": 0.06352169334891464,
    "eval_auprc_mean": 0.6039479977096758,
    "eval_auprc_std": 0.08735374174279012,
    "eval_f1_mean": 0.44861774529189163,
    "eval_f1_std": 0.24464459016026655,
    "eval_loss_mean": 0.6187261164188385,
    "eval_loss_std": 0.11992267981265856,
    "eval_matthews_correlation_mean": 0.272336428691636,
    "eval_matthews_correlation_std": 0.16196788035838572,
    "eval_precision_mean": 0.43768115942028984,
    "eval_precision_std": 0.22289706657880223,
    "eval_recall_mean": 0.49367629786234435,
    "eval_recall_std": 0.30215922365577236,
    "eval_runtime_mean": 2.7337599999999997,
    "eval_runtime_std": 0.002757245001808781,
    "eval_samples_per_second_mean": 48.7238,
    "eval_samples_per_second_std": 0.17876621604766496,
    "eval_steps_per_second_mean": 3.2922,
    "eval_steps_per_second_std": 0.003370459909270504
  },
  "cv_fold_metrics": [
    {
      "eval_loss": 0.6150810718536377,
      "eval_accuracy": 0.671875,
      "eval_f1": 0.6315789473684211,
      "eval_precision": 0.5217391304347826,
      "eval_recall": 0.8,
      "eval_auc": 0.7791164658634537,
      "eval_auprc": 0.6100607780765368,
      "eval_matthews_correlation": 0.3854456300990624,
      "eval_runtime": 2.7307,
      "eval_samples_per_second": 49.072,
      "eval_steps_per_second": 3.296,
      "epoch": 4.0
    },
    {
      "eval_loss": 0.4981134235858917,
      "eval_accuracy": 0.75,
      "eval_f1": 0.6521739130434783,
      "eval_precision": 0.625,
      "eval_recall": 0.6818181818181818,
      "eval_auc": 0.8403679653679653,
      "eval_auprc": 0.7543875517033857,
      "eval_matthews_correlation": 0.458682472293863,
      "eval_runtime": 2.732,
      "eval_samples_per_second": 48.681,
      "eval_steps_per_second": 3.294,
      "epoch": 7.0
    },
    {
      "eval_loss": 0.5687658190727234,
      "eval_accuracy": 0.6640625,
      "eval_f1": 0.5825242718446603,
      "eval_precision": 0.5,
      "eval_recall": 0.6976744186046512,
      "eval_auc": 0.7450068399452804,
      "eval_auprc": 0.5955839627169214,
      "eval_matthews_correlation": 0.3262847476383194,
      "eval_runtime": 2.7388,
      "eval_samples_per_second": 48.561,
      "eval_steps_per_second": 3.286,
      "epoch": 8.0
    },
    {
      "eval_loss": 0.5649902820587158,
      "eval_accuracy": 0.6640625,
      "eval_f1": 0.3768115942028985,
      "eval_precision": 0.5416666666666666,
      "eval_recall": 0.28888888888888886,
      "eval_auc": 0.7480589022757697,
      "eval_auprc": 0.576939474158207,
      "eval_matthews_correlation": 0.19126929342693508,
      "eval_runtime": 2.7339,
      "eval_samples_per_second": 48.648,
      "eval_steps_per_second": 3.292,
      "epoch": 5.0
    },
    {
      "eval_loss": 0.8466799855232239,
      "eval_accuracy": 0.6484375,
      "eval_f1": 0.0,
      "eval_precision": 0.0,
      "eval_recall": 0.0,
      "eval_auc": 0.6444444444444444,
      "eval_auprc": 0.48276822189332813,
      "eval_matthews_correlation": 0.0,
      "eval_runtime": 2.7334,
      "eval_samples_per_second": 48.657,
      "eval_steps_per_second": 3.293,
      "epoch": 4.0
    }
  ],
  "test_metrics": {
    "eval_loss": 0.6552119255065918,
    "eval_accuracy": 0.6320564516129032,
    "eval_f1": 0.44104134762633995,
    "eval_precision": 0.7912087912087912,
    "eval_recall": 0.3057324840764331,
    "eval_auc": 0.7656719276583086,
    "eval_auprc": 0.7257936550691975,
    "eval_matthews_correlation": 0.3003490737049627,
    "eval_runtime": 21.2232,
    "eval_samples_per_second": 46.977,
    "eval_steps_per_second": 2.968,
    "epoch": 8.0
  }
}