{
  "experiment": "cross_length",
  "model_type": "dnabert2",
  "variant": "tapt_v3",
  "pair_name": "FUS_K562_ENCSR069EVH",
  "max_length": 256,
  "n_folds": 5,
  "hyperparameters": {
    "learning_rate": 5e-05,
    "per_device_train_batch_size": 16,
    "weight_decay": 0.01,
    "warmup_ratio": 0.1,
    "num_train_epochs": 10,
    "gradient_accumulation_steps": 1,
    "early_stopping_patience": 3
  },
  "cv_metrics": {
    "epoch_mean": 6.0,
    "epoch_std": 0.6324555320336759,
    "eval_accuracy_mean": 0.8583330358481541,
    "eval_accuracy_std": 0.014596848835022967,
    "eval_auc_mean": 0.9321365440292005,
    "eval_auc_std": 0.007244116130227545,
    "eval_auprc_mean": 0.8619430187426266,
    "eval_auprc_std": 0.020547821116810985,
    "eval_f1_mean": 0.8373230593055272,
    "eval_f1_std": 0.015442471816699686,
    "eval_loss_mean": 0.38382131457328794,
    "eval_loss_std": 0.026901043479233364,
    "eval_matthews_correlation_mean": 0.6795576063797057,
    "eval_matthews_correlation_std": 0.03097131026643565,
    "eval_precision_mean": 0.8519161351564069,
    "eval_precision_std": 0.020173958316575955,
    "eval_recall_mean": 0.828250307885045,
    "eval_recall_std": 0.014441256783232334,
    "eval_runtime_mean": 0.6057,
    "eval_runtime_std": 0.004596955514250735,
    "eval_samples_per_second_mean": 1235.3602,
    "eval_samples_per_second_std": 8.693396261530973,
    "eval_steps_per_second_mean": 77.6024,
    "eval_steps_per_second_std": 0.5854091218968157
  },
  "cv_fold_metrics": [
    {
      "eval_loss": 0.385235071182251,
      "eval_accuracy": 0.8344459279038718,
      "eval_f1": 0.8156783361117728,
      "eval_matthews_correlation": 0.6313566722235453,
      "eval_precision": 0.8156783361117727,
      "eval_recall": 0.8156783361117727,
      "eval_auc": 0.9207986028419465,
      "eval_auprc": 0.8315153679360673,
      "eval_runtime": 0.6145,
      "eval_samples_per_second": 1218.87,
      "eval_steps_per_second": 76.484,
      "epoch": 6.0
    },
    {
      "eval_loss": 0.42711806297302246,
      "eval_accuracy": 0.8596256684491979,
      "eval_f1": 0.8405029821921397,
      "eval_matthews_correlation": 0.6823757398978564,
      "eval_precision": 0.8480817883953382,
      "eval_recall": 0.8344304886990341,
      "eval_auc": 0.9270458095572062,
      "eval_auprc": 0.8529244027141687,
      "eval_runtime": 0.6039,
      "eval_samples_per_second": 1238.666,
      "eval_steps_per_second": 77.831,
      "epoch": 7.0
    },
    {
      "eval_loss": 0.35653895139694214,
      "eval_accuracy": 0.8529411764705882,
      "eval_f1": 0.825196515827491,
      "eval_matthews_correlation": 0.6640921819638982,
      "eval_precision": 0.857586512866016,
      "eval_recall": 0.8083298798176544,
      "eval_auc": 0.9342742835283242,
      "eval_auprc": 0.8563788681631038,
      "eval_runtime": 0.601,
      "eval_samples_per_second": 1244.655,
      "eval_steps_per_second": 78.207,
      "epoch": 5.0
    },
    {
      "eval_loss": 0.35454604029655457,
      "eval_accuracy": 0.8783422459893048,
      "eval_f1": 0.8596463735244084,
      "eval_matthews_correlation": 0.7236639294295055,
      "eval_precision": 0.8755656108597285,
      "eval_recall": 0.848600529184864,
      "eval_auc": 0.9400682202174121,
      "eval_auprc": 0.8899235715021223,
      "eval_runtime": 0.6042,
      "eval_samples_per_second": 1238.034,
      "eval_steps_per_second": 77.791,
      "epoch": 6.0
    },
    {
      "eval_loss": 0.3956684470176697,
      "eval_accuracy": 0.8663101604278075,
      "eval_f1": 0.8455910888718241,
      "eval_matthews_correlation": 0.696299508383723,
      "eval_precision": 0.8626684275491796,
      "eval_recall": 0.8342123056119,
      "eval_auc": 0.9384958040011135,
      "eval_auprc": 0.8789728833976708,
      "eval_runtime": 0.6049,
      "eval_samples_per_second": 1236.576,
      "eval_steps_per_second": 77.699,
      "epoch": 6.0
    }
  ],
  "test_metrics": {
    "eval_loss": 0.41218915581703186,
    "eval_accuracy": 0.8450597382893988,
    "eval_f1": 0.8422151709694793,
    "eval_matthews_correlation": 0.6949723845764411,
    "eval_precision": 0.8549831983022076,
    "eval_recall": 0.8401475179908966,
    "eval_auc": 0.9397571607823714,
    "eval_auprc": 0.9234262554560055,
    "eval_runtime": 5.7969,
    "eval_samples_per_second": 909.628,
    "eval_steps_per_second": 56.927,
    "epoch": 6.0
  }
}