{
  "experiment": "cross_length",
  "model_type": "lamar",
  "variant": "tapt_1024",
  "pair_name": "GTF2F1_HepG2_ENCSR265ZIS",
  "pretrain_path": "/gpfs/bwfor/work/ws/fr_ml642-thesis_work/Thesis/LAMAR/src/pretrain/saving_model/tapt_1024_standard_collator/checkpoint-134000/model.safetensors",
  "max_length": 1024,
  "n_folds": 5,
  "hyperparameters": {
    "learning_rate": 5e-05,
    "per_device_train_batch_size": 16,
    "weight_decay": 0.01,
    "warmup_ratio": 0.1,
    "num_train_epochs": 10,
    "gradient_accumulation_steps": 1,
    "early_stopping_patience": 3
  },
  "cv_metrics": {
    "epoch_mean": 9.2,
    "epoch_std": 1.1661903789690602,
    "eval_accuracy_mean": 0.9154761904761906,
    "eval_accuracy_std": 0.013289948548670296,
    "eval_auc_mean": 0.9686564368967524,
    "eval_auc_std": 0.003957135451541067,
    "eval_auprc_mean": 0.9516345301202348,
    "eval_auprc_std": 0.011164407532900673,
    "eval_f1_mean": 0.8827288613592309,
    "eval_f1_std": 0.01554677869461669,
    "eval_loss_mean": 0.2658323645591736,
    "eval_loss_std": 0.05544011903118752,
    "eval_matthews_correlation_mean": 0.8174673491656259,
    "eval_matthews_correlation_std": 0.027473998880995044,
    "eval_precision_mean": 0.8902886553197883,
    "eval_precision_std": 0.039615235010387266,
    "eval_recall_mean": 0.8765726496941442,
    "eval_recall_std": 0.010622185692044392,
    "eval_runtime_mean": 14.401780000000002,
    "eval_runtime_std": 0.005746094325714013,
    "eval_samples_per_second_mean": 47.133,
    "eval_samples_per_second_std": 0.03462369131100678,
    "eval_steps_per_second_mean": 2.9858000000000002,
    "eval_steps_per_second_std": 0.0011661903789691296
  },
  "cv_fold_metrics": [
    {
      "eval_loss": 0.3468575179576874,
      "eval_accuracy": 0.9077380952380952,
      "eval_f1": 0.8729508196721312,
      "eval_precision": 0.8658536585365854,
      "eval_recall": 0.8801652892561983,
      "eval_auc": 0.9631462617720545,
      "eval_auprc": 0.9338780311248501,
      "eval_matthews_correlation": 0.8005948511328035,
      "eval_runtime": 14.407,
      "eval_samples_per_second": 47.13,
      "eval_steps_per_second": 2.985,
      "epoch": 10.0
    },
    {
      "eval_loss": 0.21240141987800598,
      "eval_accuracy": 0.9330357142857143,
      "eval_f1": 0.9032258064516128,
      "eval_precision": 0.9545454545454546,
      "eval_recall": 0.8571428571428571,
      "eval_auc": 0.9728241647947234,
      "eval_auprc": 0.964719034347285,
      "eval_matthews_correlation": 0.8551426057673158,
      "eval_runtime": 14.3951,
      "eval_samples_per_second": 47.169,
      "eval_steps_per_second": 2.987,
      "epoch": 7.0
    },
    {
      "eval_loss": 0.318238228559494,
      "eval_accuracy": 0.8943452380952381,
      "eval_f1": 0.8582834331337326,
      "eval_precision": 0.8365758754863813,
      "eval_recall": 0.8811475409836066,
      "eval_auc": 0.9646851539757928,
      "eval_auprc": 0.9441904358044888,
      "eval_matthews_correlation": 0.774813559237759,
      "eval_runtime": 14.409,
      "eval_samples_per_second": 47.123,
      "eval_steps_per_second": 2.984,
      "epoch": 10.0
    },
    {
      "eval_loss": 0.2249070554971695,
      "eval_accuracy": 0.9196428571428571,
      "eval_f1": 0.8888888888888888,
      "eval_precision": 0.8888888888888888,
      "eval_recall": 0.8888888888888888,
      "eval_auc": 0.9718936755973794,
      "eval_auprc": 0.9596810568515651,
      "eval_matthews_correlation": 0.8259518259518259,
      "eval_runtime": 14.3954,
      "eval_samples_per_second": 47.168,
      "eval_steps_per_second": 2.987,
      "epoch": 10.0
    },
    {
      "eval_loss": 0.22675760090351105,
      "eval_accuracy": 0.9226190476190477,
      "eval_f1": 0.8902953586497891,
      "eval_precision": 0.9055793991416309,
      "eval_recall": 0.8755186721991701,
      "eval_auc": 0.9707329283438111,
      "eval_auprc": 0.9557040924729847,
      "eval_matthews_correlation": 0.8308339037384258,
      "eval_runtime": 14.4024,
      "eval_samples_per_second": 47.075,
      "eval_steps_per_second": 2.986,
      "epoch": 9.0
    }
  ],
  "test_metrics": {
    "eval_loss": 0.46548739075660706,
    "eval_accuracy": 0.88047583081571,
    "eval_f1": 0.8612754766600921,
    "eval_precision": 0.9656019656019657,
    "eval_recall": 0.7772943037974683,
    "eval_auc": 0.9668411765109388,
    "eval_auprc": 0.9620373886553992,
    "eval_matthews_correlation": 0.7722090109519906,
    "eval_runtime": 113.8251,
    "eval_samples_per_second": 46.589,
    "eval_steps_per_second": 2.917,
    "epoch": 10.0
  }
}