{
  "experiment": "rbp",
  "model_type": "lamar",
  "variant": "lamar_tapt_512",
  "rbp_name": "U2AF1_K562_200",
  "weights_path": "/gpfs/bwfor/work/ws/fr_ml642-thesis_work/Thesis/LAMAR/src/pretrain/saving_model/tapt_lamar/checkpoint-98000",
  "max_length": 512,
  "n_folds": 5,
  "hyperparameters": {
    "learning_rate": 5e-05,
    "per_device_train_batch_size": 16,
    "weight_decay": 0.01,
    "warmup_ratio": 0.1,
    "num_train_epochs": 10,
    "gradient_accumulation_steps": 1,
    "early_stopping_patience": 3
  },
  "cv_metrics": {
    "epoch_mean": 10.0,
    "epoch_std": 0.0,
    "eval_accuracy_mean": 0.8573556797020483,
    "eval_accuracy_std": 0.016513816966402497,
    "eval_auc_mean": 0.931722572471678,
    "eval_auc_std": 0.01062086813141901,
    "eval_auprc_mean": 0.9407532797033404,
    "eval_auprc_std": 0.009557233155255267,
    "eval_f1_mean": 0.8675950870543874,
    "eval_f1_std": 0.016259747819604,
    "eval_loss_mean": 0.4020141661167145,
    "eval_loss_std": 0.040574510642987185,
    "eval_matthews_correlation_mean": 0.7133813149457315,
    "eval_matthews_correlation_std": 0.03286881670648486,
    "eval_precision_mean": 0.865214725238005,
    "eval_precision_std": 0.016849825454382652,
    "eval_recall_mean": 0.8703887927720106,
    "eval_recall_std": 0.024201342398311367,
    "eval_runtime_mean": 4.39444,
    "eval_runtime_std": 0.003945934616792494,
    "eval_samples_per_second_mean": 122.2002,
    "eval_samples_per_second_std": 0.10873711417910528,
    "eval_steps_per_second_mean": 7.7372,
    "eval_steps_per_second_std": 0.006794115100585311
  },
  "cv_fold_metrics": [
    {
      "eval_loss": 0.3338102400302887,
      "eval_accuracy": 0.8789571694599627,
      "eval_f1": 0.888507718696398,
      "eval_precision": 0.8809523809523809,
      "eval_recall": 0.8961937716262975,
      "eval_matthews_correlation": 0.7562791884362727,
      "eval_auc": 0.9462691148565687,
      "eval_auprc": 0.9566122045221399,
      "eval_runtime": 4.3881,
      "eval_samples_per_second": 122.375,
      "eval_steps_per_second": 7.748,
      "epoch": 10.0
    },
    {
      "eval_loss": 0.39520230889320374,
      "eval_accuracy": 0.8547486033519553,
      "eval_f1": 0.8668941979522184,
      "eval_precision": 0.8552188552188552,
      "eval_recall": 0.8788927335640139,
      "eval_matthews_correlation": 0.7074429194976257,
      "eval_auc": 0.9311446590021208,
      "eval_auprc": 0.9406448406644916,
      "eval_runtime": 4.3993,
      "eval_samples_per_second": 122.066,
      "eval_steps_per_second": 7.729,
      "epoch": 10.0
    },
    {
      "eval_loss": 0.3941798508167267,
      "eval_accuracy": 0.8696461824953445,
      "eval_f1": 0.8771929824561403,
      "eval_precision": 0.8896797153024911,
      "eval_recall": 0.8650519031141869,
      "eval_matthews_correlation": 0.7386926860045688,
      "eval_auc": 0.9337258622614131,
      "eval_auprc": 0.940832030198584,
      "eval_runtime": 4.3928,
      "eval_samples_per_second": 122.245,
      "eval_steps_per_second": 7.74,
      "epoch": 10.0
    },
    {
      "eval_loss": 0.4389764964580536,
      "eval_accuracy": 0.8528864059590316,
      "eval_f1": 0.865874363327674,
      "eval_precision": 0.8471760797342193,
      "eval_recall": 0.8854166666666666,
      "eval_matthews_correlation": 0.7040037468972767,
      "eval_auc": 0.9342369477911648,
      "eval_auprc": 0.9391591722380553,
      "eval_runtime": 4.3978,
      "eval_samples_per_second": 122.108,
      "eval_steps_per_second": 7.731,
      "epoch": 10.0
    },
    {
      "eval_loss": 0.4479019343852997,
      "eval_accuracy": 0.8305400372439479,
      "eval_f1": 0.8395061728395061,
      "eval_precision": 0.8530465949820788,
      "eval_recall": 0.8263888888888888,
      "eval_matthews_correlation": 0.6604880338929137,
      "eval_auc": 0.9132362784471219,
      "eval_auprc": 0.9265181508934317,
      "eval_runtime": 4.3942,
      "eval_samples_per_second": 122.207,
      "eval_steps_per_second": 7.738,
      "epoch": 10.0
    }
  ],
  "test_metrics": {
    "eval_loss": 0.5943285226821899,
    "eval_accuracy": 0.8169642857142857,
    "eval_f1": 0.8294036061026352,
    "eval_precision": 0.7994652406417112,
    "eval_recall": 0.861671469740634,
    "eval_matthews_correlation": 0.6346357799170411,
    "eval_auc": 0.9007670139658612,
    "eval_auprc": 0.9055844122692043,
    "eval_runtime": 5.4962,
    "eval_samples_per_second": 122.267,
    "eval_steps_per_second": 7.642,
    "epoch": 10.0
  }
}