{
  "experiment": "cross_cell",
  "model_type": "lamar",
  "variant": "tapt_512",
  "pair_name": "RBM22_train_K562_test_HepG2_fixlen_101",
  "pretrain_path": "/gpfs/bwfor/work/ws/fr_ml642-thesis_work/Thesis/LAMAR/src/pretrain/saving_model/tapt_lamar/checkpoint-98000/model.safetensors",
  "max_length": 1024,
  "n_folds": 5,
  "hyperparameters": {
    "learning_rate": 5e-05,
    "per_device_train_batch_size": 16,
    "weight_decay": 0.01,
    "warmup_ratio": 0.1,
    "num_train_epochs": 10,
    "gradient_accumulation_steps": 1,
    "early_stopping_patience": 3
  },
  "cv_metrics": {
    "epoch_mean": 8.2,
    "epoch_std": 2.2271057451320084,
    "eval_accuracy_mean": 0.6285119047619048,
    "eval_accuracy_std": 0.037709355137055964,
    "eval_auc_mean": 0.7069393238817172,
    "eval_auc_std": 0.0205509055305124,
    "eval_auprc_mean": 0.6405444974061603,
    "eval_auprc_std": 0.012100178440618803,
    "eval_f1_mean": 0.5051062372942874,
    "eval_f1_std": 0.21608926236153456,
    "eval_loss_mean": 0.6547477006912231,
    "eval_loss_std": 0.03253580769752072,
    "eval_matthews_correlation_mean": 0.2482059401172525,
    "eval_matthews_correlation_std": 0.09122935691887231,
    "eval_precision_mean": 0.6137365052222133,
    "eval_precision_std": 0.039716983227359136,
    "eval_recall_mean": 0.5169322025492239,
    "eval_recall_std": 0.25174913572775454,
    "eval_runtime_mean": 7.117139999999999,
    "eval_runtime_std": 0.1748794281783881,
    "eval_samples_per_second_mean": 47.181,
    "eval_samples_per_second_std": 1.1017063129527749,
    "eval_steps_per_second_mean": 2.9524,
    "eval_steps_per_second_std": 0.07317267249458642
  },
  "cv_fold_metrics": [
    {
      "eval_loss": 0.7099011540412903,
      "eval_accuracy": 0.6220238095238095,
      "eval_f1": 0.6501377410468319,
      "eval_precision": 0.5539906103286385,
      "eval_recall": 0.7866666666666666,
      "eval_auc": 0.6949103942652329,
      "eval_auprc": 0.6259314046116597,
      "eval_matthews_correlation": 0.284730143950888,
      "eval_runtime": 7.2624,
      "eval_samples_per_second": 46.266,
      "eval_steps_per_second": 2.892,
      "epoch": 10.0
    },
    {
      "eval_loss": 0.6269931197166443,
      "eval_accuracy": 0.6517857142857143,
      "eval_f1": 0.5836298932384341,
      "eval_precision": 0.6259541984732825,
      "eval_recall": 0.5466666666666666,
      "eval_auc": 0.7049820788530466,
      "eval_auprc": 0.6407187326580775,
      "eval_matthews_correlation": 0.2886837547913265,
      "eval_runtime": 7.2565,
      "eval_samples_per_second": 46.303,
      "eval_steps_per_second": 2.894,
      "epoch": 6.0
    },
    {
      "eval_loss": 0.6453971862792969,
      "eval_accuracy": 0.5625,
      "eval_f1": 0.07547169811320754,
      "eval_precision": 0.6666666666666666,
      "eval_recall": 0.04,
      "eval_auc": 0.729426523297491,
      "eval_auprc": 0.660558886027008,
      "eval_matthews_correlation": 0.07349824963908913,
      "eval_runtime": 7.2608,
      "eval_samples_per_second": 46.276,
      "eval_steps_per_second": 2.892,
      "epoch": 5.0
    },
    {
      "eval_loss": 0.6705264449119568,
      "eval_accuracy": 0.63125,
      "eval_f1": 0.5931034482758619,
      "eval_precision": 0.5850340136054422,
      "eval_recall": 0.6013986013986014,
      "eval_auc": 0.6760301845047607,
      "eval_auprc": 0.630602022674415,
      "eval_matthews_correlation": 0.25615932260446395,
      "eval_runtime": 6.8984,
      "eval_samples_per_second": 48.562,
      "eval_steps_per_second": 3.044,
      "epoch": 10.0
    },
    {
      "eval_loss": 0.6209205985069275,
      "eval_accuracy": 0.675,
      "eval_f1": 0.6231884057971014,
      "eval_precision": 0.6370370370370371,
      "eval_recall": 0.6099290780141844,
      "eval_auc": 0.7293474384880543,
      "eval_auprc": 0.644911441059641,
      "eval_matthews_correlation": 0.33795822960049476,
      "eval_runtime": 6.9076,
      "eval_samples_per_second": 48.498,
      "eval_steps_per_second": 3.04,
      "epoch": 10.0
    }
  ],
  "test_metrics": {
    "eval_loss": 0.6964810490608215,
    "eval_accuracy": 0.6601190476190476,
    "eval_f1": 0.573562359970127,
    "eval_precision": 0.7058823529411765,
    "eval_recall": 0.4830188679245283,
    "eval_auc": 0.7163305262409836,
    "eval_auprc": 0.7183380583444582,
    "eval_matthews_correlation": 0.32247878464632496,
    "eval_runtime": 72.2688,
    "eval_samples_per_second": 46.576,
    "eval_steps_per_second": 2.92,
    "epoch": 10.0
  }
}