{
  "experiment": "cross_length",
  "model_type": "lamar",
  "variant": "tapt_1024",
  "pair_name": "DDX3X_K562_ENCSR930BZL",
  "pretrain_path": "/gpfs/bwfor/work/ws/fr_ml642-thesis_work/Thesis/LAMAR/src/pretrain/saving_model/tapt_1024_standard_collator/checkpoint-134000/model.safetensors",
  "max_length": 1024,
  "n_folds": 5,
  "hyperparameters": {
    "learning_rate": 5e-05,
    "per_device_train_batch_size": 16,
    "weight_decay": 0.01,
    "warmup_ratio": 0.1,
    "num_train_epochs": 10,
    "gradient_accumulation_steps": 1,
    "early_stopping_patience": 3
  },
  "cv_metrics": {
    "epoch_mean": 8.6,
    "epoch_std": 1.0198039027185568,
    "eval_accuracy_mean": 0.90234375,
    "eval_accuracy_std": 0.005881036349289686,
    "eval_auc_mean": 0.9517675326369014,
    "eval_auc_std": 0.005459299801469589,
    "eval_auprc_mean": 0.9042272737237516,
    "eval_auprc_std": 0.010449375634352174,
    "eval_f1_mean": 0.8260550985369571,
    "eval_f1_std": 0.010953805894250731,
    "eval_loss_mean": 0.27757325768470764,
    "eval_loss_std": 0.027128777426135738,
    "eval_matthews_correlation_mean": 0.7593310145146777,
    "eval_matthews_correlation_std": 0.014725833130863569,
    "eval_precision_mean": 0.848893991877618,
    "eval_precision_std": 0.02404492374997285,
    "eval_recall_mean": 0.8056268895968183,
    "eval_recall_std": 0.026740441802345107,
    "eval_runtime_mean": 13.213,
    "eval_runtime_std": 0.0028684490582894535,
    "eval_samples_per_second_mean": 59.1992,
    "eval_samples_per_second_std": 0.03888135800097652,
    "eval_steps_per_second_mean": 3.7084,
    "eval_steps_per_second_std": 0.0008000000000000673
  },
  "cv_fold_metrics": [
    {
      "eval_loss": 0.3001090884208679,
      "eval_accuracy": 0.9036458333333334,
      "eval_f1": 0.8212560386473431,
      "eval_precision": 0.8808290155440415,
      "eval_recall": 0.7692307692307693,
      "eval_auc": 0.9515084334957441,
      "eval_auprc": 0.9080013088201779,
      "eval_matthews_correlation": 0.758963835436037,
      "eval_runtime": 13.2099,
      "eval_samples_per_second": 59.274,
      "eval_steps_per_second": 3.709,
      "epoch": 9.0
    },
    {
      "eval_loss": 0.31699469685554504,
      "eval_accuracy": 0.9036458333333334,
      "eval_f1": 0.8348214285714287,
      "eval_precision": 0.8201754385964912,
      "eval_recall": 0.85,
      "eval_auc": 0.9525630391506303,
      "eval_auprc": 0.8846233867186838,
      "eval_matthews_correlation": 0.7670810708063371,
      "eval_runtime": 13.2105,
      "eval_samples_per_second": 59.195,
      "eval_steps_per_second": 3.709,
      "epoch": 10.0
    },
    {
      "eval_loss": 0.24918408691883087,
      "eval_accuracy": 0.90234375,
      "eval_f1": 0.8243559718969554,
      "eval_precision": 0.8543689320388349,
      "eval_recall": 0.7963800904977375,
      "eval_auc": 0.9525259126291497,
      "eval_auprc": 0.9149568053581789,
      "eval_matthews_correlation": 0.7577395740885301,
      "eval_runtime": 13.2118,
      "eval_samples_per_second": 59.189,
      "eval_steps_per_second": 3.709,
      "epoch": 9.0
    },
    {
      "eval_loss": 0.27193787693977356,
      "eval_accuracy": 0.8919270833333334,
      "eval_f1": 0.8091954022988505,
      "eval_precision": 0.822429906542056,
      "eval_recall": 0.7963800904977375,
      "eval_auc": 0.9425496538089291,
      "eval_auprc": 0.9036740448602273,
      "eval_matthews_correlation": 0.7340215775393962,
      "eval_runtime": 13.2158,
      "eval_samples_per_second": 59.172,
      "eval_steps_per_second": 3.708,
      "epoch": 7.0
    },
    {
      "eval_loss": 0.2496405392885208,
      "eval_accuracy": 0.91015625,
      "eval_f1": 0.8406466512702079,
      "eval_precision": 0.8666666666666667,
      "eval_recall": 0.8161434977578476,
      "eval_auc": 0.9596906241000535,
      "eval_auprc": 0.9098808228614904,
      "eval_matthews_correlation": 0.7788490147030882,
      "eval_runtime": 13.217,
      "eval_samples_per_second": 59.166,
      "eval_steps_per_second": 3.707,
      "epoch": 8.0
    }
  ],
  "test_metrics": {
    "eval_loss": 0.6790264844894409,
    "eval_accuracy": 0.8696165966386554,
    "eval_f1": 0.8437942425672488,
    "eval_precision": 0.9717391304347827,
    "eval_recall": 0.7456213511259383,
    "eval_auc": 0.9254195199989376,
    "eval_auprc": 0.9373633287486777,
    "eval_matthews_correlation": 0.7542228449910136,
    "eval_runtime": 131.1397,
    "eval_samples_per_second": 58.159,
    "eval_steps_per_second": 3.637,
    "epoch": 10.0
  }
}