{
  "experiment": "cross_length",
  "model_type": "lamar",
  "variant": "random",
  "pair_name": "SNRPD3_K562_ENCSR552TNU",
  "pretrain_path": "",
  "max_length": 1024,
  "n_folds": 5,
  "hyperparameters": {
    "learning_rate": 5e-05,
    "per_device_train_batch_size": 16,
    "weight_decay": 0.01,
    "warmup_ratio": 0.1,
    "num_train_epochs": 10,
    "gradient_accumulation_steps": 1,
    "early_stopping_patience": 3
  },
  "cv_metrics": {
    "epoch_mean": 7.4,
    "epoch_std": 1.4966629547095764,
    "eval_accuracy_mean": 0.7194444444444444,
    "eval_accuracy_std": 0.013608276348795453,
    "eval_auc_mean": 0.7760115954410873,
    "eval_auc_std": 0.029377927274087088,
    "eval_auprc_mean": 0.6974114875448453,
    "eval_auprc_std": 0.03208179471494701,
    "eval_f1_mean": 0.5670078524312807,
    "eval_f1_std": 0.09588077125221134,
    "eval_loss_mean": 0.5594309568405151,
    "eval_loss_std": 0.01815004025536589,
    "eval_matthews_correlation_mean": 0.3929641103294984,
    "eval_matthews_correlation_std": 0.04033761309008305,
    "eval_precision_mean": 0.6828676007832917,
    "eval_precision_std": 0.12388535450271192,
    "eval_recall_mean": 0.5344412191582003,
    "eval_recall_std": 0.1593812302431105,
    "eval_runtime_mean": 3.1038799999999998,
    "eval_runtime_std": 0.0026820887382784184,
    "eval_samples_per_second_mean": 48.069,
    "eval_samples_per_second_std": 0.1630656309588257,
    "eval_steps_per_second_mean": 3.2218000000000004,
    "eval_steps_per_second_std": 0.0028565713714171423
  },
  "cv_fold_metrics": [
    {
      "eval_loss": 0.5672100782394409,
      "eval_accuracy": 0.7013888888888888,
      "eval_f1": 0.5742574257425743,
      "eval_precision": 0.5918367346938775,
      "eval_recall": 0.5576923076923077,
      "eval_auc": 0.7456103678929764,
      "eval_auprc": 0.6681517363639324,
      "eval_matthews_correlation": 0.34498401508597026,
      "eval_runtime": 3.0997,
      "eval_samples_per_second": 48.391,
      "eval_steps_per_second": 3.226,
      "epoch": 10.0
    },
    {
      "eval_loss": 0.5255762934684753,
      "eval_accuracy": 0.7430555555555556,
      "eval_f1": 0.672566371681416,
      "eval_precision": 0.6229508196721312,
      "eval_recall": 0.7307692307692307,
      "eval_auc": 0.8005852842809364,
      "eval_auprc": 0.7244865556743442,
      "eval_matthews_correlation": 0.4673349774956306,
      "eval_runtime": 3.1047,
      "eval_samples_per_second": 47.992,
      "eval_steps_per_second": 3.221,
      "epoch": 7.0
    },
    {
      "eval_loss": 0.5780300498008728,
      "eval_accuracy": 0.7152777777777778,
      "eval_f1": 0.616822429906542,
      "eval_precision": 0.6346153846153846,
      "eval_recall": 0.6,
      "eval_auc": 0.7742594484167518,
      "eval_auprc": 0.6627163326690114,
      "eval_matthews_correlation": 0.390975189221836,
      "eval_runtime": 3.1021,
      "eval_samples_per_second": 48.032,
      "eval_steps_per_second": 3.224,
      "epoch": 6.0
    },
    {
      "eval_loss": 0.5689394474029541,
      "eval_accuracy": 0.7222222222222222,
      "eval_f1": 0.5833333333333334,
      "eval_precision": 0.6363636363636364,
      "eval_recall": 0.5384615384615384,
      "eval_auc": 0.7426839464882943,
      "eval_auprc": 0.6869273644962783,
      "eval_matthews_correlation": 0.38012335774385503,
      "eval_runtime": 3.1056,
      "eval_samples_per_second": 47.978,
      "eval_steps_per_second": 3.22,
      "epoch": 8.0
    },
    {
      "eval_loss": 0.5573989152908325,
      "eval_accuracy": 0.7152777777777778,
      "eval_f1": 0.3880597014925373,
      "eval_precision": 0.9285714285714286,
      "eval_recall": 0.24528301886792453,
      "eval_auc": 0.8169189301264773,
      "eval_auprc": 0.7447754485206598,
      "eval_matthews_correlation": 0.38140301210020044,
      "eval_runtime": 3.1073,
      "eval_samples_per_second": 47.952,
      "eval_steps_per_second": 3.218,
      "epoch": 6.0
    }
  ],
  "test_metrics": {
    "eval_loss": 0.6170869469642639,
    "eval_accuracy": 0.6673728813559322,
    "eval_f1": 0.6292798110979928,
    "eval_precision": 0.6895213454075032,
    "eval_recall": 0.5787187839305103,
    "eval_auc": 0.7238523838236169,
    "eval_auprc": 0.7060747145074129,
    "eval_matthews_correlation": 0.33598879205816884,
    "eval_runtime": 40.7021,
    "eval_samples_per_second": 46.73,
    "eval_steps_per_second": 2.924,
    "epoch": 6.0
  }
}