{
  "experiment": "cross_length",
  "model_type": "lamar",
  "variant": "random",
  "pair_name": "SNRNP200_HepG2_ENCSR789YZZ",
  "pretrain_path": "",
  "max_length": 1024,
  "n_folds": 5,
  "hyperparameters": {
    "learning_rate": 5e-05,
    "per_device_train_batch_size": 16,
    "weight_decay": 0.01,
    "warmup_ratio": 0.1,
    "num_train_epochs": 10,
    "gradient_accumulation_steps": 1,
    "early_stopping_patience": 3
  },
  "cv_metrics": {
    "epoch_mean": 6.8,
    "epoch_std": 1.9390719429665317,
    "eval_accuracy_mean": 0.7708333333333334,
    "eval_accuracy_std": 0.036217791140014714,
    "eval_auc_mean": 0.7846636891340235,
    "eval_auc_std": 0.03598875931439618,
    "eval_auprc_mean": 0.6278600437803343,
    "eval_auprc_std": 0.06212930947854353,
    "eval_f1_mean": 0.4112012987012987,
    "eval_f1_std": 0.20994368000247177,
    "eval_loss_mean": 0.49877740144729615,
    "eval_loss_std": 0.04876892951658062,
    "eval_matthews_correlation_mean": 0.32466526930262746,
    "eval_matthews_correlation_std": 0.17659483157545872,
    "eval_precision_mean": 0.5471406649616368,
    "eval_precision_std": 0.294725963777423,
    "eval_recall_mean": 0.33983739837398375,
    "eval_recall_std": 0.17885855230019276,
    "eval_runtime_mean": 3.0998200000000002,
    "eval_runtime_std": 0.0013059862173850616,
    "eval_samples_per_second_mean": 48.1318,
    "eval_samples_per_second_std": 0.12921826496281424,
    "eval_steps_per_second_mean": 3.226,
    "eval_steps_per_second_std": 0.0010954451150102117
  },
  "cv_fold_metrics": [
    {
      "eval_loss": 0.4746710956096649,
      "eval_accuracy": 0.7638888888888888,
      "eval_f1": 0.46874999999999994,
      "eval_precision": 0.6521739130434783,
      "eval_recall": 0.36585365853658536,
      "eval_auc": 0.8179019654274212,
      "eval_auprc": 0.6232026704705174,
      "eval_matthews_correlation": 0.3549959793866059,
      "eval_runtime": 3.1,
      "eval_samples_per_second": 48.387,
      "eval_steps_per_second": 3.226,
      "epoch": 10.0
    },
    {
      "eval_loss": 0.4535638988018036,
      "eval_accuracy": 0.8194444444444444,
      "eval_f1": 0.59375,
      "eval_precision": 0.76,
      "eval_recall": 0.48717948717948717,
      "eval_auc": 0.7963369963369963,
      "eval_auprc": 0.686845001582463,
      "eval_matthews_correlation": 0.5045322338128023,
      "eval_runtime": 3.0985,
      "eval_samples_per_second": 48.088,
      "eval_steps_per_second": 3.227,
      "epoch": 5.0
    },
    {
      "eval_loss": 0.5557363033294678,
      "eval_accuracy": 0.7361111111111112,
      "eval_f1": 0.0,
      "eval_precision": 0.0,
      "eval_recall": 0.0,
      "eval_auc": 0.7713505461767627,
      "eval_auprc": 0.5426178650923053,
      "eval_matthews_correlation": 0.0,
      "eval_runtime": 3.1022,
      "eval_samples_per_second": 48.03,
      "eval_steps_per_second": 3.224,
      "epoch": 6.0
    },
    {
      "eval_loss": 0.5594828724861145,
      "eval_accuracy": 0.7291666666666666,
      "eval_f1": 0.49350649350649345,
      "eval_precision": 0.5,
      "eval_recall": 0.48717948717948717,
      "eval_auc": 0.7211233211233211,
      "eval_auprc": 0.5798537528386228,
      "eval_matthews_correlation": 0.30876342695568704,
      "eval_runtime": 3.0996,
      "eval_samples_per_second": 48.071,
      "eval_steps_per_second": 3.226,
      "epoch": 8.0
    },
    {
      "eval_loss": 0.45043283700942993,
      "eval_accuracy": 0.8055555555555556,
      "eval_f1": 0.5,
      "eval_precision": 0.8235294117647058,
      "eval_recall": 0.358974358974359,
      "eval_auc": 0.8166056166056166,
      "eval_auprc": 0.7067809289177628,
      "eval_matthews_correlation": 0.4550347063580421,
      "eval_runtime": 3.0988,
      "eval_samples_per_second": 48.083,
      "eval_steps_per_second": 3.227,
      "epoch": 5.0
    }
  ],
  "test_metrics": {
    "eval_loss": 0.6290825605392456,
    "eval_accuracy": 0.676980198019802,
    "eval_f1": 0.5314183123877918,
    "eval_precision": 0.8457142857142858,
    "eval_recall": 0.387434554973822,
    "eval_auc": 0.7482701619841211,
    "eval_auprc": 0.7525027343600785,
    "eval_matthews_correlation": 0.3927655194958206,
    "eval_runtime": 34.8414,
    "eval_samples_per_second": 46.554,
    "eval_steps_per_second": 2.928,
    "epoch": 6.0
  }
}