{
  "experiment": "cross_length",
  "model_type": "lamar",
  "variant": "tapt_1024",
  "pair_name": "FKBP4_HepG2_ENCSR018ZUE",
  "pretrain_path": "/gpfs/bwfor/work/ws/fr_ml642-thesis_work/Thesis/LAMAR/src/pretrain/saving_model/tapt_1024_standard_collator/checkpoint-134000/model.safetensors",
  "max_length": 1024,
  "n_folds": 5,
  "hyperparameters": {
    "learning_rate": 5e-05,
    "per_device_train_batch_size": 16,
    "weight_decay": 0.01,
    "warmup_ratio": 0.1,
    "num_train_epochs": 10,
    "gradient_accumulation_steps": 1,
    "early_stopping_patience": 3
  },
  "cv_metrics": {
    "epoch_mean": 6.4,
    "epoch_std": 1.9595917942265424,
    "eval_accuracy_mean": 0.8400000000000001,
    "eval_accuracy_std": 0.03993049516903644,
    "eval_auc_mean": 0.9424047873905559,
    "eval_auc_std": 0.015899190419242697,
    "eval_auprc_mean": 0.8789782687370925,
    "eval_auprc_std": 0.02836280587565534,
    "eval_f1_mean": 0.7907994206502897,
    "eval_f1_std": 0.0360788356371476,
    "eval_loss_mean": 0.3457471072673798,
    "eval_loss_std": 0.06938397378319879,
    "eval_matthews_correlation_mean": 0.6779155884677899,
    "eval_matthews_correlation_std": 0.05613625612950747,
    "eval_precision_mean": 0.7543645180650065,
    "eval_precision_std": 0.08561428589433283,
    "eval_recall_mean": 0.8510364145658263,
    "eval_recall_std": 0.09379703963374166,
    "eval_runtime_mean": 4.13744,
    "eval_runtime_std": 0.0012721635115030571,
    "eval_samples_per_second_mean": 59.988600000000005,
    "eval_samples_per_second_std": 0.07936901158512641,
    "eval_steps_per_second_mean": 3.8671999999999995,
    "eval_steps_per_second_std": 0.0011661903789689316
  },
  "cv_fold_metrics": [
    {
      "eval_loss": 0.4691261947154999,
      "eval_accuracy": 0.7666666666666667,
      "eval_f1": 0.7431192660550459,
      "eval_precision": 0.6090225563909775,
      "eval_recall": 0.9529411764705882,
      "eval_auc": 0.9168121442125237,
      "eval_auprc": 0.8373004842444829,
      "eval_matthews_correlation": 0.5941068174714577,
      "eval_runtime": 4.1399,
      "eval_samples_per_second": 60.147,
      "eval_steps_per_second": 3.865,
      "epoch": 4.0
    },
    {
      "eval_loss": 0.29868564009666443,
      "eval_accuracy": 0.875,
      "eval_f1": 0.8351648351648352,
      "eval_precision": 0.7835051546391752,
      "eval_recall": 0.8941176470588236,
      "eval_auc": 0.9407210626185958,
      "eval_auprc": 0.8628203036436015,
      "eval_matthews_correlation": 0.7393559983788042,
      "eval_runtime": 4.1374,
      "eval_samples_per_second": 59.94,
      "eval_steps_per_second": 3.867,
      "epoch": 6.0
    },
    {
      "eval_loss": 0.3671693801879883,
      "eval_accuracy": 0.8333333333333334,
      "eval_f1": 0.7530864197530864,
      "eval_precision": 0.7922077922077922,
      "eval_recall": 0.7176470588235294,
      "eval_auc": 0.9401897533206831,
      "eval_auprc": 0.8808515725620703,
      "eval_matthews_correlation": 0.6295096273787447,
      "eval_runtime": 4.1368,
      "eval_samples_per_second": 59.949,
      "eval_steps_per_second": 3.868,
      "epoch": 10.0
    },
    {
      "eval_loss": 0.27043816447257996,
      "eval_accuracy": 0.85,
      "eval_f1": 0.8125000000000001,
      "eval_precision": 0.7222222222222222,
      "eval_recall": 0.9285714285714286,
      "eval_auc": 0.9662698412698414,
      "eval_auprc": 0.9220379413808371,
      "eval_matthews_correlation": 0.705889154385799,
      "eval_runtime": 4.1364,
      "eval_samples_per_second": 59.956,
      "eval_steps_per_second": 3.868,
      "epoch": 6.0
    },
    {
      "eval_loss": 0.32331615686416626,
      "eval_accuracy": 0.875,
      "eval_f1": 0.810126582278481,
      "eval_precision": 0.8648648648648649,
      "eval_recall": 0.7619047619047619,
      "eval_auc": 0.9480311355311356,
      "eval_auprc": 0.8918810418544709,
      "eval_matthews_correlation": 0.7207163447241441,
      "eval_runtime": 4.1367,
      "eval_samples_per_second": 59.951,
      "eval_steps_per_second": 3.868,
      "epoch": 6.0
    }
  ],
  "test_metrics": {
    "eval_loss": 0.32203173637390137,
    "eval_accuracy": 0.8599137931034483,
    "eval_f1": 0.8416565164433617,
    "eval_precision": 0.9092105263157895,
    "eval_recall": 0.7834467120181405,
    "eval_auc": 0.9523332262405304,
    "eval_auprc": 0.930108260881586,
    "eval_matthews_correlation": 0.7236864732625254,
    "eval_runtime": 31.9525,
    "eval_samples_per_second": 58.431,
    "eval_steps_per_second": 3.662,
    "epoch": 7.0
  }
}