{
  "experiment": "cross_length",
  "model_type": "lamar",
  "variant": "pretrained",
  "pair_name": "FXR1_K562_ENCSR774RFN",
  "pretrain_path": "/gpfs/bwfor/work/ws/fr_ml642-thesis_work/Thesis/LAMAR/weights",
  "max_length": 1024,
  "n_folds": 5,
  "hyperparameters": {
    "learning_rate": 5e-05,
    "per_device_train_batch_size": 16,
    "weight_decay": 0.01,
    "warmup_ratio": 0.1,
    "num_train_epochs": 10,
    "gradient_accumulation_steps": 1,
    "early_stopping_patience": 3
  },
  "cv_metrics": {
    "epoch_mean": 6.2,
    "epoch_std": 2.039607805437114,
    "eval_accuracy_mean": 0.6875,
    "eval_accuracy_std": 0.034003676271838625,
    "eval_auc_mean": 0.7684861804861806,
    "eval_auc_std": 0.03208769815641847,
    "eval_auprc_mean": 0.6133133139486757,
    "eval_auprc_std": 0.06902059713975178,
    "eval_f1_mean": 0.44077695562026387,
    "eval_f1_std": 0.22677091896976986,
    "eval_loss_mean": 0.5600747108459473,
    "eval_loss_std": 0.017851843712592526,
    "eval_matthews_correlation_mean": 0.26995610449590757,
    "eval_matthews_correlation_std": 0.146466573322567,
    "eval_precision_mean": 0.46491389541502165,
    "eval_precision_std": 0.24078446388819122,
    "eval_recall_mean": 0.4420779220779221,
    "eval_recall_std": 0.25710067868692693,
    "eval_runtime_mean": 3.44414,
    "eval_runtime_std": 0.0016788091017146938,
    "eval_samples_per_second_mean": 46.5138,
    "eval_samples_per_second_std": 0.11832227178346488,
    "eval_steps_per_second_mean": 2.9616,
    "eval_steps_per_second_std": 0.11621118706905975
  },
  "cv_fold_metrics": [
    {
      "eval_loss": 0.5666210055351257,
      "eval_accuracy": 0.65625,
      "eval_f1": 0.0,
      "eval_precision": 0.0,
      "eval_recall": 0.0,
      "eval_auc": 0.7572294372294373,
      "eval_auprc": 0.6039422203937233,
      "eval_matthews_correlation": 0.0,
      "eval_runtime": 3.4441,
      "eval_samples_per_second": 46.746,
      "eval_steps_per_second": 3.194,
      "epoch": 4.0
    },
    {
      "eval_loss": 0.5816192626953125,
      "eval_accuracy": 0.65625,
      "eval_f1": 0.6099290780141845,
      "eval_precision": 0.5,
      "eval_recall": 0.7818181818181819,
      "eval_auc": 0.7390476190476191,
      "eval_auprc": 0.5194643255751831,
      "eval_matthews_correlation": 0.35464788985009593,
      "eval_runtime": 3.4443,
      "eval_samples_per_second": 46.453,
      "eval_steps_per_second": 2.903,
      "epoch": 5.0
    },
    {
      "eval_loss": 0.5272819399833679,
      "eval_accuracy": 0.7375,
      "eval_f1": 0.5531914893617021,
      "eval_precision": 0.6842105263157895,
      "eval_recall": 0.4642857142857143,
      "eval_auc": 0.8033997252747253,
      "eval_auprc": 0.7009197887157476,
      "eval_matthews_correlation": 0.3910581188550922,
      "eval_runtime": 3.4468,
      "eval_samples_per_second": 46.42,
      "eval_steps_per_second": 2.901,
      "epoch": 6.0
    },
    {
      "eval_loss": 0.5624313354492188,
      "eval_accuracy": 0.71875,
      "eval_f1": 0.5871559633027522,
      "eval_precision": 0.6037735849056604,
      "eval_recall": 0.5714285714285714,
      "eval_auc": 0.8095810439560439,
      "eval_auprc": 0.6808150810903174,
      "eval_matthews_correlation": 0.37445683325929124,
      "eval_runtime": 3.444,
      "eval_samples_per_second": 46.458,
      "eval_steps_per_second": 2.904,
      "epoch": 10.0
    },
    {
      "eval_loss": 0.5624200105667114,
      "eval_accuracy": 0.66875,
      "eval_f1": 0.45360824742268047,
      "eval_precision": 0.5365853658536586,
      "eval_recall": 0.39285714285714285,
      "eval_auc": 0.7331730769230769,
      "eval_auprc": 0.5614251539684074,
      "eval_matthews_correlation": 0.22961768051505843,
      "eval_runtime": 3.4415,
      "eval_samples_per_second": 46.492,
      "eval_steps_per_second": 2.906,
      "epoch": 6.0
    }
  ],
  "test_metrics": {
    "eval_loss": 0.6378533244132996,
    "eval_accuracy": 0.6237113402061856,
    "eval_f1": 0.6877005347593583,
    "eval_precision": 0.5730837789661319,
    "eval_recall": 0.8596256684491979,
    "eval_auc": 0.6799408705137414,
    "eval_auprc": 0.5994741024044392,
    "eval_matthews_correlation": 0.294586412954789,
    "eval_runtime": 33.477,
    "eval_samples_per_second": 46.749,
    "eval_steps_per_second": 2.927,
    "epoch": 4.0
  }
}