{
  "experiment": "cross_cell",
  "model_type": "dnabert2",
  "variant": "pretrained",
  "pair_name": "TAF15_train_K562_test_HepG2_fixlen_101",
  "max_length": 128,
  "n_folds": 5,
  "hyperparameters": {
    "learning_rate": 5e-05,
    "per_device_train_batch_size": 16,
    "weight_decay": 0.01,
    "warmup_ratio": 0.1,
    "num_train_epochs": 10,
    "gradient_accumulation_steps": 1,
    "early_stopping_patience": 3
  },
  "cv_metrics": {
    "epoch_mean": 5.6,
    "epoch_std": 1.2,
    "eval_accuracy_mean": 0.8551724137931034,
    "eval_accuracy_std": 0.02281544050721749,
    "eval_auc_mean": 0.9343307295114525,
    "eval_auc_std": 0.015470264582114614,
    "eval_auprc_mean": 0.9187043468927494,
    "eval_auprc_std": 0.02292589994559218,
    "eval_f1_mean": 0.8549584975424122,
    "eval_f1_std": 0.022847036318886727,
    "eval_loss_mean": 0.38854623436927793,
    "eval_loss_std": 0.044135997935382275,
    "eval_matthews_correlation_mean": 0.7141723100868782,
    "eval_matthews_correlation_std": 0.042553057607243344,
    "eval_precision_mean": 0.8577213907040668,
    "eval_precision_std": 0.020648406268993967,
    "eval_recall_mean": 0.8564543889845094,
    "eval_recall_std": 0.021919025808927902,
    "eval_runtime_mean": 0.14165999999999998,
    "eval_runtime_std": 0.0007364781055808798,
    "eval_samples_per_second_mean": 1228.2702,
    "eval_samples_per_second_std": 6.437760585793813,
    "eval_steps_per_second_mean": 77.6492,
    "eval_steps_per_second_std": 0.4069306574835549
  },
  "cv_fold_metrics": [
    {
      "eval_loss": 0.39291539788246155,
      "eval_accuracy": 0.867816091954023,
      "eval_f1": 0.8674615002483855,
      "eval_matthews_correlation": 0.7349805902959171,
      "eval_precision": 0.8677094379639448,
      "eval_recall": 0.8672712829339335,
      "eval_auc": 0.9471733086190918,
      "eval_auprc": 0.9439859973608493,
      "eval_runtime": 0.1419,
      "eval_samples_per_second": 1225.883,
      "eval_steps_per_second": 77.498,
      "epoch": 7.0
    },
    {
      "eval_loss": 0.30213260650634766,
      "eval_accuracy": 0.8850574712643678,
      "eval_f1": 0.8849966953073365,
      "eval_matthews_correlation": 0.7709302027200047,
      "eval_precision": 0.8850574712643677,
      "eval_recall": 0.8858731629815968,
      "eval_auc": 0.9518072289156626,
      "eval_auprc": 0.9482272454051118,
      "eval_runtime": 0.142,
      "eval_samples_per_second": 1225.562,
      "eval_steps_per_second": 77.478,
      "epoch": 5.0
    },
    {
      "eval_loss": 0.4161418080329895,
      "eval_accuracy": 0.8505747126436781,
      "eval_f1": 0.8502581755593803,
      "eval_matthews_correlation": 0.7005163511187608,
      "eval_precision": 0.8502581755593803,
      "eval_recall": 0.8502581755593803,
      "eval_auc": 0.9210909572355356,
      "eval_auprc": 0.9084658148487156,
      "eval_runtime": 0.1414,
      "eval_samples_per_second": 1230.931,
      "eval_steps_per_second": 77.817,
      "epoch": 7.0
    },
    {
      "eval_loss": 0.41796958446502686,
      "eval_accuracy": 0.8160919540229885,
      "eval_f1": 0.8158730158730159,
      "eval_matthews_correlation": 0.6424012030797613,
      "eval_precision": 0.8230017405275136,
      "eval_recall": 0.8194095061564941,
      "eval_auc": 0.9115583211968754,
      "eval_auprc": 0.893312594031025,
      "eval_runtime": 0.1404,
      "eval_samples_per_second": 1239.083,
      "eval_steps_per_second": 78.333,
      "epoch": 5.0
    },
    {
      "eval_loss": 0.4135717749595642,
      "eval_accuracy": 0.8563218390804598,
      "eval_f1": 0.8562031007239429,
      "eval_matthews_correlation": 0.7220332032199474,
      "eval_precision": 0.8625801282051282,
      "eval_recall": 0.8594598172911425,
      "eval_auc": 0.9400238315900966,
      "eval_auprc": 0.8995300828180451,
      "eval_runtime": 0.1426,
      "eval_samples_per_second": 1219.892,
      "eval_steps_per_second": 77.12,
      "epoch": 4.0
    }
  ],
  "test_metrics": {
    "eval_loss": 0.41168633103370667,
    "eval_accuracy": 0.8208092485549133,
    "eval_f1": 0.8176559714226821,
    "eval_matthews_correlation": 0.6799405565683109,
    "eval_precision": 0.8553029265397434,
    "eval_recall": 0.8252992910647405,
    "eval_auc": 0.9631069422150884,
    "eval_auprc": 0.9501988078725211,
    "eval_runtime": 1.0745,
    "eval_samples_per_second": 1288.025,
    "eval_steps_per_second": 80.967,
    "epoch": 5.0
  }
}