{
  "experiment": "cross_cell",
  "model_type": "lamar",
  "variant": "random",
  "pair_name": "SNRNP200_train_K562_test_HepG2_fixlen_101",
  "pretrain_path": "",
  "max_length": 1024,
  "n_folds": 5,
  "hyperparameters": {
    "learning_rate": 5e-05,
    "per_device_train_batch_size": 16,
    "weight_decay": 0.01,
    "warmup_ratio": 0.1,
    "num_train_epochs": 10,
    "gradient_accumulation_steps": 1,
    "early_stopping_patience": 3
  },
  "cv_metrics": {
    "epoch_mean": 6.2,
    "epoch_std": 1.469693845669907,
    "eval_accuracy_mean": 0.7365384615384617,
    "eval_accuracy_std": 0.04868841885066217,
    "eval_auc_mean": 0.8219047705956039,
    "eval_auc_std": 0.019044297203913436,
    "eval_auprc_mean": 0.7782313488519028,
    "eval_auprc_std": 0.011861392477254741,
    "eval_f1_mean": 0.7040546166064681,
    "eval_f1_std": 0.039576202807296276,
    "eval_loss_mean": 0.5653879880905152,
    "eval_loss_std": 0.06668175828313973,
    "eval_matthews_correlation_mean": 0.48015879339181033,
    "eval_matthews_correlation_std": 0.0746667866951787,
    "eval_precision_mean": 0.6987414279335921,
    "eval_precision_std": 0.08084067787474408,
    "eval_recall_mean": 0.7300654401777997,
    "eval_recall_std": 0.09660805399840139,
    "eval_runtime_mean": 4.49592,
    "eval_runtime_std": 0.0049150381483769505,
    "eval_samples_per_second_mean": 47.7768,
    "eval_samples_per_second_std": 0.04480803499373898,
    "eval_steps_per_second_mean": 3.114,
    "eval_steps_per_second_std": 0.003286335345031067
  },
  "cv_fold_metrics": [
    {
      "eval_loss": 0.5561212301254272,
      "eval_accuracy": 0.7451923076923077,
      "eval_f1": 0.6580645161290323,
      "eval_precision": 0.796875,
      "eval_recall": 0.5604395604395604,
      "eval_auc": 0.8220155912463607,
      "eval_auprc": 0.7843052685097593,
      "eval_matthews_correlation": 0.4829546044006792,
      "eval_runtime": 4.4961,
      "eval_samples_per_second": 47.819,
      "eval_steps_per_second": 3.114,
      "epoch": 5.0
    },
    {
      "eval_loss": 0.5494848489761353,
      "eval_accuracy": 0.7355769230769231,
      "eval_f1": 0.6927374301675977,
      "eval_precision": 0.6888888888888889,
      "eval_recall": 0.6966292134831461,
      "eval_auc": 0.7939760173732414,
      "eval_auprc": 0.7595843463068975,
      "eval_matthews_correlation": 0.4607047821083958,
      "eval_runtime": 4.4976,
      "eval_samples_per_second": 47.804,
      "eval_steps_per_second": 3.113,
      "epoch": 6.0
    },
    {
      "eval_loss": 0.4943441152572632,
      "eval_accuracy": 0.7980769230769231,
      "eval_f1": 0.7666666666666667,
      "eval_precision": 0.7582417582417582,
      "eval_recall": 0.7752808988764045,
      "eval_auc": 0.8506278916060805,
      "eval_auprc": 0.7955441983594964,
      "eval_matthews_correlation": 0.5888522212539957,
      "eval_runtime": 4.5016,
      "eval_samples_per_second": 47.761,
      "eval_steps_per_second": 3.11,
      "epoch": 6.0
    },
    {
      "eval_loss": 0.5353356599807739,
      "eval_accuracy": 0.7548076923076923,
      "eval_f1": 0.7301587301587302,
      "eval_precision": 0.69,
      "eval_recall": 0.7752808988764045,
      "eval_auc": 0.8316495137380794,
      "eval_auprc": 0.7738749482760718,
      "eval_matthews_correlation": 0.509771422370699,
      "eval_runtime": 4.4975,
      "eval_samples_per_second": 47.804,
      "eval_steps_per_second": 3.113,
      "epoch": 9.0
    },
    {
      "eval_loss": 0.6916540861129761,
      "eval_accuracy": 0.6490384615384616,
      "eval_f1": 0.6726457399103138,
      "eval_precision": 0.5597014925373134,
      "eval_recall": 0.8426966292134831,
      "eval_auc": 0.8112548390142574,
      "eval_auprc": 0.7778479828072891,
      "eval_matthews_correlation": 0.35851093682528207,
      "eval_runtime": 4.4868,
      "eval_samples_per_second": 47.696,
      "eval_steps_per_second": 3.12,
      "epoch": 5.0
    }
  ],
  "test_metrics": {
    "eval_loss": 0.6313368082046509,
    "eval_accuracy": 0.6846846846846847,
    "eval_f1": 0.6246648793565684,
    "eval_precision": 0.6852941176470588,
    "eval_recall": 0.5738916256157636,
    "eval_auc": 0.743006867935327,
    "eval_auprc": 0.7181182449153469,
    "eval_matthews_correlation": 0.36064172498377955,
    "eval_runtime": 38.3867,
    "eval_samples_per_second": 46.344,
    "eval_steps_per_second": 2.918,
    "epoch": 6.0
  }
}