{
  "experiment": "rbp",
  "model_type": "lamar",
  "variant": "lamar_random",
  "rbp_name": "PUM2_K562_200",
  "weights_path": "",
  "max_length": 1024,
  "n_folds": 5,
  "hyperparameters": {
    "learning_rate": 5e-05,
    "per_device_train_batch_size": 16,
    "weight_decay": 0.01,
    "warmup_ratio": 0.1,
    "num_train_epochs": 10,
    "gradient_accumulation_steps": 1,
    "early_stopping_patience": 3
  },
  "cv_metrics": {
    "epoch_mean": 10.0,
    "epoch_std": 0.0,
    "eval_accuracy_mean": 0.7593126124518595,
    "eval_accuracy_std": 0.008250680440071082,
    "eval_auc_mean": 0.844197421494022,
    "eval_auc_std": 0.009659083659355737,
    "eval_auprc_mean": 0.8319718718623778,
    "eval_auprc_std": 0.011444442514650294,
    "eval_f1_mean": 0.7670515335581305,
    "eval_f1_std": 0.009056224089023077,
    "eval_loss_mean": 0.49440658688545225,
    "eval_loss_std": 0.01774672811551623,
    "eval_matthews_correlation_mean": 0.5197786520892467,
    "eval_matthews_correlation_std": 0.0161441018565707,
    "eval_precision_mean": 0.7458250630301148,
    "eval_precision_std": 0.011176936152448644,
    "eval_recall_mean": 0.7899918152189651,
    "eval_recall_std": 0.019736438369859995,
    "eval_runtime_mean": 41.957119999999996,
    "eval_runtime_std": 0.10543341785221469,
    "eval_samples_per_second_mean": 55.2756,
    "eval_samples_per_second_std": 0.14046010109636103,
    "eval_steps_per_second_mean": 3.4560000000000004,
    "eval_steps_per_second_std": 0.008876936408468821
  },
  "cv_fold_metrics": [
    {
      "eval_loss": 0.4697592854499817,
      "eval_accuracy": 0.7702586206896552,
      "eval_f1": 0.7772670288340995,
      "eval_precision": 0.7567127746135069,
      "eval_recall": 0.7989690721649485,
      "eval_matthews_correlation": 0.5412737563000737,
      "eval_auc": 0.8589861353880546,
      "eval_auprc": 0.8454676606081705,
      "eval_runtime": 41.9349,
      "eval_samples_per_second": 55.324,
      "eval_steps_per_second": 3.458,
      "epoch": 10.0
    },
    {
      "eval_loss": 0.4873795509338379,
      "eval_accuracy": 0.7632600258732212,
      "eval_f1": 0.7715355805243446,
      "eval_precision": 0.7481840193704601,
      "eval_recall": 0.7963917525773195,
      "eval_matthews_correlation": 0.527499273956874,
      "eval_auc": 0.8477224379286235,
      "eval_auprc": 0.8405349418231647,
      "eval_runtime": 42.0184,
      "eval_samples_per_second": 55.19,
      "eval_steps_per_second": 3.451,
      "epoch": 10.0
    },
    {
      "eval_loss": 0.4852432310581207,
      "eval_accuracy": 0.7636912462268219,
      "eval_f1": 0.7709030100334449,
      "eval_precision": 0.750814332247557,
      "eval_recall": 0.7920962199312714,
      "eval_matthews_correlation": 0.5280795193020886,
      "eval_auc": 0.8468462236503473,
      "eval_auprc": 0.8358474676007589,
      "eval_runtime": 41.9871,
      "eval_samples_per_second": 55.231,
      "eval_steps_per_second": 3.453,
      "epoch": 10.0
    },
    {
      "eval_loss": 0.5146886706352234,
      "eval_accuracy": 0.7498921949115999,
      "eval_f1": 0.764801297648013,
      "eval_precision": 0.7242703533026114,
      "eval_recall": 0.8101374570446735,
      "eval_matthews_correlation": 0.5031252110374517,
      "eval_auc": 0.8357931301230269,
      "eval_auprc": 0.8239085020667111,
      "eval_runtime": 42.0776,
      "eval_samples_per_second": 55.112,
      "eval_steps_per_second": 3.446,
      "epoch": 10.0
    },
    {
      "eval_loss": 0.5149621963500977,
      "eval_accuracy": 0.7494609745579991,
      "eval_f1": 0.7507507507507507,
      "eval_precision": 0.7491438356164384,
      "eval_recall": 0.7523645743766122,
      "eval_matthews_correlation": 0.4989154998497455,
      "eval_auc": 0.8316391803800576,
      "eval_auprc": 0.8141007872130832,
      "eval_runtime": 41.7676,
      "eval_samples_per_second": 55.521,
      "eval_steps_per_second": 3.472,
      "epoch": 10.0
    }
  ],
  "test_metrics": {
    "eval_loss": 0.4817240834236145,
    "eval_accuracy": 0.7624137931034483,
    "eval_f1": 0.7666779546224178,
    "eval_precision": 0.7427821522309711,
    "eval_recall": 0.7921623512946117,
    "eval_matthews_correlation": 0.5263076697330251,
    "eval_auc": 0.8510037063659963,
    "eval_auprc": 0.8367138986035275,
    "eval_runtime": 52.1859,
    "eval_samples_per_second": 55.571,
    "eval_steps_per_second": 3.488,
    "epoch": 10.0
  }
}