{
  "experiment": "rbp",
  "model_type": "lamar",
  "variant": "lamar_tapt_512_std",
  "rbp_name": "GTF2F1_K562_IDR",
  "weights_path": "/gpfs/bwfor/work/ws/fr_ml642-thesis_work/Thesis/LAMAR/src/pretrain/saving_model/tapt_512_standard_collator_1gpu/checkpoint-265000",
  "max_length": 512,
  "n_folds": 5,
  "hyperparameters": {
    "learning_rate": 5e-05,
    "per_device_train_batch_size": 16,
    "weight_decay": 0.01,
    "warmup_ratio": 0.1,
    "num_train_epochs": 10,
    "gradient_accumulation_steps": 1,
    "early_stopping_patience": 3
  },
  "cv_metrics": {
    "epoch_mean": 8.0,
    "epoch_std": 1.2649110640673518,
    "eval_accuracy_mean": 0.9150238157437656,
    "eval_accuracy_std": 0.008030228806010389,
    "eval_auc_mean": 0.9678044069176671,
    "eval_auc_std": 0.00285863493357477,
    "eval_auprc_mean": 0.9683110124967763,
    "eval_auprc_std": 0.0030802028904434475,
    "eval_f1_mean": 0.916295260500193,
    "eval_f1_std": 0.006694050484798675,
    "eval_loss_mean": 0.28035512268543245,
    "eval_loss_std": 0.036821543429312896,
    "eval_matthews_correlation_mean": 0.8307281309465757,
    "eval_matthews_correlation_std": 0.015275590020982638,
    "eval_precision_mean": 0.9041911796409405,
    "eval_precision_std": 0.018830631751776943,
    "eval_recall_mean": 0.9291160541948541,
    "eval_recall_std": 0.008115509297026499,
    "eval_runtime_mean": 11.96086,
    "eval_runtime_std": 0.010965691952631171,
    "eval_samples_per_second_mean": 122.19859999999998,
    "eval_samples_per_second_std": 0.14159180767261945,
    "eval_steps_per_second_mean": 7.691800000000001,
    "eval_steps_per_second_std": 0.006881860213633994
  },
  "cv_fold_metrics": [
    {
      "eval_loss": 0.22661177814006805,
      "eval_accuracy": 0.9186046511627907,
      "eval_f1": 0.9193220338983051,
      "eval_precision": 0.9112903225806451,
      "eval_recall": 0.9274965800273598,
      "eval_matthews_correlation": 0.8373417239860963,
      "eval_auc": 0.9685736795911378,
      "eval_auprc": 0.9687664786613164,
      "eval_runtime": 11.9416,
      "eval_samples_per_second": 122.429,
      "eval_steps_per_second": 7.704,
      "epoch": 7.0
    },
    {
      "eval_loss": 0.28003084659576416,
      "eval_accuracy": 0.9172366621067032,
      "eval_f1": 0.9176310415248469,
      "eval_precision": 0.9132791327913279,
      "eval_recall": 0.9220246238030095,
      "eval_matthews_correlation": 0.8345115867411765,
      "eval_auc": 0.9670353936758109,
      "eval_auprc": 0.9695788259579863,
      "eval_runtime": 11.9674,
      "eval_samples_per_second": 122.166,
      "eval_steps_per_second": 7.688,
      "epoch": 7.0
    },
    {
      "eval_loss": 0.25593075156211853,
      "eval_accuracy": 0.9151846785225718,
      "eval_f1": 0.9172229639519359,
      "eval_precision": 0.8956975228161669,
      "eval_recall": 0.9398084815321477,
      "eval_matthews_correlation": 0.8313781508931325,
      "eval_auc": 0.9722865254013673,
      "eval_auprc": 0.9731105378544037,
      "eval_runtime": 11.9566,
      "eval_samples_per_second": 122.275,
      "eval_steps_per_second": 7.694,
      "epoch": 9.0
    },
    {
      "eval_loss": 0.30926594138145447,
      "eval_accuracy": 0.9240246406570842,
      "eval_f1": 0.9236063317274604,
      "eval_precision": 0.9280774550484094,
      "eval_recall": 0.9191780821917809,
      "eval_matthews_correlation": 0.848087152265228,
      "eval_auc": 0.9677473155557221,
      "eval_auprc": 0.965860323501929,
      "eval_runtime": 11.9729,
      "eval_samples_per_second": 122.025,
      "eval_steps_per_second": 7.684,
      "epoch": 10.0
    },
    {
      "eval_loss": 0.32993629574775696,
      "eval_accuracy": 0.9000684462696783,
      "eval_f1": 0.9036939313984169,
      "eval_precision": 0.8726114649681529,
      "eval_recall": 0.9370725034199726,
      "eval_matthews_correlation": 0.8023220408472452,
      "eval_auc": 0.9633791203642973,
      "eval_auprc": 0.9642388965082465,
      "eval_runtime": 11.9658,
      "eval_samples_per_second": 122.098,
      "eval_steps_per_second": 7.689,
      "epoch": 7.0
    }
  ],
  "test_metrics": {
    "eval_loss": 0.2826574444770813,
    "eval_accuracy": 0.9085271317829458,
    "eval_f1": 0.9110105580693816,
    "eval_precision": 0.8869309838472834,
    "eval_recall": 0.9364341085271318,
    "eval_matthews_correlation": 0.818329887366159,
    "eval_auc": 0.9709921278769305,
    "eval_auprc": 0.9738488541290666,
    "eval_runtime": 10.557,
    "eval_samples_per_second": 122.194,
    "eval_steps_per_second": 7.673,
    "epoch": 7.0
  }
}