{
  "experiment": "cross_cell",
  "model_type": "lamar",
  "variant": "tapt_1024",
  "pair_name": "RBM22_train_K562_test_HepG2_fixlen_101",
  "pretrain_path": "/gpfs/bwfor/work/ws/fr_ml642-thesis_work/Thesis/LAMAR/src/pretrain/saving_model/tapt_1024_standard_collator/checkpoint-134000/model.safetensors",
  "max_length": 1024,
  "n_folds": 5,
  "hyperparameters": {
    "learning_rate": 5e-05,
    "per_device_train_batch_size": 16,
    "weight_decay": 0.01,
    "warmup_ratio": 0.1,
    "num_train_epochs": 10,
    "gradient_accumulation_steps": 1,
    "early_stopping_patience": 3
  },
  "cv_metrics": {
    "epoch_mean": 9.2,
    "epoch_std": 0.7483314773547882,
    "eval_accuracy_mean": 0.6826488095238095,
    "eval_accuracy_std": 0.033260390001981326,
    "eval_auc_mean": 0.7478254605445434,
    "eval_auc_std": 0.03239182231510823,
    "eval_auprc_mean": 0.697034342553576,
    "eval_auprc_std": 0.044539318294794926,
    "eval_f1_mean": 0.6205303754932416,
    "eval_f1_std": 0.023160884424045455,
    "eval_loss_mean": 0.6279850125312805,
    "eval_loss_std": 0.04078080321066965,
    "eval_matthews_correlation_mean": 0.35511977797431477,
    "eval_matthews_correlation_std": 0.06699532008700235,
    "eval_precision_mean": 0.6715920891544516,
    "eval_precision_std": 0.06292435847036325,
    "eval_recall_mean": 0.5807959133065517,
    "eval_recall_std": 0.027718384625583,
    "eval_runtime_mean": 7.172280000000001,
    "eval_runtime_std": 0.1701560507299108,
    "eval_samples_per_second_mean": 46.8162,
    "eval_samples_per_second_std": 1.0528011018231318,
    "eval_steps_per_second_mean": 2.9296,
    "eval_steps_per_second_std": 0.07014442244398342
  },
  "cv_fold_metrics": [
    {
      "eval_loss": 0.6707581281661987,
      "eval_accuracy": 0.625,
      "eval_f1": 0.5771812080536912,
      "eval_precision": 0.581081081081081,
      "eval_recall": 0.5733333333333334,
      "eval_auc": 0.6948745519713261,
      "eval_auprc": 0.6243093119160873,
      "eval_matthews_correlation": 0.2403275510628879,
      "eval_runtime": 7.3139,
      "eval_samples_per_second": 45.94,
      "eval_steps_per_second": 2.871,
      "epoch": 9.0
    },
    {
      "eval_loss": 0.5876938104629517,
      "eval_accuracy": 0.6964285714285714,
      "eval_f1": 0.6330935251798561,
      "eval_precision": 0.6875,
      "eval_recall": 0.5866666666666667,
      "eval_auc": 0.7721146953405018,
      "eval_auprc": 0.7502343377709254,
      "eval_matthews_correlation": 0.3804137749852273,
      "eval_runtime": 7.3073,
      "eval_samples_per_second": 45.981,
      "eval_steps_per_second": 2.874,
      "epoch": 8.0
    },
    {
      "eval_loss": 0.602616548538208,
      "eval_accuracy": 0.7261904761904762,
      "eval_f1": 0.6434108527131783,
      "eval_precision": 0.7685185185185185,
      "eval_recall": 0.5533333333333333,
      "eval_auc": 0.7875985663082437,
      "eval_auprc": 0.7275204946462108,
      "eval_matthews_correlation": 0.4459218981673003,
      "eval_runtime": 7.3124,
      "eval_samples_per_second": 45.949,
      "eval_steps_per_second": 2.872,
      "epoch": 10.0
    },
    {
      "eval_loss": 0.6839085817337036,
      "eval_accuracy": 0.690625,
      "eval_f1": 0.6177606177606177,
      "eval_precision": 0.6896551724137931,
      "eval_recall": 0.5594405594405595,
      "eval_auc": 0.7320532574769864,
      "eval_auprc": 0.7116797163660056,
      "eval_matthews_correlation": 0.36823278519338243,
      "eval_runtime": 6.9645,
      "eval_samples_per_second": 48.101,
      "eval_steps_per_second": 3.015,
      "epoch": 10.0
    },
    {
      "eval_loss": 0.5949479937553406,
      "eval_accuracy": 0.675,
      "eval_f1": 0.6312056737588653,
      "eval_precision": 0.6312056737588653,
      "eval_recall": 0.6312056737588653,
      "eval_auc": 0.7524862316256586,
      "eval_auprc": 0.6714278520686513,
      "eval_matthews_correlation": 0.34070288046277586,
      "eval_runtime": 6.9633,
      "eval_samples_per_second": 48.11,
      "eval_steps_per_second": 3.016,
      "epoch": 9.0
    }
  ],
  "test_metrics": {
    "eval_loss": 0.6776039004325867,
    "eval_accuracy": 0.5976190476190476,
    "eval_f1": 0.6692759295499021,
    "eval_precision": 0.5476381104883907,
    "eval_recall": 0.8603773584905661,
    "eval_auc": 0.644939416551185,
    "eval_auprc": 0.5778373633685677,
    "eval_matthews_correlation": 0.25375151952484193,
    "eval_runtime": 73.1032,
    "eval_samples_per_second": 46.044,
    "eval_steps_per_second": 2.886,
    "epoch": 4.0
  }
}