{
  "experiment": "cross_length",
  "model_type": "lamar",
  "variant": "random",
  "pair_name": "SLTM_HepG2_ENCSR351PVI",
  "pretrain_path": "",
  "max_length": 1024,
  "n_folds": 5,
  "hyperparameters": {
    "learning_rate": 5e-05,
    "per_device_train_batch_size": 16,
    "weight_decay": 0.01,
    "warmup_ratio": 0.1,
    "num_train_epochs": 10,
    "gradient_accumulation_steps": 1,
    "early_stopping_patience": 3
  },
  "cv_metrics": {
    "epoch_mean": 8.0,
    "epoch_std": 2.280350850198276,
    "eval_accuracy_mean": 0.84375,
    "eval_accuracy_std": 0.017116329922036454,
    "eval_auc_mean": 0.9256141406013715,
    "eval_auc_std": 0.013124053135328145,
    "eval_auprc_mean": 0.862062084325969,
    "eval_auprc_std": 0.0324021002879314,
    "eval_f1_mean": 0.7962746616654524,
    "eval_f1_std": 0.02528839253671813,
    "eval_loss_mean": 0.35253614783287046,
    "eval_loss_std": 0.035300880001581644,
    "eval_matthews_correlation_mean": 0.6740702737870097,
    "eval_matthews_correlation_std": 0.03780839129774401,
    "eval_precision_mean": 0.7524232076753881,
    "eval_precision_std": 0.023330890763476296,
    "eval_recall_mean": 0.8469051306989422,
    "eval_recall_std": 0.04224576254881529,
    "eval_runtime_mean": 4.13842,
    "eval_runtime_std": 0.0037042678088928783,
    "eval_samples_per_second_mean": 47.16760000000001,
    "eval_samples_per_second_std": 0.08407996194100056,
    "eval_steps_per_second_mean": 3.1414,
    "eval_steps_per_second_std": 0.002727636339397262
  },
  "cv_fold_metrics": [
    {
      "eval_loss": 0.3228541910648346,
      "eval_accuracy": 0.8645833333333334,
      "eval_f1": 0.8266666666666665,
      "eval_precision": 0.7848101265822784,
      "eval_recall": 0.8732394366197183,
      "eval_auc": 0.9376091258293564,
      "eval_auprc": 0.8984634844619669,
      "eval_matthews_correlation": 0.7188215813181817,
      "eval_runtime": 4.1421,
      "eval_samples_per_second": 47.319,
      "eval_steps_per_second": 3.139,
      "epoch": 10.0
    },
    {
      "eval_loss": 0.369953989982605,
      "eval_accuracy": 0.828125,
      "eval_f1": 0.759124087591241,
      "eval_precision": 0.7536231884057971,
      "eval_recall": 0.7647058823529411,
      "eval_auc": 0.9195920303605313,
      "eval_auprc": 0.8555136509906993,
      "eval_matthews_correlation": 0.6255721924543438,
      "eval_runtime": 4.1393,
      "eval_samples_per_second": 47.109,
      "eval_steps_per_second": 3.141,
      "epoch": 4.0
    },
    {
      "eval_loss": 0.2992570102214813,
      "eval_accuracy": 0.8645833333333334,
      "eval_f1": 0.8219178082191781,
      "eval_precision": 0.7692307692307693,
      "eval_recall": 0.8823529411764706,
      "eval_auc": 0.9403462998102468,
      "eval_auprc": 0.860519310491364,
      "eval_matthews_correlation": 0.7178702899747943,
      "eval_runtime": 4.1425,
      "eval_samples_per_second": 47.073,
      "eval_steps_per_second": 3.138,
      "epoch": 9.0
    },
    {
      "eval_loss": 0.3798426389694214,
      "eval_accuracy": 0.8333333333333334,
      "eval_f1": 0.7922077922077921,
      "eval_precision": 0.7349397590361446,
      "eval_recall": 0.8591549295774648,
      "eval_auc": 0.9264346409032709,
      "eval_auprc": 0.8896108422231925,
      "eval_matthews_correlation": 0.6600459985119004,
      "eval_runtime": 4.1337,
      "eval_samples_per_second": 47.173,
      "eval_steps_per_second": 3.145,
      "epoch": 10.0
    },
    {
      "eval_loss": 0.39077290892601013,
      "eval_accuracy": 0.828125,
      "eval_f1": 0.7814569536423841,
      "eval_precision": 0.7195121951219512,
      "eval_recall": 0.855072463768116,
      "eval_auc": 0.9040886061034523,
      "eval_auprc": 0.8062031334626226,
      "eval_matthews_correlation": 0.648041306675828,
      "eval_runtime": 4.1345,
      "eval_samples_per_second": 47.164,
      "eval_steps_per_second": 3.144,
      "epoch": 7.0
    }
  ],
  "test_metrics": {
    "eval_loss": 0.4038591682910919,
    "eval_accuracy": 0.825625,
    "eval_f1": 0.8338296605122097,
    "eval_precision": 0.7641921397379913,
    "eval_recall": 0.9174311926605505,
    "eval_auc": 0.9183660047821041,
    "eval_auprc": 0.9007912290998012,
    "eval_matthews_correlation": 0.6656963948761229,
    "eval_runtime": 34.5649,
    "eval_samples_per_second": 46.724,
    "eval_steps_per_second": 2.922,
    "epoch": 6.0
  }
}