{
  "experiment": "cross_length",
  "model_type": "lamar",
  "variant": "random",
  "pair_name": "MBNL1_K562_ENCSR497XZI",
  "pretrain_path": "",
  "max_length": 1024,
  "n_folds": 5,
  "hyperparameters": {
    "learning_rate": 5e-05,
    "per_device_train_batch_size": 16,
    "weight_decay": 0.01,
    "warmup_ratio": 0.1,
    "num_train_epochs": 10,
    "gradient_accumulation_steps": 1,
    "early_stopping_patience": 3
  },
  "cv_metrics": {
    "epoch_mean": 6.4,
    "epoch_std": 1.8547236990991407,
    "eval_accuracy_mean": 0.7587499999999999,
    "eval_accuracy_std": 0.017499999999999974,
    "eval_auc_mean": 0.7863864339713397,
    "eval_auc_std": 0.038741579373498765,
    "eval_auprc_mean": 0.7153619777871721,
    "eval_auprc_std": 0.042542962893884165,
    "eval_f1_mean": 0.5005457859106293,
    "eval_f1_std": 0.08527534270018187,
    "eval_loss_mean": 0.5601235151290893,
    "eval_loss_std": 0.04261980983238301,
    "eval_matthews_correlation_mean": 0.4394821753311261,
    "eval_matthews_correlation_std": 0.03798201329368233,
    "eval_precision_mean": 0.8536214677441858,
    "eval_precision_std": 0.065363899010845,
    "eval_recall_mean": 0.36632996632996634,
    "eval_recall_std": 0.09614996769935669,
    "eval_runtime_mean": 3.43396,
    "eval_runtime_std": 0.004629298002937389,
    "eval_samples_per_second_mean": 47.2926,
    "eval_samples_per_second_std": 0.18969196082069542,
    "eval_steps_per_second_mean": 3.2034000000000007,
    "eval_steps_per_second_std": 0.0044542114902639575
  },
  "cv_fold_metrics": [
    {
      "eval_loss": 0.5430846214294434,
      "eval_accuracy": 0.7625,
      "eval_f1": 0.5476190476190476,
      "eval_precision": 0.7931034482758621,
      "eval_recall": 0.41818181818181815,
      "eval_auc": 0.7823376623376623,
      "eval_auprc": 0.7276490037321048,
      "eval_matthews_correlation": 0.44513876673988695,
      "eval_runtime": 3.4304,
      "eval_samples_per_second": 47.516,
      "eval_steps_per_second": 3.207,
      "epoch": 10.0
    },
    {
      "eval_loss": 0.6323840022087097,
      "eval_accuracy": 0.7375,
      "eval_f1": 0.3823529411764706,
      "eval_precision": 0.9285714285714286,
      "eval_recall": 0.24074074074074073,
      "eval_auc": 0.7961215932914045,
      "eval_auprc": 0.7191925993741076,
      "eval_matthews_correlation": 0.3870773212091159,
      "eval_runtime": 3.4303,
      "eval_samples_per_second": 47.518,
      "eval_steps_per_second": 3.207,
      "epoch": 5.0
    },
    {
      "eval_loss": 0.5718506574630737,
      "eval_accuracy": 0.74375,
      "eval_f1": 0.4225352112676056,
      "eval_precision": 0.9375,
      "eval_recall": 0.2727272727272727,
      "eval_auc": 0.8283982683982684,
      "eval_auprc": 0.7391211363620116,
      "eval_matthews_correlation": 0.416702740141187,
      "eval_runtime": 3.4403,
      "eval_samples_per_second": 47.089,
      "eval_steps_per_second": 3.197,
      "epoch": 5.0
    },
    {
      "eval_loss": 0.5510596632957458,
      "eval_accuracy": 0.7625,
      "eval_f1": 0.5365853658536586,
      "eval_precision": 0.8148148148148148,
      "eval_recall": 0.4,
      "eval_auc": 0.7151515151515151,
      "eval_auprc": 0.6340872219655866,
      "eval_matthews_correlation": 0.44686950284681326,
      "eval_runtime": 3.4299,
      "eval_samples_per_second": 47.232,
      "eval_steps_per_second": 3.207,
      "epoch": 6.0
    },
    {
      "eval_loss": 0.5022386312484741,
      "eval_accuracy": 0.7875,
      "eval_f1": 0.6136363636363636,
      "eval_precision": 0.7941176470588235,
      "eval_recall": 0.5,
      "eval_auc": 0.8099231306778476,
      "eval_auprc": 0.7567599275020501,
      "eval_matthews_correlation": 0.5016225457186271,
      "eval_runtime": 3.4389,
      "eval_samples_per_second": 47.108,
      "eval_steps_per_second": 3.199,
      "epoch": 6.0
    }
  ],
  "test_metrics": {
    "eval_loss": 0.9938668012619019,
    "eval_accuracy": 0.595467032967033,
    "eval_f1": 0.2773006134969325,
    "eval_precision": 0.9495798319327731,
    "eval_recall": 0.16235632183908047,
    "eval_auc": 0.7837501890502118,
    "eval_auprc": 0.7930193978602345,
    "eval_matthews_correlation": 0.28163895136470063,
    "eval_runtime": 31.2258,
    "eval_samples_per_second": 46.82,
    "eval_steps_per_second": 2.946,
    "epoch": 5.0
  }
}