{
  "experiment": "cross_length",
  "model_type": "dnabert2",
  "variant": "tapt_v3",
  "pair_name": "FMR1_K562_ENCSR331VNX",
  "max_length": 256,
  "n_folds": 5,
  "hyperparameters": {
    "learning_rate": 5e-05,
    "per_device_train_batch_size": 16,
    "weight_decay": 0.01,
    "warmup_ratio": 0.1,
    "num_train_epochs": 10,
    "gradient_accumulation_steps": 1,
    "early_stopping_patience": 3
  },
  "cv_metrics": {
    "epoch_mean": 7.2,
    "epoch_std": 0.39999999999999997,
    "eval_accuracy_mean": 0.9070615620357698,
    "eval_accuracy_std": 0.010824522894744736,
    "eval_auc_mean": 0.9577907097896796,
    "eval_auc_std": 0.010668567406933711,
    "eval_auprc_mean": 0.9138934211334842,
    "eval_auprc_std": 0.04167044305195957,
    "eval_f1_mean": 0.893647184915296,
    "eval_f1_std": 0.010591158444201164,
    "eval_loss_mean": 0.3430271208286285,
    "eval_loss_std": 0.04376235064840544,
    "eval_matthews_correlation_mean": 0.7894027704227405,
    "eval_matthews_correlation_std": 0.019565580310556118,
    "eval_precision_mean": 0.8951208813552736,
    "eval_precision_std": 0.01683956220006461,
    "eval_recall_mean": 0.8945328502427211,
    "eval_recall_std": 0.010052226800722309,
    "eval_runtime_mean": 0.22658,
    "eval_runtime_std": 0.0036749965986378795,
    "eval_samples_per_second_mean": 1824.1336,
    "eval_samples_per_second_std": 29.38863240506434,
    "eval_steps_per_second_mean": 114.7816,
    "eval_steps_per_second_std": 1.892123949428259
  },
  "cv_fold_metrics": [
    {
      "eval_loss": 0.2838297188282013,
      "eval_accuracy": 0.9178743961352657,
      "eval_f1": 0.9054642166344293,
      "eval_matthews_correlation": 0.8109836688770172,
      "eval_precision": 0.9071291775685809,
      "eval_recall": 0.9038610761779895,
      "eval_auc": 0.9673025981323415,
      "eval_auprc": 0.9506059258191898,
      "eval_runtime": 0.2296,
      "eval_samples_per_second": 1803.258,
      "eval_steps_per_second": 113.248,
      "epoch": 7.0
    },
    {
      "eval_loss": 0.3651987314224243,
      "eval_accuracy": 0.910411622276029,
      "eval_f1": 0.8976167983223119,
      "eval_matthews_correlation": 0.7952471467906224,
      "eval_precision": 0.8968464130958113,
      "eval_recall": 0.8984022556390978,
      "eval_auc": 0.9430585392051557,
      "eval_auprc": 0.8353713466067232,
      "eval_runtime": 0.2274,
      "eval_samples_per_second": 1816.213,
      "eval_steps_per_second": 114.338,
      "epoch": 7.0
    },
    {
      "eval_loss": 0.31724435091018677,
      "eval_accuracy": 0.8861985472154964,
      "eval_f1": 0.8741057820151117,
      "eval_matthews_correlation": 0.7526907198147089,
      "eval_precision": 0.8646274450494051,
      "eval_recall": 0.8884398496240602,
      "eval_auc": 0.9476369495166488,
      "eval_auprc": 0.9162079092491984,
      "eval_runtime": 0.2197,
      "eval_samples_per_second": 1879.858,
      "eval_steps_per_second": 118.345,
      "epoch": 7.0
    },
    {
      "eval_loss": 0.3360739052295685,
      "eval_accuracy": 0.910411622276029,
      "eval_f1": 0.8984009840098401,
      "eval_matthews_correlation": 0.7974572423901053,
      "eval_precision": 0.8934910465787953,
      "eval_recall": 0.9040359107085085,
      "eval_auc": 0.9609888924835543,
      "eval_auprc": 0.9197968777547658,
      "eval_runtime": 0.2264,
      "eval_samples_per_second": 1823.939,
      "eval_steps_per_second": 114.824,
      "epoch": 7.0
    },
    {
      "eval_loss": 0.41278889775276184,
      "eval_accuracy": 0.910411622276029,
      "eval_f1": 0.8926481435947873,
      "eval_matthews_correlation": 0.7906350742412486,
      "eval_precision": 0.9135103244837758,
      "eval_recall": 0.8779251590639491,
      "eval_auc": 0.9699665696106977,
      "eval_auprc": 0.9474850462375444,
      "eval_runtime": 0.2298,
      "eval_samples_per_second": 1797.4,
      "eval_steps_per_second": 113.153,
      "epoch": 8.0
    }
  ],
  "test_metrics": {
    "eval_loss": 0.4451439082622528,
    "eval_accuracy": 0.890576652601969,
    "eval_f1": 0.8902565406473261,
    "eval_matthews_correlation": 0.7805200226591872,
    "eval_precision": 0.8903432683326105,
    "eval_recall": 0.8901767720846094,
    "eval_auc": 0.950752154112252,
    "eval_auprc": 0.9467684812579111,
    "eval_runtime": 2.093,
    "eval_samples_per_second": 1698.556,
    "eval_steps_per_second": 106.548,
    "epoch": 7.0
  }
}