{
  "experiment": "cross_length",
  "model_type": "lamar",
  "variant": "tapt_512",
  "pair_name": "FMR1_K562_ENCSR331VNX",
  "pretrain_path": "/gpfs/bwfor/work/ws/fr_ml642-thesis_work/Thesis/LAMAR/src/pretrain/saving_model/tapt_lamar/checkpoint-98000/model.safetensors",
  "max_length": 1024,
  "n_folds": 5,
  "hyperparameters": {
    "learning_rate": 5e-05,
    "per_device_train_batch_size": 16,
    "weight_decay": 0.01,
    "warmup_ratio": 0.1,
    "num_train_epochs": 10,
    "gradient_accumulation_steps": 1,
    "early_stopping_patience": 3
  },
  "cv_metrics": {
    "epoch_mean": 9.0,
    "epoch_std": 1.2649110640673518,
    "eval_accuracy_mean": 0.7935000000000001,
    "eval_accuracy_std": 0.02502998202156766,
    "eval_auc_mean": 0.8747295283300964,
    "eval_auc_std": 0.015620249383201787,
    "eval_auprc_mean": 0.7583972704035069,
    "eval_auprc_std": 0.03884387602145511,
    "eval_f1_mean": 0.7154167795652226,
    "eval_f1_std": 0.012649008018429345,
    "eval_loss_mean": 0.4492064893245697,
    "eval_loss_std": 0.025821458135559947,
    "eval_matthews_correlation_mean": 0.5698193771810592,
    "eval_matthews_correlation_std": 0.019906758771239333,
    "eval_precision_mean": 0.6506393692485242,
    "eval_precision_std": 0.04395067366135102,
    "eval_recall_mean": 0.8042138023642729,
    "eval_recall_std": 0.06777820365868409,
    "eval_runtime_mean": 8.6357,
    "eval_runtime_std": 0.010568254349702511,
    "eval_samples_per_second_mean": 47.8476,
    "eval_samples_per_second_std": 0.05354848270492762,
    "eval_steps_per_second_mean": 3.0105999999999997,
    "eval_steps_per_second_std": 0.0038262252939417203
  },
  "cv_fold_metrics": [
    {
      "eval_loss": 0.4217842221260071,
      "eval_accuracy": 0.8025,
      "eval_f1": 0.7228070175438596,
      "eval_precision": 0.64375,
      "eval_recall": 0.824,
      "eval_auc": 0.8827345454545454,
      "eval_auprc": 0.7675744414035846,
      "eval_matthews_correlation": 0.583510795516971,
      "eval_runtime": 8.6462,
      "eval_samples_per_second": 47.882,
      "eval_steps_per_second": 3.007,
      "epoch": 10.0
    },
    {
      "eval_loss": 0.45548781752586365,
      "eval_accuracy": 0.8,
      "eval_f1": 0.7037037037037038,
      "eval_precision": 0.6785714285714286,
      "eval_recall": 0.7307692307692307,
      "eval_auc": 0.8571794871794871,
      "eval_auprc": 0.7204354094353101,
      "eval_matthews_correlation": 0.5539377213682883,
      "eval_runtime": 8.6269,
      "eval_samples_per_second": 47.873,
      "eval_steps_per_second": 3.014,
      "epoch": 10.0
    },
    {
      "eval_loss": 0.48111414909362793,
      "eval_accuracy": 0.8025,
      "eval_f1": 0.7106227106227105,
      "eval_precision": 0.6736111111111112,
      "eval_recall": 0.751937984496124,
      "eval_auc": 0.8552018078320318,
      "eval_auprc": 0.7123078077262904,
      "eval_matthews_correlation": 0.5633604145618535,
      "eval_runtime": 8.6508,
      "eval_samples_per_second": 47.741,
      "eval_steps_per_second": 3.005,
      "epoch": 7.0
    },
    {
      "eval_loss": 0.41674691438674927,
      "eval_accuracy": 0.8175,
      "eval_f1": 0.7364620938628159,
      "eval_precision": 0.6891891891891891,
      "eval_recall": 0.7906976744186046,
      "eval_auc": 0.884579078348923,
      "eval_auprc": 0.7724719599788357,
      "eval_matthews_correlation": 0.6011864509252063,
      "eval_runtime": 8.6264,
      "eval_samples_per_second": 47.876,
      "eval_steps_per_second": 3.014,
      "epoch": 10.0
    },
    {
      "eval_loss": 0.4708993434906006,
      "eval_accuracy": 0.745,
      "eval_f1": 0.7034883720930232,
      "eval_precision": 0.568075117370892,
      "eval_recall": 0.9236641221374046,
      "eval_auc": 0.8939527228354948,
      "eval_auprc": 0.8191967334735136,
      "eval_matthews_correlation": 0.5471015035329765,
      "eval_runtime": 8.6282,
      "eval_samples_per_second": 47.866,
      "eval_steps_per_second": 3.013,
      "epoch": 8.0
    }
  ],
  "test_metrics": {
    "eval_loss": 0.7184322476387024,
    "eval_accuracy": 0.6241554054054054,
    "eval_f1": 0.3729450446218882,
    "eval_precision": 0.8921348314606742,
    "eval_recall": 0.23574821852731592,
    "eval_auc": 0.8089732944401776,
    "eval_auprc": 0.7886217264250927,
    "eval_matthews_correlation": 0.31683726951533026,
    "eval_runtime": 77.0959,
    "eval_samples_per_second": 46.111,
    "eval_steps_per_second": 2.892,
    "epoch": 4.0
  }
}