{
  "experiment": "cross_length",
  "model_type": "lamar",
  "variant": "random",
  "pair_name": "NONO_HepG2_ENCSR585SMS",
  "pretrain_path": "",
  "max_length": 1024,
  "n_folds": 5,
  "hyperparameters": {
    "learning_rate": 5e-05,
    "per_device_train_batch_size": 16,
    "weight_decay": 0.01,
    "warmup_ratio": 0.1,
    "num_train_epochs": 10,
    "gradient_accumulation_steps": 1,
    "early_stopping_patience": 3
  },
  "cv_metrics": {
    "epoch_mean": 7.6,
    "epoch_std": 2.0591260281974,
    "eval_accuracy_mean": 0.8527777777777779,
    "eval_accuracy_std": 0.01229774645621037,
    "eval_auc_mean": 0.9153609073313349,
    "eval_auc_std": 0.008927042221012307,
    "eval_auprc_mean": 0.8627688248002038,
    "eval_auprc_std": 0.01661904107286969,
    "eval_f1_mean": 0.7797856845331593,
    "eval_f1_std": 0.025759512344215894,
    "eval_loss_mean": 0.36429715156555176,
    "eval_loss_std": 0.02795237185438068,
    "eval_matthews_correlation_mean": 0.6743922997518366,
    "eval_matthews_correlation_std": 0.029299158938745965,
    "eval_precision_mean": 0.8293589085378474,
    "eval_precision_std": 0.03161869837403372,
    "eval_recall_mean": 0.7397916666666667,
    "eval_recall_std": 0.057854606913693755,
    "eval_runtime_mean": 15.476580000000002,
    "eval_runtime_std": 0.015466790229391347,
    "eval_samples_per_second_mean": 46.715799999999994,
    "eval_samples_per_second_std": 0.046675046866608276,
    "eval_steps_per_second_mean": 2.9722,
    "eval_steps_per_second_std": 0.0027856776554368292
  },
  "cv_fold_metrics": [
    {
      "eval_loss": 0.3888847231864929,
      "eval_accuracy": 0.8361111111111111,
      "eval_f1": 0.756198347107438,
      "eval_precision": 0.7991266375545851,
      "eval_recall": 0.7176470588235294,
      "eval_auc": 0.9010752688172042,
      "eval_auprc": 0.8435769425989332,
      "eval_matthews_correlation": 0.6353804793765027,
      "eval_runtime": 15.4955,
      "eval_samples_per_second": 46.659,
      "eval_steps_per_second": 2.969,
      "epoch": 4.0
    },
    {
      "eval_loss": 0.402066707611084,
      "eval_accuracy": 0.8444444444444444,
      "eval_f1": 0.7477477477477478,
      "eval_precision": 0.8783068783068783,
      "eval_recall": 0.6509803921568628,
      "eval_auc": 0.9096689858739194,
      "eval_auprc": 0.8461299741097851,
      "eval_matthews_correlation": 0.6538333232372696,
      "eval_runtime": 15.4848,
      "eval_samples_per_second": 46.691,
      "eval_steps_per_second": 2.971,
      "epoch": 10.0
    },
    {
      "eval_loss": 0.3598828613758087,
      "eval_accuracy": 0.85,
      "eval_f1": 0.7768595041322314,
      "eval_precision": 0.8209606986899564,
      "eval_recall": 0.7372549019607844,
      "eval_auc": 0.9178831962892684,
      "eval_auprc": 0.8681248172233065,
      "eval_matthews_correlation": 0.6665584215254212,
      "eval_runtime": 15.486,
      "eval_samples_per_second": 46.687,
      "eval_steps_per_second": 2.97,
      "epoch": 9.0
    },
    {
      "eval_loss": 0.3447442054748535,
      "eval_accuracy": 0.8638888888888889,
      "eval_f1": 0.8115384615384615,
      "eval_precision": 0.7962264150943397,
      "eval_recall": 0.8274509803921568,
      "eval_auc": 0.9228083491461101,
      "eval_auprc": 0.8669893584188219,
      "eval_matthews_correlation": 0.7053978645691749,
      "eval_runtime": 15.4557,
      "eval_samples_per_second": 46.779,
      "eval_steps_per_second": 2.976,
      "epoch": 7.0
    },
    {
      "eval_loss": 0.32590726017951965,
      "eval_accuracy": 0.8694444444444445,
      "eval_f1": 0.8065843621399177,
      "eval_precision": 0.8521739130434782,
      "eval_recall": 0.765625,
      "eval_auc": 0.9253687365301725,
      "eval_auprc": 0.8890230316501724,
      "eval_matthews_correlation": 0.7107914100508148,
      "eval_runtime": 15.4609,
      "eval_samples_per_second": 46.763,
      "eval_steps_per_second": 2.975,
      "epoch": 8.0
    }
  ],
  "test_metrics": {
    "eval_loss": 0.403453528881073,
    "eval_accuracy": 0.8428819444444444,
    "eval_f1": 0.8260451705910619,
    "eval_precision": 0.8638190954773869,
    "eval_recall": 0.7914364640883977,
    "eval_auc": 0.9065708283059207,
    "eval_auprc": 0.8971030923472209,
    "eval_matthews_correlation": 0.6854669007033685,
    "eval_runtime": 99.4617,
    "eval_samples_per_second": 46.46,
    "eval_steps_per_second": 2.906,
    "epoch": 5.0
  }
}