{
  "experiment": "cross_length",
  "model_type": "lamar",
  "variant": "pretrained",
  "pair_name": "HNRNPUL1_K562_ENCSR571VHI",
  "pretrain_path": "/gpfs/bwfor/work/ws/fr_ml642-thesis_work/Thesis/LAMAR/weights",
  "max_length": 1024,
  "n_folds": 5,
  "hyperparameters": {
    "learning_rate": 5e-05,
    "per_device_train_batch_size": 16,
    "weight_decay": 0.01,
    "warmup_ratio": 0.1,
    "num_train_epochs": 10,
    "gradient_accumulation_steps": 1,
    "early_stopping_patience": 3
  },
  "cv_metrics": {
    "epoch_mean": 7.2,
    "epoch_std": 1.9390719429665317,
    "eval_accuracy_mean": 0.75,
    "eval_accuracy_std": 0.10458250331675945,
    "eval_auc_mean": 0.8642135642135642,
    "eval_auc_std": 0.04720355266311574,
    "eval_auprc_mean": 0.7935861678004534,
    "eval_auprc_std": 0.06584295093722033,
    "eval_f1_mean": 0.558552036199095,
    "eval_f1_std": 0.31937901705093513,
    "eval_loss_mean": 0.5445831775665283,
    "eval_loss_std": 0.11209232490635496,
    "eval_matthews_correlation_mean": 0.46492053360114116,
    "eval_matthews_correlation_std": 0.2984155536143773,
    "eval_precision_mean": 0.5316666666666666,
    "eval_precision_std": 0.26689573494781316,
    "eval_recall_mean": 0.6571428571428571,
    "eval_recall_std": 0.4295227536677974,
    "eval_runtime_mean": 0.28213999999999995,
    "eval_runtime_std": 0.0005607138307550605,
    "eval_samples_per_second_mean": 72.304,
    "eval_samples_per_second_std": 1.651832679177889,
    "eval_steps_per_second_mean": 7.089,
    "eval_steps_per_second_std": 0.014518953130305098
  },
  "cv_fold_metrics": [
    {
      "eval_loss": 0.7085022926330566,
      "eval_accuracy": 0.625,
      "eval_f1": 0.4,
      "eval_precision": 0.6666666666666666,
      "eval_recall": 0.2857142857142857,
      "eval_auc": 0.8412698412698414,
      "eval_auprc": 0.7972789115646258,
      "eval_matthews_correlation": 0.2219167619785609,
      "eval_runtime": 0.2831,
      "eval_samples_per_second": 74.168,
      "eval_steps_per_second": 7.064,
      "epoch": 7.0
    },
    {
      "eval_loss": 0.4794624149799347,
      "eval_accuracy": 0.8125,
      "eval_f1": 0.8235294117647058,
      "eval_precision": 0.7,
      "eval_recall": 1.0,
      "eval_auc": 0.888888888888889,
      "eval_auprc": 0.8806122448979592,
      "eval_matthews_correlation": 0.6831300510639732,
      "eval_runtime": 0.282,
      "eval_samples_per_second": 74.475,
      "eval_steps_per_second": 7.093,
      "epoch": 7.0
    },
    {
      "eval_loss": 0.46002060174942017,
      "eval_accuracy": 0.875,
      "eval_f1": 0.8,
      "eval_precision": 0.6666666666666666,
      "eval_recall": 1.0,
      "eval_auc": 0.9166666666666667,
      "eval_auprc": 0.8166666666666667,
      "eval_matthews_correlation": 0.7453559924999299,
      "eval_runtime": 0.2819,
      "eval_samples_per_second": 70.951,
      "eval_steps_per_second": 7.095,
      "epoch": 8.0
    },
    {
      "eval_loss": 0.42687347531318665,
      "eval_accuracy": 0.8125,
      "eval_f1": 0.7692307692307693,
      "eval_precision": 0.625,
      "eval_recall": 1.0,
      "eval_auc": 0.8909090909090909,
      "eval_auprc": 0.7961904761904761,
      "eval_matthews_correlation": 0.674199862463242,
      "eval_runtime": 0.2823,
      "eval_samples_per_second": 70.845,
      "eval_steps_per_second": 7.085,
      "epoch": 10.0
    },
    {
      "eval_loss": 0.6480571031570435,
      "eval_accuracy": 0.625,
      "eval_f1": 0.0,
      "eval_precision": 0.0,
      "eval_recall": 0.0,
      "eval_auc": 0.7833333333333333,
      "eval_auprc": 0.6771825396825397,
      "eval_matthews_correlation": 0.0,
      "eval_runtime": 0.2814,
      "eval_samples_per_second": 71.081,
      "eval_steps_per_second": 7.108,
      "epoch": 4.0
    }
  ],
  "test_metrics": {
    "eval_loss": 0.552137017250061,
    "eval_accuracy": 0.7633928571428571,
    "eval_f1": 0.7363184079601991,
    "eval_precision": 0.8131868131868132,
    "eval_recall": 0.6727272727272727,
    "eval_auc": 0.8310207336523127,
    "eval_auprc": 0.8354522124491819,
    "eval_matthews_correlation": 0.5329734724053995,
    "eval_runtime": 3.8731,
    "eval_samples_per_second": 59.901,
    "eval_steps_per_second": 3.873,
    "epoch": 10.0
  }
}