{
  "experiment": "cross_length",
  "model_type": "dnabert2",
  "variant": "tapt_v3",
  "pair_name": "HNRNPU_HepG2_ENCSR240MVJ",
  "max_length": 256,
  "n_folds": 5,
  "hyperparameters": {
    "learning_rate": 5e-05,
    "per_device_train_batch_size": 16,
    "weight_decay": 0.01,
    "warmup_ratio": 0.1,
    "num_train_epochs": 10,
    "gradient_accumulation_steps": 1,
    "early_stopping_patience": 3
  },
  "cv_metrics": {
    "epoch_mean": 7.4,
    "epoch_std": 1.624807680927192,
    "eval_accuracy_mean": 0.8271970397779833,
    "eval_accuracy_std": 0.04450593295357745,
    "eval_auc_mean": 0.9264088852324146,
    "eval_auc_std": 0.055914433348617974,
    "eval_auprc_mean": 0.865931569849246,
    "eval_auprc_std": 0.09330122884471295,
    "eval_f1_mean": 0.76183528600595,
    "eval_f1_std": 0.07090302164381374,
    "eval_loss_mean": 0.491575813293457,
    "eval_loss_std": 0.192905045769976,
    "eval_matthews_correlation_mean": 0.5601411908953983,
    "eval_matthews_correlation_std": 0.13248283902946664,
    "eval_precision_mean": 0.8176104657485874,
    "eval_precision_std": 0.0726227668964154,
    "eval_recall_mean": 0.7533593857123269,
    "eval_recall_std": 0.08679813507321227,
    "eval_runtime_mean": 0.051759999999999994,
    "eval_runtime_std": 0.002658270114190807,
    "eval_samples_per_second_mean": 898.7565999999999,
    "eval_samples_per_second_std": 48.8989622204807,
    "eval_steps_per_second_mean": 58.0932,
    "eval_steps_per_second_std": 2.7949660033710617
  },
  "cv_fold_metrics": [
    {
      "eval_loss": 0.36773329973220825,
      "eval_accuracy": 0.851063829787234,
      "eval_f1": 0.7853881278538812,
      "eval_matthews_correlation": 0.6058904209736581,
      "eval_precision": 0.8605769230769231,
      "eval_recall": 0.754524886877828,
      "eval_auc": 0.9343891402714932,
      "eval_auprc": 0.8632450882450882,
      "eval_runtime": 0.0501,
      "eval_samples_per_second": 937.435,
      "eval_steps_per_second": 59.836,
      "epoch": 7.0
    },
    {
      "eval_loss": 0.25922054052352905,
      "eval_accuracy": 0.8936170212765957,
      "eval_f1": 0.8753315649867374,
      "eval_matthews_correlation": 0.7603228193772315,
      "eval_precision": 0.8588709677419355,
      "eval_recall": 0.9027149321266968,
      "eval_auc": 0.9773755656108597,
      "eval_auprc": 0.9514135437212359,
      "eval_runtime": 0.0499,
      "eval_samples_per_second": 941.397,
      "eval_steps_per_second": 60.089,
      "epoch": 7.0
    },
    {
      "eval_loss": 0.3912809491157532,
      "eval_accuracy": 0.8260869565217391,
      "eval_f1": 0.7237237237237237,
      "eval_matthews_correlation": 0.5563887852034651,
      "eval_precision": 0.9024390243902439,
      "eval_recall": 0.6923076923076923,
      "eval_auc": 0.9953379953379954,
      "eval_auprc": 0.9885883347421807,
      "eval_runtime": 0.0512,
      "eval_samples_per_second": 898.577,
      "eval_steps_per_second": 58.603,
      "epoch": 5.0
    },
    {
      "eval_loss": 0.7550642490386963,
      "eval_accuracy": 0.8043478260869565,
      "eval_f1": 0.764102564102564,
      "eval_matthews_correlation": 0.5292006047363136,
      "eval_precision": 0.7589285714285714,
      "eval_recall": 0.7703962703962703,
      "eval_auc": 0.8578088578088578,
      "eval_auprc": 0.7687378240728115,
      "eval_runtime": 0.057,
      "eval_samples_per_second": 806.469,
      "eval_steps_per_second": 52.596,
      "epoch": 10.0
    },
    {
      "eval_loss": 0.6845800280570984,
      "eval_accuracy": 0.7608695652173914,
      "eval_f1": 0.6606304493628438,
      "eval_matthews_correlation": 0.3489033241863231,
      "eval_precision": 0.7072368421052632,
      "eval_recall": 0.6468531468531469,
      "eval_auc": 0.8671328671328672,
      "eval_auprc": 0.7576730584649136,
      "eval_runtime": 0.0506,
      "eval_samples_per_second": 909.905,
      "eval_steps_per_second": 59.342,
      "epoch": 8.0
    }
  ],
  "test_metrics": {
    "eval_loss": 0.4325024485588074,
    "eval_accuracy": 0.8037578288100209,
    "eval_f1": 0.8036885245901639,
    "eval_matthews_correlation": 0.6155216609656939,
    "eval_precision": 0.8085872965657844,
    "eval_recall": 0.8069365778616879,
    "eval_auc": 0.9064226277882667,
    "eval_auprc": 0.89600034052431,
    "eval_runtime": 0.5615,
    "eval_samples_per_second": 853.071,
    "eval_steps_per_second": 53.428,
    "epoch": 6.0
  }
}