{
  "experiment": "cross_length",
  "model_type": "lamar",
  "variant": "tapt_1024",
  "pair_name": "HLTF_K562_ENCSR589YHM",
  "pretrain_path": "/gpfs/bwfor/work/ws/fr_ml642-thesis_work/Thesis/LAMAR/src/pretrain/saving_model/tapt_1024_standard_collator/checkpoint-134000/model.safetensors",
  "max_length": 1024,
  "n_folds": 5,
  "hyperparameters": {
    "learning_rate": 5e-05,
    "per_device_train_batch_size": 16,
    "weight_decay": 0.01,
    "warmup_ratio": 0.1,
    "num_train_epochs": 10,
    "gradient_accumulation_steps": 1,
    "early_stopping_patience": 3
  },
  "cv_metrics": {
    "epoch_mean": 5.6,
    "epoch_std": 1.624807680927192,
    "eval_accuracy_mean": 0.6875,
    "eval_accuracy_std": 0.14252192813739226,
    "eval_auc_mean": 0.8109126984126984,
    "eval_auc_std": 0.090923254983531,
    "eval_auprc_mean": 0.8119676950034093,
    "eval_auprc_std": 0.09942470459981,
    "eval_f1_mean": 0.5283116883116883,
    "eval_f1_std": 0.29784677316822866,
    "eval_loss_mean": 0.60580415725708,
    "eval_loss_std": 0.06664856985326433,
    "eval_matthews_correlation_mean": 0.39001268741019945,
    "eval_matthews_correlation_std": 0.2659835455741894,
    "eval_precision_mean": 0.6166666666666667,
    "eval_precision_std": 0.348010216963685,
    "eval_recall_mean": 0.47738095238095235,
    "eval_recall_std": 0.2910318650685192,
    "eval_runtime_mean": 0.28186,
    "eval_runtime_std": 0.0003498571136907271,
    "eval_samples_per_second_mean": 89.4084,
    "eval_samples_per_second_std": 1.3873843879761625,
    "eval_steps_per_second_mean": 7.0958,
    "eval_steps_per_second_std": 0.008908422980528075
  },
  "cv_fold_metrics": [
    {
      "eval_loss": 0.7150319218635559,
      "eval_accuracy": 0.4375,
      "eval_f1": 0.0,
      "eval_precision": 0.0,
      "eval_recall": 0.0,
      "eval_auc": 0.6984126984126984,
      "eval_auprc": 0.8022597772597772,
      "eval_matthews_correlation": 0.0,
      "eval_runtime": 0.2821,
      "eval_samples_per_second": 92.175,
      "eval_steps_per_second": 7.09,
      "epoch": 4.0
    },
    {
      "eval_loss": 0.5810562968254089,
      "eval_accuracy": 0.8125,
      "eval_f1": 0.7272727272727273,
      "eval_precision": 1.0,
      "eval_recall": 0.5714285714285714,
      "eval_auc": 0.9682539682539681,
      "eval_auprc": 0.9617346938775511,
      "eval_matthews_correlation": 0.6546536707079771,
      "eval_runtime": 0.2823,
      "eval_samples_per_second": 88.552,
      "eval_steps_per_second": 7.084,
      "epoch": 7.0
    },
    {
      "eval_loss": 0.6222135424613953,
      "eval_accuracy": 0.625,
      "eval_f1": 0.4,
      "eval_precision": 0.5,
      "eval_recall": 0.3333333333333333,
      "eval_auc": 0.75,
      "eval_auprc": 0.6489417989417989,
      "eval_matthews_correlation": 0.14907119849998599,
      "eval_runtime": 0.2815,
      "eval_samples_per_second": 88.802,
      "eval_steps_per_second": 7.104,
      "epoch": 5.0
    },
    {
      "eval_loss": 0.6017729043960571,
      "eval_accuracy": 0.75,
      "eval_f1": 0.7142857142857143,
      "eval_precision": 0.8333333333333334,
      "eval_recall": 0.625,
      "eval_auc": 0.8125,
      "eval_auprc": 0.8179383116883117,
      "eval_matthews_correlation": 0.5163977794943222,
      "eval_runtime": 0.282,
      "eval_samples_per_second": 88.659,
      "eval_steps_per_second": 7.093,
      "epoch": 4.0
    },
    {
      "eval_loss": 0.5089461207389832,
      "eval_accuracy": 0.8125,
      "eval_f1": 0.7999999999999999,
      "eval_precision": 0.75,
      "eval_recall": 0.8571428571428571,
      "eval_auc": 0.8253968253968254,
      "eval_auprc": 0.8289638932496075,
      "eval_matthews_correlation": 0.629940788348712,
      "eval_runtime": 0.2814,
      "eval_samples_per_second": 88.854,
      "eval_steps_per_second": 7.108,
      "epoch": 8.0
    }
  ],
  "test_metrics": {
    "eval_loss": 0.5347957611083984,
    "eval_accuracy": 0.7321428571428571,
    "eval_f1": 0.7204968944099378,
    "eval_precision": 0.7388535031847133,
    "eval_recall": 0.703030303030303,
    "eval_auc": 0.8080453659401028,
    "eval_auprc": 0.8125268614816659,
    "eval_matthews_correlation": 0.46418643587088204,
    "eval_runtime": 5.8051,
    "eval_samples_per_second": 59.086,
    "eval_steps_per_second": 3.79,
    "epoch": 10.0
  }
}